Compound ID,measured log(solubility:mol/L),SMILES
A-1,-3.1772123861,Clc1ccccc1Cl
A-2,-3.1805574179,Clc1ccccc1Cl
A-3,-3.6161271205,[Br-].CCCCCCCCCCCCCCCCCC[N+](C)(C)C
A-4,-3.2547670983,O=C1Nc2cccc3cccc1c23
A-5,-2.1770779444,Clc1ccc(C=O)cc1
A-6,-2.2441076306,C[Si](C)(C)N[Si](C)(C)C
A-7,-3.2021274511,Clc1ccccc1Cl
A-8,-3.9244090954,[Zn++].CC(c1ccccc1)c2cc(C(C)c3ccccc3)c(O)c(c2)C([O-])=O.CC(c4ccccc4)c5cc(C(C)c6ccccc6)c(O)c(c5)C([O-])=O
A-9,-4.6620645831,C1OC1CN(CC2CO2)c3ccc(Cc4ccc(cc4)N(CC5CO5)CC6CO6)cc3
A-10,-3.1231503041,Cc1cccc(C=C)c1
A-11,-3.286116314,CCC1CCC(CCC(O)=O)C1
A-12,-2.6645485391,CC12CC(O)C3C(CCC4=CC(=O)C=CC34C)C1CC(O)C2(O)C(=O)CO
A-13,-2.2801348115,CC(C)=CCC\C(C)=C/CO
A-14,-4.3966521847,Fc1ccc(cc1)C(=O)c2ccc(F)cc2
A-15,-4.595502564,O=C(OCCCOCCCOC(=O)c1ccccc1)c2ccccc2
A-16,-3.4280047215,CC(C)(C)C1CCC(CC1)OC(=O)C=C
A-17,-2.2827688499,CN(C)c1ccc(C=O)cc1
A-18,-2.3946499685,CC(=O)OC(C)(C)Cc1ccccc1
A-19,-1.9803097957,Cc1ccc(O)c(C)c1.Cc2ccc(C)c(O)c2.Cc3cc(C)cc(O)c3.Cc4ccc(O)cc4C.Cc5cccc(O)c5C.Cc6cccc(C)c6O
A-20,-1.2021585453,Cc1cccc(C)c1O
A-21,-3.4302388798,CC(C)(C)c1ccc(OCC2CO2)cc1
A-22,-3.5440597008,COCCCCC(=O)c1ccc(cc1)C(F)(F)F
A-23,-2.3206011661,CC(C)=CCC\C(C)=C/CO
A-24,-2.4660307863,CC(Oc1ccc(Cl)cc1C)C(O)=O
A-25,-2.9581950472,[Zn++].CCCCC(CC)CO[P]([S-])(=S)OCC(C)C.CCCCC(CC)CO[P]([S-])(=S)OCC(C)C
A-26,-3.4115138849,FC(F)(F)c1cccc(Cl)c1
A-27,-3.5134687407,CCC(C)(CCC(C)C)C(=O)OCC1CO1
A-28,-4.4543816995,CC(C)CCCCCOC(=O)CCS
A-29,-4.2873429345,CC(C)=C1CCC(=CC1)C
A-30,-3.4731390517,[Na+].[Al+3].[O-][Si]([O-])=O.[O-][Si]([O-])=O
A-31,-2.3632080977,[Zn++].CC(=C)C([O-])=O
A-32,-3.4541026398,CCNCC(O)c1cccc(O)c1
A-33,-2.9908768679,[Zn++].CCC(C)O[P]([S-])(=S)OC(C)CC(C)C.CCC(C)O[P]([S-])(=S)OC(C)CC(C)C
A-34,-3.5129421932,ClCc1ccc(Cl)cc1Cl
A-35,-3.5805600606,CO[Si](OC)(C1CCCC1)C2CCCC2
A-36,-4.2923134549,CC1(C)C2CCC(=C)C1C2
A-37,-4.6124129592,O=C1CCCCCCCCCCCC(=O)OCCO1
A-38,-4.8091341894,CCCCCCCC\C=C/CCCCCCCC(O)=O.NCCNCCO
A-39,-4.6341446203,CCCCCCCCCCCCOC(=O)C(C)O
A-40,-4.8080274453,CCCCCCCC\C=C/CCCCCCCC(O)=O.NCCNCCN
A-41,-3.8005842818,CCCC(C)C.CCCC(C)CC.CCC(C)CC.CCC(C)C(C)C
A-42,-3.0873903431,CCCCC
A-43,-3.0750827897,CC\C=C\C
A-44,-2.5958033662,CCCCCC1C(CCC1=O)CC(=O)OC
A-45,-0.763033718,NO
A-46,-2.6057523974,CCCCCC1C(CCC1=O)CC(=O)OC
A-47,-2.5636257131,C=CC(=O)OCCOc1ccccc1
A-48,-2.6418192727,CCCC[N+](CCCC)(CCCC)Cc1ccccc1.Oc2ccc(c3ccccc23)[S]([O-])(=O)=O
A-49,-3.5528261452,OC(=O)CCCCCCCCC=C
A-50,-4.0571851475,C[N+](C)(CCCN[S](=O)(=O)CCC(F)(F)C(F)(F)C(F)(F)C(F)(F)C(F)(F)C(F)(F)F)CC([O-])=O
A-51,-4.7932278922,CCC(Cc1ccccc1)(N(C)C)C(=O)c2ccc(cc2)N3CCOCC3
A-52,-4.7633756904,CC(C)(c1ccc(OCC2CO2)cc1)c3ccc(OCC4CO4)cc3
A-53,-4.5872500246,CC(C)CCCCCCc1ccc(O)cc1
A-54,-4.4511392252,CC(=C)c1cccc(c1)C(C)=C
A-55,-4.2038484637,[Mo]
A-56,-4.5813325109,CC(C)(C)CCCCCC(=O)OC=C
A-57,-4.4301477426,CC(C)=CCCC(=C)C=C
A-58,-4.4720217682,Cc1ccc(cc1)C(C)(C)C
A-59,-2.7981445035,CC(CC1=CC(=CC(=O)N1O)C)CC(C)(C)C.NCCO
A-60,-2.7999769724,CC(CC1=CC(=CC(=O)N1O)C)CC(C)(C)C.NCCO
A-61,-1.445031941,OC(=O)C1CCCCC1
A-62,-0.4108977358,[Na+].[Na+].[Na+].[Na+].[Na+].[O-][S](=O)(=O)OCC[S](=O)(=O)c1cccc(Nc2nc(Cl)nc(Nc3cc(cc4C=C(\C(=N/Nc5ccc6c(cccc6[S]([O-])(=O)=O)c5[S]([O-])(=O)=O)C(=O)c34)[S]([O-])(=O)=O)[S]([O-])(=O)=O)n2)c1
A-63,-3.8937390711,C(CCCN=C\C=C\c1ccccc1)CCN=C/C=C/c2ccccc2
A-64,-6.7048702231,CC(C)(C)CC(C)(C)c1cc(Cc2cc(cc(n3nc4ccccc4n3)c2O)C(C)(C)CC(C)(C)C)c(O)c(c1)n5nc6ccccc6n5
A-65,-7.9737155354,CC(C)(C)CC(C)(C)c1cc(Cc2cc(cc(n3nc4ccccc4n3)c2O)C(C)(C)CC(C)(C)C)c(O)c(c1)n5nc6ccccc6n5
A-66,-4.4762868628,CC(C)=C1CCC(=CC1)C
A-67,-4.5689317812,Cc1ccc(cc1)C(C)(C)C
A-68,-3.038699623,[Cl-].CCN(CC[N+](C)(C)C)c1ccc(cc1)N=Nc2ccc(cc2Cl)[N+]([O-])=O
A-69,-3.8109627954,C1CN(CCO1)Sc2sc3ccccc3n2
A-70,-2.5936884915,CC1(C)[C@H]2C[C@@H]3O[C@]3(C)[C@@H]1C2
A-71,-0.4261364852,[Na+].[Na+].[Na+].[Na+].NC(=O)Nc1cc(Nc2nc(Cl)nc(Nc3cccc(c3)[S](=O)(=O)CCO[S]([O-])(=O)=O)n2)ccc1N=Nc4cc5c(cc(cc5[S]([O-])(=O)=O)[S]([O-])(=O)=O)cc4[S]([O-])(=O)=O
A-72,-3.358911212,[Na+].[Na+].CCCCCCCCCCCCNc1nc(Cl)nc(Nc2ccc3c(O)c(N=Nc4ccc(cc4)N=Nc5ccc(cc5)[S]([O-])(=O)=O)c(cc3c2)[S]([O-])(=O)=O)n1
A-73,-2.7031744039,CCCN(CCC)C(=O)SCC
A-74,-1.8357972344,C1CC(CCC1COCC2CO2)COCC3CO3
A-75,-3.9054642035,CC(CC1=CC(=CC(=O)N1O)C)CC(C)(C)C.NCCO
A-76,-4.1419008964,[OH-].[Ca++].[Ca++].[Ca++].[Ca++].[Ca++].[O-][P]([O-])([O-])=O.[O-][P]([O-])([O-])=O.[O-][P]([O-])([O-])=O
A-77,-1.7796231349,O=[P+]1Oc2ccccc2c3ccccc13
A-78,-1.5172960021,[nH]1ccc2ccccc12
A-79,-2.6229591952,C=COC(=O)c1ccccc1
A-80,-3.7398163758,COC(=O)c1ccc(cc1)C(C)(C)C
A-81,-2.8265354685,Cc1cccc(CC(C)(C)CO)c1
A-82,-2.740647229,CCCN(CCC)C(=O)SCC
A-83,-3.7549532157,CC(=O)OC\C=C(C)/CCC=C(C)C
A-84,-3.7581108164,CC(=O)OC\C=C(C)/CCC=C(C)C
A-85,-4.0546997786,CCCCCCCC\C=C/CCCCCCCC(O)=O.NCCNCCN
A-86,-2.6959998037,CC1(C)[C@H]2CC=C(CCO)[C@@H]1C2
A-87,-2.6994639678,CC1(C)[C@H]2CC=C(CCO)[C@@H]1C2
A-88,-0.0078277282,NO
A-89,-1.6471414632,CC1CC(=O)CC(C)(C)C1
A-90,-3.7788395051,CCOC(=O)CC(C)CC(C)(C)C
A-91,-3.9515188418,C=CC(=O)OCCOc1ccccc1c2ccccc2
A-92,-4.062663446,C1CCC(CC1)N(Sc2sc3ccccc3n2)C4CCCCC4
A-93,-5.0990669654,SCCC(=O)OCC(COC(=O)CCS)(COC(=O)CCS)COC(=O)CCS
A-94,-5.1231687481,SCCC(=O)OCC(COC(=O)CCS)(COC(=O)CCS)COC(=O)CCS
A-95,-4.9757112908,CC(C)(c1ccc(OCC2CO2)cc1)c3ccc(OCC4CO4)cc3
A-96,-5.1437094503,SCCC(=O)OCC(COC(=O)CCS)(COC(=O)CCS)COC(=O)CCS
A-97,-4.6224148985,CC(=C)C1CCC(=CC1)C
A-98,-4.6291482812,CC1=CC[C@H]2C[C@@H]1C2(C)C
A-99,-4.6291482812,CC1=CCC2CC1C2(C)C
A-100,-4.9528688028,Cc1cc(cc(C)c1O)C(C)(C)c2cc(C)c(O)c(C)c2
A-101,-5.4730005799,CCCCCCCCCCCCCCCCCC(=O)OCC(COC(=O)CCCCCCCCCCCCCCCCC)OC(=O)CCCCCCCCCCCCCCCCC
A-102,-5.1101641851,CCCCCCCC\C=C/CCCCCCCC(O)=O.NCCNCCO
A-103,-5.109057441,CCCCCCCC\C=C/CCCCCCCC(O)=O.NCCNCCN
A-104,-4.000621849,CC(CC1=CC(=CC(=O)N1O)C)CC(C)(C)C.NCCO
A-105,-3.8038252125,CC(C)(C)c1ccc(cc1)C(O)=O
A-106,-3.8230431676,CCOC(=O)CC(C)CC(C)(C)C
A-107,-1.5427055796,CSSC
A-108,-3.8388374348,CCOC(=O)CC(C)CC(C)(C)C
A-109,-2.6500869941,[Ca++].[O-][Si]([O-])=O
A-110,-4.0581976058,CC(CC1=CC(=CC(=O)N1O)C)CC(C)(C)C.NCCO
A-111,-1.0042604536,CCc1ccc(C)nc1
A-112,-2.7699738225,CC(C)CCCCCCO
A-113,-2.9799872046,CC(C)[C@@H]1CC[C@@H](C)C[C@H]1OC(=O)[C@H](C)O
A-114,-3.1784471289,C[C@]12C[C@H](O)[C@H]3[C@@H](CCC4=CC(=O)C=C[C@]34C)[C@@H]1CC[C@]2(O)C(=O)CO
A-115,-1.4270312571,[Na+].[Na+].Cc1ccc(Nc2ccc(Nc3ccc(C)cc3[S]([O-])(=O)=O)c4C(=O)c5ccccc5C(=O)c24)c(c1)[S]([O-])(=O)=O
A-116,-4.2291529922,[O--].[O--].[O--].[O--].[O--].[O--].[O--].[O--].[O--].[Al+3].[Al+3].[Mo].[Mo]
A-117,-2.9526471698,CC(=C)C(=O)OCCOc1ccccc1
A-118,-4.1510889183,CCCCOCCOCCOCc1cc2OCOc2cc1CCC
A-119,-0.1758743765,CF
A-120,-3.2085401668,C[C@]12C[C@H](O)[C@H]3[C@@H](CCC4=CC(=O)C=C[C@]34C)[C@@H]1CC[C@]2(O)C(=O)CO
A-121,-4.1304458394,CC(CC1=CC(=CC(=O)N1O)C)CC(C)(C)C.NCCO
A-122,-3.9885265275,C(COc1ccccc1)Oc2ccccc2
A-123,-7.2780387128,CCc1cc(Cc2cc(CC)c(N)c(CC)c2Cl)c(Cl)c(CC)c1N
A-124,-1.4396051213,[Na+].Cc1cc(C)c(Nc2cc(c(N)c3C(=O)c4ccccc4C(=O)c23)[S]([O-])(=O)=O)c(C)c1CNC(=O)c5ccccc5
A-125,-1.8579774272,CCCC(CCC)C(O)=O
A-126,-2.9219984313,OC(=O)c1ccc(cc1)[N+]([O-])=O
A-127,-4.285895804,[Zn++].[S-]c1sc2ccccc2n1.[S-]c3sc4ccccc4n3
A-128,-4.0347567611,Oc1ccccc1.ClCC2CO2.C=O
A-129,-4.0217535152,CCCCCC/C=C/C1CC(=O)OC1=O
A-130,-4.1244732493,CC(C)CC(C)CC(C)\C=C(/C)C1CC(=O)OC1=O
A-131,-4.7317521365,C1Cc2cccc3cccc1c23
A-132,-5.0946363137,CC(C)(c1ccc(O)cc1)c2ccc(O)cc2.ClCC3CO3
A-133,-4.7504828935,CC(=C)C1CCC(=CC1)C
A-134,-5.229282852,CC(=C)C(O)=O.CC(C)(c1ccc(O)cc1)c2ccc(O)cc2.ClCC3CO3
A-135,-4.7725704235,CC1=CC[C@H]2C[C@@H]1C2(C)C
A-136,-4.7725704235,CC1=CCC2CC1C2(C)C
A-137,-4.7938541446,CC1=CC[C@H]2C[C@@H]1C2(C)C
A-138,-4.7938541446,CC1=CCC2CC1C2(C)C
A-139,-4.909505216,C[Si](C)(C)O[Si](C)(C)C
A-140,-2.7599573667,FC(=C)C(F)(F)F
A-141,-1.8860303607,O=C1Oc2ccccc2C=C1
A-142,-3.8464965295,CC(=C)C1CCC(=CC1)C
A-143,-0.6229779303,[Na+].CCN(CC)c1ccc([C+](c2ccc(cc2)N(CC)Cc3cccc(c3)[S]([O-])(=O)=O)c4ccc(cc4)N(CC)Cc5cccc(c5)[S]([O-])(=O)=O)c(C)c1
A-144,-4.1391336425,S=[W]=S
A-145,-1.642781181,[Na+].[Na+].CC1=NN(C(=O)C1N=Nc2ccc(c3ccc(cc3[S]([O-])(=O)=O)N=NC4C(=NN(C4=O)c5ccccc5)C)c(c2)[S]([O-])(=O)=O)c6ccccc6
A-146,-3.0887781924,CC(=O)O[C@H]1C[C@H]2CC[C@@]1(C)C2(C)C
A-147,-6.6197116003,[Pb++].[O-][Si]([O-])=O
A-148,-4.1359426126,CCCC(=O)OC(C)(C)Cc1ccccc1
A-149,-2.9742045538,Clc1ccccc1Cl
A-150,-2.6038411441,[Na+].[Na+].[O-][S](=O)(=O)c1ccc(N\N=C\2C=CC(=O)C(=N/Nc3ccc(c4ccccc34)[S]([O-])(=O)=O)\C2=O)c5ccccc15
A-151,-2.9747616988,Clc1ccccc1Cl
A-152,-2.9798084313,Clc1ccccc1Cl
A-153,-0.0700526508,CCCOCC(C)OCC(C)O
A-154,-2.1076937575,C=CC(=O)OCCOc1ccccc1
A-155,-2.9912378931,Clc1ccccc1Cl
A-156,-4.1708247593,CC1(C)CC(CC(C)(CN=C=O)C1)N=C=O
A-157,-4.4111941807,CCCCCCCC\C=C/CCCCCCCC(O)=O.NCCNCCO
A-158,-4.4100874366,CCCCCCCC\C=C/CCCCCCCC(O)=O.NCCNCCN
A-159,-2.9929785546,Clc1ccccc1Cl
A-160,-2.9970674367,Clc1ccccc1Cl
A-161,-3.0059611499,Clc1ccccc1Cl
A-162,-1.5218900849,CCN(CC[n+]1ccccc1)c2ccc(cc2)N=Nc3ccc(cc3Cl)[N+]([O-])=O.CC([O-])=O
A-163,-3.0212011164,Clc1ccccc1Cl
A-164,-3.030608585,Clc1ccccc1Cl
A-165,-3.0402243538,Clc1ccccc1Cl
A-166,-4.3047090187,CC(C)COC(=O)c1ccccc1C(=O)OCC(C)C
A-167,-4.2169166627,O=C(Oc1ccccc1)Oc2ccccc2
A-168,-4.1519109764,CCCCC(CC)C(=O)OC=C
A-169,-1.1892367555,CC(=C)C(=O)NCNC(=O)C(C)=C
A-170,-2.9659771733,C\1C\C=C/CC\C=C1
A-171,-3.2569810012,CO[Si](CCCN=C=O)(OC)OC
A-172,-3.3285834497,CCO[Si](CCCCl)(OCC)OCC
A-173,-1.8237124745,Cc1ccc(O)c(C)c1.Cc2ccc(C)c(O)c2.Cc3cc(C)cc(O)c3.Cc4ccc(O)cc4C.Cc5cccc(O)c5C.Cc6cccc(C)c6O
A-174,-1.0455612241,Cc1cccc(C)c1O
A-175,-4.2941156193,OC(=O)CCCCCCCCCCC(O)=O
A-176,-4.3876832538,CCCCOC(=O)c1ccccc1C(=O)OCCCC
A-177,-1.7922611704,[Na+].[Na+].Cc1cc(C)c(c(C)c1Nc2ccc(Nc3c(C)cc(C)c(c3C)[S]([O-])(=O)=O)c4C(=O)c5ccccc5C(=O)c24)[S]([O-])(=O)=O
A-178,-3.3451078238,Oc1ccc(c(O)c1O)C(=O)c2ccccc2
A-179,-3.5615842683,[Cl-].CCCCCCCCCCCCCC[N+](C)(C)Cc1ccccc1
A-180,-0.9597042591,NNC(N)=S
A-181,-3.1673291521,Clc1ccccc1Cl
A-182,-4.4255032449,CCCCCCCCC\C=C\CC1CC(=O)OC1=O
A-183,-4.4255032449,CC(C)CC(C)CC(C)\C=C(/C)C1CC(=O)OC1=O
A-184,-5.345705158,CCCCCCCC\C=C/CCCCCCCC(=O)OCC(O)COB(O)O.CCCCCCCC\C=C/CCCCCCCC(=O)OCC(O)COB(O)OCC(O)COC(=O)CCCCCCC\C=C/CCCCCCCC.CCCCCCCC\C=C/CCCCCCCC(=O)OCC(O)COB(OCC(O)COC(=O)CCCCCCC\C=C/CCCCCCCC)OCC(O)COC(=O)CCCCCCC\C=C/CCCCCCCC
A-185,-5.3125874939,CCCCC(CC)C(=O)OCCOCCOCCOC(=O)C(CC)CCCC
A-186,-4.1391336425,S=[W]=S
A-187,-5.2596774809,Fc1ccc(cc1)C(=O)c2ccc(F)cc2
A-188,-5.4245475497,CCCCCCCCCC(=O)Oc1ccc(cc1)C(O)=O
A-189,-5.6765418086,CCO[Si](CCCSSCCC[Si](OCC)(OCC)OCC)(OCC)OCC
A-190,-5.5419700994,CCCCCCCCCCCCCCCC(=O)NCC(O)=O
A-191,-5.4919252104,COc1ccc(\C=C\C(=O)OCCC(C)C)cc1
A-192,-5.5931226219,CCCCCCCCCCCCCCCC(=O)NCC(O)=O
A-193,-5.3651562541,C\1C\C=C/CC\C=C/CC/C=C1
A-194,-5.6511145689,CCCCCCCCCCCCCCCC(=O)NCC(O)=O
A-195,-6.1025269393,CC(CCN(CCC(C)CC(C)(C)C)C(=S)S[Zn]SC(=S)N(CCC(C)CC(C)(C)C)CCC(C)CC(C)(C)C)CC(C)(C)C
A-196,-6.6566491092,BrCc1ccc(cc1)c2ccccc2C#N
A-197,-6.2145248952,CCCCCCCCCCCCCCCCCC(=O)OC1CC(C)(C)NC(C)(C)C1.CCCCCCCCCCCCCCCC(=O)OC2CC(C)(C)NC(C)(C)C2
A-198,-5.731545253,CCCCC(CC)CNC(=O)CCCCCC(C)C
A-199,-7.5558815137,CO[C@H]1C[C@@H](O[C@@H](C)[C@@H]1O)OC2[C@H](C)O[C@H](C[C@@H]2OC)OC3[C@@H](C)/C=C/C=C/4CO[C@@H]5[C@H](O)C(=C[C@@H](C(=O)O[C@H]6C[C@@H](C\C=C3/C)O[C@@]7(C6)O[C@@H]([C@@H](C)C=C7)C8CCCCC8)[C@]45O)C
A-200,-6.2296775193,[OH-].[Ca++].[Ca++].[Ca++].[Ca++].[Ca++].[O-][P]([O-])([O-])=O.[O-][P]([O-])([O-])=O.[O-][P]([O-])([O-])=O
A-201,-6.183335848,c1ccc(cc1)c2ccc(cc2)c3ccccc3
A-202,-6.2684968461,CCCCOC(=O)c1ccc(cc1)C(=O)OCCCC
A-203,-6.1787966156,c1cc2ccc3cccc4ccc(c1)c2c34
A-204,-6.40319542,CCCCOC(=O)c1ccc(cc1)C(=O)OCCCC
A-205,-6.701487033,CC(C)CCCCCCCOC(=O)CCCCCCCCC(=O)OCCCCCCCC(C)C
A-206,-6.7060346607,CC(C)CCCCCCCOC(=O)CCCCCCCCC(=O)OCCCCCCCC(C)C
A-207,-6.7106304124,CC(C)CCCCCCCOC(=O)CCCCCCCCC(=O)OCCCCCCCC(C)C
A-208,-6.5873382321,CCC(CC)CC1(CCCCC1)C#N
A-209,-6.9290130346,COc1ccc(cc1)N2CCN(CC2)c3ccc(cc3)[N+]([O-])=O
A-210,-7.1292942121,CCCCC(CC)COC(=O)c1ccccc1C(=O)OCC(CC)CCCC
A-211,-6.9384048173,C(Oc1ccc2ccccc2c1)c3ccccc3
A-212,-7.2523945018,CC(C)CCCCCCCOC(=O)CCCCCCCCC(=O)OCCCCCCCC(C)C
A-213,-7.4042503575,CCCCN(CCCC)c1ccc2c(Oc3cc(C)c(Nc4ccccc4)cc3C25OC(=O)c6ccccc56)c1
A-214,-7.1711704349,C[Si]1(C)O[Si](C)(C)O[Si](C)(C)O[Si](C)(C)O1
A-215,-2.1558333574,FC1(F)Oc2cccc(C=O)c2O1
A-216,-7.6382805905,CCNc1cc(C#N)c(N)c2C(=O)c3ccccc3C(=O)c12
A-217,-8.0801468945,COc1cc(N=Nc2c(Br)cc(cc2[N+]([O-])=O)[N+]([O-])=O)c(NC(C)=O)cc1N(CCOC(C)=O)CCOC(C)=O
A-218,-8.0481264416,COc1cc(N=Nc2c(Cl)cc(cc2[N+]([O-])=O)[N+]([O-])=O)c(NC(C)=O)cc1N(CCOC(C)=O)CCOC(C)=O
A-219,-8.2501920599,CCCCCCCC\C=C/CCCCCCCCNCCCN.CCCCCCCC\C=C/CCCCCCCC(O)=O.CCCCCCCC\C=C/CCCCCCCC(O)=O
A-220,-8.1852587653,CCCCC(CC)COC(=O)c1ccc(Nc2nc(Nc3ccc(cc3)C(=O)NC(C)(C)C)nc(Nc4ccc(cc4)C(=O)OCC(CC)CCCC)n2)cc1
A-221,-2.380944936,O=[V]=O
A-222,-4.4002500912,O=[V]=O
A-223,-1.8702058298,[OH-].[OH-].[Ca++]
A-224,-0.4539105371,[Cl-].CCCCCCCCCCCC[n+]1ccccc1
A-225,-2.2566445306,Cc1cccc(C)c1OCC(O)=O
A-226,-2.2570886391,Cc1cccc(C)c1OCC(O)=O
A-227,-1.8254561435,CCCCC(CC)C(=O)O[Co]OB(O[Co])O[Co](OC(=O)C(CC)CCCC)OC(=O)C(CC)CCCC
A-228,-0.8171647444,[Na+].[Na+].OCC1=CC(=N/Nc2ccc(c3ccccc23)[S]([O-])(=O)=O)\C(=O)/C(=N/Nc4ccc(c5ccccc45)[S]([O-])(=O)=O)C1=O
A-229,-1.1383824511,CC(=O)c1ccc(O)cc1
A-230,-1.9883562334,[O--].[O--].[Mg++].[Ca++]
A-231,-1.485844948,C[C@]12CCC(=O)C=C1CC[C@@H]3[C@@H]2CC[C@@]4(C)[C@H]3C(O)CC4=O
A-232,-2.7868204517,[Na+].[Na+].Nc1ccc2cc(c(N=Nc3ccc(N=Nc4cccc(C([O-])=O)c4O)c5ccccc35)c(O)c2c1)[S]([O-])(=O)=O
A-233,-2.3753567706,[Mg++]
A-234,-3.2972120668,CC(C)=CCC\C(C)=C\C=C\C(C)=O
A-235,-2.5332430367,Oc1c(Br)cc(Br)cc1Br
A-236,-1.1558864442,C=CN1CCN(C=C)C1=O
A-237,-2.2056018566,Nc1cc(ccc1O)[N+]([O-])=O
A-238,-2.4020693383,[Mg++]
A-239,-3.2546965827,Nc1ccc(Cl)cc1[N+]([O-])=O
A-240,0.7772352423,[Na+].Oc1ccccc1C([O-])=O
A-241,-1.7683268795,O=[Ca]
A-242,-3.2740875474,[O-][N+](=O)c1ccc2NC(=O)Nc2c1
A-243,-3.5292992951,Cc1ccc(cc1)[S](=O)(=O)/C(=C/N2CC(=O)NC2=S)C#N
A-244,-3.1841503937,[Co+3].CCN(CC)c1ccc2c(c1)[o+]c3cc(ccc3c2c4ccccc4C(O)=O)N(CC)CC.CC(C)OCCCN[S](=O)(=O)c5ccc([O-])c(c5)N=Nc6c(C)nn(c6[O-])c7ccccc7.CC(C)OCCCN[S](=O)(=O)c8ccc([O-])c(c8)N=Nc9c(C)nn(c9[O-])c%10ccccc%10
A-245,-2.2822739406,Cc1cccc(C)c1OCC(O)=O
A-246,-1.8989597072,[OH-].[OH-].[Ca++]
A-247,-1.1759580204,CCC1=C(O)C(=O)C=CO1
A-248,-2.377406316,CCOC(=O)c1ccccc1C(=O)OCC
A-249,-2.2114017234,COC(=O)Cc1ccccc1
A-250,-3.8298835567,[Co++].CCCCCCCCCCCCCCCCCC([O-])=O.CCCCCCCCCCCCCCCCCC([O-])=O
A-251,-4.2262964159,O.[Pb].O[S](O)(=O)=O
A-252,-3.2706864295,Cc1c(Cl)cccc1[N+]([O-])=O
A-253,-2.1845740439,Clc1ccc(C=O)cc1
A-254,-1.9107299257,[OH-].[OH-].[Ca++]
A-255,-3.0559869634,[Si+4].[Si+4].[Si+4].[O-][P]([O-])([O-])=O.[O-][P]([O-])([O-])=O.[O-][P]([O-])([O-])=O.[O-][P]([O-])([O-])=O
A-256,-3.1223887332,CCCCCCCl
A-257,-2.2684756839,CC(=C)C(=O)OCC(F)(F)F
A-258,-0.9901705713,[Na+].[Na+].[O-]C(=O)c1ccccc1C2=C3C=C(I)C(=O)C(=C3Oc4c(I)c([O-])c(I)cc24)I
A-259,-2.642008137,[O-][N+](=O)O[Bi](O[N+]([O-])=O)O[N+]([O-])=O
A-260,-2.2691443899,S=C1Nc2ccccc2S1
A-261,-2.2224881393,CC(C)c1ccc(C)cc1O
A-262,-2.1536963273,CCCCCCC(C)=O
A-263,-2.4042405739,CCCCC/C=C/CC(CC(O)=O)C(O)=O
A-264,-3.4953596006,CCCC(CCC)(C(O)=O)C(CCC)(\C=C\C)C(O)=O
A-265,-3.2102009544,Clc1ccc(Cl)cc1
A-266,-3.5264225666,C[C@H]1CC(=O)C=C2CC[C@H]3[C@@H]4CC[C@H](O)[C@@]4(C)CC[C@@H]3[C@@]12C
A-267,-3.7561795168,[Na+].CC\1=Nc2ccccc2C1=N/Nc3cc(Cl)c(cc3Cl)[S](=O)(=O)NCC[S]([O-])(=O)=O
A-268,-3.3506767811,[Si+4].[Si+4].[Si+4].[O-][P]([O-])([O-])=O.[O-][P]([O-])([O-])=O.[O-][P]([O-])([O-])=O.[O-][P]([O-])([O-])=O
A-269,-2.6310573093,[Si+4].[Si+4].[Si+4].[O-][P]([O-])([O-])=O.[O-][P]([O-])([O-])=O.[O-][P]([O-])([O-])=O.[O-][P]([O-])([O-])=O
A-270,-4.536378597,CC(C)(O)C(=O)c1ccc(Cc2ccc(cc2)C(=O)C(C)(C)O)cc1
A-271,-8.7448595438,[O--].[O--].[O--].[O--].[O--].[O--].[O--].[O--].[O--].[O--].[O--].[O--].[O--].[O--].[O--].[O--].[O--].[O--].[O--].[Fe+3].[Fe+3].[Fe+3].[Fe+3].[Fe+3].[Fe+3].[Fe+3].[Fe+3].[Fe+3].[Fe+3].[Fe+3].[Fe+3].[Ba++]
A-272,-1.6765754484,OC(=O)CCCCCNc1nc(NCCCCCC(O)=O)nc(NCCCCCC(O)=O)n1
A-273,-4.4930858187,C=CC(=O)OCC1CCC2C3CC(CC3COC(=O)C=C)C12
A-274,-4.508128022,CC(=O)[C@H]1CC[C@H]2[C@@H]3CCC4=CC(=O)CC[C@]4(C)[C@H]3CC[C@]12C
A-275,-5.0945709435,[O--].[O--].[O--].[K+].[K+].[Ti+4]
A-276,-4.5784028785,O=C(Nc1ccccc1)Nc2ccccc2N[S](=O)(=O)c3ccccc3
A-277,-5.5836431263,[O--].[O--].[O--].[K+].[K+].[Ti+4]
A-278,-4.2832046138,CCCCC(CC)COC(=O)C=C
A-279,-5.5855605444,[O--].[O--].[O--].[K+].[K+].[Ti+4]
A-280,-4.9288559714,[Zn++].CCCCC(CC)CO[P]([S-])(=S)OCC(CC)CCCC.CCCCC(CC)CO[P]([S-])(=S)OCC(CC)CCCC
A-281,-4.4905023964,OC(=O)c1ccccc1Nc2cccc(c2)C(F)(F)F
A-282,-4.6738990578,CCCCCCCCCCCCCCCCCCCCCC(=O)NCCCN(C)C
A-283,-5.8604877375,[O--].[O--].[O--].[K+].[K+].[Ti+4]
A-284,-3.3380498278,CC(=O)OC1CC2CC1C3CCCC23
A-285,-0.8459165596,CCS
A-286,-2.2736250302,CCOC(=O)c1ccc(O)cc1
A-287,-1.4742047237,CN(C)Cc1cc(c(O)c(c1)C(C)(C)C)C(C)(C)C
A-288,-1.2135868617,Oc1ccc(Cl)c(O)c1
A-289,0.0762655924,CCOC=O
A-290,0.0760196029,CCOC=O
A-291,-2.207424903,CCCCOC(=O)C(C)=C
A-292,-0.8513903964,ClC=C
A-293,-2.5951754429,CCCCC(CC)COC(=O)OOC(=O)OCC(CC)CCCC
A-294,-3.5773089775,S(Sc1sc2ccccc2n1)c3sc4ccccc4n3
A-295,-3.243750947,C[C@H](CCC=C(C)C)CC=O
A-296,-0.288092629,CC(C)[C@@]12CC[C@@](C)(O1)[C@@H](O)C2
A-297,-3.3026567859,CC(C)c1ccc(CCC=O)cc1
A-298,-2.1977641867,CCCCBr
A-299,-2.3903352698,NC(Nc1ccccc1)=Nc2ccccc2
A-300,-3.6091104804,[Na+].CCCCCCCCCCCC(=O)N[C@@H](CCC(O)=O)C([O-])=O
A-301,-3.3841929036,CCCOC(C)OCCc1ccccc1
A-302,-3.4086835807,CCO[Si](CC(C)C)(OCC)OCC
A-303,-2.3744464231,NCCCCCCCCCCC(O)=O
A-304,-3.3397616042,COC(OC)C(C)(C)CC=C(C)C
A-305,-3.2966135776,COC(C)(C)C1CCC(=CC1)C
A-306,-2.2595995821,ClC(Cl)(Cl)Cl
A-307,-3.2357622441,[Co+3].CCN(CC)c1ccc2c(c1)[o+]c3cc(ccc3c2c4ccccc4C(O)=O)N(CC)CC.CC(C)OCCCN[S](=O)(=O)c5ccc([O-])c(c5)N=Nc6c(C)nn(c6[O-])c7ccccc7.CC(C)OCCCN[S](=O)(=O)c8ccc([O-])c(c8)N=Nc9c(C)nn(c9[O-])c%10ccccc%10
A-308,-1.9219346686,FC(F)F
A-309,1.7506159667,ClC(Cl)(Cl)C=O
A-310,-3.3642253983,[O-][N+](=O)c1cc(Cl)ccc1Cl
A-311,-2.3027678878,CC/C(C)=C/CCC(C)(O)C#C
A-312,-4.3386357525,[Mn].C[c-]1cccc1.[C-]#[O+].[C-]#[O+].[C-]#[O+]
A-313,-3.2487746216,Clc1ccc(Cl)cc1
A-314,-3.4779807224,CO[Si](CCCOC(=O)C(C)=C)(OC)OC
A-315,-3.2856259082,CCCCCC(CO)CCC
A-316,-3.6804449633,CC(C)(c1ccc(O)cc1)c2ccc(O)cc2.OC(=O)C=C.ClCC3CO3
A-317,-2.6237414088,Nc1ccc(c2ccc(N)cc2[S](O)(=O)=O)c(c1)[S](O)(=O)=O
A-318,-0.6250824445,CNc1ccc(O)cc1.CNc2ccc(O)cc2.O[S](O)(=O)=O
A-319,-2.3273175561,O=C1C=CC(=O)N1c2ccccc2
A-320,-2.365667988,Cc1ccc(cc1)N2N=C(C)CC2=O
A-321,-2.2673846672,OB(O)c1ccc(C=O)cc1
A-322,-2.337666283,CC(=O)CC(C)(C)c1ccccc1
A-323,-2.250522404,CCCCCOC(=O)CC
A-324,-2.1609542979,FC(F)=C(F)Cl
A-325,-0.0419154978,CCOC(C)=O
A-326,-1.4593774078,CCCCCCCCCCCCOCCO
A-327,-1.1838639222,CCOc1ccccc1
A-328,-2.4007753619,NCCCCCCCCCCC(O)=O
A-329,-2.8005950876,NC(Nc1ccc(Cl)cc1)=NC(N)=NCCCCCCN=C(N)N=C(N)Nc2ccc(Cl)cc2
A-330,-2.640347252,[Na].CCCCCCCCCCCCO[S](=O)(=O)c1ccccc1
A-331,-3.1767964148,C\C=C1/CC2CC1C=C2
A-332,-3.5256277962,CCN(C(=O)N(CC)c1ccccc1)c2ccccc2
A-333,-3.2642391651,Clc1ccc(Cl)cc1
A-334,-3.3830205262,CCCCOC(=O)c1ccccc1N
A-335,-3.3649143187,CCCCN(CCCC)CCCC
A-336,-4.8348804463,COc1ccc(cc1O)[C@@H]2CC(=O)c3c(O)cc(O[C@@H]4O[C@H](CO[C@@H]5O[C@@H](C)[C@H](O)[C@@H](O)[C@H]5O)[C@@H](O)[C@H](O)[C@H]4O)cc3O2
A-337,-4.3407363234,CC(C)=CCC\C(C)=C\CCC(C)=O
A-338,-4.4139224059,Oc1ccccc1C(=O)OCc2ccccc2
A-339,-4.596065772,CCCC[Sn](CCCC)(CCCC)CCCC
A-340,-4.3965033772,Fc1ccc(cc1)C(=O)c2ccc(F)cc2
A-341,-3.8238020155,[OH-].[OH-].[Mg++]
A-342,-3.9943699512,[Mg++].C[O-].C[O-]
A-343,-4.1112934221,[Cd++]
A-344,-4.0419307333,OC(=O)CCl
A-345,-4.8593894586,COc1ccc(cc1O)[C@@H]2CC(=O)c3c(O)cc(O[C@@H]4O[C@H](CO[C@@H]5O[C@@H](C)[C@H](O)[C@@H](O)[C@H]5O)[C@@H](O)[C@H](O)[C@H]4O)cc3O2
A-346,-4.447703053,Nc1nc(N)nc(Nc2nc(N)nc(N)n2)n1
A-347,-4.6725029066,O[S](=O)(=O)c1cccc2cc(Nc3ccccc3)cc(Nc4ccccc4)c12
A-348,-4.4507609201,CCC(C)(OOC(C)(C)C)OOC(C)(C)C
A-349,-4.3606078686,S(c1ccccc1)c2ccccc2
A-350,-4.7874700957,CCOCCCN[S](=O)(=O)c1ccc(Oc2cc(O)c3C(=O)c4ccccc4C(=O)c3c2N)cc1
A-351,-4.3038195029,Cc1ccc(Cl)cc1Cl
A-352,-4.5531196112,Clc1c(Cl)c(Cl)c2C(=O)OC(=O)c2c1Cl
A-353,-1.5556078593,ClCCO[P](=O)(OCCCl)OCCCl
A-354,0.680729805,OC(O)C(Cl)(Cl)Cl
A-355,-3.8390840609,[Ca++].CC1=NN(c2cccc(c2)[S]([O-])(=O)=O)C(=O)C1N=Nc3cc(Cl)c(Cl)cc3[S]([O-])(=O)=O
A-356,1.2336682179,CCO
A-357,-2.3022420156,CCCCCCCCC(O)=O
A-358,-2.2619304196,CCCCCCCC(O)=O
A-359,-2.2455315279,COc1ccc(OC)cc1
A-360,-2.4180900548,C1CCC(CC1)OCCc2ccccc2
A-361,-1.2421190549,OCCCc1ccccc1
A-362,-2.7160174073,[Co++].CCC(C)(CCC(C)C)C([O-])=O.CCC(C)(CCC(C)C)C([O-])=O
A-363,-3.3963665007,C/C=C/C(=O)C1C(C)C=CCC1(C)C
A-364,-3.5579600556,O=C(OCC1CO1)c2ccc(cc2)C(=O)OCC3CO3
A-365,-3.301742894,CCCCC/C=C/CCC=O
A-366,-2.3023072794,CC(C)=CCC\C(C)=C/CO
A-367,-3.0693211517,[Na+].[Na+].CN(CCO)c1nc(Nc2ccccc2)nc(Nc3ccc(/C=C/c4ccc(Nc5nc(Nc6ccccc6)nc(n5)N(C)CCO)cc4[S]([O-])(=O)=O)c(c3)[S]([O-])(=O)=O)n1
A-368,-2.2522030039,Cc1cc(C)c(C)c(O)c1
A-369,-2.043101387,CC(F)(F)F
A-370,-1.4699304792,CC(C)(O)C(=O)c1ccc(OCCO)cc1
A-371,-0.9832225904,CN=C=S
A-372,-3.4975575811,CN(C(=O)N(C)c1ccccc1)c2ccccc2
A-373,-3.533758505,O=C1CCCCCCCCCCC(=O)OCCO1
A-374,-3.3243784972,CC(C)CCCCCCCO
A-375,-2.6438473103,NO
A-376,-0.4376623173,[Co++].CCC([O-])=O.CCC([O-])=O
A-377,-2.4096512377,CCOC(=O)C1OC1c2ccccc2
A-378,-2.2869836341,CC(C)CCCC(C)(C)O
A-379,-2.344979827,CCC(=O)OCc1ccccc1
A-380,-2.7409806446,[Zn++].CC(C)(C)CC(C)(C)CC([O-])=O.CC(C)(C)CC(C)(C)CC([O-])=O
A-381,-2.352215179,CC(=O)OC1(CCCCC1)C#C
A-382,-0.1376829835,CCN(CC)CC
A-383,-3.7183913352,CCCCCCCC\C=C/CCCCCCCCNCCCNCCCN
A-384,-0.9312189022,CSC
A-385,0.747325108,[Na+].CNC([S-])=S
A-386,-2.319270928,CCOC(=O)c1ccccc1
A-387,-3.4359504856,Nc1cc(Cl)c(Cl)cc1Cl
A-388,-3.506108364,Clc1cccc(n1)C(Cl)(Cl)Cl
A-389,-3.4172455835,OC(=O)c1cc2ccccc2cc1O
A-390,-2.4542650743,C\C=C/C=C.C/C=C/C=C.C1CC=CC1
A-391,-3.6773468456,CC(C)c1cccc(c1)C(C)CC=O
A-392,-2.7153118492,CCCC(C)C.CCCC(C)CC.CCC(C)CC.CCC(C)C(C)C
A-393,-2.0021179105,CCCCC
A-394,-2.0021179105,CCCCC
A-395,-1.9898103571,CC\C=C\C
A-396,-1.277021164,[Na+].[Na+].[Na+].[Na+].[Na+].[Na+].Nc1c(N=Nc2cc(Nc3nc(Cl)nc(Nc4cccc(c4)[S](=O)(=O)CCO[S]([O-])(=O)=O)n3)ccc2[S]([O-])(=O)=O)c(cc5cc(c(N=Nc6ccc7c(cccc7[S]([O-])(=O)=O)c6[S]([O-])(=O)=O)c(O)c15)[S]([O-])(=O)=O)[S]([O-])(=O)=O
A-397,-2.436880918,FC1CC(F)(F)C(F)(F)C1(F)F
A-398,-3.9228515135,CCCC[Sn](CCCC)(CCCC)O[Sn](CCCC)(CCCC)CCCC
A-399,-3.7201779448,CCCC(C)C.CCCC(C)CC.CCC(C)CC.CCC(C)C(C)C
A-400,-3.006984006,CCCCC
A-401,-2.9946764526,CC\C=C\C
A-402,-2.3647374971,COc1cc(\C=C\C)ccc1O
A-403,-2.277035079,Cc1ccc(C=O)cc1C
A-404,-2.290367927,COc1ccc(OC)cc1
A-405,-0.5941393378,O.CC([NH3+])c1ccccc1.C[C@@H]2O[C@@H]2[P](O)([O-])=O
A-406,-1.3744875319,OC(=O)c1ccccc1C(O)=O
A-407,-1.0993150407,[Na+].[Na+].[O-]C(=O)c1ccccc1C2=C3C=C(I)C(=O)C(=C3Oc4c(I)c([O-])c(I)cc24)I
A-408,-1.3753552534,OC(=O)c1ccccc1C(O)=O
A-409,-1.2199585633,CCCCOC(C)=O
A-410,-2.6919272706,Nc1ccc(c2ccc(N)cc2[S](O)(=O)=O)c(c1)[S](O)(=O)=O
A-411,-2.4496899299,COc1cc(C=O)cc(c1O)[N+]([O-])=O
A-412,-2.4693780306,CCN(CC)c1cccc(NC(C)=O)c1
A-413,-2.0295113221,[As]
A-414,-3.9483054264,[Co++].CCCCCCCCCCCCCCCCCC([O-])=O.CCCCCCCCCCCCCCCCCC([O-])=O
A-415,-3.5023551324,O=[Pb]
A-416,-3.5338845835,Cc1ccccc1NC(N)=Nc2ccccc2C
A-417,-3.4919856688,CCOc1ccc2NC(C)(C)C=C(C)c2c1
A-418,-3.5854881238,CCCCCCCCCCCCCCCCN(C)C
A-419,-4.2979814392,CCCCCCCCCCO
A-420,-7.0987371496,CCCC(CC)COC(=O)CCc1cc(c(O)c(c1)C(C)(C)C)C(C)(C)C
A-421,-4.4127624272,CC1(C)CCCC2(C)C3CCC(C13)C2=C
A-422,-4.4891053349,Oc1ccccc1C(=O)OCCc2ccccc2
A-423,-4.4052412518,CCCCC(CC)COC(=O)C(C)=C
A-424,-4.44131571,CCCCCCCCCCCC(=O)OC
A-425,-4.5673029377,CC(COC(=O)c1ccccc1)OC(=O)c2ccccc2
A-426,-4.6051146656,[Ca++].[Ca++].[Ca++].[O-][P]([O-])([O-])=O.[O-][P]([O-])([O-])=O
A-427,-4.4462039036,CCC(C)(C)C1CCCCC1OC(C)=O
A-428,-4.5176945672,CO[Si](CCCOC(=O)C(C)=C)(OC)OC
A-429,-4.4200239973,N#C[C](=[C]1CC[CH2]CC1)c2ccccc2
A-430,-4.4319615543,CC\C=C/CCOC(=O)C\C=C/CC
A-431,-4.6202577876,OC(=O)Cc1ccccc1Nc2c(Cl)cccc2Cl
A-432,-4.5898858002,[O-][N+](=O)c1ccc(CCc2ccc(cc2)[N+]([O-])=O)cc1
A-433,-4.4694622333,CC(C)(C)CC(C)(C)c1ccc(O)cc1
A-434,-4.4980268403,CCCCCCCCCc1ccc(O)cc1
A-435,-4.6536052692,COc1ccc(cc1[N+]([O-])=O)C(=O)Nc2ccc(cc2)C(N)=O
A-436,-4.6786900339,[Cl-].CCCCCCCCCCCCCCCCCC[NH+](C)C
A-437,-4.7892855092,ClCC(CCl)O[P](=O)(OC(CCl)CCl)OC(CCl)CCl
A-438,-2.6551963635,CC(C)(c1ccc(OCCO)cc1)c2ccc(OCCO)cc2
A-439,-2.6560037757,CC(C)(c1ccc(OCCO)cc1)c2ccc(OCCO)cc2
A-440,-1.3775321726,OC(=O)c1ccccc1C(O)=O
A-441,1.3320248442,[Br-].CCCC[N+](CCCC)(CCCC)CCCC
A-442,-2.660000762,CC(C)(c1ccc(OCCO)cc1)c2ccc(OCCO)cc2
A-443,-3.3169052205,CCCCCCCCCO
A-444,-3.3236333941,[OH-].[OH-].[Cd++]
A-445,-3.0521011765,Fc1ccc2O[C@@H](CCc2c1)[C@@H]3CO3.Fc4ccc5O[C@@H](CCc5c4)[C@H]6CO6.Fc7ccc8O[C@H](CCc8c7)[C@@H]9CO9.Fc%10ccc%11O[C@H](CCc%11c%10)[C@H]%12CO%12
A-446,-2.350645181,CC(C)C1CCC(C)CC1=O
A-447,-2.3519095035,CC(C)=CCC\C(C)=C\CO
A-448,-2.3668101061,CCCCCCCCC(O)=O
A-449,-2.3264985101,CCCCCCCC(O)=O
A-450,-3.4644620269,Nc1c(Cl)cc(Cl)cc1Cl
A-451,-1.3149750669,COc1ccccc1OC
A-452,0.4442593444,Nc1cnn(CCO)c1N.O[S](O)(=O)=O
A-453,0.3709472853,[Na+].[Na+].[O-][S](=O)(=O)c1cccc(c1)[S]([O-])(=O)=O
A-454,-2.7785623319,CCCCOCCO[P](=O)(OCCOCCCC)OCCOCCCC
A-455,-0.5458103579,OC(=O)CCCCC(O)=O.C1CNCCN1
A-456,1.6010005532,OC(O)C(Cl)(Cl)Cl
A-457,-2.2450853258,CCCCCCOC
A-458,-2.5337046723,[O-][N+](=O)c1cc(ccc1Cl)C(F)(F)F
A-459,-3.4585270282,[O-][N+](=O)c1cccc(Cl)c1Cl
A-460,-3.5224559652,[O-][N+](=O)N1CN(CN(C1)[N+]([O-])=O)[N+]([O-])=O
A-461,-3.7709815003,C[C@H]1C[C@H]2[C@@H]3CCC4=CC(=O)C=C[C@]4(C)[C@@]3(F)[C@@H](O)C[C@]2(C)[C@@]1(O)C(=O)CO
A-462,-3.6374518234,C[C@]12CC[C@H]3[C@@H](CCC4=CC(=O)CC[C@]34C)[C@@H]1CCC2=O
A-463,-3.4598629014,CC(C)c1ccc(cc1)C(C)CC=O
A-464,-3.9859759523,[Ca++].CCCCCCC(O)CCCCCCCCCCC([O-])=O.CCCCCCC(O)CCCCCCCCCCC([O-])=O
A-465,-2.3711973931,CC1CC(=CC(C)C1CO)C
A-466,-2.409128664,CC/C(C)=C/CCC(C)(O)C=C
A-467,-2.7622964758,O=C(OCC1CO1)c2ccc(C(=O)OCC3CO3)c(c2)C(=O)OCC4CO4
A-468,-2.4332379452,CC1CC(C)(CO1)c2ccccc2
A-469,-3.423291255,CCCCC(CC)C(=O)OCC
A-470,-2.3496052546,Oc1cccc2cccnc12
A-471,-1.1616711076,[Na+].[Na+].[Na+].CCN(c1cccc(c1)[S](=O)(=O)CCO[S]([O-])(=O)=O)c2nc(Cl)nc(Nc3ccc4C(=O)C(=N/Nc5ccc(OC)cc5[S]([O-])(=O)=O)\C(=Cc4c3)[S]([O-])(=O)=O)n2
A-472,-2.1858288548,[OH-].[OH-].[Zn++]
A-473,-0.9817953823,CSC
A-474,-2.297034556,CCCCCC(=O)CC
A-475,-2.41045076,CCOc1ccccc1OCC
A-476,-1.9394650737,C\C=C\C
A-477,0.6252744891,OCC(O)C(O)C(O)CO
A-478,-2.0257332357,CC(=C)C=C
A-479,-2.2505113446,C.O[S](O)(=O)=O
A-480,-3.3904331514,CCCCCCCC(=O)OC
A-481,-3.8360757577,CCCCCCCC/C=C/CCCCCCCCNCCCNCCCNCCCN
A-482,-3.3932597866,CC(C)CCCC(C)CCO
A-483,-2.1021873796,[Na+].[Na+].CCN1C(=C(N=Nc2ccc(cc2)[S](=O)(=O)c3ccc(cc3)N=NC4=C(O)N(CC)C(=O)C(=C4C)C[S]([O-])(=O)=O)C(=C(C[S]([O-])(=O)=O)C1=O)C)O
A-484,-2.2545956488,C.O[S](O)(=O)=O
A-485,-1.2803868403,CC(=O)c1ccccc1
A-486,-3.6572682104,C[C@]12CC[C@H]3[C@@H](CC=C4C[C@@H](O)CC[C@]34C)[C@@H]1CCC2=O
A-487,-3.4318638977,CCCCCC(O)C(/C)=C/CC
A-488,-2.3610477791,CCCCOC(=O)CCC
A-489,-1.2120856065,CCCCCCO
A-490,-2.458494476,COc1ccc(COC(C)=O)cc1
A-491,-1.4245732761,OC(=O)c1ccccc1C(O)=O
A-492,-2.4199676473,O=CC1CCC2C3CCC(C3)C12
A-493,-2.4977135853,CC(C)c1ccccc1C(C)C.OO
A-494,-1.292396158,Cc1cccc(C)c1O
A-495,-0.4755079565,[Re]
A-496,-2.3403675905,CCC(O)c1ccccc1
A-497,-2.4821079167,CC(=O)c1cccc(c1)C(F)(F)F
A-498,-2.4171742578,Nc1ccc(Cl)cc1Cl
A-499,-3.4963238418,CC(=O)O[C@@H]1C[C@@H]2CC[C@@]1(C)C2(C)C
A-500,-3.7584891954,NN[S](=O)(=O)c1ccc(Oc2ccc(cc2)[S](=O)(=O)NN)cc1
A-501,-3.4683853884,[Sr++].[O-][P]([O-])([O-])=O
A-502,-3.757269876,Cc1cccc(C)c1C.C2Cc3ccccc3C2.C4C=Cc5ccccc45
A-503,-3.34190657,CC/C=C/CC/C=C/C=C
A-504,0.8466851642,OC\C=C/CO
A-505,-2.4661813046,COc1ccc(COC(C)=O)cc1
A-506,-0.6030114261,CCOCCOCCOCCOC(=O)C(C)=C
A-507,-2.269201003,C.O[S](O)(=O)=O
A-508,-2.6489777217,CC(=O)OCC1=C(N2[C@H](SC1)[C@H](N)C2=O)C(O)=O
A-509,-2.477403573,OC(=O)c1cc(ccc1O)[N+]([O-])=O
A-510,-3.4083305437,CCCCCCCCC(O)=O
A-511,-3.4452161366,CCCCCCCCCC(O)=O
A-512,-3.802339752,[K].CCCCCCCCCCCCCCCCCC.O[P](O)(O)=O
A-513,-3.3403632313,CCC(C)c1ccccc1
A-514,-2.977604072,CC(C)C
A-515,-2.977604072,CCCC
A-516,-2.691382006,CC
A-517,-2.4185341614,C
A-518,-2.8576576225,CCC
A-519,-3.4657606101,CC1(C)C2CC=C(CCC=O)C1C2
A-520,-0.3990804112,OC(=O)Cc1ccc(O)cc1
A-521,-2.4740066421,COc1ccc(COC(C)=O)cc1
A-522,-1.3054139406,Cc1cccc(C)c1O
A-523,1.0233941334,[H+].[NH4+].[F-].[F-]
A-524,-1.0032328412,[Na+].[Na+].[Na+].[O-][S](=O)(=O)c1ccc2c(c1)C=C(C(=O)/C2=N/Nc3ccc(c4ccccc34)[S]([O-])(=O)=O)[S]([O-])(=O)=O
A-525,-2.4941685135,Nc1nc(N)nc(n1)c2ccccc2
A-526,-3.539328096,CC(C)(C)C1CCC(CC1)OC(=O)C=C
A-527,-2.9833185555,CC(C)C
A-528,-2.9833185555,CCCC
A-529,-2.6970964895,CC
A-530,-2.4242486449,C
A-531,-2.863372106,CCC
A-532,-3.5589324584,CCOc1ccc2NC(C)(C)C=C(C)c2c1
A-533,-4.5787304077,Brc1ccc(Br)c(C=C)c1
A-534,-3.5596208227,[Mg++]
A-535,-4.6234419541,Cc1ccccc1NC(=O)c2cc3ccccc3cc2O
A-536,-4.6740400212,[Ca++].[Ca++].[Ca++].[O-][P]([O-])([O-])=O.[O-][P]([O-])([O-])=O
A-537,-4.4786505793,CC\C=C/CCOC(=O)C\C=C/CC
A-538,-4.6488027131,Oc1cc(Cl)ccc1Oc2ccc(Cl)cc2Cl
A-539,-4.5348386091,COC(=O)c1nc(Cl)c(Cl)nc1N
A-540,-4.3961180901,CCCCCCC(C)(C)S
A-541,-4.0080532109,O1[Pb]O[Pb]2O[Pb]1O2
A-542,-4.7889854408,CCCCCCCC\C=C/CCCCCCCC(=O)N(CCCC)CCCC
A-543,-4.5442204359,CC(=C)C(=O)OC1CC2CCC1(C)C2(C)C
A-544,-4.5443243571,COC(=O)c1nc(Cl)c(Cl)nc1N
A-545,-4.4708606495,CCCCCCCCCOC(C)=O
A-546,-5.611788269,CCCCCCCCCCCCCCCCCCCCCCCCCCCCCCCCCCCCCCCCCCCCCCCCCCCCCCCCCCCCCCCCCCCCCCCCCC.CCCCCCCCCCCCCCCCCCCCCCCCCCCCCCCCCCCCC(CCCC)(CCCC)CCCCCCCCCCCCCCCC(CCCC)(CCCC)CCCCC.CCCc1cc(C)cc(C)c1.c2ccc(cc2)c3ccccc3.c4ccc5cc6ccccc6cc5c4
A-547,-5.4050532611,CCCCCCCCCCCCCCCCCCCCCCCCCCCCCC.CCCCCCCCCCCC(CC)CCCCCCC(CC)CCCCCCC.CCC1CCC(CC)CC1.Cc2cccc(C)c2.C3CCC4CC5CCCCC5CC4C3.c6ccc7ccccc7c6.c8ccc9cc%10ccccc%10cc9c8
A-548,-5.1698945231,CCCCCCCCCCCCCCCCCCCCCCC.CCCCCCCCCCCC(CCC)(CCC)CCCCCCCC.CCc1ccc2cc3cc(CC)ccc3cc2c1
A-549,-5.0746166756,CCCCCCCCCCCCCCCCCCCC.CCCCCCCC(CC)CCCC(CC)CCCC.c1ccc2cc3ccccc3cc2c1
A-550,-5.0416978328,CCCCCCCCCCCCCC.CCc1ccccc1.c2ccccc2.c3ccc4ccccc4c3.c5ccc6cc7ccccc7cc6c5
A-551,-4.3112256046,c1ccc2ccccc2c1
A-552,-1.4068695678,O=[Te]=O
A-553,-4.5540762927,Oc1ccccc1C(=O)OC2CCCCC2
A-554,-4.346837785,CC(=C)[C@@H]1CCC(=CC1)C
A-555,-4.5097094839,CC\C=C/CCOC(=O)C\C=C/CC
A-556,-4.7025138257,CC[C@]12CC[C@H]3[C@@H](CCC4=C3CC=C(C4)OC)[C@@H]1CC[C@@H]2O
A-557,-4.6602344394,CCCCCCCCCCCC(=O)OCC(O)CO
A-558,-4.5802538276,COc1ccc(c(O)c1)C(=O)c2ccccc2
A-559,-5.0932622979,CCCCC(CC)COC(=O)CS[Sn](C)(SCC(=O)OCC(CC)CCCC)SCC(=O)OCC(CC)CCCC
A-560,-4.6134788776,CC1CCC2C(C)(C)C3CC12CC(=C3C)C(C)=O
A-561,-4.3959580053,[CaH2].O=[Zr]
A-562,-4.5147469246,CC\C=C/CCOC(=O)C\C=C/CC
A-563,-2.3999022404,CCOC(=O)c1ccccc1
A-564,-1.4057514128,OC(=O)CCc1ccccc1
A-565,-1.2385011357,CCCCCCO
A-566,-2.4116682055,CC(C)=CCC\C(C)=C\C=O
A-567,-2.4265829349,[O-][N+](=O)c1ccccc1Cl
A-568,-3.4515155376,CCCCCCC1CCCC1=O
A-569,-3.4892158636,CC(C)C(=O)C(C)(C)CC=C(C)C
A-570,-3.3940626837,Oc1ccc(C=C)cc1C=C
A-571,-2.1958148201,Cc1ccccc1
A-572,-2.3466907878,CCCCCCCCO
A-573,-2.3331582976,CCC\C=C(/CC)C=O
A-574,-2.3906599281,Nc1ccc(Cl)cc1O
A-575,-2.4548997462,CCOc1ccc(cc1)C(O)=O
A-576,-5.5472319177,[OH-].[OH-].[Pb++].[Pb++].[Pb++].[O-]C([O-])=O.[O-]C([O-])=O
A-577,-2.2010249277,Cc1ccccc1
A-578,-3.591642752,Nc1c(Cl)cc(cc1Cl)C(F)(F)F
A-579,-3.6576170412,CNCCCN1c2ccccc2CCc3ccccc13
A-580,-5.6592056771,[OH-].[OH-].[Pb++].[Pb++].[Pb++].[O-]C([O-])=O.[O-]C([O-])=O
A-581,-3.7030926455,CC(C)(C)C(=O)C(Oc1ccc(Cl)cc1)n2ccnc2
A-582,-3.436011767,CCCCCC(CO)CCC
A-583,-3.4521963532,[Zr+4].CCC([O-])=O
A-584,-2.4785789552,CCCCCCCCC(O)CO
A-585,-2.2017743576,Cc1ccccc1
A-586,-2.427057806,CCC(C)C1CCCCC1=O
A-587,-2.5886676064,COc1cc(C=O)ccc1OC(=O)C(C)C
A-588,-2.2062982993,Cc1ccccc1
A-589,-2.8101032137,[O-][N+](=O)c1cc(ccc1Nc2ccccc2)[S](=O)(=O)Nc3ccccc3
A-590,-1.4204653275,OC(C(O)C(O)=O)C(O)=O
A-591,-1.4645784377,OC(=O)c1ccccc1C(O)=O
A-592,-1.518689377,[K+].O[C@H]([C@@H](O)C([O-])=O)C(O)=O
A-593,-1.5666710711,[Na+].[K+].O[C@H]([C@@H](O)C([O-])=O)C([O-])=O
A-594,-3.9441003714,[Sr++].Cc1cc(N\N=C/2C(=O)C(=Cc3ccccc23)C([O-])=O)c(cc1Cl)[S]([O-])(=O)=O
A-595,-3.3232502936,Cc1ccc(C)c(C)c1
A-596,-3.7003596507,C[C@]12CC[C@H]3[C@@H](CCC4=CC(=O)C=C[C@]34C)[C@@H]1CC[C@@H]2O
A-597,-3.3513392636,CCc1ccc(CC(C)(C)C#N)cc1
A-598,-3.3240115461,Cc1ccc(C)c(C)c1
A-599,-3.4346473299,ClCCCCCCCl
A-600,-3.5585927938,CCC(=O)OC1C=CC2C3CCC(C3)C12
A-601,-2.3318416428,CCOc1ccccc1
A-602,-4.676528089,CN1C(=O)N(C(=O)C=C1C(F)(F)F)c2ccc(Cl)c(c2)C(=O)OC(C)(C)C(=O)OCC=C
A-603,-2.3243522838,CC(=C)c1ccccc1
A-604,-0.0080331121,[Fe+3].Cc1ccc(cc1)[S]([O-])(=O)=O.Cc2ccc(cc2)[S]([O-])(=O)=O.Cc3ccc(cc3)[S]([O-])(=O)=O
A-605,-3.6485706748,[Fe].[C-]#[O+].[C-]#[O+].[C-]#[O+].[C-]#[O+].[C-]#[O+]
A-606,-2.5363732086,C=CCOC(=O)COc1ccccc1
A-607,1.0867760203,[NH4+].[I-]
A-608,-1.6635540186,[Co++].CC([O-])=CC(C)=O.CC([O-])=CC(C)=O
A-609,-2.4175569682,Oc1cccc2cccnc12
A-610,-0.6232866861,OC(=O)CCCCC(O)=O.C1CNCCN1
A-611,-2.4049681517,CC\C(C)=C\CCC(C)=O
A-612,-2.3735627765,CCCCCCCCO
A-613,-0.2647877818,CCN(CC)CC
A-614,-3.6510805625,CN[S](=O)(=O)c1cc(OC)c(N)cc1OC
A-615,-1.3401550453,CC(=O)c1ccccc1
A-616,0.5376020021,NC(N)=O.O[P](O)(O)=O
A-617,0.9578400994,NC(N)=O
A-618,-2.3927519971,O=C1Nc2ccccc2N1
A-619,-3.2920233513,[Fe].[C-]#[O+].[C-]#[O+].[C-]#[O+].[C-]#[O+].[C-]#[O+]
A-620,-2.6214335505,CC(CCOC(=O)C=C)CCOC(=O)C=C
A-621,-1.3473336299,CC(=O)c1ccccc1
A-622,-1.3733684129,Nc1cccc(Cl)c1
A-623,-2.3823206155,CCCCCCCCO
A-624,-3.5605044152,CC(=O)OC1CCC2CCCCC2C1
A-625,-7.3357073227,CCCCCCCCCCCCCCC(C)c1cc(C)cc(C)c1O
A-626,-2.1049144818,C1CC=CC1
A-627,-0.9772765349,CCl
A-628,-2.8135095056,OC(=O)CC(C[P]1(=O)Oc2ccccc2c3ccccc13)C(O)=O
A-629,1.4938543721,N
A-630,-2.4631390981,CC(C)[C@@H]1CC[C@@H](C)CC1=O
A-631,-1.3407807338,CCCOC(=O)CC
A-632,-3.0360017121,CC(C)C
A-633,-3.0360017121,CCCC
A-634,-2.7497796461,CC
A-635,-2.4769318015,C
A-636,-2.9160552626,CCC
A-637,-1.057437323,[Ca++].CCCCCCCCCCCCCCCCCC([O-])=O.CCCCCCCCCCCCCCCCCC([O-])=O
A-638,-3.3330935045,C.O[S](O)(=O)=O
A-639,-2.4239072122,FC(F)(F)C(F)(F)F
A-640,-3.5383035446,CC(C)=CCC\C(C)=C/CCC=O
A-641,-3.8554329498,CCCC(C)C.CCCC(C)CC.CCC(C)CC.CCC(C)C(C)C
A-642,-3.1422390111,CCCCC
A-643,-3.2091127037,C1CCCCC1
A-644,-3.1299314577,CC\C=C\C
A-645,-2.4948513605,CC(=C)C(=O)Oc1ccccc1
A-646,-1.6975300994,[Co++].CC([O-])=CC(C)=O.CC([O-])=CC(C)=O
A-647,-2.4650077569,CC1=C(C=O)C(C)(C)CC=C1
A-648,-2.7113870277,CN(C)Cc1cc(c(O)c(c1)C(C)(C)C)C(C)(C)C
A-649,-3.5481536429,CC(=O)CC(C)(C)C1CCCCC1
A-650,-3.5158167233,S=C1Nc2ccccc2S1
A-651,-2.4880091207,CC(C)[C@@H]1CC[C@@H](C)C[C@H]1O
A-652,-2.4880091207,CC(C)C1CCC(C)CC1O
A-653,-2.6343205414,[Co++].[O-][Mo]([O-])(=O)=O
A-654,-2.44960211,C=COCCCCOC=C
A-655,-2.5631304762,Nc1ccc(Nc2ccccc2)cc1
A-656,-1.5805795126,CCC(C)C(=O)N(C)c1ccccc1
A-657,0.5776235848,CO[Si](C)(OC)C=C
A-658,0.1234646399,[Na+].[Na+].[O-]C(=O)c1ccccc1C2=C3C=CC(=O)C=C3Oc4cc([O-])ccc24
A-659,0.6121583154,NC(=O)c1cccnc1
A-660,-0.838079267,CNc1ccc(O)cc1.CNc2ccc(O)cc2.O[S](O)(=O)=O
A-661,-1.0824140873,[Na+].[Na+].[Na+].[O-][S](=O)(=O)c1ccc2c(c1)C=C(C(=O)/C2=N/Nc3ccc(c4ccccc34)[S]([O-])(=O)=O)[S]([O-])(=O)=O
A-662,-1.3879839049,Cc1cc(C)cc(O)c1
A-663,-1.366086599,CCCCOC(C)=O
A-664,-2.566418635,Nc1ccc(Nc2ccccc2)cc1
A-665,-2.772789495,CCC(COC(=O)C=C)(COC(=O)C=C)COC(=O)C=C
A-666,-2.4540578458,CC(C)CC(=O)CC(C)C
A-667,-2.5520132395,COc1ccc(CC=C)cc1OC
A-668,-2.6798855726,Nc1ccc2c(O)cc(cc2c1)[S](O)(=O)=O
A-669,-2.9368865529,[Al+3].[O-]c1ccc2cc(ccc2c1N=Nc3ccc(cc3)[S]([O-])(=O)=O)[S]([O-])(=O)=O
A-670,-2.3524102217,Clc1ccccc1
A-671,-2.415744371,CCCCCCCCO
A-672,-2.5567920125,CCCOC(=O)c1ccc(O)cc1
A-673,-3.7219886724,CCCCCC1=C(CCC1CC(=O)OC)OC(C)=O
A-674,-3.3351930307,C=CC1CCC=CC1
A-675,-5.0104856455,COc1ccc(cc1O)[C@@H]2CC(=O)c3c(O)cc(O[C@@H]4O[C@H](CO[C@@H]5O[C@@H](C)[C@H](O)[C@@H](O)[C@H]5O)[C@@H](O)[C@H](O)[C@H]4O)cc3O2
A-676,-4.7801182897,CCCCCCCC/C=C/CCCCCCCCN(CCO)CCO
A-677,-4.807173711,CCCCOC(=O)c1ccc(C(=O)OCCCC)c(c1)C(=O)OCCCC
A-678,-4.898451805,[O--].[O--].[O--].[Bi+3].[Bi+3]
A-679,-4.8285219564,CCC(C)N1N=CN(C1=O)c2ccc(cc2)N3CCN(CC3)c4ccc(O)cc4
A-680,-4.6063887787,CO[Si](CCCOC(=O)C=C)(OC)OC
A-681,-4.5383960347,CC(C)CCCCCCCCCCO
A-682,-4.5370233193,CC\C=C/CCOC(=O)C\C=C/CC
A-683,-4.4804406676,CCCCCCCCCCCO
A-684,-4.3791859931,CC(=C)[C@@H]1CCC(=CC1)C
A-685,-4.7266486308,C[C@]12CC[C@H]3[C@@H](CCC4=CC(=O)CC[C@H]34)[C@@H]1CC[C@@]2(O)C#C
A-686,-2.3407335191,[Ba++].[O-][B][O-]
A-687,-4.5195540638,CC(c1ccccc1)c2ccccc2
A-688,-4.6113952615,CC(=C)C(=O)OC1CC2CCC1(C)C2(C)C
A-689,-4.5830924552,CC1(C)[C@H]2CC[C@]1(C)C(C2)OC(=O)C=C
A-690,-4.7011861265,O=C1C(c2ccc3ccccc3n2)C(=O)c4ccccc14
A-691,-4.6599585126,CCCCC(CC)COC(=O)OOC(C)(C)C
A-692,-4.6327996787,CO[Si](OC)(C1CCCC1)C2CCCC2
A-693,-4.5985985087,CC1CC(CC(C)(C)C1)OC(=O)C(C)=C
A-694,-4.6186755389,Oc1ccccc1C(=O)OC2CCCCC2
A-695,-5.064746161,COc1ccc(cc1O)[C@@H]2CC(=O)c3c(O)cc(O[C@@H]4O[C@H](CO[C@@H]5O[C@@H](C)[C@H](O)[C@@H](O)[C@H]5O)[C@@H](O)[C@H](O)[C@H]4O)cc3O2
A-696,-4.5422039738,CC(c1ccccc1)c2ccccc2
A-697,-4.5021013295,CCCC=O.Nc1ccccc1
A-698,-4.9505314842,[Zn++].CCCCCCCCCCCC([O-])=O.CCCCCCCCCCCC([O-])=O
A-699,-4.9604194489,CCCCCCCCCCCCCCCCCC(O)=O.NCCNCCNCCNCCN
A-700,-5.0547737245,[Gd+3].[Gd+3].[O-]C(=O)C([O-])=O.[O-]C(=O)C([O-])=O.[O-]C(=O)C([O-])=O
A-701,-4.6439814041,CC/C=C/CCOC(=O)c1ccccc1O
A-702,-4.7725505314,[O-][N+](=O)N1CN(CN(CN(C1)[N+]([O-])=O)[N+]([O-])=O)[N+]([O-])=O
A-703,-4.623904374,CC(C)(C)C1CCC(CC1)OC(=O)C=C
A-704,-2.3541508833,Clc1ccccc1
A-705,-2.4918772305,CC(C)[C@@H]1CC[C@@H](C)CC1=O
A-706,-2.6570018481,COC(=O)c1ccc(cc1[N+]([O-])=O)C(O)=O
A-707,-2.4201091764,CCCCCCCCO
A-708,-3.382657059,Cc1cc(C)cc(C)c1
A-709,-3.5974164985,CC(=O)OC(C)(C)CCCC(=C)C=C
A-710,-3.5953709966,COC(=O)c1ccc(cc1)C(=O)OC
A-711,-3.6234787812,CC1C(C)(C)C2=C(C(=O)CCC2)C1(C)C
A-712,-3.8315955696,S(Sc1sc2ccccc2n1)c3sc4ccccc4n3
A-713,-3.5442781768,Cc1ccc(cc1Cl)[N+]([O-])=O
A-714,-3.8514567881,[Cl-].CCCCCCCCCCCCCCCCCC[N+](C)(C)C
A-715,-1.3985340872,Cc1cc(C)cc(O)c1
A-716,-2.3629604041,Clc1ccccc1
A-717,-2.9094134541,CC(C)(c1ccc(O)cc1)c2ccc(O)cc2.OC(=O)C=C.ClCC3CO3
A-718,-2.4722202552,CCCN(CCC)CCC
A-719,1.4518068893,N
A-720,-2.1838639222,Cc1ccc(O)c(C)c1.Cc2ccc(C)c(O)c2.Cc3cc(C)cc(O)c3.Cc4ccc(O)cc4C.Cc5cccc(O)c5C.Cc6cccc(C)c6O
A-721,-1.4057126719,Cc1cccc(C)c1O
A-722,-3.9064006561,O=C1CCCCCN1C(=O)NCCCCCCNC(=O)N2CCCCCC2=O
A-723,-3.3968393636,Cc1cc(C)cc(C)c1
A-724,-3.5540595353,CC(C)CCOC(=O)CC(C)C
A-725,-3.5181985232,CCCCCC(CO)CCC
A-726,-3.6457005741,Nc1ccc(CCc2ccc(N)cc2)cc1
A-727,-3.4731390517,[Na+].[Al+3].[O-][Si]([O-])=O.[O-][Si]([O-])=O
A-728,-0.4595508588,COC(=O)c1cccnc1
A-729,-1.4093469565,Cc1ccc(O)cc1C
A-730,-2.6481401114,NC(Nc1ccccc1)=Nc2ccccc2
A-731,-2.6024346943,[Ca++].O[C@H]([C@@H](O)C(O)=O)C(O)=O
A-732,-0.1172783194,OB(O)O
A-733,-0.7023648089,[Ca++].[Ca++].[Ca++].[O-]B([O-])[O-].[O-]B([O-])[O-]
A-734,-0.3300825775,[K].OB(O)O
A-735,-2.1930073017,Cc1ccc(O)c(C)c1.Cc2ccc(C)c(O)c2.Cc3cc(C)cc(O)c3.Cc4ccc(O)cc4C.Cc5cccc(O)c5C.Cc6cccc(C)c6O
A-736,-1.4148560513,Cc1cccc(C)c1O
A-737,-3.1788144581,CCC(C)C
A-738,-3.5779623367,CC(C)(C)c1ccc(cc1)C(O)=O
A-739,-3.4302878188,Cc1ccccc1Cl
A-740,-3.3235329498,[Cl-].[Cu+]
A-741,-1.6720680623,[Ni++].[O-][Mo++]([O-])([O-])[O-]
A-742,-1.682279323,Nc1cccc2ccc(cc12)[S](O)(=O)=O
A-743,-1.4164957907,FC(F)C(F)(F)F
A-744,-1.4241960776,Cc1cccc(O)c1C
A-745,-2.2023473279,Cc1ccc(O)c(C)c1.Cc2ccc(C)c(O)c2.Cc3cc(C)cc(O)c3.Cc4ccc(O)cc4C.Cc5cccc(O)c5C.Cc6cccc(C)c6O
A-746,-1.8222562261,Oc1c(I)cc(Cl)c2cccnc12
A-747,-1.4241960776,Cc1cccc(C)c1O
A-748,-3.4547331849,C1CCc2ccccc2C1
A-749,-3.6695176909,CCCCC(CC)C(=O)OOC(C)(C)C
A-750,-3.5580403929,CC1C(CC2CC1C2(C)C)C=O
A-751,-1.4270377092,Cc1cccc(O)c1C
A-752,-1.555639677,CC(C)(O)CCc1ccccc1
A-753,-0.0044439426,COC
A-754,-2.5349079904,CC(C)[C@@H]1CC[C@@H](C)C[C@H]1O
A-755,0.4490818111,[Na+].[Na+].[O-]C(=O)CCC([O-])=O
A-756,-2.5992568252,CC(=O)Oc1ccc(cc1)[N+]([O-])=O
A-757,-2.7275466252,CC(C)COC(=O)c1cc(N)c(Cl)c(N)c1
A-758,-2.5484883965,CC(=O)c1oc2ccccc2c1
A-759,-0.9966974529,CC[N+](CC)(CC(=O)Nc1c(C)cccc1C)Cc2ccccc2.[O-]C(=O)c3ccccc3
A-760,-2.6990298363,[Cl-].[NH3+]c1cc(cc(Cl)c1O)[N+]([O-])=O
A-761,-3.698734262,CCC(O)COC1CCCCC1C(C)(C)C
A-762,-3.6026563771,Clc1ccc(Cl)c(Cl)c1
A-763,-3.7153668119,Nc1nc(N)nc(Nc2nc(N)nc(N)n2)n1
A-764,-3.4680386517,C1CCc2ccccc2C1
A-765,-3.6075908307,O=C1CCCCCCCCCCC1
A-766,-1.5590008472,Nc1cccc(c1)C(F)(F)F
A-767,1.4161428212,N
A-768,-2.7372087475,CC(C)COC(=O)c1cc(N)c(Cl)c(N)c1
A-769,-2.5087844158,CCCN(CCC)CCC
A-770,-2.5888216416,CC(C)C1CCC(C)CC1OO
A-771,0.4285417886,OC(O)C(Cl)(Cl)Cl
A-772,-2.738284824,CC(C)COC(=O)c1cc(N)c(Cl)c(N)c1
A-773,-2.6647801935,OC1(CCCCC1)C(=O)c2ccccc2
A-774,-2.552996357,[O-][N+](=O)c1ccccc1Cl
A-775,-1.6467890106,[H+].[H+].[Cl-].[Cl-].NNCc1ccccc1
A-776,-1.0727427165,FCF
A-777,-6.4977813968,CCOc1nc2cccc(C(O)=O)c2n1Cc3ccc(cc3)c4ccccc4c5n[nH]nn5
A-778,-2.55398227,[O-][N+](=O)c1ccccc1Cl
A-779,-2.6223388564,Clc1nc(Cl)nc(Cl)n1
A-780,-6.7763112575,COc1cc(c(O)c(c1)C(C)(C)C)c2cc(OC)cc(c2O)C(C)(C)C
A-781,-1.8384616763,C[C@]1(Cn2ccnn2)[C@@H](N3[C@@H](CC3=O)[S]1(=O)=O)C(O)=O
A-782,-2.7460923534,CC(C)COC(=O)c1cc(N)c(Cl)c(N)c1
A-783,-2.557262637,CCCCCC(=O)OCC=C
A-784,-1.4947809467,CN(C=O)c1ccccc1
A-785,-1.6294285656,O=C1N[S](=O)(=O)c2ccccc12
A-786,-1.4974793249,s1cnc2ccccc12
A-787,-1.7700930025,Nc1ccc(cc1[S](O)(=O)=O)[S](O)(=O)=O
A-788,-1.1305581521,OCC=C
A-789,-2.5604043774,CC(C)[C@@H]1CC[C@@H](C)C[C@@H]1O
A-790,-2.6613195143,COc1ccc(cc1[N+]([O-])=O)C(O)=O
A-791,-2.8204596094,CC12CCC3C(CCC4=CC(=O)C=CC34C)C1CCC2=O
A-792,-3.6752800895,CC(C)(C)C(=O)OCCc1ccccc1
A-793,-3.5976237668,CC(OC(C)=O)C1CCCCC1
A-794,-3.6550445763,CC(=O)CCC1=C(C)CCCC1(C)C
A-795,-3.4165863284,CC(C)CCCC=C
A-796,0.5984548631,Nc1cccc(N)c1
A-797,-0.9372185286,[Br-].CC[P+](c1ccccc1)(c2ccccc2)c3ccccc3
A-798,-1.6557606237,COC(=O)c1ccccc1C(=O)OC
A-799,1.6539915779,OC(=O)CCl
A-800,-1.020958606,CC[N+](CC)(CC(=O)Nc1c(C)cccc1C)Cc2ccccc2.[O-]C(=O)c3ccccc3
A-801,0.6068151404,NC(CO)C(O)=O
A-802,-2.5482144944,COC(=O)c1ccc(C)cc1
A-803,-1.382910122,CCCCCCO
A-804,-1.5542106161,O=C1NSc2ccccc12
A-805,-1.7292361631,[Na+].[O-][N+](=O)c1cccc(c1)[S]([O-])(=O)=O
A-806,-2.4736537738,ClCC(Cl)C=C
A-807,-2.5706235426,CC(C)C1CCC(C)CC1O
A-808,-2.5706235426,CC(C)[C@@H]1CC[C@@H](C)C[C@H]1O
A-809,-3.4908232905,C1CCc2ccccc2C1
A-810,-3.4994347758,CCC(C)c1ccccc1
A-811,-3.5896411422,CC/C(C)=C/CC/C(C)=C/C#N
A-812,-2.6432618239,CCCCCCC1(C)CCC(=O)O1
A-813,-0.3235268543,COC(C)(C)C
A-814,-4.0627671997,[H+].[Mn++].Cc1cc(c(cc1Cl)N=Nc2c([O-])c(cc3ccccc23)C([O-])=O)[S]([O-])(=O)=O
A-815,-2.6642310879,[Ca++].O[C@H]([C@@H](O)C(O)=O)C(O)=O
A-816,-1.7677385179,[Na+].Nc1ccc(cc1[S]([O-])(=O)=O)[N+]([O-])=O
A-817,-2.5810889763,CC(C)[C@@H]1CC[C@@H](C)C[C@H]1O
A-818,-3.7259038203,C[C@H]1CCC2(O)C(C)(C)C3CC[C@@]2(C)C1C3
A-819,-4.5881768419,CCc1ccccc1.CCc2cc(CC)c(CC)cc2CC.CCC(C)(c3ccccc3)c4ccccc4.Cc5ccccc5.Cc6ccccc6c7ccccc7.Cc8cccc9ccccc89.C=Cc%10ccccc%10.C%11CCC(CC%11)c%12ccccc%12.C(Cc%13ccccc%13)c%14ccccc%14.c%15ccccc%15.c%16ccc(cc%16)c%17ccccc%17
A-820,-3.5369924646,CO\N=C(C(=O)OC)/c1ccccc1COc2ccccc2C
A-821,-3.655220449,CCCCCCCCCCN(C)C
A-822,-3.7613808692,Clc1cccc(n1)C(Cl)(Cl)Cl
A-823,-2.5919847373,CCC(C)(O)CCCC(C)C
A-824,-2.6876302374,C(NCc1ccccc1)c2ccccc2
A-825,-1.5169635388,Cc1cccc2n[nH]nc12
A-826,-1.7662055678,Nc1cc(cc(c1O)[S](O)(=O)=O)[N+]([O-])=O
A-827,-0.4642868095,[Na+].[Na+].[Na+].[Na+].OCCN(CCO)c1nc(Nc2ccc(cc2)[S]([O-])(=O)=O)nc(Nc3ccc(\C=C\c4ccc(Nc5nc(Nc6ccc(cc6)[S]([O-])(=O)=O)nc(n5)N(CCO)CCO)c(c4)[S]([O-])(=O)=O)cc3[S]([O-])(=O)=O)n1
A-828,-0.9734453731,[Na+].[Na+].[O-]C(=O)c1ccccc1C2=C3C=CC(=O)C=C3Oc4cc([O-])ccc24
A-829,-1.9266690738,[H+].[Cl-].CC1=CC(C=CC1=N)=C(c2ccc(N)cc2)c3ccc(N)cc3
A-830,-1.6861579246,COC(=O)c1ccccc1C(=O)OC
A-831,-2.0085884627,[Cl-].CN(C)c1ccc(cc1)[C+](c2ccc(cc2)N(C)C)c3ccc(cc3)N(C)C
A-832,-1.6290322311,CCCCCC1CCCC(=O)O1
A-833,-1.6630244633,CCOC(=O)CC(=O)C(F)(F)F
A-834,-1.6904508209,[O-][N+](=O)OCCOCCO[N+]([O-])=O
A-835,-1.8541496069,Clc1c(Cl)c(Cl)c2C(=O)OC(=O)c2c1Cl
A-836,-2.6819238097,CC(=O)/C=C/C1C(=CCCC1(C)C)C
A-837,-2.8636856122,OC(=O)CN(CCN(CC(O)=O)CC(O)=O)CC(O)=O
A-838,-2.5509678588,CC(CC=O)CC(C)(C)C
A-839,-2.7767955856,Nc1ccc2c(O)cc(cc2c1)[S](O)(=O)=O
A-840,-3.2034598965,[Ca++].CCCCCCC(O)CCCCCCCCCCC([O-])=O.CCCCCCC(O)CCCCCCCCCCC([O-])=O
A-841,-2.7330206215,O[Si](O)(c1ccccc1)c2ccccc2
A-842,-3.6244813037,CCCCCOC(=O)CCCC
A-843,-3.9003349932,CC1=CC(=O)N(Cc2cccc(CN3C(=O)C=C(C)C3=O)c2)C1=O
A-844,-3.556228502,[Ni++].[O-]C(=O)C([O-])=O
A-845,-3.9014007471,CC1=CC(=O)N(Cc2cccc(CN3C(=O)C=C(C)C3=O)c2)C1=O
A-846,-3.558364731,[Ni++].[O-]C(=O)C([O-])=O
A-847,-4.1991385227,[Ca++].CCCCCCC(O)CCCCCCCCCCC([O-])=O.CCCCCCC(O)CCCCCCCCCCC([O-])=O
A-848,-3.7048974167,CC\C=C/CCOC(=O)c1ccccc1
A-849,-3.4176493027,CNC(=S)NN
A-850,-3.7602964879,Clc1cccc(n1)C(Cl)(Cl)Cl
A-851,-3.7185037648,COC(=O)c1ccc(c(N)c1)C(=O)OC
A-852,-3.5003256855,Cc1ccc(Cl)cc1
A-853,-3.6976259568,CCCC(CC)CCCCCCCN
A-854,-3.663519539,OC1CCCCCCCCCCC1
A-855,-3.7602414897,OC(=O)CCCCCCCCCCC(O)=O
A-856,-5.0911267063,COc1ccc(cc1O)[C@@H]2CC(=O)c3c(O)cc(O[C@@H]4O[C@H](CO[C@@H]5O[C@@H](C)[C@H](O)[C@@H](O)[C@H]5O)[C@@H](O)[C@H](O)[C@H]4O)cc3O2
A-857,-4.6529288002,CC1(C)CCC2OC23C(C)(C)C4CCC13C4
A-858,-4.7988239285,CC(=O)CC(c1ccccc1)C2=C(O)Oc3ccccc3C2=O
A-859,-4.4829349302,CCCCCCCCCl
A-860,-4.1862475024,O=[Co]
A-861,-4.7309406924,CC(O)CSCCCCCCCCC(C)(C)C
A-862,-4.6195835711,CCCCCCCCCCCC(O)=O
A-863,-4.9450169862,CCCCc1nc(Cl)c(CO)n1Cc2ccc(cc2)c3ccccc3c4n[nH]nn4
A-864,-4.9185665359,[O--].[O--].[O--].[Lu+3].[Lu+3]
A-865,-4.6354816214,CCCCC(CC)COC(=O)CS
A-866,-4.6433874306,CC(C)(C)c1cccc(c1O)C(C)(C)C
A-867,-4.5007459195,CCC(C)(C)c1ccccc1
A-868,-4.6532020914,CC(CCC=O)C1C(=CCCC1(C)C)C
A-869,-4.5960636871,CC(c1ccccc1)c2ccccc2
A-870,-4.4715404278,CC1(C)C2CCC(C2)C1=C
A-871,-4.6803670486,CC(CC1CCCC1=O)C2CCC(=CC2)C
A-872,-4.6301403433,CC\C=C/CCOC(=O)C\C=C/CC
A-873,-4.9525022795,CCCCOC(=O)CC(CC(=O)OCCCC)(OC(C)=O)C(=O)OCCCC
A-874,-4.6267485225,CCCCCCCCCC(=O)OC
A-875,-5.0220270242,[Pr+3].[Pr+3].[O-]C([O-])=O.[O-]C([O-])=O.[O-]C([O-])=O
A-876,-4.8205954965,CCCCN(CCCC)C(=O)N(CCCC)CCCC
A-877,-4.7401771795,CO[C@]1(C)CCC23C[C@@H]1C(C)(C)[C@@H]2CC[C@H]3C
A-878,-4.5110489691,CC1(C)C2CCC(C2)C1=C
A-879,-4.9185665359,[O--].[O--].[O--].[Lu+3].[Lu+3]
A-880,-5.1164057657,CC(C)(c1cc(Br)c(O)c(Br)c1)c2cc(Br)c(O)c(Br)c2
A-881,-5.1676838085,COc1ccc(cc1O)[C@@H]2CC(=O)c3c(O)cc(O[C@@H]4O[C@H](CO[C@@H]5O[C@@H](C)[C@H](O)[C@@H](O)[C@H]5O)[C@@H](O)[C@H](O)[C@H]4O)cc3O2
A-882,-4.7007184514,CC(C)(C)c1cccc(c1O)C(C)(C)C
A-883,-4.6835903829,COC1CCCCCCCCCCC1
A-884,-4.7342962454,CCOC1(C)CCC2C(=C)C1CCC2(C)C
A-885,-4.8603775493,CCN(CC)C(=S)SSC(=S)N(CC)CC
A-886,-4.8916555333,Cc1ccc(N2C(=O)c3cccc4c(N)ccc(C2=O)c34)c(C)c1
A-887,-4.7018118295,Cc1cc(cc(C)c1CC#N)C(C)(C)C
A-888,-7.2319734263,CC(C)(c1ccccc1)c2ccc(O[P@]3OC[C@]4(CO3)CO[P@](OC4)Oc5ccc(cc5C(C)(C)c6ccccc6)C(C)(C)c7ccccc7)c(c2)C(C)(C)c8ccccc8
A-889,-4.6928315029,O=C1NC(=O)c2cccc3cccc1c23
A-890,-4.794038183,CCCC[Sn](=O)CCCC
A-891,-5.1134043257,CCCC[Sn++]CCCC.CCCCC(CC)C([O-])=O.CCCCC(CC)C([O-])=O
A-892,-4.6682437692,CCCCCCCCCCCCO
A-893,-0.5865603256,O=C1CCC2CCCCC2O1
A-894,-0.4216907176,NC(CO)C(O)=O
A-895,-2.5767203524,COC(=O)c1ccc(C)cc1
A-896,-2.7446854432,CC1CC(C)(C)OC(Cc2ccccc2)O1
A-897,-2.5110672882,N#Cc1ccccc1C#N
A-898,-0.4396098787,Nc1ccccc1N
A-899,-0.410757921,CCN(CC)CC
A-900,-1.4925613589,Cc1cccc(O)c1C
A-901,-1.6718324141,O=C1N[S](=O)(=O)c2ccccc12
A-902,-1.5146975657,Nc1ccc(Cl)cc1
A-903,-1.7014462052,[O-][N+](=O)OCCOCCO[N+]([O-])=O
A-904,-1.7295012251,[Na+].Cc1cc(ccc1N)[S]([O-])(=O)=O
A-905,-2.6063703395,[O-][N+](=O)c1cccc(Cl)c1
A-906,-3.5877591379,CC(C)CCCC(C)CC#N
A-907,-3.7036943449,[Ca++].[O-][Mo]([O-])(=O)=O
A-908,-3.9583461947,O=C1CCCCCN1C(=O)c2cccc(c2)C(=O)N3CCCCCC3=O
A-909,-3.6974484249,CC(C)=CCC\C(C)=C\CCC(C)=O
A-910,-1.4893040211,FC(F)C(F)(F)F
A-911,-2.6009717695,CC(C)C1(O)CCC(=CC1)C
A-912,-2.6814170011,CCCCN(CCCC)CCCC
A-913,-2.6115960892,Brc1ccccc1
A-914,-2.6105517594,CCCCCC(=O)OCC=C
A-915,-1.7888305133,CC(=O)Nc1ccc(cc1)[S](Cl)(=O)=O
A-916,-1.7648130029,[Na+].Nc1cc(cc(c1[O-])[N+]([O-])=O)[N+]([O-])=O
A-917,-2.7226339225,Fc1ccc(cc1)C(=O)CCCCl
A-918,-3.2727816252,CCCCC
A-919,-3.680466567,OC(=O)CCCCCCCCC=C
A-920,-3.9130642796,O=C(OCCOCCOC(=O)c1ccccc1)c2ccccc2
A-921,-3.91419673,O=C(OCCOCCOC(=O)c1ccccc1)c2ccccc2
A-922,-4.9437379631,CC(C)[Si](OC(=O)C=C)(C(C)C)C(C)C
A-923,-2.644389217,OC(=O)c1ccc(cc1)[N+]([O-])=O
A-924,-1.7293168462,CC(C)OC(=O)CCC(=O)OC(C)C
A-925,-2.6031516024,COC(=O)c1ccc(C)cc1
A-926,-4.1057301532,[Sr++].Cc1ccc(N\N=C\2C(=O)C(=Cc3ccccc23)C([O-])=O)c(c1)[S]([O-])(=O)=O
A-927,-1.9807853884,[Cl-].C[N+](C)(C)c1ccc2ccc(O)c(N=Nc3ccc(N)cc3)c2c1
A-928,-2.5836539405,CCCCCCCC(C)=O
A-929,-1.4850227408,NC(=O)C(F)(F)F
A-930,-2.6568927779,CCC(C)(C)C1CCC(=O)CC1
A-931,-2.5995083661,O=C1NC(=O)c2ccccc12
A-932,-2.7647010816,Cc1ccc(cc1[N+]([O-])=O)[S](C)(=O)=O
A-933,-3.6812627792,Clc1ccc(Cl)c(Cl)c1
A-934,-3.9210541538,O=C(OCCOCCOC(=O)c1ccccc1)c2ccccc2
A-935,-3.6518876662,CCCCCCC#CC(=O)OC
A-936,-3.6312380365,CCCCCCCCCCO
A-937,-3.7610110067,CCCCCCCCCCCCN(C)C
A-938,-3.48916765,C.O[S](O)(=O)=O
A-939,-2.8774727952,O=[P](c1ccccc1)(c2ccccc2)c3ccccc3
A-940,-2.6724024043,COc1ccc(OC)c(Cl)c1
A-941,-3.2224563367,O=[Si]=O
A-942,-2.7495457287,OC(=O)Cc1ccc(Cl)cc1Cl
A-943,-2.4395972682,CCCCOC=C
A-944,-2.7142946902,OCCOc1ccc2ccccc2c1
A-945,-1.6198557886,O=C1NSc2ccccc12
A-946,-2.7424999709,OCc1cccc(Oc2ccccc2)c1
A-947,-1.8999070974,Clc1c(Cl)c(Cl)c2C(=O)OC(=O)c2c1Cl
A-948,-2.5965909874,CCCCOC(=O)C(C)=C
A-949,-3.764802467,CCCCN[S](=O)(=O)c1ccccc1
A-950,-3.6132495633,CCCCOc1ccccc1
A-951,-3.937488879,O=C(OCCOCCOC(=O)c1ccccc1)c2ccccc2
A-952,-3.9386869335,O=C(OCCOCCOC(=O)c1ccccc1)c2ccccc2
A-953,-3.9550420009,CCCCCCCC\C=C/CCCCCCCCNCCCN
A-954,-3.7024520783,Clc1ccc(Cl)c(Cl)c1
A-955,-3.6114075894,O=C1NC(=O)c2ccccc12
A-956,-3.9410930032,O=C(OCCOCCOC(=O)c1ccccc1)c2ccccc2
A-957,-1.6691454003,OC(=O)c1cccc(c1)[N+]([O-])=O
A-958,-1.6696309168,OC(=O)c1cccc(c1)[N+]([O-])=O
A-959,-1.7920737105,Cc1c(CO)nccc1OCC(F)(F)F
A-960,0.8843659201,COC
A-961,-2.830470194,COc1cc(\C=C\C(O)=O)cc(OC)c1OC
A-962,0.1236633717,[Ba++].[O-]P=O.[O-]P=O
A-963,0.334413649,[Na+].[Na+].[O-]C(=O)CCC([O-])=O
A-964,-2.0860841137,CC(=C)C1CCC(=CC1)C.CC2=CCC3CC2C3(C)C.CC45CCC(CC4)C(C)(C)O5
A-965,-1.5930897671,Nc1ccccc1C(O)=O
A-966,-1.520988559,CCCCC(=O)OC
A-967,-2.7902167817,BrCCCCBr
A-968,-2.6713368462,CC(C)(N=NC(C)(C)C#N)C#N
A-969,-3.5673681389,C1CCc2ccccc2C1
A-970,-3.9520883875,O=C(OCCOCCOC(=O)c1ccccc1)c2ccccc2
A-971,-3.8681538696,CCCCOC(=O)CCCCC(=O)OCCCC
A-972,-3.9560819473,CCO[P](=O)(C(=O)c1c(C)cc(C)cc1C)c2ccccc2
A-973,-2.672674663,Cc1ccc(c(O)c1)C(C)(C)C
A-974,-2.8359048818,COC(=O)c1ccc(C(=O)OC)c(c1)[N+]([O-])=O
A-975,0.2936043702,[Co++].CC([O-])=O.CC([O-])=O
A-976,-2.8193366955,C=CC(=O)OCCCCCCOC(=O)C=C
A-977,-1.7314181041,O=C1N[S](=O)(=O)c2ccccc12
A-978,-2.7681111795,CCCCCCCCCC(=O)N(C)C
A-979,-2.4861886969,C=Cc1ccccc1
A-980,-3.7518184072,CC(=O)OC\C=C(C)/CCC=C(C)C
A-981,-3.9621013839,O=C(OCCOCCOC(=O)c1ccccc1)c2ccccc2
A-982,-3.7597030757,Nc1ccc(cc1)N=Nc2ccccc2
A-983,-3.3923616684,CC(C)CC=C
A-984,-0.6748297399,C
A-985,-2.7368748327,Clc1nc(Cl)nc(Cl)n1
A-986,-2.6475372328,CC1=CCC(CC#N)C1(C)C
A-987,-0.7344956053,OCCN(CCO)c1ccccc1
A-988,-2.6917536232,Cc1ccc(O)c(c1)C(C)(C)C
A-989,0.2877472965,[Cl-].C[N+](C)(C)c1ccccc1
A-990,-3.0213590642,CC(=O)OC(C)(C)C1CCC(=CC1)C.CC23CCC(CC2)C(C)(C)O3
A-991,-2.8742257802,C=CCOc1nc(OCC=C)nc(OCC=C)n1
A-992,-0.8095941907,OC(=O)CC[P](O)(=O)c1ccccc1
A-993,-0.490652149,CCCCC(O)=O
A-994,-1.6969729899,CC(O)C(C)Cc1ccccc1
A-995,-2.8164963969,CCCCC(C(=O)OCC)C(=O)OCC
A-996,-3.8986556211,CCCCCCCCCCCC1=NCCN1CCO
A-997,-3.7276952246,FC(F)(F)c1ccc(Cl)cc1
A-998,-3.7423730992,Oc1ccc(cc1)c2ccc(O)cc2
A-999,-3.9037320907,C\C=C\OC1CCC(CC1)O\C=C\C
A-1000,-3.8838494997,O=C1CCCCCCCCCOCCCCCO1
A-1001,-3.9504754942,C\C=C\OC1CCC(CC1)O\C=C\C
A-1002,-6.4511045339,CCCCCCCCCCC(C)CCCCCCCC
A-1003,-3.5462434596,NC(=O)N=NC(N)=O
A-1004,-3.7960463334,CC(C)(C)c1ccc(O)c(c1)C(C)(C)C
A-1005,-3.7917820609,CC(Cc1ccc(cc1)C(C)(C)C)C=O
A-1006,-3.86580004,COc1ccc(cc1N)C(=O)Nc2ccccc2
A-1007,-2.9287991689,[C-]#[O+]
A-1008,0.468496284,OC(=O)c1occc1
A-1009,-2.5105450102,CCC(C)(C)Cl
A-1010,-2.9241724122,CC(=O)CC(=O)Nc1ccc(NC(=O)CC(C)=O)cc1
A-1011,-2.8204043469,N#CCN(CCN(CC#N)CC#N)CC#N
A-1012,-2.81295036,NC(Nc1ccccc1)=Nc2ccccc2
A-1013,-2.7764329492,CC(C)(C)OOC(=O)c1ccccc1
A-1014,-1.3147228436,CC(F)F
A-1015,-2.6942897822,CCC(C)(O)CCCC(C)C
A-1016,-2.7506819237,COc1ccc2NC(=S)Nc2c1
A-1017,-2.7671697856,Nc1nc(N)nc(n1)c2ccccc2
A-1018,-2.6677709688,FC(F)(F)Br
A-1019,-2.5125176357,C=Cc1ccccc1
A-1020,-4.3707014658,[Zn++].CC(C)CCCCCO[P]([S-])(=S)OCCCCCC(C)C.CC(C)CCCCCO[P]([S-])(=S)OCCCCCC(C)C
A-1021,-3.9191737976,C1OC1COc2ccc3c(OCC4CO4)cccc3c2
A-1022,-3.7461507617,CC(C)=CCC\C(C)=C\COC=O
A-1023,-4.5661230993,O.O.O.O.[Pb].[Pb].[Pb].[Pb].[Pb].[O-][S]([O-])(=O)=O
A-1024,-3.8026769123,C[C@@H]1CC=C(C)[C@H](\C=C\C(C)=O)C1(C)C
A-1025,-3.0959725365,CO[SiH](CC1CCCCC1)OC
A-1026,-3.6593166741,[Co++].[O-]C(=O)C([O-])=O
A-1027,-4.0635303796,Nc1ccc(\C=C\c2ccc(N)cc2[S](O)(=O)=O)c(c1)[S](O)(=O)=O
A-1028,-4.0879587895,[Zn++].Cc1cccc2[N-]C(=S)Nc12.Cc3cccc4NC(=S)[N-]c34
A-1029,-0.8283051545,OC(=O)CC[P](O)(=O)c1ccccc1
A-1030,-2.8588087212,O=[S](Cc1ccccc1)Cc2ccccc2
A-1031,-2.8560616705,CC(C)(c1ccc(O)cc1)c2ccc(O)cc2
A-1032,-2.7132509977,CC(C)(N=NC(C)(C)C#N)C#N
A-1033,-2.6532064055,CCC(C)COC(=O)C=C
A-1034,-2.7325883752,Clc1sc2ccccc2n1
A-1035,-0.9331685906,CC1=CC(=O)N(O)C(=C1)C2CCCCC2.NCCO
A-1036,-2.7504985367,CC(=O)OC\C=C\c1ccccc1
A-1037,-2.7353634293,Clc1sc2ccccc2n1
A-1038,-2.8026246384,Clc1ccc2c(Cl)ccnc2c1
A-1039,-0.8368143797,OC(=O)CC[P](O)(=O)c1ccccc1
A-1040,-0.5451478789,Nc1cccc(O)c1
A-1041,-1.7471686412,Nc1ccccc1[S](O)(=O)=O
A-1042,-2.0700509817,[Ti+4].CC(C)[O-].CC(C)[O-].CC(=O)[CH-]C(C)=O.CC(=O)[CH-]C(C)=O
A-1043,-2.8772524161,CC(=O)Nc1ccc(cc1)[S](Cl)(=O)=O
A-1044,-2.5263059202,C=Cc1ccccc1
A-1045,-3.4221038595,[Mg++].[O-]C([O-])=O
A-1046,-3.7900372106,Nc1c(Cl)cc(Cl)cc1Cl
A-1047,-3.6662698899,Clc1ccc(Cl)cc1
A-1048,-3.6067406756,c1ccc2ccccc2c1
A-1049,-3.7632102415,Clc1ccc(Cl)c(Cl)c1
A-1050,-3.8031812605,CCC(=O)OC1C(C)CCCC1(C)C
A-1051,-3.796856222,COC(=O)c1ccc(cc1)C(=O)OC
A-1052,-3.7694416506,CCCCCCCC1CCCC1=O
A-1053,-3.8632748797,O=C(Cc1ccccc1)OCc2ccccc2
A-1054,-2.6989784508,CC(C)[C@@H]1CC[C@@H](C)CC1=O
A-1055,-2.7409673068,Clc1sc2ccccc2n1
A-1056,-2.8302990647,CN(C)C(=S)SC(=S)N(C)C
A-1057,-2.9081192972,C=CCOc1nc(OCC=C)nc(OCC=C)n1
A-1058,-2.7067344575,C[C@@H](CCO)CCC=C(C)C
A-1059,-2.7010952437,CCC(=O)C(C)CC=C(C)C
A-1060,-1.8195435039,Cc1cc(C)c(N)c(c1)[S](O)(=O)=O
A-1061,-2.8520785159,N#CCN(CCN(CC#N)CC#N)CC#N
A-1062,-1.4450110492,s1cccc1
A-1063,-1.4457306756,s1cccc1
A-1064,-2.8837349854,COC(=O)CCCCCCCCC(=O)OC
A-1065,-2.8799222949,CC(C)(c1ccc(O)cc1)c2ccc(O)cc2
A-1066,-0.691340871,ClC(Cl)(Cl)C=O
A-1067,-0.4681010619,CCC(C)CO
A-1068,-0.4681010619,CC(C)CCO
A-1069,-1.4612448391,[Na+].[Na+].[Na+].[Na+].CC(=O)Nc1ccc(c2C=C(/C(=N/Nc3ccc(N=Nc4ccc(cc4)[S]([O-])(=O)=O)c5ccc(cc35)[S]([O-])(=O)=O)C(=O)c12)[S]([O-])(=O)=O)[S]([O-])(=O)=O
A-1070,-1.6538265258,s1cnc2ccccc12
A-1071,-1.5235773971,CCCCOC=C
A-1072,-1.602606135,C1OC1c2ccccc2
A-1073,-1.7459071723,OC(=O)c1cccc(c1)[N+]([O-])=O
A-1074,-3.7396436363,O=[Mo]=O
A-1075,-2.6995660262,S=C1Nc2ccccc2N1
A-1076,-2.735417906,O=C1Nc2ccccc2C(=O)O1
A-1077,-2.8497223519,OC(c1ccccc1)C(=O)c2ccccc2
A-1078,-2.8813675358,CC(C)(c1ccc(O)cc1)c2ccc(O)cc2
A-1079,-2.5405463593,C=Cc1ccccc1
A-1080,-2.6375931207,CCCCCCCCO
A-1081,-3.7687960996,Clc1cccc(Cl)c1Cl
A-1082,-3.7156062333,O=[Te]=O
A-1083,-3.7173060182,O=[Te]=O
A-1084,-3.7396436363,O=[Mo]=O
A-1085,-3.9512810281,COC(=O)COc1nc(F)c(Cl)c(N)c1Cl
A-1086,-4.0002098583,CC(=C)C(=O)OCC(F)(F)C(F)(F)C(F)(F)C(F)F
A-1087,-3.8161617273,Nc1c(Cl)cc(Cl)cc1Cl
A-1088,-3.8157769203,CC(C)=CCCC(C)(OC(C)=O)C=C
A-1089,-4.3283986331,[Ca++].CCCCCCC(O)CCCCCCCCCCC([O-])=O.CCCCCCC(O)CCCCCCCCCCC([O-])=O
A-1090,-3.8851802263,OC(=O)CCCCCCCCCCC(O)=O
A-1091,-4.7135873776,CC(C)(C)c1cccc(c1O)C(C)(C)C
A-1092,-5.1858488331,COc1ccc(cc1O)[C@@H]2CC(=O)c3c(O)cc(O[C@@H]4O[C@H](CO)[C@@H](O)[C@H](O)[C@H]4O[C@@H]5O[C@@H](C)[C@H](O)[C@@H](O)[C@H]5O)cc3O2
A-1093,-5.0664023631,[Ce+3].[Ce+3].[O-]C([O-])=O.[O-]C([O-])=O.[O-]C([O-])=O
A-1094,-4.6451400046,CCCCC(CC)COC(C)=O
A-1095,-4.6324209502,CCCCCCCCC(C)C#N
A-1096,-4.96733793,CCN1C(=O)C(=N/Nc2ccc(Cl)cc2[N+]([O-])=O)/C(=C(C#N)C1=O)C
A-1097,-4.458990177,CC(C)CCCC=C
A-1098,-4.7775740697,ClCCc1cc2CC(=O)Nc2cc1Cl
A-1099,-4.9587331394,CCCCOCCOC(=O)CCCCC(=O)OCCOCCCC
A-1100,-4.6925039386,CC(c1ccccc1)c2ccccc2
A-1101,-4.6925039386,Cc1ccccc1Cc2ccccc2
A-1102,-4.5660965354,CC1=CCC2C(C1)C2(C)C
A-1103,-4.2105571134,O=[Si]=O
A-1104,-5.1084204387,[Nd+3].[Nd+3].[O-]C([O-])=O.[O-]C([O-])=O.[O-]C([O-])=O
A-1105,-4.9957539374,CC(=O)O[C@@]1(CC[C@H]2[C@@H]3CCC4=CC(=O)CC[C@@H]4[C@H]3CC[C@]12C)C(C)=O
A-1106,-4.9857232877,OC(=O)c1cc(Nc2ccccc2)c(cc1Nc3ccccc3)C(O)=O
A-1107,-4.8207960263,O=C(OCc1ccccc1)/C=C/c2ccccc2
A-1108,-4.7471075015,CC(=O)OC1CCC(CC1)C(C)(C)C
A-1109,-4.7471075015,CC(=O)OC1CCC(CC1)C(C)(C)C
A-1110,-5.4935852535,O=C1N=C(NC(=N1)c2ccccc2)c3ccccc3
A-1111,-5.0152363724,[O--].[O--].[O--].[Gd+3].[Gd+3]
A-1112,-4.8105849842,CC(C)C(=O)OC(C)(CCC=C(C)C)C=C
A-1113,-5.010576791,Cc1cc(C)c(c(C)c1)C(=O)[P](=O)(c2ccccc2)c3ccccc3
A-1114,-5.0206378696,CCCCC(CC)C(=O)OCC(C)(C)COC(=O)C(CC)CCCC
A-1115,-5.0982221528,[O--].[O--].[O--].[O--].[O--].[Ti+4].[Zr+4].[Pb++]
A-1116,-4.7652682741,CCOC(=O)C1C(C=C(C)C)C1(C)C
A-1117,-4.9765355633,Oc1ccc(cc1)C2(OC(=O)c3ccccc23)c4ccc(O)cc4
A-1118,-5.0618772438,CCC(Cc1ccc(C)cc1)(N(C)C)C(=O)c2ccc(cc2)N3CCOCC3
A-1119,-4.9367254155,NC(=O)c1ccc(NC(=O)c2ccc(cc2)[N+]([O-])=O)cc1
A-1120,-4.8708662082,CC(=O)c1cc(cc2c1CCC2(C)C)C(C)(C)C
A-1121,-5.1125700507,COc1cc(N[S](=O)(=O)c2ccc(C)cc2)c3C(=O)c4ccccc4C(=O)c3c1N
A-1122,-5.1704010781,[H+].[Mn++].Cc1cc(c(cc1Cl)N=Nc2c([O-])c(cc3ccccc23)C([O-])=O)[S]([O-])(=O)=O
A-1123,-5.0705134819,Cc1ccc(Nc2cc(C(O)=O)c(Nc3ccc(C)cc3)cc2C(O)=O)cc1
A-1124,-5.2830099049,[Lu+3].[Lu+3].[O-]C(=O)C([O-])=O.[O-]C(=O)C([O-])=O.[O-]C(=O)C([O-])=O
A-1125,-5.0622701458,COc1cc(NC(=O)c2cc3ccccc3cc2O)c(OC)cc1Cl
A-1126,-4.8059741607,CCCCC(CC)COC(=O)C(C)=C
A-1127,-4.6808820955,CCCCC(CC)CCl
A-1128,-4.9156499936,NC(=O)c1ccc(NC(=O)c2ccc(N)cc2)cc1
A-1129,-4.8148101896,C.CCCCCCCCCCCCO
A-1130,-5.0679427229,[O--].[O--].[O--].[Gd+3].[Gd+3]
A-1131,-5.2967981894,[Lu+3].[Lu+3].[O-]C(=O)C([O-])=O.[O-]C(=O)C([O-])=O.[O-]C(=O)C([O-])=O
A-1132,-4.9608754545,C=CC(=O)OCCCCCCCCCCOC(=O)C=C
A-1133,-5.0064289581,C[C@H]1CC(=O)C[C@@H]2CC[C@H]3[C@@H]4CC[C@H](O)[C@@]4(C)CC[C@@H]3[C@@]12C
A-1134,-5.0846644385,CC1(C)CC2(CC(C)(C)N1)OC3(CCCCCCCCCCC3)NC2=O
A-1135,-4.892804854,CCC(C)(C)c1ccc(O)c(c1)C(C)(C)CC
A-1136,-4.8812838233,COc1ccc(c(O)c1)C(=O)c2ccccc2
A-1137,-5.3942922935,CCCCC(CC)COC(=O)CS[Sn](C)(SCC(=O)OCC(CC)CCCC)SCC(=O)OCC(CC)CCCC
A-1138,-4.5650603398,C1CCC\C=C/CC1
A-1139,-4.8865490032,ClC(=O)OCCOCCOC(Cl)=O
A-1140,-5.3110386285,[Lu+3].[Lu+3].[O-]C(=O)C([O-])=O.[O-]C(=O)C([O-])=O.[O-]C(=O)C([O-])=O
A-1141,-2.8258731416,OCc1cccc(Oc2ccccc2)c1
A-1142,-2.8592809112,N#CCN(CCN(CC#N)CC#N)CC#N
A-1143,-2.8195043204,O=C1CCCCCCCCCCCN1
A-1144,-2.7343475301,COC(=O)\C=C\c1ccccc1
A-1145,-2.8569254583,CSc1cc(SC)c(N)c(C)c1N
A-1146,-2.8842725264,CC(C)(c1ccc(O)cc1)c2ccc(O)cc2
A-1147,-0.4724658673,CCC(C)CO
A-1148,-2.7782267945,COc1ccc(\C=C\C)cc1OC
A-1149,-1.7306186153,Cc1ccc2cccc(O)c2n1
A-1150,-1.6658661004,NC(=O)c1ccccc1O
A-1151,-1.4132940606,S=C=S
A-1152,-3.1323831914,[Co++].CCC1CCC(CCC([O-])=O)C1.CCC2CCC(CCC([O-])=O)C2
A-1153,-3.0495421403,CC(C)(COCCCOC(=O)C=C)COCCCOC(=O)C=C
A-1154,-1.6020599913,CCCCCOC=O
A-1155,-2.825819918,COC(=O)c1cccc(c1)C(=O)OC
A-1156,-2.5552696161,C=Cc1ccccc1
A-1157,-3.7554210341,CCCCCCOC(=O)C(C)=C
A-1158,-3.8614246907,Clc1cc(Cl)c(Cl)nc1Cl
A-1159,-4.4694434304,COC(=O)CCCCCCCCC(=O)OC1CC(C)(C)N(C)C(C)(C)C1.CN2C(C)(C)CC(CC2(C)C)OC(=O)CCCCCCCCC(=O)OC3CC(C)(C)N(C)C(C)(C)C3
A-1160,-4.849542252,Nc1scc(n1)c2ccc3ccccc3c2
A-1161,-3.8432685623,CCCCCC(CO)Cc1ccccc1
A-1162,-3.6580016898,CCC(C)c1ccccc1
A-1163,-3.7255255026,CCCCCCCCCC=O
A-1164,-3.7645766665,N(c1ccccc1)c2ccccc2
A-1165,-3.8305001771,CC(=O)OC/C=C(C)/CCC=C(C)C
A-1166,-3.9051405494,CN(C)C(=O)Nc1ccc(Cl)c(Cl)c1
A-1167,-3.7935760497,CC(CC/C=C(C)/CCC=O)C=C
A-1168,-0.6479837034,COC(=O)C(F)(F)F
A-1169,-1.7303517225,CC1=CC[C@@H](CC1)C(C)(C)O
A-1170,-1.7642022678,CCOc1cc(C=O)ccc1O
A-1171,-2.7536526853,COC(=O)\C=C\c1ccccc1
A-1172,-1.7160179957,CC(=O)CCc1ccccc1
A-1173,-2.9792447784,COc1cc(NC(=O)CC(C)=O)c(OC)cc1Cl
A-1174,-2.7927245342,CC(=O)OC\C=C\c1ccccc1
A-1175,-2.9433516736,C=CCOc1nc(OCC=C)nc(OCC=C)n1
A-1176,-1.7703191926,CCOc1cc(C=O)ccc1O
A-1177,-6.6925825623,CC(=O)Oc1ccc(cc1C2C(=O)Oc3ccc(cc23)C(C)(C)CC(C)(C)C)C(C)(C)CC(C)(C)C
A-1178,-1.7550364752,C
A-1179,-0.2351938248,CCCCC(CC)COC(=O)Nc1ccc(C)c(NC(=O)OCCN(C)C)c1.CC(O)C(O)=O
A-1180,-2.800757237,CCCC(=O)OCc1ccccc1
A-1181,-2.7493446847,CCC(C)CCCC(C)(C)O
A-1182,-0.8951600114,[Na+].ClN1C(=O)[N-]C(=O)N(Cl)C1=O
A-1183,-1.3727147906,CC(F)F
A-1184,-1.6058704462,CC(Cl)CCl
A-1185,-1.8297447369,Nc1cc(ccc1O)[S](O)(=O)=O
A-1186,-3.1121092438,C[C@]12CCC(=O)C=C1CC[C@H]3[C@@H]4CC[C@](O)(C(=O)CO)[C@@]4(C)C[C@H](O)[C@H]23
A-1187,-3.1597637156,CC(=O)OCC(=O)[C@@]1(O)CC[C@H]2[C@@H]3CCC4=CC(=O)CC[C@]4(C)[C@H]3[C@@H](O)C[C@]12C
A-1188,-3.0888344498,CCCCCCCC/C=C/CCCCCCCC(O)=O.NCCO
A-1189,-4.0685889765,CCCCOCCOCCOCc1cc2OCOc2cc1CCC
A-1190,-3.9081460595,CN(C)C(=O)Nc1ccc(Cl)c(Cl)c1
A-1191,-4.0067819893,[O--].[O--].[O--].[Sb+3].[Sb+3]
A-1192,-3.9126936872,CN(C)C(=O)Nc1ccc(Cl)c(Cl)c1
A-1193,-3.8427464064,CC(CO)CCC1CC=C(C)C1(C)C
A-1194,-3.7507334407,CC(C)CCCCCCCO
A-1195,-4.356813568,[Ca++].CCCCCCC(O)CCCCCCCCCCC([O-])=O.CCCCCCC(O)CCCCCCCCCCC([O-])=O
A-1196,-3.9093070505,CCCCCCCCCCCC(=O)N(C)C
A-1197,-3.1032621252,CC(C)(C)C1CCC(O)CC1
A-1198,-3.1681574491,CC(C)(C)C1CCC(O)CC1
A-1199,-3.9356925608,CCCCCCCCCCCCCCN(C)C
A-1200,-4.1252906827,CCCS[P](=O)(OCC)Oc1ccc(Br)cc1Cl
A-1201,-3.9826894924,COC(=O)COc1nc(F)c(Cl)c(N)c1Cl
A-1202,-1.819466098,Oc1ccc(cc1[N+]([O-])=O)[N+]([O-])=O
A-1203,-1.4534068203,CCCCl
A-1204,-2.3189749133,[Zn++].CC(C)CC(C)O[P]([S-])(=S)OC(C)C.CC(C)CC(C)O[P]([S-])(=S)OC(C)C
A-1205,-2.7612722995,[O-][N+](=O)c1cccc(Cl)c1
A-1206,-2.7964187192,CC(=O)c1ccc2ccccc2c1
A-1207,-0.5256786207,[Na+].[Na+].Nc1ccc(N=Nc2ccc(N[S](=O)(=O)c3ccc(cc3)N=Nc4c(O)c5c(N)c(N=Nc6ccc(cc6)[N+]([O-])=O)c(cc5cc4[S]([O-])(=O)=O)[S]([O-])(=O)=O)cc2)c(N)c1
A-1208,-0.6065724318,Nc1cccc(O)c1
A-1209,-1.6216647134,CC(Cl)CCl
A-1210,-1.4637381918,CCCCl
A-1211,-1.6520779355,CCNc1ccccc1
A-1212,-3.7601070667,CC(C)CCOCCC(C)C
A-1213,-4.3588570696,[Na+].CN(c1ccccc1)[S](=O)(=O)C2=CC(=O)C3=C(NNc4ccc(NC(=O)CCl)cc4[S]([O-])(=O)=O)C(=N)C=CC3=C2
A-1214,-3.7755457257,Cc1ccc(Cl)c(Cl)c1
A-1215,-4.0576928644,COc1cc(c(OC)cc1N)[S](=O)(=O)Nc2ccccc2
A-1216,-4.1373165938,Nc1ccc(\C=C\c2ccc(N)cc2[S](O)(=O)=O)c(c1)[S](O)(=O)=O
A-1217,-0.5187110553,CC(C)CCO
A-1218,-0.5187110553,CC(C)CCO
A-1219,-3.0625087471,CC(=O)CC(c1ccccc1)C2=C(O)Oc3ccccc3C2=O
A-1220,-2.1054831912,[H+].[Cl-].CC1=CC(C=CC1=N)=C(c2ccc(N)cc2)c3ccc(N)cc3
A-1221,-1.7278204465,Cc1ccc(N)cc1Cl
A-1222,-3.0021546468,CC(C)CO[P](=O)(OCC(C)C)OCC(C)C
A-1223,-1.7314239232,CC(C)CC(=O)CC(C)C
A-1224,-2.7722689061,CC(C)(C)C1CCC(O)CC1
A-1225,-1.7566476759,COC(=O)c1ccccc1C
A-1226,-2.3290690398,CC(C)=C
A-1227,-0.8176814122,CC(=O)OC[C@@H](OC(C)=O)C=C
A-1228,-0.6229628479,Nc1cccc(O)c1
A-1229,-1.761713933,S=C1Nc2ccccc2N1
A-1230,-3.0104271727,CC(C)CO[P](=O)(OCC(C)C)OCC(C)C
A-1231,-4.8438678664,CCCc1nc(C)c2n1NC(=NC2=O)c3cc(ccc3OCC)[S](=O)(=O)N4CCN(CC)CC4
A-1232,-4.1492593891,CCCCCCCC/C=C/CCCCCCCC(=O)NCCCN(C)C
A-1233,-3.7919361419,Cc1c(Cl)cccc1Cl
A-1234,-3.8458299965,O=C1CCCCCCCCCCC1
A-1235,-1.7720804309,CC(C)=CCCC(C)(O)C#C
A-1236,-2.8480980227,Cc1ccc(cc1[N+]([O-])=O)C(O)=O
A-1237,-0.8997243446,COc1ccc(cc1N)[S](O)(=O)=O
A-1238,-1.9540615157,CCCCOCCOCCOC(=O)C(C)=C
A-1239,-2.9226200497,Oc1ccc(cc1O)C(=O)c2ccccc2
A-1240,-0.2262726911,CCN(CCO)c1ccc(cc1)N=Nc2sc3cc(OC)ccc3[n+]2C.CC([O-])=O
A-1241,-1.1394454423,[Co++].CCCCC(CC)C([O-])=O.CCCCC(CC)C([O-])=O
A-1242,-0.6112260802,CCCCC(O)=O
A-1243,-2.2047232328,CCCC1C[C@](C)(CCO1)OC(C)=O.CCCC2C[C@@](C)(CCO2)OC(C)=O
A-1244,-1.6919403861,CCCBr
A-1245,-1.7134804626,CCCCC(CC)CN
A-1246,-1.7531263117,Cc1ccc(N)cc1Cl
A-1247,-3.0824090581,Oc1ccc(c(O)c1)C2=C(O)C(=O)c3c(O)cc(O)cc3O2
A-1248,-3.8168499495,N(c1ccccc1)c2ccccc2
A-1249,-3.9494565863,S=C(Nc1ccccc1)Nc2ccccc2
A-1250,-4.0564239207,[O--].[O--].[O--].[Sb+3].[Sb+3]
A-1251,-3.8253491343,N(c1ccccc1)c2ccccc2
A-1252,-4.086559757,CC(c1ccc(O)cc1)(c2ccc(O)cc2)c3ccc(O)cc3
A-1253,-4.1942017044,[K].CCCCCCCCCCCCCCCCCC.O[P](O)(O)=O
A-1254,-3.8089694812,Cc1ccc(Cl)cc1Cl
A-1255,-4.1564425332,COC1OC(CO[S](=O)(=O)c2ccc(C)cc2)C3OC(C)(C)OC13
A-1256,-2.6890833932,COc1ccccc1C
A-1257,-0.7897650856,Nc1ccc(c(N)c1)[N+]([O-])=O
A-1258,-2.9191416399,OC(=O)Cc1ccc(Cl)cc1Cl
A-1259,-5.0291347649,CC(C)(c1ccc(O)cc1)c2ccc(O)cc2.ClCC3CO3
A-1260,-3.0039730604,C=CCOc1nc(OCC=C)nc(OCC=C)n1
A-1261,-2.8232791914,[Zr+4].CCC([O-])=O
A-1262,-1.7007143104,CCCBr
A-1263,-2.749354496,Clc1ccc(cc1)C#N
A-1264,-0.6804560151,CCCCOC(N)=O
A-1265,-1.7497679852,NC(=O)c1ccccc1O
A-1266,-1.7924893658,O=C1NSc2ccccc12
A-1267,-1.8994763911,Nc1ccccc1.C=O
A-1268,-2.8118286729,[O-][N+](=O)c1ccc(Cl)cc1
A-1269,-2.7852565821,CC(C)c1ccc(C=O)cc1
A-1270,-2.969024542,CC(=C)C(=O)OCCCCOC(=O)C(C)=C
A-1271,-1.7014246571,CCNc1ccccc1
A-1272,-1.7551407689,NC(=O)c1ccccc1O
A-1273,-0.6289548471,CCCCC(O)=O
A-1274,-1.8467055699,CCC(=O)c1cccc(Cl)c1
A-1275,-1.7963921827,C1OC1COc2ccccc2
A-1276,-1.8944614494,OC(=O)CCCCCCCC(O)=O
A-1277,-4.0179591997,O=C1CCCCCCCCCCOCCCCO1
A-1278,-3.9822989295,Nc1nc(N)nc(Nc2nc(N)nc(N)n2)n1
A-1279,-3.3769656678,CC(C)C
A-1280,-3.8064830067,CC(C)CCCC(C)CC=O
A-1281,-3.8410798291,N(c1ccccc1)c2ccccc2
A-1282,-3.3769656678,CCCC
A-1283,-3.0907436018,CC
A-1284,-2.8178957572,C
A-1285,-3.2570192183,CCC
A-1286,-3.9716884266,S=C(Nc1ccccc1)Nc2ccccc2
A-1287,-4.0549767292,C[C@]12CC[C@H]3[C@@H](CCC4=C3CCC(=O)C4)[C@@H]1CCC2=O
A-1288,-1.7107562487,CCCBr
A-1289,-2.779325494,COc1ccc(Cl)cc1
A-1290,-3.2037371554,C[C@@H]1C[C@H]2[C@@H]3C[C@H](F)C4=CC(=O)C=C[C@]4(C)[C@H]3[C@@H](O)C[C@]2(C)[C@H]1C(=O)CO
A-1291,-1.2046860906,[Na+].[O-][S](=O)(=O)c1cccc(c1)N=Nc2ccc(Nc3ccccc3)cc2
A-1292,-2.9839461582,CNC(=O)N(c1ccccc1)c2ccccc2
A-1293,-2.8611137345,Nc1ccccc1c2ccccc2
A-1294,-3.4001753553,ClCCO[P](=O)(OCCCl)OCC(CCl)(CCl)CO[P](=O)(OCCCl)OCCCl
A-1295,-0.8723707236,OC(=O)C1CCC(CC1)C(O)=O
A-1296,-1.7268328003,CCCBr
A-1297,-1.7272094651,CCCBr
A-1298,-1.9153264103,CCc1cccc2c(CCO)c[nH]c12
A-1299,-1.7923460039,Cc1cc(Cl)ccc1O
A-1300,-1.519913555,S=C=S
A-1301,-3.979238438,S=C(Nc1ccccc1)Nc2ccccc2
A-1302,-3.9764017843,CCOC(C)OC(C)(CCC=C(C)C)C=C
A-1303,-3.7066463764,[Cu+].[S-]C#N
A-1304,-3.882202908,O=C(c1ccccc1)c2ccccc2
A-1305,-3.9207588975,CCCC(=O)OC(C)C1CCCCC1
A-1306,-4.1227687236,CCC1(CC=C2CCCc3cc(OC)ccc23)C(O)CCC1=O
A-1307,-3.9871066384,S=C(Nc1ccccc1)Nc2ccccc2
A-1308,-3.7586078484,CCC(C)c1ccccc1
A-1309,-4.3079108614,[Na+].CC(=O)Nc1cccc(Nc2cc(c(N)c3C(=O)c4ccccc4C(=O)c23)[S]([O-])(=O)=O)c1
A-1310,-4.1090342242,CCOCCCCCCCCCCCCCC\C=C\CC
A-1311,-3.931170339,CC(=O)OC(C)(C)C1CCC(=CC1)C
A-1312,-3.9853522661,CC(C)=CCC\C(C)=C\CCC(C)(O)C=C
A-1313,-4.0436629248,CC(=C)C(=O)OCCCCCCOC(=O)C(C)=C
A-1314,-4.0734601349,C[C@]12CC[C@H]3[C@@H](CCC4=C3CCC(=O)C4)[C@@H]1CCC2=O
A-1315,-2.8473301434,Nc1ccc(cc1)C(F)(F)F
A-1316,-2.8452524284,[O-][N+](=O)c1ccc(Cl)cc1
A-1317,-0.0072656636,[Cl-].CC[N+](CC)(CC)Cc1ccccc1
A-1318,-1.8468615458,ClCCCBr
A-1319,-2.8243557491,FC(F)=C(F)C(F)(F)F
A-1320,-2.8468615458,ClCCCBr
A-1321,-2.955640512,OC(=O)CCCCCCCCC(O)=O
A-1322,-3.0410647254,[Na+].[Na+].[O-]C(=O)CCCCCCCCC([O-])=O
A-1323,-2.9468706457,O=C1CCCCCCCCCCCN1
A-1324,-2.4026718139,CCC=C
A-1325,-2.0159485066,CCCCOCCOCCOC(=O)C(C)=C
A-1326,-2.8574869932,CCCCOCOCCCC
A-1327,-3.1795029693,Oc1ccc(cc1)C(c2ccc(O)cc2)(C(F)(F)F)C(F)(F)F
A-1328,-2.8846346488,CC(=O)c1cccc2ccccc12
A-1329,-1.7858311962,CC(C)c1ccc(N)cc1
A-1330,-3.4859968431,[OH-].[Cr+3].CCCCC(CC)COCCCN.CC(=O)\C(=N/Nc1cc(cc(c1[O-])[S]([O-])(=O)=O)[N+]([O-])=O)C(=O)[N-]c2ccccc2.[H+]
A-1331,-0.3534353379,[Na+].[Na+].COc1cc(c(C)cc1N\N=C2\C(=O)C=Cc3cc(ccc23)[S]([O-])(=O)=O)[S]([O-])(=O)=O
A-1332,-0.4509276007,CSC
A-1333,-0.7480293677,COc1ccc(N)cc1
A-1334,-0.6027996358,CCCCCO
A-1335,-1.8832793564,COc1ccc(cc1N)[N+]([O-])=O
A-1336,-1.7584817871,CC(=C)C(=O)OCC=C
A-1337,-3.314476262,FC(F)(I)C(F)(F)C(F)(F)C(F)(F)I
A-1338,-3.2241915574,CCCCCCCCCCCCCCCCCC(=O)NCCCN(C)C
A-1339,-4.0127821042,CC(C)(C)c1cc(CO)cc(c1O)C(C)(C)C
A-1340,-3.9821150703,Clc1cc(Cl)c(Cl)nc1Cl
A-1341,-3.9337357827,CC(C)CCOCCc1ccccc1
A-1342,-4.6288894404,[Mg++].CCCCCCCCCc1cc2ccccc2c(c1CCCCCCCCC)[S]([O-])(=O)=O.CCCCCCCCCc3cc4ccccc4c(c3CCCCCCCCC)[S]([O-])(=O)=O
A-1343,-3.8935675896,Oc1ccc2ccccc2c1C=O
A-1344,-4.0383347046,O=C(Cc1ccccc1)OCCc2ccccc2
A-1345,-3.8454729507,Nc1nc(N)c(N=O)c(N)n1
A-1346,-1.706753006,ClC\C=C/Cl
A-1347,-6.6672950838,CNC(=O)c1cc(Oc2ccc(NC(=O)Nc3ccc(Cl)c(c3)C(F)(F)F)cc2)ccn1
A-1348,-1.8934476814,COCc1ccc(O)c(OC)c1
A-1349,-2.9987958883,CCCCCC1COCCC1OC(C)=O
A-1350,-2.9976655605,Nc1ccc(N=Nc2ccccc2)c(N)c1
A-1351,-2.9274884417,COc1ccc(O)c(c1)C(C)(C)C
A-1352,-2.9027228224,C1CC(CCN1)N2CCOCC2
A-1353,-3.2305886829,[K+].CCCCCCCCCCCCCCCCO[P](O)([O-])=O
A-1354,-3.016846171,CCO[Si](CC(C)C)(OCC)OCC
A-1355,-1.937833911,Oc1cc(C=O)cc(c1O)[N+]([O-])=O
A-1356,-1.796741824,O=C/C=C/c1ccccc1
A-1357,-3.045838317,CCOC(=O)C(C)(C)c1ccccc1
A-1358,-0.7682327538,COc1ccc(N)cc1
A-1359,-1.9857450152,COc1ccc(cc1N)[S](O)(=O)=O
A-1360,-1.860061225,Cc1ccc(N)c(c1)[N+]([O-])=O
A-1361,-1.5594220963,S=C=S
A-1362,-1.8117983509,COC(=O)c1ccccc1
A-1363,-2.9180054187,CCCCCCCC(OC)OC
A-1364,-0.0310204156,C1CNCCNCCNCCN1
A-1365,-0.0375676926,C1CNCCNCCNCCN1
A-1366,-3.8931862,C=CCCCCCCCCC=O
A-1367,-4.6112212345,COC(=O)CCCCCCCCC(=O)OC1CC(C)(C)N(C)C(C)(C)C1.CN2C(C)(C)CC(CC2(C)C)OC(=O)CCCCCCCCC(=O)OC3CC(C)(C)N(C)C(C)(C)C3
A-1368,-3.8751573053,CCCCCCCCCCO
A-1369,-4.1613993787,CC(C)CCC(C)Nc1ccc(NC(C)CCC(C)C)cc1
A-1370,-3.9922483547,CC(C)Cc1ccc(cc1)C(C)C(O)=O
A-1371,-1.7665284956,[Na+].[O-][Cl](=O)(=O)=O
A-1372,-1.7677734878,[Na+].[O-][Cl](=O)(=O)=O
A-1373,1.0979500145,[K+].[I-]
A-1374,-3.2830355833,[K].CCCCCCCCCCCCCCCCCC.O[P](O)(O)=O
A-1375,-3.2660978994,C[C@@H]1C[C@H]2[C@@H]3C[C@H](F)C4=CC(=O)C=C[C@]4(C)[C@H]3[C@@H](O)C[C@]2(C)[C@H]1C(=O)CO
A-1376,-3.0470399572,CCNc1nc(NC(C)C)nc(SC)n1
A-1377,-1.8691073865,COc1cccc(c1)C(C)=O
A-1378,-3.2682320289,C[C@@H]1C[C@H]2[C@@H]3C[C@H](F)C4=CC(=O)C=C[C@]4(C)[C@H]3[C@@H](O)C[C@]2(C)[C@H]1C(=O)CO
A-1379,-3.2675906882,C[C@@H]1C[C@H]2[C@@H]3C[C@H](F)C4=CC(=O)C=C[C@]4(C)[C@H]3[C@@H](O)C[C@]2(C)[C@H]1C(=O)CO
A-1380,-0.7347401385,Nc1cccc(O)c1
A-1381,-1.769197233,[nH]1cnc2ccccc12
A-1382,-1.8076460763,O=C1NC(=O)NC(=O)N1
A-1383,-3.0203942687,ClCCCN1C(=O)Nc2ccccc12
A-1384,0.2591085828,CO[S](C)(=O)=O
A-1385,-0.7541456686,Clc1ccccn1
A-1386,-1.0412880471,[Na+].ClN1C(=O)[N-]C(=O)N(Cl)C1=O
A-1387,-1.9111656018,Oc1cc(Cl)ccc1Cl
A-1388,-2.7104892768,[Na+].[Na+].[Cu++].[Cu++].N[S](=O)(=O)c1ccc([O-])c(c1)N=Nc2c([O-])c3ccc(Nc4ccc5c([O-])c(N=Nc6cc(ccc6[O-])[S](N)(=O)=O)c(cc5c4)[S]([O-])(=O)=O)cc3cc2[S]([O-])(=O)=O
A-1389,-1.8361278158,NC(=O)c1ccccc1O
A-1390,-3.3290743264,CCCCC(CC)COC(=O)CCCCCCCCC(=O)OCC(CC)CCCC
A-1391,-3.2256490876,[H+].[Cl-].CCN(CC)CCNC(=O)c1cc(Cl)c(N)cc1OC
A-1392,-2.5735793664,[As]
A-1393,-3.0612714853,OC(=O)CCCCCCCCCCC(O)=O
A-1394,-2.323056056,CC=C
A-1395,-3.9727518889,CC(=O)OC(C)(C)CCCC(=C)C=C
A-1396,-3.9129242883,O(c1ccccc1)c2ccccc2
A-1397,-4.2250037793,C[C@]12CCC(=O)C=C1CC[C@@H]3[C@@H]2CC[C@@]4(C)[C@H]3CC[C@@]45CCC(=O)O5
A-1398,-4.1370920672,CC(C)COC(=O)c1ccccc1C(=O)OCC(C)C
A-1399,-4.2262342969,CCC(COC(=O)C(C)=C)(COC(=O)C(C)=C)COC(=O)C(C)=C
A-1400,-2.854511354,CC(C)c1ccc(O)cc1C
A-1401,-3.9301744515,COC1CC(C)CCC1C(C)C
A-1402,-4.5936830655,[Na+].[Na+].[O-]C(=O)c1ccccc1C2=C3C=C(Br)C(=O)C=C3Oc4c2cc(Br)c([O-])c4C5=CC=C[Hg]5
A-1403,-4.3020112191,[Co]
A-1404,-4.6704052705,CC1=CCC2C(C1)C2(C)C
A-1405,-4.8831871131,O=C1CCCCCCCCCC\C=C/CC1
A-1406,-4.4481677146,O=[Zn]
A-1407,-4.8439277143,Cc1ccccc1Oc2ccccc2C
A-1408,-5.0444132576,CCCCOC(=O)c1ccccc1C(=O)OCc2ccccc2
A-1409,-4.7823935551,CC(C)c1cccc2ccccc12
A-1410,-5.1332331523,CCC(Cc1ccc(C)cc1)(N(C)C)C(=O)c2ccc(cc2)N3CCOCC3
A-1411,-4.9878258088,COc1ccc(cc1[N+]([O-])=O)C(=O)Nc2ccccc2
A-1412,-5.3151858692,[Gd+3].[Gd+3].[O-]C(=O)C([O-])=O.[O-]C(=O)C([O-])=O.[O-]C(=O)C([O-])=O
A-1413,-4.850088023,Cc1ccccc1Oc2ccccc2C
A-1414,-5.0237548039,[O--].[O--].[O--].[Sb+3].[Sb+3]
A-1415,-4.9755135023,Nc1nc(N)nc(N)n1.O=C2NC(=O)NC(=O)N2
A-1416,-5.3567961191,[Lu+3].[Lu+3].[O-]C(=O)C([O-])=O.[O-]C(=O)C([O-])=O.[O-]C(=O)C([O-])=O
A-1417,-5.1553472856,[Zn++].[Zn++].[Zn++].[O-][P]([O-])([O-])=O.[O-][P]([O-])([O-])=O
A-1418,-4.9372094561,[O-][N+](=O)c1ccccc1c2ccc(Cl)cc2
A-1419,-5.0649100859,CCCCOC(=O)c1ccccc1C(=O)OCc2ccccc2
A-1420,-4.9417913147,CC1CC2=C(CC1(C)C(C)=O)C(C)(C)CCC2
A-1421,-3.4351686053,[Mo].CCCCC(CC)C([O-])=O
A-1422,-5.0452642864,Nc1cc(Cl)ccc1Oc2ccc(Cl)cc2Cl
A-1423,-5.0826003485,CCCCCCOC(=O)CCCCC(=O)OCCCCCC
A-1424,-4.2613918255,[Mo].CCCCC(CC)C([O-])=O
A-1425,-5.3942867121,CCCCC(CC)COC(=O)CS[Sn](CCCC)(CCCC)SCC(=O)OCC(CC)CCCC
A-1426,-4.9203116108,O=C(Nc1ccccc1)Nc2ccccc2
A-1427,-4.9895579939,CCCC[Sn](=O)CCCC
A-1428,-5.3065828462,[Sr++].Cc1c(Cl)cc(cc1[S](O)(=O)=O)N=Nc2c([O-])c(cc3ccccc23)C([O-])=O
A-1429,-5.0226025122,CC1CCC(CC2=C1CCC2C)C(C)(C)OC(C)=O
A-1430,-4.805087436,O=[Te]=O
A-1431,-5.0561178371,CCCCC(CC)CCCCCC(C)CCCC(O)=O
A-1432,-4.953059619,CC(C)CCCC(C)CCCC(C)(O)C#C
A-1433,-4.7986506454,[Gd]
A-1434,-1.8168853358,O=[Te]=O
A-1435,-5.0780248931,C[C@]12CC[C@H]3[C@@H](CCC4=CC(=O)CC[C@]34C)[C@@H]1CC[C@@H]2O
A-1436,-4.9542967929,FC(F)=C(F)OC(F)(F)C(F)(F)F
A-1437,-4.9259606417,C.CCCCCCCCCCCCO
A-1438,-5.3662832389,CC(C)(c1cc(Br)c(O)c(Br)c1)c2cc(Br)c(O)c(Br)c2
A-1439,-5.1903889506,CCCCCCCC(=O)OCC(C)(C)COC(=O)CCCCCCC
A-1440,-4.688326948,CC(=C)CC(C)(C)C
A-1441,-5.5096857122,CCCCC(CC)COC(=O)CS[Sn](C)(SCC(=O)OCC(CC)CCCC)SCC(=O)OCC(CC)CCCC
A-1442,-5.0505730768,CC1COCc2cc3c(cc12)C(C)(C)C(C)C3(C)C
A-1443,-4.6890848387,[Cd++]
A-1444,-5.0876626154,CC(=C)CC(C)(C)C.N(c1ccccc1)c2ccccc2
A-1445,-5.1305146868,[Na+].[Mg++].[Al+3].[O-][Si]([O-])=O.[O-][Si]([O-])=O.[O-][Si]([O-])=O
A-1446,-5.0644545857,Nc1nc(N)nc(N)n1.O=C2NC(=O)NC(=O)N2
A-1447,-5.1145685291,CC(C)(C)OOC(C)(C)C#CC(C)(C)OOC(C)(C)C
A-1448,-4.9593059667,CCCCCCC(CCCC)C(O)=O
A-1449,-5.0543936585,CCCCC(CC)COC(=O)c1ccc(N)cc1
A-1450,-5.463097207,[Ca++].CCCCCCC(O)CCCCCCCCCCC([O-])=O.CCCCCCC(O)CCCCCCCCCCC([O-])=O
A-1451,-5.440787474,[Ca++].CCCCCCCCCCCCCCCCCC([O-])=O.CCCCCCCCCCCCCCCCCC([O-])=O
A-1452,-5.1898813447,CCCCOC(=O)CCC(C)(OOC(C)(C)C)OOC(C)(C)C
A-1453,-5.023776406,ClC1=C(Cl)C(=O)c2ccccc2C1=O
A-1454,-5.4791840269,[Ca++].CCCCCCC(O)CCCCCCCCCCC([O-])=O.CCCCCCC(O)CCCCCCCCCCC([O-])=O
A-1455,-5.4383706051,CC1=CCC2CC1C2(C)C.CC3(C)OC4(C)CCC3CC4.CC5(C)C6CCC(C6)C5=C.CC7(C)C8CCC7(C)C(=O)C8
A-1456,-5.1765101856,[Na+].COc1ccccc1NC(=O)c2cc3ccccc3cc2[O-]
A-1457,-4.7863829333,O=[Cd]
A-1458,-5.0982221528,[O--].[O--].[O--].[O--].[O--].[Ti+4].[Zr+4].[Pb++]
A-1459,-5.1913818072,O=[P](Oc1ccccc1)(Oc2ccccc2)Oc3ccccc3
A-1460,-4.9426423277,CC(c1ccccc1)c2ccccc2
A-1461,-5.0439330965,Clc1ccccc1C(Cl)(Cl)Cl
A-1462,-4.9857583021,CCCCCCCCCCOC(C)=O
A-1463,-4.7775482394,[Cu+].[S-]C#N
A-1464,-5.3087460931,CN(CCOC(=O)C=C)[S](=O)(=O)C(F)(F)C(F)(F)C(F)(F)C(F)(F)F
A-1465,-4.909915974,COC(=O)C(=O)c1ccccc1
A-1466,-3.6623544532,CCCCC(C#N)c1ccccc1
A-1467,-4.3331923932,FC(F)(F)C(Cl)(Cl)Cl
A-1468,-5.0007940326,CC(C)CCCCCCCCCCO
A-1469,-5.0688961131,CCC(C)C(C)C(C)CCc1ccc(O)cc1
A-1470,-5.1866018088,CCOc1ccccc1NC(=O)c2cc3ccccc3cc2O
A-1471,-5.6478492928,[Ba++].Cc1cc(N\N=C\2C(=O)C=Cc3ccccc23)c(cc1Cl)[S]([O-])(=O)=O.Cc4cc(N\N=C\5C(=O)C=Cc6ccccc56)c(cc4Cl)[S]([O-])(=O)=O
A-1472,-4.8730792601,[CaH2].O=[Zr]
A-1473,-5.1559612143,CC(C)OC(=O)CCCCCCCCC(=O)OC(C)C
A-1474,-5.0458782076,CCCCCCOC(=O)c1ccccc1O
A-1475,-5.1560946306,CCCCCCC(O)CCCCCCCCCCCO
A-1476,-5.0896861436,ClC1=C(Cl)C(=O)C(=C(Cl)C1=O)Cl
A-1477,-1.8404926212,NC(=O)c1ccccc1O
A-1478,-3.2602593536,[K+].CCCCCCCCCCCCCCCCO[P](O)([O-])=O
A-1479,-3.0334483747,CCN(CCCl)c1ccc(C=O)cc1
A-1480,-3.1461210204,C[C@]12CC[C@H]3[C@@H](CCC4=CC(=O)CC[C@H]34)[C@@H]1CCC2=O
A-1481,-2.870073641,CCC(=O)OCCC(C)C
A-1482,-3.0592783722,CC(=C)[C@@H]1C[C@@H](CC[C@@]1(C)C=C)C(C)(C)O
A-1483,-3.5425873869,[OH-].[Cr+3].CCCCC(CC)COCCCN.CC(=O)\C(=N/Nc1cc(cc(c1[O-])[S]([O-])(=O)=O)[N+]([O-])=O)C(=O)[N-]c2ccccc2.[H+]
A-1484,-1.8219317146,CCCCCC(O)C=C
A-1485,-2.8887982833,FC(F)=C(F)C(F)(F)F
A-1486,-2.5603774923,CC=C(C)C
A-1487,-2.5197191365,[Cu]
A-1488,-4.875700653,CC[C@]12CC[C@H]3[C@@H](CCc4cc(OC)ccc34)[C@@H]1CC[C@@H]2O
A-1489,-3.0976097488,CC(C)(C1CCC(O)CC1)C2CCC(O)CC2
A-1490,1.5823133383,COCCOCCO[Si](CCCOCC1CO1)(OCCOCCOC)OCCOCCOC
A-1491,-3.0756367574,CCNc1nc(NC(C)C)nc(SC)n1
A-1492,-3.1541546037,C[C@]12CC[C@H]3[C@@H](CCC4=CC(=O)CC[C@H]34)[C@@H]1CCC2=O
A-1493,-0.9416996925,OC(=O)c1ccccc1C(O)=O
A-1494,-1.3767469152,[Na+].[Na+].[O-][S](=O)(=O)c1ccc(N\N=C2\C(=O)C=Cc3cc(ccc23)[S]([O-])(=O)=O)cc1
A-1495,-1.7233908536,CC(F)(F)Cl
A-1496,-2.0737299237,COC(=O)c1cc(cc(c1)[N+]([O-])=O)C(O)=O
A-1497,-1.437441792,FCF
A-1498,-3.172023424,CC(CN\C=C/1C=CC=CC1=O)N\C=C/2C=CC=CC2=O
A-1499,-4.6744729174,[Mg++].CCCCCCCCCc1cc2ccccc2c(c1CCCCCCCCC)[S]([O-])(=O)=O.CCCCCCCCCc3cc4ccccc4c(c3CCCCCCCCC)[S]([O-])(=O)=O
A-1500,-4.0220261646,CC1(C)[C@H]2CC[C@]1(C)C(C2)OC(=O)C=C
A-1501,-4.1714457851,CC(C)Oc1ccc(cc1)[S](=O)(=O)c2ccc(O)cc2
A-1502,-4.1701976598,[O--].[O--].[O--].[Sb+3].[Sb+3]
A-1503,-3.6533405182,C[Si](C)(C)C
A-1504,-4.1166758472,Oc1cc(Cl)ccc1Oc2ccc(Cl)cc2
A-1505,-4.5247759411,Clc1cc(c(Cl)cc1c2[nH]c3ccc4C(=O)c5ccccc5C(=O)c4c3n2)c6[nH]c7ccc8C(=O)c9ccccc9C(=O)c8c7n6
A-1506,-3.9891678317,CC(CCOC(C)=O)CC(C)(C)C
A-1507,-4.1518325629,CCCCCCCCCCCCCCCCN(C)C
A-1508,-4.0287937791,ClC(=O)c1ccc(cc1)C(Cl)=O
A-1509,-0.9524550039,CC(=C)C(=O)OCC1CCCO1
A-1510,-3.1565006621,C[C@]12CC[C@H]3[C@@H](CCC4=CC(=O)CC[C@H]34)[C@@H]1CCC2=O
A-1511,-2.9682045412,CC(=C)C(=O)OCc1ccccc1
A-1512,-1.0091456414,[O-][N+](=O)c1ccc(Cl)cc1Cl
A-1513,-0.7982097075,CCOC(=O)OCC
A-1514,-3.1608453548,C[C@]12CC[C@H]3[C@@H](CCC4=CC(=O)CC[C@H]34)[C@@H]1CCC2=O
A-1515,-3.0052489876,C/C=C/C(=O)C1=C(C)C=CCC1(C)C
A-1516,-3.0091456414,[O-][N+](=O)c1ccc(Cl)cc1Cl
A-1517,-1.9026536597,CC(=C)[C@H]1CC=C(C)C(=O)C1
A-1518,-3.0148095518,CCCCCCCC[P](O)(O)=O
A-1519,-2.2130969417,C[C@]12CCC(=O)C=C1CC[C@@H]3[C@@H]2CC[C@@]4(C)[C@H]3C(O)CC4=O
A-1520,-3.0061212915,COc1cc(Cl)c(OC)cc1N
A-1521,-3.0492180227,[Pb]
A-1522,-1.6037984872,[OH-].[OH-].[Ca++]
A-1523,-2.9328521233,CCCC(=O)OCCC(C)C
A-1524,-3.0802067631,O[S](=O)(=O)CCCNC1CCCCC1
A-1525,0.0190132651,NC(CCCN=C(N)N)C(O)=O
A-1526,-3.1313260143,C=CCOC(=O)c1ccccc1C(=O)OCC=C
A-1527,-3.1887786426,CCCCNC(=O)OCC#CI
A-1528,-3.0466584175,CCCCC/C(C=O)=C/c1ccccc1
A-1529,-2.7683150613,Cc1ccccc1C
A-1530,-2.7683150613,Cc1cccc(C)c1
A-1531,-2.7683150613,Cc1ccc(C)cc1
A-1532,-1.9401514115,ClCCCBr
A-1533,1.0371672978,OC(O)C(Cl)(Cl)Cl
A-1534,-0.4405855136,[Na+].[Na+].COc1cc(c(C)cc1N\N=C2\C(=O)C=Cc3cc(ccc23)[S]([O-])(=O)=O)[S]([O-])(=O)=O
A-1535,0.1649756461,OC(=O)c1cccnc1
A-1536,-1.8849903532,OC(=O)c1ccccc1O
A-1537,-2.0170797358,Cc1ccc(N)cc1[S](O)(=O)=O
A-1538,-2.005111367,OC(=O)c1cc(O)cc(c1)C(O)=O
A-1539,-2.710838239,[Na+].[Na+].[O-][S](=O)(=O)c1cc(Nc2nc(Nc3ccccc3)nc(n2)N4CCOCC4)ccc1/C=C/c5ccc(Nc6nc(Nc7ccccc7)nc(n6)N8CCOCC8)cc5[S]([O-])(=O)=O
A-1540,-3.1070289759,CC(C)OC(=O)CCCCC(=O)OC(C)C
A-1541,-4.0165337106,CCCCCC1(C)CCC(C)(C)C1=O
A-1542,-3.9891177261,OC1CCCCCCCCCCC1
A-1543,-4.2870640225,OCCC(F)(F)C(F)(F)C(F)(F)C(F)(F)C(F)(F)C(F)(F)F
A-1544,-4.4077469895,CC1(C)CNCC(C)(C)C1OC(=O)CCCCCCCCC(=O)OC2C(C)(C)CNCC2(C)C
A-1545,-4.0301641261,CC(CCCC(C)(C)OC(C)=O)C=C
A-1546,-4.03553506,[Ca++].[O-][Mo]([O-])(=O)=O
A-1547,-4.1912351395,CC(C)COC(=O)C1CCCCC1C(=O)OCC(C)C
A-1548,-4.7306693975,[Zn++].CCCCCCCCCc1cc2ccccc2c(c1CCCCCCCCC)[S]([O-])(=O)=O.CCCCCCCCCc3cc4ccccc4c(c3CCCCCCCCC)[S]([O-])(=O)=O
A-1549,-4.0304470853,CC1CC(CC(C)(C)C1)OC(=O)C=C
A-1550,-4.0147097346,O=C(C1CCCCC1)c2ccccc2
A-1551,-4.0439611763,CC(C)COc1ccc2ccccc2c1
A-1552,-4.4175882076,[Na+].CC(=O)Nc1cccc(Nc2cc(c(N)c3C(=O)c4ccccc4C(=O)c23)[S]([O-])(=O)=O)c1
A-1553,-4.3767049743,ClCC(CCl)O[P](=O)(OC(CCl)CCl)OC(CCl)CCl
A-1554,-4.003482074,Clc1cccc(Cl)c1Cl
A-1555,-4.6745621224,[Ca++].CC(=O)C(N=Nc1ccc(cc1[N+]([O-])=O)[S]([O-])(=O)=O)C(=O)Nc2ccccc2.CC(=O)C(N=Nc3ccc(cc3[N+]([O-])=O)[S]([O-])(=O)=O)C(=O)Nc4ccccc4
A-1556,-4.037430925,COC(=O)c1c(C)cc(O)c(C)c1O
A-1557,-3.9757151181,O(c1ccccc1)c2ccccc2
A-1558,1.0777960404,[Na+].[I-]
A-1559,-3.2628695302,[H+].[H+].[Cl-].[Cl-].Nc1ccc(cc1Cl)c2ccc(N)c(Cl)c2
A-1560,1.0867760203,[NH4+].[I-]
A-1561,-3.0359111538,CC(C)C(=O)OCCc1ccccc1
A-1562,-1.9409970697,CC(C)C1(O)CCC(=CC1)C
A-1563,-0.3038119023,F[B-](F)(F)F.F[B-](F)(F)F.F[N+]12CC[N+](CCl)(CC1)CC2
A-1564,-3.0173250803,COc1ccc(OC)c(c1)[N+]([O-])=O
A-1565,-3.2033373628,CCCCNC(=O)OCC#CI
A-1566,-0.9442229992,OC(=O)Cc1ccc(O)cc1
A-1567,-1.6329822186,[OH-].[OH-].[Ca++]
A-1568,-0.9198470701,ClCCOCCCl
A-1569,-0.8786253202,[O-][N+](=O)C1=NC(=O)NN1
A-1570,-1.9771384819,Cc1cc2NC(=O)Nc2cc1N
A-1571,-3.0477750437,[O-][N+](=O)c1ccc(Cl)cc1Cl
A-1572,-0.8968566442,CC(=O)c1cccc(N)c1
A-1573,-2.7929975258,Cc1ccccc1C
A-1574,-2.7929975258,Cc1cccc(C)c1
A-1575,-2.7929975258,Cc1ccc(C)cc1
A-1576,-2.9320403696,CC(C)(C)OOC(C)(C)C
A-1577,-3.0130467638,CCOC(=O)\C=C\c1ccccc1
A-1578,-2.4023932811,[Na+].Cc1ccc(Nc2ccc(O)c3C(=O)c4ccccc4C(=O)c23)c(c1)[S]([O-])(=O)=O
A-1579,-1.9472895459,O=C1NSc2ccccc12
A-1580,0.22529845,CCN(CC)CC
A-1581,-2.7942692528,Cc1ccccc1C
A-1582,-2.7942692528,Cc1cccc(C)c1
A-1583,-2.7942692528,Cc1ccc(C)cc1
A-1584,-3.1066347874,CCOc1ccc2NC(C)(C)C=C(C)c2c1
A-1585,-4.1933811426,CSc1ccc(cc1)C(=O)C(C)(C)N2CCOCC2
A-1586,-4.4224137515,[Na+].CC(=O)Nc1cccc(Nc2cc(c(N)c3C(=O)c4ccccc4C(=O)c23)[S]([O-])(=O)=O)c1
A-1587,-4.0976122125,CC1(C)C2CCC3(C2)C1C(=O)CCC3(C)C
A-1588,-4.116871778,CCCCC(CC)C(=O)OOC(C)(C)CC
A-1589,-3.882311038,CCC(C)c1ccccc1
A-1590,-4.217003887,C[C@]12CC[C@H]3[C@@H](CC=C4C[C@@H](O)CC[C@]34C)[C@@H]1CCC2=O
A-1591,-4.1256543516,COC1(CCCCCCCCCCC1)OC
A-1592,-3.8973747844,CCc1ccc(CC)cc1
A-1593,-3.0555218447,CC(=O)/C=C/C1=C(C)CCCC1(C)C
A-1594,-2.9480084484,FC(F)=C(F)C(F)(F)F
A-1595,-2.7981069316,CCc1ccccc1
A-1596,-1.6444620363,[OH-].[OH-].[Ca++]
A-1597,-3.2235407489,CCCCNC(=O)OCC#CI
A-1598,-3.1279393261,[O-][N+](=O)c1ccc(Cl)cc1C(F)(F)F
A-1599,-3.2522133148,S=C1NN=C(SSC2=NNC(=S)S2)S1
A-1600,-2.9303113789,CCCCCCCC(C)=O
A-1601,-3.040285322,Cc1ccc(cc1[N+]([O-])=O)[N+]([O-])=O
A-1602,-2.5192483347,[Zn++].CC(C)CO[P]([S-])(=S)OCC(C)C.CC(C)CO[P]([S-])(=S)OCC(C)C
A-1603,1.0777960404,[Na+].[I-]
A-1604,-2.5889266875,FC(F)=C
A-1605,-2.9871026542,Oc1cccc2c(O)cccc12
A-1606,-2.1105897103,OCCCNc1ccc(O)cc1[N+]([O-])=O
A-1607,-0.9557610591,O=C1OC(=O)c2ccccc12
A-1608,-3.187166345,CCCCCC1CC(=O)C=C(C)C1C(=O)OCC
A-1609,-1.967069106,O=C1NSc2ccccc12
A-1610,-3.1216267078,CSc1cc(SC)c(N)c(C)c1N
A-1611,-1.3972424196,[Cl-].C[N+](C)(C)c1ccc2C=CC(=O)C(=N/Nc3ccc(N)c(c3)[N+]([O-])=O)\c2c1
A-1612,-2.8191677601,Cc1ccccc1C
A-1613,-2.8191677601,Cc1cccc(C)c1
A-1614,-2.8191677601,Cc1ccc(C)cc1
A-1615,-3.6235632408,[OH-].[Cr+3].CCCCC(CC)COCCCN.CC(=O)\C(=N/Nc1cc(cc(c1[O-])[S]([O-])(=O)=O)[N+]([O-])=O)C(=O)[N-]c2ccccc2.[H+]
A-1616,-2.8191677601,Cc1cccc(C)c1
A-1617,-1.974517726,O=C1NC(=O)C2=C1CCCC2
A-1618,0.0218508804,OC(=O)Cc1ccc(O)cc1
A-1619,-3.0797644375,CC(C)C(=O)OCCc1ccccc1
A-1620,-3.0798638184,CC(=O)/C=C/C1=C(C)CCCC1(C)C
A-1621,-2.6291482812,C1CC=CC1
A-1622,-3.9771172528,CCCCCCC(C)(C)S
A-1623,-4.0452878346,CCCCCCCCCCN(C)C
A-1624,-4.2747784981,CCOC(=O)CCS[P](=S)(OC(C)C)OC(C)C
A-1625,-3.9848958694,CCCCCCC(C)(C)S
A-1626,-4.0901879127,O=CCC\C=C1/CC2CC1C3CCCC23
A-1627,-3.9901601094,CCCCCCC(C)(C)S
A-1628,-4.0559608323,CC(CCOC=O)CCC=C(C)C
A-1629,-4.365622838,CCCS[P](=O)(OCC)Oc1ccc(Br)cc1Cl
A-1630,-4.7884242194,[Zn++].CCCCCCCCCc1cc2ccccc2c(c1CCCCCCCCC)[S]([O-])(=O)=O.CCCCCCCCCc3cc4ccccc4c(c3CCCCCCCCC)[S]([O-])(=O)=O
A-1631,-4.1104402907,CC(=O)C(\C)=C/C1C(=CCCC1(C)C)C
A-1632,-4.0546345964,Clc1cccc(Cl)c1Cl
A-1633,-4.2278369121,O=C1CCCCCCCCCCCC(=O)OCCO1
A-1634,-4.0270844645,CCCCCCCCC(C)C=O
A-1635,-4.1541956574,COC(=O)C1CC(=O)C(CC1=O)C(=O)OC
A-1636,-4.3744000378,CC1CO1.CC(C)(c2ccc(O)cc2)c3ccc(O)cc3.ClCC4CO4
A-1637,-4.0799654344,[Zn++].[O-][Se]([O-])=O
A-1638,-1.0022923277,CN1COCN=C1N[N+]([O-])=O
A-1639,-1.2298486435,OCC1OC(C(O)C1O)n2cnc3C(=O)N=CNc23
A-1640,-1.9355008883,Cc1ccc(C)c(O)c1C
A-1641,-1.5202957405,FCF
A-1642,-2.8328690378,Cc1ccccc1C
A-1643,-2.8328690378,Cc1cccc(C)c1
A-1644,-2.8328690378,Cc1ccc(C)cc1
A-1645,-2.652810203,C1CCCC1
A-1646,-2.1115375925,CCCCCCCC(=O)NCC(O)=O
A-1647,-3.8745968837,CC(=O)OC1C(C)(C)C2CCC1(C)C2
A-1648,-3.6026675784,O=[Si]=O
A-1649,-3.6485455289,[OH-].[Cr+3].CCCCC(CC)COCCCN.CC(=O)\C(=N/Nc1cc(cc(c1[O-])[S]([O-])(=O)=O)[N+]([O-])=O)C(=O)[N-]c2ccccc2.[H+]
A-1650,-3.2854336032,OC(=O)[C@@H](NC(=O)OCc1ccccc1)C2CCCCC2
A-1651,-3.164147933,CC1=C(/C=C/C(C)(O)C=C)C(C)(C)CCC1
A-1652,-3.0091327736,CCCCCC#CC(=O)OC
A-1653,-0.8538673324,Cc1cccc(N)c1
A-1654,-0.0813040923,[Mn++].[O-]P=O.[O-]P=O
A-1655,-0.8539252345,Cc1cccc(N)c1
A-1656,-0.5879353486,COC=C
A-1657,-0.8290592123,CCN(CC)CC
A-1658,-1.9490808481,CC(Cl)(Cl)Cl
A-1659,-2.0420134141,CCN(CC)c1cccc(O)c1
A-1660,-1.9347508747,O=C1NC(=O)NC(=O)N1
A-1661,-1.9386231163,CCCCCC(O)CC
A-1662,-3.0033599893,Cc1cccc(c1C)[N+]([O-])=O
A-1663,-3.084302151,Cc1ccc(cc1[N+]([O-])=O)[N+]([O-])=O
A-1664,-3.0601133526,CCCCCCCCCC(O)=O
A-1665,-3.1547687559,Oc1ccccc1C(=O)Oc2ccccc2
A-1666,-3.0435823172,ClC(Cl)=C(Cl)Cl
A-1667,-4.1608270343,COc1ccc2cc(ccc2c1)C(C)C(O)=O
A-1668,-4.0959387302,CC(CCOC(C)=O)CCC=C(C)C
A-1669,-4.1979376007,FC(F)(F)C(F)(F)C(F)(F)C(F)(F)C=C
A-1670,-4.1887477927,O=C(Cc1ccccc1)OCCc2ccccc2
A-1671,-4.8140932774,[Zn++].CCCCCCCCCc1cc2ccccc2c(c1CCCCCCCCC)[S]([O-])(=O)=O.CCCCCCCCCc3cc4ccccc4c(c3CCCCCCCCC)[S]([O-])(=O)=O
A-1672,-4.4927855243,CCC(COCC(CC)(COC(=O)C=C)COC(=O)C=C)(COC(=O)C=C)COC(=O)C=C
A-1673,-4.131456121,ClC(=O)c1ccc(cc1)C(Cl)=O
A-1674,-2.4514194624,C=CC(=O)OCCN1C(=O)N(CCOC(=O)C=C)C(=O)N(CCOC(=O)C=C)C1=O
A-1675,-1.0469741622,COc1ccc(C=O)cc1OC
A-1676,-3.2000007811,CCCCCCCC(O)=O.OCC(O)CO
A-1677,-2.9887953027,CC(C)c1ccc(cc1)C#N
A-1678,-3.2211356868,C=CCOC(=O)c1ccccc1C(=O)OCC=C
A-1679,-2.1575163863,NC(Nc1ccccc1)=Nc2ccccc2
A-1680,-1.7878458675,CC(C)(C)S
A-1681,-2.1609179879,OCCCNc1ccc(O)cc1[N+]([O-])=O
A-1682,-2.8616407804,Cc1ccccc1C
A-1683,-2.8616407804,Cc1cccc(C)c1
A-1684,-2.8616407804,Cc1ccc(C)cc1
A-1685,-1.9916598479,CC1CC(O)CC(C)(C)C1
A-1686,-1.9220736974,CN(C)c1ccccc1
A-1687,-3.1793123653,COc1cc(c(OC)cc1Cl)[N+]([O-])=O
A-1688,0.935222717,[K+].[I-]
A-1689,-1.6427862658,[H+].[H+].[Cl-].[Cl-].CCCCCCCCN=C1C=CN(CCCCCCCCCCN2C=CC(C=C2)=NCCCCCCCC)C=C1
A-1690,-1.9688182578,O=C/C=C/c1ccccc1
A-1691,-3.1315960758,CC(C)C(=O)OCCc1ccccc1
A-1692,-3.4036850425,CN(CCO)[S](=O)(=O)C(F)(F)C(F)(F)C(F)(F)C(F)(F)F
A-1693,-3.0741522071,CC12CCCC(C)(CC1)C2=NO
A-1694,-1.0333232127,CC(=O)Nc1ccc(O)cc1
A-1695,-0.9189285677,CCCCOC(C)=O
A-1696,-0.8590224357,CCCCCCN
A-1697,-1.8560164189,CC(F)(F)Cl
A-1698,-2.15299121,Nc1cc(cc(c1O)[N+]([O-])=O)[N+]([O-])=O
A-1699,-2.0840678994,[Fe++].[O-]C(=O)\C=C/C([O-])=O
A-1700,-3.1378557654,C/C=C/C(=O)C1C(=CCCC1(C)C)C
A-1701,-3.0361524841,Cc1cc(ccc1N)[N+]([O-])=O
A-1702,-3.0130118711,CCCCCCCCCO
A-1703,-3.2626917327,CCCOC(=O)C1CCCCC1C(=O)OCCC
A-1704,-4.3324994616,Cc1ccc2nc(sc2c1[S](O)(=O)=O)c3ccc(N)cc3
A-1705,-4.2616951793,O=C1CCCCCCCCCCCC(=O)OCCO1
A-1706,-4.0758895864,Oc1ccc(cc1)C2CCCCC2
A-1707,-4.2393931239,Oc1cc(Cl)ccc1Oc2ccc(Cl)cc2
A-1708,-3.9729302572,CC(C)=CC\C=C(/C)C=C
A-1709,-4.0127412535,[CaH2].O=[Zr]
A-1710,-4.2100961015,CC(CC(=O)OOC(C)(C)C)CC(C)(C)C
A-1711,-4.1978609894,CC(C)=CCC\C(C)=C\CCC(C)(O)C=C
A-1712,-4.2253369782,Nc1nc(N)nc(Nc2nc(N)nc(N)n2)n1
A-1713,-4.3430778582,CCCCOC(=O)CSCSCC(=O)OCCCC
A-1714,-4.2008661255,COC(=O)C1CC2(CCC1(C)C=C2)C(C)C
A-1715,-3.8459348013,CC1CCCCC1
A-1716,-1.0393798776,CC(C)(OO)c1ccccc1
A-1717,-1.0090869409,CI
A-1718,-1.2604846902,O=C(OCC1CCC2OC2C1)C3CCC4OC4C3
A-1719,-1.8424789451,[O--].[O--].[Mg++].[Ca++]
A-1720,0.1852603514,COC(=O)OC
A-1721,-2.2163093616,[O-][N+](=O)OCC(CO[N+]([O-])=O)O[N+]([O-])=O
A-1722,-3.5705429399,[Na+].CC\1=Nc2ccccc2C1=N/Nc3cc(Cl)c(cc3Cl)[S](=O)(=O)NCC[S]([O-])(=O)=O
A-1723,-3.0885648226,CC(=C)C(=O)OC1CCCCC1
A-1724,-3.4555768903,[K].CCCCCCCCCCCCCCCCCC.O[P](O)(O)=O
A-1725,-2.1616366003,CCCCCCCCN1CCCC1=O
A-1726,-3.1174443354,CCC(=O)OCCc1ccccc1
A-1727,-3.1174443354,CCCC(=O)OCc1ccccc1
A-1728,-1.2318564393,CC(=O)Nc1ccc(N)c(c1)[S](O)(=O)=O
A-1729,0.0752827195,NO[S](O)(=O)=O
A-1730,-3.0698306477,CC/C=C/CCOC(=O)OC
A-1731,-1.6224585117,O=[Ca]
A-1732,0.1187011696,CCN(CC)CC
A-1733,-1.9907159784,CCCCCC(=O)OC
A-1734,-2.8477212054,C1CC2CC1C=C2
A-1735,-3.0555996074,Cc1ccc(c(C)c1)[N+]([O-])=O
A-1736,-3.2288979848,OC(=O)CSc1sc2ccccc2n1
A-1737,-3.0862848812,CC(C)(C)c1ccc(C=O)cc1
A-1738,-3.102067293,CC(=C)C(=O)OC1CCCCC1
A-1739,-0.8085025333,ClCCl
A-1740,-3.1588329057,CC(C)(C)c1ccc(CCC=O)cc1
A-1741,-2.2076497234,OC(=O)c1cc(cc(c1)[N+]([O-])=O)[N+]([O-])=O
A-1742,-2.330723497,C=C
A-1743,-1.5399557688,CC1(C)CC(CC(C)(C)N1)N(CCCCCCN(C=O)C2CC(C)(C)NC(C)(C)C2)C=O
A-1744,-0.8457609068,NNC(N)=S
A-1745,-1.895409795,CCCCCCO
A-1746,-3.1195968677,CCCCC(CC)C1OCCO1
A-1747,-4.1004353388,CCC(C)(C)OOC(C)(C)CC
A-1748,-4.187455475,CCC(=O)/C=C/C1=C(C)CCCC1(C)C
A-1749,-4.333139569,CC(C)C(OC(=O)C(C)C)C(C)(C)COC(=O)C(C)C
A-1750,-4.1734842136,CCC(=O)OC1CCC(CC1)C(C)C
A-1751,-4.2461281993,CCCCCCCC[Si](OC)(OC)OC
A-1752,-4.3364172787,CC(C)C(OC(=O)C(C)C)C(C)(C)COC(=O)C(C)C
A-1753,-4.3048554438,CCC1(C)OOC(C)(CC)OOC(C)(CC)OO1
A-1754,-4.3306447528,CCCCOC(=O)c1ccccc1C(=O)OCCCC
A-1755,-4.3067136364,CN(C)Cc1cc(c(O)c(c1)C(C)(C)C)C(C)(C)C
A-1756,-4.4379626594,O[C@]12COC(O[C@@H]1[C@H]3OC(OC[C@H]3O2)c4ccccc4)c5ccccc5
A-1757,-4.0601659034,[CaH2].O=[Zr]
A-1758,-0.5525833349,FC=C
A-1759,-3.2553454425,CCOC(=O)C1=NN(C(=O)C1)c2ccccc2
A-1760,-3.0519299372,CC(C)CCCCCCO
A-1761,-3.0519299372,CCCCCCCCCO
A-1762,-1.9972521926,C=CCCCCCC=O
A-1763,-3.2524746041,Cc1c(cc(cc1[N+]([O-])=O)[N+]([O-])=O)[N+]([O-])=O
A-1764,-3.2230398856,OC(=O)C(c1ccccc1)c2ccccc2
A-1765,0.8802572246,[K+].[I-]
A-1766,-1.1506126987,CC(C)(C)c1ccc(cc1)C(O)=O
A-1767,-2.4638621919,CCCCCCCC/C=C/CCCCCCCC(=O)NCCCN(C)C
A-1768,-3.0989484737,CCCCCCC(=O)OCC
A-1769,-0.9882911293,CC(C)OC(Cl)=O
A-1770,-0.1074921694,[Na+].Oc1ccccc1C([O-])=O
A-1771,-2.0282620942,CC(Cl)(Cl)Cl
A-1772,-2.1135953878,CC(=O)OC(=C)c1ccccc1
A-1773,-2.1798872233,CCOC(=O)CC1(C)OCC(C)O1
A-1774,-1.8655146486,[S--].[Co++]
A-1775,-3.0721598007,Clc1cccc(Cl)c1
A-1776,-1.042878011,Cc1ccccc1CCO
A-1777,-3.0124805653,Cc1ccc(Cl)cc1
A-1778,-3.4223789518,Cc1ccn2nc(nc2n1)[S](=O)(=O)Nc3c(F)cccc3F
A-1779,-1.070567643,Oc1ccc(Cl)c(O)c1
A-1780,-2.09612479,CC1(C)C2CC(O)C(=C)C1C2
A-1781,-2.0680942751,CC(C)C1CCC(O)CC1
A-1782,-3.2005181203,[O-][N+](=O)c1ccc(Cl)c(Cl)c1
A-1783,-0.6605427703,[Na+].[Na+].CC1=NN(C(=O)C1N=Nc2ccc(cc2)[S]([O-])(=O)=O)c3cc(Cl)c(cc3Cl)[S]([O-])(=O)=O
A-1784,0.660921397,N.[Fe+3].OC(CC([O-])=O)(CC([O-])=O)C([O-])=O
A-1785,-0.5243236254,[Na+].[Na+].Nc1ccc(cc1[S]([O-])(=O)=O)N=Nc2ccc(cc2)[S]([O-])(=O)=O
A-1786,-0.9259692253,CCCCCCN
A-1787,-2.5527472821,C=CC(=O)OCCCOCC(COCCCOC(=O)C=C)OCCCOC(=O)C=C
A-1788,-2.0042604536,CN(C)c1ccccc1
A-1789,-2.3069323017,CC(=O)Nc1ccc(cc1)[S](=O)(=O)CCO
A-1790,-1.3364263766,C#C
A-1791,-2.0485000681,CCC(=O)c1ccccc1
A-1792,-3.1309552762,CC(C)(C)c1ccc(C=O)cc1
A-1793,-3.2696160575,Nc1ccc2cc(ccc2c1)[S](O)(=O)=O
A-1794,-4.3219056885,CCC(=O)CCC1C(=CCCC1(C)C)C.OCC#C
A-1795,-4.1466934911,CCCCC(CC)CO[N+]([O-])=O
A-1796,-4.1342944341,CCOC1CC(C)CC(C)(C)C1
A-1797,-4.1706554665,CC(C)CCCCCOC(=O)C=C
A-1798,-4.3237941723,O=C1N(SC2CCCCC2)C(=O)c3ccccc13
A-1799,-4.8187034651,Cc1cc(C)c(c(C)c1Nc2ccc(Nc3c(C)cc(C)c(c3C)[S](=O)(=O)NC4CCCCC4)c5C(=O)c6ccccc6C(=O)c25)[S](=O)(=O)NC7CCCCC7
A-1800,-4.2579024627,Cc1cc(c(O)c(C)c1CC#N)C(C)(C)C
A-1801,-4.080623481,S=[Cd]
A-1802,-4.4728088442,CCO[P](=O)(Cc1cc(c(O)c(c1)C(C)(C)C)C(C)(C)C)OCC
A-1803,-4.5716709895,[O--].[O--].[O--].[O--].[O--].[O--].[O--].[O--].[O--].[Fe+3].[Fe+3].[Mo].[Mo]
A-1804,-0.128855221,[Na+].Oc1ccccc1C([O-])=O
A-1805,-3.5342880969,[Zn++].CC(C)(C)CC(C)(C)CC([O-])=O.CC(C)(C)CC(C)(C)CC([O-])=O
A-1806,-3.104157036,CC(CCC=C(C)C)CC#N
A-1807,-2.1855239105,CC(=O)Oc1ccccc1[N+]([O-])=O
A-1808,-2.4057571965,CCOc1cc(NC(=O)c2ccccc2)c(OCC)cc1N
A-1809,-3.1515048921,S=C1Nc2ccccc2S1
A-1810,-3.5413380433,CCOc1nc(NC)nc(NC(=O)N[S](=O)(=O)c2ccccc2C(=O)OC)n1
A-1811,-3.3099013947,COC(=O)c1ccccc1C(=O)c2ccccc2
A-1812,-3.1112653867,Cc1cccc(c1C)[N+]([O-])=O
A-1813,-3.1552010376,S=C1Nc2ccccc2S1
A-1814,-1.1448233011,O=C1CCN(N1)c2ccccc2
A-1815,-3.0813269237,Cc1ccccc1CCl
A-1816,-3.0080823215,CC(=C)c1ccccc1
A-1817,-2.1531779235,COc1cc(CC=C)ccc1O
A-1818,-2.1176937597,O=C1NSc2ccccc12
A-1819,-3.5298030639,[K].CCCCCCCCCCCCCCCCCC.O[P](O)(O)=O
A-1820,-3.1650041968,COc1ccc(cc1N)[N+]([O-])=O
A-1821,-3.0044671735,[K+].O[Si]([O-])=O
A-1822,-3.2659206297,O.O.O.O.O.[Na+].[Na+].[O-][Si]([O-])=O
A-1823,-2.0003579549,Fc1cccc(F)c1
A-1824,-2.2382706574,CCCCCCCCN1CCCC1=O
A-1825,-2.1796827894,[Cd++].[O-]C([O-])=O
A-1826,-3.1741873711,CC\C=C/CCOC(=O)C(C)C
A-1827,-2.8206093768,Cc1cc(C)c(c(C)c1Nc2ccc(Nc3c(C)cc(C)c(c3C)[S](O)(=O)=O)c4C(=O)c5ccccc5C(=O)c24)[S](O)(=O)=O.NCCCCCCN
A-1828,0.0456158399,CCN(CC)CC
A-1829,-3.2653422506,CC1C(C)(C)C2=C(C(=O)CCC2)C1(C)C
A-1830,-2.1330279027,O=C1NSc2ccccc12
A-1831,-2.5004240156,[Na+].CCCCCCCCCCCC(=O)N[C@@H](CCC(O)=O)C([O-])=O
A-1832,-3.4517905534,CC(C)(c1ccc(OCCO)cc1)c2ccc(OCCO)cc2
A-1833,0.0362422138,CC(C)NC(C)C
A-1834,-1.9634538864,CCCCCCN
A-1835,-2.7224387153,C[C@@H]1O[C@@H](O[C@@H]2[C@@H](O)[C@H](O)[C@@H](CO)O[C@H]2Oc3cc(O)c4C(=O)C[C@H](Oc4c3)c5ccc(O)cc5)[C@H](O)[C@H](O)[C@H]1O
A-1836,-2.2740087187,[Sn++].[O-]C(=O)C([O-])=O
A-1837,-2.8845018574,[Mg++].[O-]C([O-])=O
A-1838,-4.0559416985,CCC(C)c1ccccc1
A-1839,-4.3838902648,CC(C)COC(=O)c1ccccc1C(=O)OCC(C)C
A-1840,-4.619923834,CC(CCNC(=O)OCCOC(=O)C(C)=C)CC(C)(C)CNC(=O)OCCOC(=O)C(C)=C
A-1841,-4.1576914672,ClC(Cl)c1ccccc1
A-1842,-4.3953700825,CCCCOC(=O)c1ccccc1C(=O)OCCCC
A-1843,-4.281694517,CCC(CC)CC1(CCCCC1)C(O)=O
A-1844,-4.3135515372,CCCCOC(=O)\C=C\C(=O)OCCCC
A-1845,-4.091722747,CC1(C)C2CCC(=C)C1C2
A-1846,-4.5006630229,Cc1cc(C)c(c(C)c1)C(=O)[P](=O)(c2ccccc2)c3ccccc3
A-1847,-4.3891934787,CCCCCCCCCCCCCCCCN(C)C
A-1848,-4.0236676569,[Ca++].[O-][Si]([O-])=O
A-1849,-3.4008008929,O[S](=O)(=O)c1ccc2nc([nH]c2c1)c3ccccc3
A-1850,-2.2613132646,CC(=C)C(=O)OCCOC(=O)C(C)=C
A-1851,-2.1440933289,O=C1NSc2ccccc12
A-1852,-2.08607732,O=C/C=C/c1ccccc1
A-1853,-1.796002246,[Cl-].C[NH3+]
A-1854,-2.4818830168,CC(CCl)O[P](=O)(OC(C)CCl)OC(C)CCl
A-1855,-3.51623781,Cc1cccc(C)c1C.C2Cc3ccccc3C2.C4C=Cc5ccccc45
A-1856,-3.100874504,CC/C=C/CC/C=C/C=C
A-1857,-3.3249813225,Oc1ccc(cc1)C(=O)OCc2ccccc2
A-1858,-3.0853305977,CCCCCCCCO
A-1859,-2.0829703418,N#C/C=C/c1ccccc1
A-1860,-1.4238808493,Nc1cccc(c1)[S](=O)(=O)CCO[S](O)(=O)=O
A-1861,-3.2586779358,CC(=O)/C=C/C1C(=CCCC1(C)C)C
A-1862,-3.1741338953,CCCCCCCCCCO
A-1863,0.1514941879,CCOC=O
A-1864,-1.3156745209,Nc1cc(ccc1C(O)=O)[S](O)(=O)=O
A-1865,-1.1161078312,NCCc1ccc(O)cc1
A-1866,-2.7116859389,[Na+].CN(C1CCCCC1)[S](=O)(=O)c2ccccc2NNC3=C4C(=O)C=C(C=C4C=CC3=N)[S]([O-])(=O)=O
A-1867,-3.3224225356,CCCCOCCOC(=O)c1ccccc1
A-1868,-3.2045127381,COc1cc(ccc1N)[N+]([O-])=O
A-1869,-2.9676237394,S=[Zn]
A-1870,-1.4690725372,OC(=O)CN(CCCN(CC(O)=O)CC(O)=O)CC(O)=O
A-1871,-0.1536096917,Oc1cc(F)c(F)c(F)c1
A-1872,-1.0522193787,CCCCCC(O)=O
A-1873,-3.5452709716,CCCCOC(=O)CC(O)(CC(=O)OCCCC)C(=O)OCCCC
A-1874,-3.2503985577,CC1C=C(C)CCC1COC(C)=O
A-1875,-3.2864784846,CCCCC(CC)COC(=O)CC#N
A-1876,-3.9794501756,[Pb++].[O-][S]([O-])(=O)=O.O=[Pb].O=[Pb].O=[Pb]
A-1877,-1.5390164423,CC1(C)S[C@@H]2[C@H](NC(=O)[C@H](N)c3ccccc3)C(=O)N2[C@H]1C(O)=O
A-1878,-2.2929334424,Nc1ccc(Cc2ccc(N)cc2)cc1
A-1879,-3.332762335,CCOc1ccc2NC(C)(C)C=C(C)c2c1
A-1880,-3.5353367413,CCCCOCCOC(=O)CCCCC(=O)OCCOCCCC
A-1881,-3.1487064763,CCCCCCCCC=O
A-1882,-1.253311704,Cc1cccc(C)c1OCC(O)=O
A-1883,-1.2537273436,Cc1cccc(C)c1OCC(O)=O
A-1884,1.0127047417,NCc1occc1
A-1885,0.9998306582,OCC(F)(F)F
A-1886,0.5292955703,C[Si]1O[Si](C)O[Si](C)O[Si](C)O[Si](C)O1
A-1887,0.7539645196,CCOCCOCCOC(C)=O
A-1888,0.604934087,CO[Si](CCCOC(=O)C(C)=C)(OC)OC
A-1889,0.8399608733,Oc1ccc(Cl)c(O)c1
A-1890,0.6452233386,CC(=C)O[Si](OC(C)=C)(OC(C)=C)C=C
A-1891,1.3866551008,CC#N
A-1892,1.0451691789,OCCCCO
A-1893,0.652738306,C[Si]1(C)O[Si](C)(C)O[Si](C)(C)O1
A-1894,1.1705739985,[Cl-].C[NH3+]
A-1895,0.689897475,[K+].OC(=O)c1ccccc1C([O-])=O
A-1896,1.0357686635,OCC(O)CO
A-1897,0.7955978176,[Na+].Oc1ccccc1C([O-])=O
A-1898,0.6774520067,[Br-].CC[N+](CC)(CC)CC
A-1899,0.7806565243,[Cl-].CC[N+](CC)(CC)CC
A-1900,0.8786634333,[K+].C[Si](O)(O)[O-]
A-1901,-0.4792340167,CC/C(C)=N/O[Si@](C)(O\N=C(C)\CC)O\N=C(C)\CC
A-1902,0.4683422926,OO
A-1903,-1.7675632436,[Na+].[Na+].CC1=CC(/C=C(C1=N)[S]([O-])(=O)=O)=C(/c2ccc(N)c(c2)[S](O)(=O)=O)c3ccc(N)c(c3)[S]([O-])(=O)=O
A-1904,-1.1822691023,Cc1ccc(C(O)=O)c(O)c1
A-1905,-0.83298765,o1cccc1
A-1906,-2.0869539092,CC(O)c1ccccc1
A-1907,-2.262733408,OC(=O)c1cc(ccc1O)[N+]([O-])=O
A-1908,-2.2972548162,Nc1ccc(Cc2ccc(N)cc2)cc1
A-1909,-2.1591399068,CCCCCCCCCO
A-1910,-3.8827897011,CCCCCCCCCCCCCNCCCCCCCCCCCCC.CCCCCCCCCCCCCNCC(C)CCCCCCCCCC
A-1911,-3.1882336192,CC(C)=CCC\C(C)=C\CO
A-1912,-3.1794512484,Cc1ccc(cc1C)[N+]([O-])=O
A-1913,-3.2069094899,ClCc1ccccc1Cl
A-1914,-3.0687460001,N#CCc1ccccc1
A-1915,-3.1530278501,CC(CC=O)CC(C)(C)C
A-1916,-3.408824851,Cc1cc(Cc2cc(C)c(O)c(C)c2)cc(C)c1O
A-1917,-3.2101365222,CC(C)(C)c1ccc(C=O)cc1
A-1918,-3.358405078,Oc1ccc(cc1)C(=O)OCc2ccccc2
A-1919,-3.2153837323,CCC(=O)OCc1ccccc1
A-1920,-3.0725403108,CC(=C)c1ccccc1
A-1921,-3.543437239,[Na].CCCCCCCCCCCCO[S](=O)(=O)c1ccccc1
A-1922,-3.3018240282,CCCCCCCCCCCCCO
A-1923,-4.5597626401,[Bi+3].OC(CC([O-])=O)(CC([O-])=O)C([O-])=O
A-1924,-4.3324476919,Nc1nc(N)nc(Nc2nc(N)nc(N)n2)n1
A-1925,-4.3211402828,CCOC(=O)OC1CCCCC1C(C)(C)C
A-1926,-4.6731215617,[H+].[Cl-].CN(C)C(=O)C(CCN1CCC(O)(CC1)c2ccc(Cl)cc2)(c3ccccc3)c4ccccc4
A-1927,-4.296805043,CCCCCC(=O)OC(=O)CCCCC
A-1928,-4.4282923142,Oc1cc(Cl)ccc1Oc2ccc(Cl)cc2Cl
A-1929,-4.391273211,CN(C)Cc1cc(c(O)c(c1)C(C)(C)C)C(C)(C)C
A-1930,-4.2018206695,CCCCCCCCCC(C)=O
A-1931,-4.2909341502,CC(C)(C)OOC(C)(C)c1ccccc1
A-1932,-4.2440766822,CCCCCCCCCC(=O)OC
A-1933,-4.2850368969,CC(C)CCCCCOC(=O)CS
A-1934,-4.0232731502,C=CCCCCC=C
A-1935,-4.1536254526,[Ni++].[O-]C(=O)C([O-])=O
A-1936,-4.3815125302,OC(=O)CCCCCCCCCCCC(O)=O
A-1937,-4.123502332,CCC(C)c1ccccc1
A-1938,-4.4445881051,CCCCOC(=O)c1ccccc1C(=O)OCCCC
A-1939,-4.2973358545,CC(=O)O[C@@H]1CCCC[C@@H]1C(C)(C)C
A-1940,-4.4617160697,Oc1cc(Cl)ccc1Oc2ccc(Cl)cc2Cl
A-1941,-4.4067104586,Oc1cc(Cl)ccc1Oc2ccc(Cl)cc2
A-1942,-4.5666142382,CCCCCCCCCCCCCCCCCC(=O)NCCCN(C)C
A-1943,-4.226146043,C1CCCCCCCCCCC1
A-1944,-4.65844166,[Na+].O[S](=O)(=O)c1ccc(cc1)N=Nc2ccc(N\N=C3/C(=O)C=Cc4ccccc34)cc2
A-1945,-5.1134478364,CC1COCc2cc3c(cc12)C(C)(C)C(C)C3(C)C
A-1946,-4.4691448782,[OH-].[OH-].[Mg++]
A-1947,-4.639712814,[Mg++].C[O-].C[O-]
A-1948,-5.4681868342,CC1=CCC2CC1C2(C)C.CC3(C)OC4(C)CCC3CC4.CC5(C)C6CCC(C6)C5=C.CC7(C)C8CCC7(C)C(=O)C8
A-1949,-5.3356859318,CC(=C)C1CCC(=CC1)C.CC2=CCC3CC2C3(C)C.CC45CCC(CC4)C(C)(C)O5
A-1950,-5.3356859318,CC(=C)C1CCC(=CC1)C.CC2=CCC3CC2C3(C)C.CC45CCC(CC4)C(C)(C)O5
A-1951,-5.472618449,CC1=CCC2CC1C2(C)C.CC3(C)OC4(C)CCC3CC4.CC5(C)C6CCC(C6)C5=C.CC7(C)C8CCC7(C)C(=O)C8
A-1952,-5.0290029643,CCC(=O)/C=C/C1=C(C)CCCC1(C)C
A-1953,-4.9847464515,CCCCCCCCCCCCO
A-1954,-4.8040109101,[Cu+].[S-]C#N
A-1955,-5.3016375827,CCC(Cc1ccc(C)cc1)(N(C)C)C(=O)c2ccc(cc2)N3CCOCC3
A-1956,-5.3094071365,Nc1ccc(O[P](=S)(Oc2ccc(N)cc2)Oc3ccc(N)cc3)cc1
A-1957,-5.2348475009,O=[P](Oc1ccccc1)(Oc2ccccc2)Oc3ccccc3
A-1958,-5.3792018861,CC(=C)C(=O)OCCOc1ccc(cc1)C(C)(C)c2ccc(OCCOC(=O)C(C)=C)cc2
A-1959,-5.0994877858,CC1(C)CCC[C@@]2(C)[C@H]1CC[C@@]3(C)OCC[C@H]23
A-1960,-5.0994877858,CC1(C)CCCC2(C)C1CCC3(C)OCCC23
A-1961,-5.1720565184,CCCCC\C(=C/c1ccccc1)C(OCC)OCC
A-1962,-5.1951509418,[O--].[O--].[O--].[Sb+3].[Sb+3]
A-1963,-5.3958921156,[La+3].[La+3].[O-]C([O-])=O.[O-]C([O-])=O.[O-]C([O-])=O
A-1964,-5.4030313637,[La+3].[La+3].[O-]C([O-])=O.[O-]C([O-])=O.[O-]C([O-])=O
A-1965,-5.6161410431,CCCCC(CC)COC(=O)CS[Sn](C)(SCC(=O)OCC(CC)CCCC)SCC(=O)OCC(CC)CCCC
A-1966,-4.9679923391,[nH]1c2ccccc2c3ccccc13
A-1967,-5.3250182341,CC(=O)CC(=O)Nc1ccc(cc1C)c2ccc(NC(=O)CC(C)=O)c(C)c2
A-1968,-5.2503495118,CC(=O)Nc1ccc(NC(=O)c2cc3ccccc3cc2O)cc1
A-1969,-5.2385590319,Cc1ccc(Cl)cc1NC(=O)c2cc3ccccc3cc2O
A-1970,-5.0353430041,[OH-].[OH-].[OH-].[Nd+3]
A-1971,-4.5153900662,[OH-].[OH-].[Mg++]
A-1972,-4.6859580019,[Mg++].C[O-].C[O-]
A-1973,-5.136722389,CC(C)(C)NSc1sc2ccccc2n1
A-1974,-4.875401753,[Te]
A-1975,-5.1844142082,CC1COCc2cc3c(cc12)C(C)(C)C(C)C3(C)C
A-1976,-5.7287712004,[Ba++].Cc1cc(N\N=C\2C(=O)C=Cc3ccccc23)c(cc1Cl)[S]([O-])(=O)=O.Cc4cc(N\N=C\5C(=O)C=Cc6ccccc56)c(cc4Cl)[S]([O-])(=O)=O
A-1977,-5.1948169686,CC1COCc2cc3c(cc12)C(C)(C)C(C)C3(C)C
A-1978,-5.1426120809,CCCC(=O)OCCC(C)CCC=C(C)C
A-1979,-5.252043535,COc1ccc(cc1)C(=O)CSc2cccc(OC)c2
A-1980,-5.0932158719,CCCCC(CC)COC(=O)C(C)=C
A-1981,-5.2632246549,COc1ccc(NC(=O)c2cc3ccccc3cc2O)cc1
A-1982,-5.2179508887,CC(c1ccc(OC#N)cc1)c2ccc(OC#N)cc2
A-1983,-5.6013999052,[Ca++].CCCCCCC(O)CCCCCCCCCCC([O-])=O.CCCCCCC(O)CCCCCCCCCCC([O-])=O
A-1984,-5.4150412012,CCCCCCCC[Sn](Cl)(Cl)CCCCCCCC
A-1985,-5.3675853562,[O--].[O--].[O--].[Dy+3].[Dy+3]
A-1986,-5.0614595476,CCCCCCCCCCCC=O
A-1987,-5.1431417113,C[Si]1(C)O[Si](C)(C)O[Si](C)(C)O1
A-1988,-5.2452704688,CC(=C)CC(C)(C)C.N(c1ccccc1)c2ccccc2
A-1989,-4.5644129442,[OH-].[OH-].[Mg++]
A-1990,-4.7349808799,[Mg++].C[O-].C[O-]
A-1991,-3.2477605654,CCC1(C)Nc2cccc3cccc(N1)c23
A-1992,-5.2671009502,COc1ccc(cc1)C(=O)CSc2cccc(OC)c2
A-1993,-5.2771431652,[O--].[O--].[O--].[Sb+3].[Sb+3]
A-1994,-5.4201521344,CCCCC(CC)C(=O)OCCOCCOCCOC(=O)C(CC)CCCC
A-1995,-5.8273288792,CC(=C)c1ccc(cc1)C(=O)C(C)(C)O.CC(C)(O)C(=O)c2ccc(cc2)C3(C)CC(C)(C)c4cc(ccc34)C(=O)C(C)(C)O.CC(C)(O)C(=O)c5ccc(cc5)C6(C)CC(C)(C)c7ccc(cc67)C(=O)C(C)(C)O
A-1996,-5.2590967118,C[C@]12CC[C@H]3[C@@H](CCc4cc(O)ccc34)[C@@H]1CC[C@@H]2O
A-1997,-5.4964129822,Nc1c(ccc2C(=O)c3ccccc3C(=O)c12)c4oc5cc6C(=O)c7ccccc7C(=O)c6cc5n4
A-1998,-5.3115405454,CCOc1ccc(NC(=O)c2cc3ccccc3cc2O)cc1
A-1999,-5.3775405806,COc1cc(OC)c(NC(=O)c2cc3ccccc3cc2O)cc1Cl
A-2000,-5.647161854,O=C(Nc1cccc2C(=O)c3c4[nH]c5c(cc(NC(=O)c6ccccc6)c7C(=O)c8ccccc8C(=O)c57)c4ccc3C(=O)c12)c9ccccc9
A-2001,-5.284725265,COc1ccc(cc1)C(=O)CSc2cccc(OC)c2
A-2002,-5.2935169515,COc1ccc(cc1)C(=O)CSc2cccc(OC)c2
A-2003,-4.9914585926,C1CCC2CCCCC2C1
A-2004,-5.506567843,O=C1c2ccccc2C(=O)c3c4Nc5ccc6c7ccccc7C(=O)c8ccc(c4ccc13)c5c68
A-2005,-5.3933833945,CC1(C)CO[P](=S)(OC1)O[P]2(=S)OCC(C)(C)CO2
A-2006,-5.3675853562,[O--].[O--].[O--].[Dy+3].[Dy+3]
A-2007,-5.0103439368,CC(C)C1CCC(=CC1)C
A-2008,-2.5423613079,OC(=O)CCCCCNc1nc(NCCCCCC(O)=O)nc(NCCCCCC(O)=O)n1
A-2009,-5.1999126975,CC(C)CCCCCCCOC(=O)C=C
A-2010,-5.5373867461,[Pr+3].[Pr+3].[O-]C([O-])=O.[O-]C([O-])=O.[O-]C([O-])=O
A-2011,-5.151636178,CCCCCCCCCC(C)C=O
A-2012,-5.4583984127,CN(C)c1ccc(cc1)C(c2ccc(cc2)N(C)C)c3ccc(cc3)N(C)C
A-2013,-5.6484005482,[Gd+3].[Gd+3].[O-]C(=O)C([O-])=O.[O-]C(=O)C([O-])=O.[O-]C(=O)C([O-])=O
A-2014,-5.2172672491,CCCCCCCCCCCCCCO
A-2015,-4.8349877189,[Y]
A-2016,-5.5173350431,O=C1c2cccc(Sc3ccccc3)c2C(=O)c4c(Sc5ccccc5)cccc14
A-2017,-5.9054078645,[O--].[O--].[O--].[O--].[O--].[O--].[O--].[O--].[O--].[O--].[O--].[Pr+3].[Pr+3].[Pr+3].[Pr+3].[Pr+3].[Pr+3]
A-2018,-5.6351285512,CC(C)(c1cc(Br)c(O)c(Br)c1)c2cc(Br)c(O)c(Br)c2
A-2019,-5.3715223063,Cc1cc(ccc1O)C2(CCCCC2)c3ccc(O)c(C)c3
A-2020,-5.5603393935,[La+3].[La+3].[O-]C([O-])=O.[O-]C([O-])=O.[O-]C([O-])=O
A-2021,-5.5672882534,[La+3].[La+3].[O-]C([O-])=O.[O-]C([O-])=O.[O-]C([O-])=O
A-2022,-5.5486422223,[Ca++].Cc1ccc(N\N=C\2C(=O)C(=Cc3ccccc23)C([O-])=O)c(c1)[S]([O-])(=O)=O
A-2023,-5.3778801311,COc1ccc(cc1)C(=O)CSc2cccc(OC)c2
A-2024,-5.2718183816,CC(C)CCCC(C)CCCC(C)(O)C#C
A-2025,-5.4565752567,CCCCC(CC)COC(=O)\C=C\C(=O)OCC(CC)CCCC
A-2026,-5.4227803586,CC(C)(COC(=O)c1ccccc1)COC(=O)c2ccccc2
A-2027,-5.4302043767,CC(C)(COC(=O)c1ccccc1)COC(=O)c2ccccc2
A-2028,-5.4415839224,CC(C)(COC(=O)c1ccccc1)COC(=O)c2ccccc2
A-2029,-5.253149755,[Ca++].O[PH]([O-])=O.O[PH]([O-])=O
A-2030,-5.3353199677,CCOCOC1CCCCCCCCCCC1
A-2031,-5.3017321951,Cc1cc(c(O)c(c1)C(C)(C)C)C(C)(C)C
A-2032,-5.6941064111,CC(C)(c1cc(Br)c(O)c(Br)c1)c2cc(Br)c(O)c(Br)c2
A-2033,-5.4448989106,CC(C)CCOC(=O)c1ccccc1C(=O)OCCC(C)C
A-2034,-5.4393580207,[O--].[O--].[O--].[Sb+3].[Sb+3]
A-2035,-5.5333331166,[Zn++].CCN(CC)C([S-])=S.CCN(CC)C([S-])=S
A-2036,-5.7380720068,O=[P](Oc1ccccc1)(Oc2ccccc2)Oc3cccc(O[P](=O)(Oc4ccccc4)Oc5ccccc5)c3
A-2037,-5.2104276195,[nH]1c2ccccc2c3ccccc13
A-2038,-5.6003828259,CCOc1nc(NC)nc(NC(=O)N[S](=O)(=O)c2ccccc2C(=O)OC)n1
A-2039,-5.5126055421,O=C(OC1CCCCC1)c2ccccc2C(=O)OC3CCCCC3
A-2040,-5.3388035065,Cc1cc(c(O)c(c1)C(C)(C)C)C(C)(C)C
A-2041,-5.5668107327,CC(=O)OC1(CCC2C3CCC4=CC(=O)CCC4(C)C3CCC12C)C(C)=O
A-2042,-5.567720212,CCCCCCCC/C=C/CCCCCCCC(=O)N(CCO)CCO
A-2043,-5.6216352692,CCOC(=O)C(=Cc1ccc(cc1)C=C(C(=O)OCC)C(=O)OCC)C(=O)OCC
A-2044,-5.3018240282,CC(C)CCCCCCCCCCO
A-2045,-5.4019396274,O=C(OCCc1ccccc1)/C=C/c2ccccc2
A-2046,-5.5152815814,CCCCCCCCCCCCCCCCCC(=O)NCCO
A-2047,-5.4738386427,Oc1cc2ccccc2cc1C(=O)Nc3ccc(Cl)cc3
A-2048,-5.0133597502,N#Cc1ccccc1
A-2049,-5.8357203688,CCCCC(Cc1cc(c(O)c(c1)C(C)(C)C)C(C)(C)C)(C(=O)OC2CC(C)(C)N(C)C(C)(C)C2)C(=O)OC3CC(C)(C)N(C)C(C)(C)C3
A-2050,-5.7623439006,[Gd+3].[Gd+3].[O-]C(=O)C([O-])=O.[O-]C(=O)C([O-])=O.[O-]C(=O)C([O-])=O
A-2051,-5.2703037605,CCCCCCCCCCCCO
A-2052,-5.4571246263,CCCCCCC(O)CCCCCCCCCCCO
A-2053,-5.5693457861,Fc1ccccc1C(=O)c2cc(Cl)ccc2NC(=O)CBr
A-2054,-5.5719620258,Fc1ccccc1C(=O)c2cc(Cl)ccc2NC(=O)CBr
A-2055,-5.4266410391,C[C@@H]1CC[C@H]2C(C)(C)C3CC12CCC3(C)OC(C)=O
A-2056,-5.5763577565,Fc1ccccc1C(=O)c2cc(Cl)ccc2NC(=O)CBr
A-2057,-5.4883700889,CCCCCCC(O)CCCCCCCCCCC(O)=O
A-2058,-5.8356186679,[Zn++].CCCCCCC(O)CCCCCCCCCCC([O-])=O.CCCCCCC(O)CCCCCCCCCCC([O-])=O
A-2059,-5.5843839609,Fc1ccccc1C(=O)c2cc(Cl)ccc2NC(=O)CBr
A-2060,-5.6330558482,O=C1n2c3ccccc3nc2c4ccc5c6nc7ccccc7n6C(=O)c8ccc1c4c58
A-2061,-5.6330558482,O=C1n2c3ccccc3nc2c4ccc5c6nc7ccccc7n6C(=O)c8ccc1c4c58
A-2062,-5.7351471063,[Ba++].Cc1ccc(N\N=C\2C(=O)C(=Cc3ccccc23)C([O-])=O)c(c1)[S]([O-])(=O)=O
A-2063,-5.4695583775,CC(C)(c1ccc(OC#N)cc1)c2ccc(OC#N)cc2
A-2064,-6.1095990742,CCCCCCCCCCCCCCCc1cccc(O)c1.CCCCCCC\C=C/CCCCCCc2cccc(O)c2.CCCC/C=C\C\C=C/CCCCCCc3cccc(O)c3.Oc4cccc(CCCCCC\C=C/C/C=C\CCC=C)c4
A-2065,-5.2899699473,CCCCCCCCCCCC#N
A-2066,-5.568338217,Cc1cc(Cc2cc(C)cc(c2O)C(C)(C)C)c(O)c(c1)C(C)(C)C
A-2067,-5.2642234518,[nH]1c2ccccc2c3ccccc13
A-2068,-5.3484948224,[F-].[F-].[F-].[Nd+3]
A-2069,-4.5716709895,[O--].[O--].[O--].[O--].[O--].[O--].[O--].[O--].[O--].[Fe+3].[Fe+3].[Mo].[Mo]
A-2070,-5.1911413319,C1CCC2CCCCC2C1
A-2071,-5.1917759443,C1CCC2CCCCC2C1
A-2072,-5.8610372157,[Ca++].CCCCCCC(O)CCCCCCCCCCC([O-])=O.CCCCCCC(O)CCCCCCCCCCC([O-])=O
A-2073,-5.5236360799,Clc1ccc(cc1)[S](=O)(=O)c2ccc(Cl)cc2
A-2074,-5.5311765981,[O--].[O--].[O--].[Sb+3].[Sb+3]
A-2075,-5.8911767307,[Ca++].CCCCCCC(O)CCCCCCCCCCC([O-])=O.CCCCCCC(O)CCCCCCCCCCC([O-])=O
A-2076,-5.5551078568,[O--].[O--].[O--].[Sb+3].[Sb+3]
A-2077,-5.5751336546,CC(C)CCC(C)Nc1ccc(NC(C)CCC(C)C)cc1
A-2078,-5.7384687861,CC(C)CCCCCCCOP(OCCCCCCCC(C)C)Oc1ccccc1
A-2079,-5.4517941085,CC(CO)C1CCCCCCCCCCC1
A-2080,-5.3672137735,CCCCC[C@H](CCC)CCCO
A-2081,-5.4771429689,[Cd]=[Te]
A-2082,-5.5531196112,Clc1c(Cl)c(Cl)c2C(=O)OC(=O)c2c1Cl
A-2083,-5.3975153521,COC(=O)CCCCCCCCC=C
A-2084,-6.4900690111,[Al+3].[Al+3].[O-]C(=O)c1c(Cl)c(Cl)c(Cl)c(Cl)c1C2=C3C=C(Br)C(=O)C(=C3Oc4c(Br)c([O-])c(Br)cc24)Br.[O-]C(=O)c5c(Cl)c(Cl)c(Cl)c(Cl)c5C6=C7C=C(Br)C(=O)C(=C7Oc8c(Br)c([O-])c(Br)cc68)Br.[O-]C(=O)c9c(Cl)c(Cl)c(Cl)c(Cl)c9C%10=C%11C=C(Br)C(=O)C(=C%11Oc%12c(Br)c([O-])c(Br)cc%10%12)Br
A-2085,-5.7779248217,[O--].[O--].[O--].[Bi+3].[Bi+3]
A-2086,-5.5511481213,C[C@]12CC[C@H]3[C@@H](CCc4cc(O)ccc34)[C@@H]1CCC2=O
A-2087,-5.462311288,Cc1cc(c(O)c(c1)C(C)(C)C)C(C)(C)C
A-2088,-6.4814770267,FC(F)(F)C(F)(F)C(F)(F)C(F)(F)C(F)(F)C(F)(F)CCOC(=O)C=C.FC(F)(F)C(F)(F)C(F)(F)C(F)(F)C(F)(F)C(F)(F)C(F)(F)C(F)(F)CCOC(=O)C=C.FC(F)(F)C(F)(F)C(F)(F)C(F)(F)C(F)(F)C(F)(F)C(F)(F)C(F)(F)C(F)(F)C(F)(F)CCOC(=O)C=C.FC(F)(F)C(F)(F)C(F)(F)C(F)(F)C(F)(F)C(F)(F)C(F)(F)C(F)(F)C(F)(F)C(F)(F)C(F)(F)C(F)(F)CCOC(=O)C=C
A-2089,-5.5497933448,CCC(C)c1cc(C(C)CC)c(O)c(c1)C(C)CC
A-2090,-5.736598993,Cc1cc(Cc2cc(C)cc(C3CCCCC3)c2O)c(O)c(c1)C4CCCCC4
A-2091,-5.4959148461,N(c1ccccc1)c2ccc3ccccc3c2
A-2092,-5.9172458605,[Gd+3].[Gd+3].[O-]C(=O)C([O-])=O.[O-]C(=O)C([O-])=O.[O-]C(=O)C([O-])=O
A-2093,-5.1756981481,O=[Y]
A-2094,-5.5086432075,[O--].[O--].[O--].[Y+3].[Y+3]
A-2095,-5.496890424,CC(CCCC(C)C=O)CCC=C(C)C
A-2096,-5.624837561,CC(C)CCC(C)Nc1ccc(Nc2ccccc2)cc1
A-2097,-5.5607322784,O=C1CCCCCCCCCC\C=C/CCC1
A-2098,-5.6832424476,COC1=CCC2=C(CCC3C2CCC4(C)C3CCC4(O)C#N)C1
A-2099,-5.6453848366,CC1(C)CCCC2(C)C1CCC34COC(C)(CCC23)O4
A-2100,-5.3545731075,CC1CCC(CC1)C(C)C
A-2101,-6.156487599,[Ba++].Cc1cc(N\N=C\2C(=O)C=Cc3ccccc23)c(cc1Cl)[S]([O-])(=O)=O.Cc4cc(N\N=C\5C(=O)C=Cc6ccccc56)c(cc4Cl)[S]([O-])(=O)=O
A-2102,-4.4228129593,C
A-2103,-5.5147535621,CC(C)c1ccc(cc1)c2ccccc2
A-2104,-5.7479695323,CCCCCC(C)OC(=O)COc1ccc(Cl)c2cccnc12
A-2105,-5.5649736299,Cc1cc(c(O)c(c1)C(C)(C)C)C(C)(C)C
A-2106,-5.7752741917,CCCCCCCCCCCCCCCCCCN(CCO)CCO
A-2107,-5.9841926502,[Gd+3].[Gd+3].[O-]C(=O)C([O-])=O.[O-]C(=O)C([O-])=O.[O-]C(=O)C([O-])=O
A-2108,-5.85998044,CCCCC(CC)CO[P](=O)(OCC(CC)CCCC)OCC(CC)CCCC
A-2109,-5.6780835146,CCCCCCCCCCCCCCCCCC(O)=O
A-2110,-5.6293975546,O=C1CCCCCCC\C=C/CCCCCCO1
A-2111,-5.755268771,CCCCCC(C)OC(=O)COc1ccc(Cl)c2cccnc12
A-2112,-5.7247859127,CC1CC(C)(C)CC(C1)(OOC(C)(C)C)OOC(C)(C)C
A-2113,-5.7900649855,COC(=O)c1ccc(NC(=O)c2cc(Cl)ccc2Cl)cc1N
A-2114,-5.7937270228,CCCCCC(C)OC(=O)COc1ccc(Cl)c2cccnc12
A-2115,-5.8326804614,CCCCCCCC(=O)SCCC[Si](OCC)(OCC)OCC
A-2116,-5.6834379385,O=C(OCCc1ccccc1)/C=C/c2ccccc2
A-2117,-5.6839101049,Oc1c(cccc1c2ccccc2)c3ccccc3
A-2118,-5.6715911936,CC1(C)CC\C(=C/c2ccc(Cl)cc2)C1=O
A-2119,-6.2014353624,CC(C)(C)c1cc(ccc1O)C(C)(CC(=O)OCCOC(=O)CC(C)(c2ccc(O)c(c2)C(C)(C)C)c3ccc(O)c(c3)C(C)(C)C)c4ccc(O)c(c4)C(C)(C)C
A-2120,-5.8603344124,[O--].[O--].[O--].[Gd+3].[Gd+3]
A-2121,-5.6179596213,[F-].[F-].[F-].[Nd+3]
A-2122,-5.6098577743,CC(C)c1ccc(cc1)c2ccccc2
A-2123,-6.1242786505,[Ca++].CCCCCCC(O)CCCCCCCCCCC([O-])=O.CCCCCCC(O)CCCCCCCCCCC([O-])=O
A-2124,-5.7410514211,C1CCC(CC1)NSc2sc3ccccc3n2
A-2125,-5.8540229247,CCCCCC(C)OC(=O)COc1ccc(Cl)c2cccnc12
A-2126,-5.8485879471,CCc1cc(Cc2cc(CC)c(N)c(CC)c2)cc(CC)c1N
A-2127,-4.5718171279,C
A-2128,-5.798493258,CC(C)(OOC(C)(C)c1ccccc1)c2ccccc2
A-2129,-5.999481603,CC(C)(c1ccc(OCCOC(=O)C=C)cc1)c2ccc(OCCOC(=O)C=C)cc2
A-2130,-6.1874717911,[Ca++].CCCCCCC(O)CCCCCCCCCCC([O-])=O.CCCCCCC(O)CCCCCCCCCCC([O-])=O
A-2131,-5.9641687617,CC(c1ccccc1)c2ccc(Nc3ccc(cc3)C(C)c4ccccc4)cc2
A-2132,-6.8063026109,CCCCCCCCCCCCCCCCCCCCCCCCCCCCCCCCCCCCCCCCCCCCCCCCCCCCCCCCCCCCCCCCCCCCCCCCCC.CCCCCCCCCCCCCCCCCCCCCCCCCCCCCCCCCCCCC(CCCC)(CCCC)CCCCCCCCCCCCCCCC(CCCC)(CCCC)CCCCC.CCCc1cc(C)cc(C)c1.c2ccc(cc2)c3ccccc3.c4ccc5cc6ccccc6cc5c4
A-2133,-6.599567603,CCCCCCCCCCCCCCCCCCCCCCCCCCCCCC.CCCCCCCCCCCC(CC)CCCCCCC(CC)CCCCCCC.CCC1CCC(CC)CC1.Cc2cccc(C)c2.C3CCC4CC5CCCCC5CC4C3.c6ccc7ccccc7c6.c8ccc9cc%10ccccc%10cc9c8
A-2134,-5.7410648889,Cc1cc(c(O)c(c1)C(C)(C)C)C(C)(C)C
A-2135,-6.3644088649,CCCCCCCCCCCCCCCCCCCCCCC.CCCCCCCCCCCC(CCC)(CCC)CCCCCCCC.CCc1ccc2cc3cc(CC)ccc3cc2c1
A-2136,-5.767784581,CCCCC(CC)COC(=O)c1ccccc1
A-2137,-5.8168194218,CC1CC(CC(C)(C)C1)OC(=O)c2ccccc2O
A-2138,-6.2691310175,CCCCCCCCCCCCCCCCCCCC.CCCCCCCC(CC)CCCC(CC)CCCC.c1ccc2cc3ccccc3cc2c1
A-2139,-6.2362121747,CCCCCCCCCCCCCC.CCc1ccccc1.c2ccccc2.c3ccc4ccccc4c3.c5ccc6cc7ccccc7cc6c5
A-2140,-5.965154646,COC(=O)c1ccc(cc1[N+]([O-])=O)C(=O)Nc2cc(Cl)ccc2Cl
A-2141,-5.5057399465,c1ccc2ccccc2c1
A-2142,-5.7917926889,C\C=C(/C)C(=O)OCCC(C)CCC=C(C)C
A-2143,-6.0581688457,CC(=C)C(=O)OCCC(F)(F)C(F)(F)C(F)(F)C(F)(F)C(F)(F)C(F)(F)F
A-2144,-6.090982271,CC(C)c1ccc(O[P](=O)(Oc2ccc(cc2)C(C)C)Oc3ccc(cc3)C(C)C)cc1
A-2145,-5.9980085438,O=C1C=CC(=O)N1c2ccc(Cc3ccc(cc3)N4C(=O)C=CC4=O)cc2
A-2146,-5.8401598848,O=C(OOC(=O)c1ccccc1)c2ccccc2
A-2147,-5.787142557,CCCCCCCCCCCCCCO
A-2148,-6.0602132929,CCCCC(CC)COC(=O)c1ccccc1C(=O)OCC(CC)CCCC
A-2149,-6.1371343954,CC(C)c1ccc(O[P](=O)(Oc2ccc(cc2)C(C)C)Oc3ccc(cc3)C(C)C)cc1
A-2150,-6.0107803553,CCCCCCCC[Sn](Cl)(Cl)Cl
A-2151,-5.9171426801,C1CCC(CC1)NSc2sc3ccccc3n2
A-2152,-5.2979382401,[Cu]
A-2153,-5.8398489076,CCCCCCCCCCCCCCO
A-2154,-6.5970388257,CCCCCCCCCCCCCCCc1cccc(O)c1.CCCCCCC\C=C/CCCCCCc2cccc(O)c2.CCCC/C=C\C\C=C/CCCCCCc3cccc(O)c3.Oc4cccc(CCCCCC\C=C/C/C=C\CCC=C)c4
A-2155,-6.0175466725,CCOc1ccccc1NC(=O)C(=O)Nc2ccccc2CC
A-2156,-5.696988001,[CaH2].O=[Zr]
A-2157,-5.9037897228,O=C1CCCCCCCCCCCCCCO1
A-2158,-6.0004819491,Cc1ccc2oc(\C=C\c3oc4ccc(C)cc4n3)nc2c1
A-2159,-6.0474064722,CC[Pb](CC)(CC)CC
A-2160,-5.8457467812,CC(C)c1ccc(cc1)c2ccccc2
A-2161,-5.7630962627,C\1C\C=C/CC\C=C/CC/C=C1
A-2162,-6.1946491089,[Al+3].[O-]N(N=O)c1ccccc1.[O-]N(N=O)c2ccccc2.[O-]N(N=O)c3ccccc3
A-2163,-6.0523049298,C[C@]12CCC(=O)C=C1CC[C@@H]3[C@@H]2CC[C@@]4(C)[C@H]3CC[C@@]4(O)C#C
A-2164,-5.771616981,O[S](O)(=O)=O.O=[Ti]
A-2165,-6.1333137842,Cc1ccc(O[P](=O)(Oc2ccc(C)cc2)Oc3ccc(C)cc3)cc1
A-2166,-5.3717244543,[Cu]
A-2167,-5.9821152675,CCN(CC)c1ccc(cc1)N=Nc2ccccc2
A-2168,-5.8937682366,[F-].[F-].[F-].[Nd+3]
A-2169,-5.9842424969,CCc1ccc2C(=O)c3ccccc3C(=O)c2c1
A-2170,-6.073846604,CCCCCCCCCCCCCCCCCC(O)=O
A-2171,-6.0420814167,C1CCC(CC1)NSc2sc3ccccc3n2
A-2172,-6.0118424704,CC(C)(CC(=C)c1ccccc1)c2ccccc2
A-2173,-6.4612511717,CCCCc1nc(Cl)c(CO)n1Cc2ccc(cc2)c3ccccc3c4nnn(n4)C(c5ccccc5)(c6ccccc6)c7ccccc7
A-2174,-5.8054579954,[O--].[O--].[O--].[Na+].[Na+].[Ti+4]
A-2175,-6.4216084134,CCCC[C@H](CC)COC(=O)/C=C/c1ccc(OC)cc1.CCCC[C@@H](CC)COC(=O)/C=C/c2ccc(OC)cc2
A-2176,-6.3140693713,COC(=O)c1ccc(C(=O)OC)c(c1)N=NC(C(C)=O)C(=O)Nc2ccc3NC(=O)Nc3c2
A-2177,-5.9231568495,CCCCCCCCCCC1CO1
A-2178,-5.9846848009,CCCCCCCCCCCCC1CO1
A-2179,-5.9415611202,C1COC2(C1)CC3CC2C4CCCC34
A-2180,-5.9544825522,C[Si](C)(O[Si](C)(C)C=C)C=C
A-2181,-6.1673406199,CC(C)C(c1cc(C)cc(C)c1O)c2cc(C)cc(C)c2O
A-2182,-5.8730792601,[CaH2].O=[Zr]
A-2183,-6.3777384512,COC(=O)c1cc(cc(c1)C(=O)OC)N=NC(C(C)=O)C(=O)Nc2ccc3NC(=O)Nc3c2
A-2184,-6.1987525576,COc1ccc(cc1O)C2=CC(=O)c3c(O)cc(O)cc3O2
A-2185,-6.3920069757,OC(=O)CCCCCNc1nc(NCCCCCC(O)=O)nc(NCCCCCC(O)=O)n1
A-2186,-6.6832011337,OCCN(CCO)CCO.OCCN(CCO)CCO.OCCN(CCO)CCO.OC(=O)CCCCCNc1nc(NCCCCCC(O)=O)nc(NCCCCCC(O)=O)n1
A-2187,-6.3541593341,FC(F)(F)C(F)(F)C(F)(F)C(F)(F)C(F)(F)C(F)(F)CCOC(=O)C=C
A-2188,-6.3820299142,CC(C)CCCCCCCOP(OCCCCCCCC(C)C)Oc1ccccc1
A-2189,-6.5600076429,[Zr+4].[Zr+4].[Zr+4].[O-][P]([O-])([O-])=O.[O-][P]([O-])([O-])=O.[O-][P]([O-])([O-])=O.[O-][P]([O-])([O-])=O
A-2190,-5.9613942775,O[S](O)(=O)=O.O=[Ti]
A-2191,-6.1146206246,Cc1ccc(O)c(c1)n2nc3ccccc3n2
A-2192,-6.0880651777,O=C1c2ccccc2C(=O)c3ccccc13
A-2193,-6.1171462485,Cc1ccc2C(=O)c3ccccc3C(=O)c2c1
A-2194,-6.2087386252,O=C1C(c2ccc3ccccc3n2)C(=O)c4ccccc14
A-2195,-6.160490227,Oc1ccc(O)c2C(=O)c3ccccc3C(=O)c12
A-2196,-6.1764783324,Oc1ccc(O)c2C(=O)c3ccccc3C(=O)c12
A-2197,-6.0079704195,O[S](O)(=O)=O.O=[Ti]
A-2198,-6.3971778681,CCCCC(CC)COC(=O)c1ccccc1C(=O)OCC(CC)CCCC
A-2199,-6.1902666169,Oc1ccc(O)c2C(=O)c3ccccc3C(=O)c12
A-2200,-6.2394496415,N(c1ccccc1)c2ccc(Nc3ccccc3)cc2
A-2201,-6.211736201,COC(=O)c1ccc2cc(ccc2c1)C(=O)OC
A-2202,-6.6294286288,[Ca++].CCCCCCC(O)CCCCCCCCCCC([O-])=O.CCCCCCC(O)CCCCCCCCCCC([O-])=O
A-2203,-6.5652373809,CC(C)(c1cc(Br)c(O)c(Br)c1)c2cc(Br)c(O)c(Br)c2
A-2204,-6.1686611397,CC(C)c1ccc2ccccc2c1C(C)C
A-2205,-7.1435627019,[Al+3].[Al+3].[O-]C(=O)c1ccccc1C2=C3C=C(Br)C(=O)C(=C3Oc4c(Br)c([O-])c(Br)cc24)Br.[O-]C(=O)c5ccccc5C6=C7C=C(Br)C(=O)C(=C7Oc8c(Br)c([O-])c(Br)cc68)Br.[O-]C(=O)c9ccccc9C%10=C%11C=C(Br)C(=O)C(=C%11Oc%12c(Br)c([O-])c(Br)cc%10%12)Br
A-2206,-6.2534935167,Oc1ccc(O)c2C(=O)c3ccccc3C(=O)c12
A-2207,-5.8634174968,[O--].[O--].[Mg++].[Ca++]
A-2208,-5.6891448661,[Cu]
A-2209,-6.5241883381,CCCCC(CC)CO[P](=O)(OCC(CC)CCCC)OCC(CC)CCCC
A-2210,-6.2301136188,CC(C)c1ccc2ccccc2c1C(C)C
A-2211,-6.3336761508,CCCCCCCCCCCCCCCCN(C)C
A-2212,-6.6420774111,CC(C)(c1cc(Br)c(O)c(Br)c1)c2cc(Br)c(O)c(Br)c2
A-2213,-6.0058630313,[Cu+].[S-]C#N
A-2214,-6.4785159933,CCCCCCCC[Sn](=O)CCCCCCCC
A-2215,-6.3054355685,CCCCCCCCCCCCCCCCO
A-2216,-6.3199004747,Oc1ccc(O)c2C(=O)c3ccccc3C(=O)c12
A-2217,-6.4889092646,COc1ccc(cc1)N2CCN(CC2)c3ccc(cc3)N4C=NNC4=O
A-2218,-6.4577264198,Clc1ccc(NC(=O)Nc2ccc(Cl)c(Cl)c2)cc1
A-2219,-6.33382818,CNc1cccc2C(=O)c3ccccc3C(=O)c12
A-2220,-3.5023551324,O=[Pb]
A-2221,-6.4806607684,CC1CC(C)(C)CC(C1)(OOC(C)(C)C)OOC(C)(C)C
A-2222,-6.5593044167,[O--].[O--].[O--].[Gd+3].[Gd+3]
A-2223,-6.3978749274,Oc1ccc(O)c2C(=O)c3ccccc3C(=O)c12
A-2224,-6.398327082,Oc1ccc(O)c2C(=O)c3ccccc3C(=O)c12
A-2225,-6.3372616649,C\C1=C/CCC(=C)[C@H]2CC(C)(C)[C@@H]2CC1
A-2226,-6.4645425352,c1ccc(cc1)P(c2ccccc2)c3ccccc3
A-2227,-6.3659068464,C\C1=C/CCC(=C)[C@H]2CC(C)(C)[C@@H]2CC1
A-2228,-6.5155547464,CCC(C)(C)OOC1(CCCCC1)OOC(C)(C)CC
A-2229,-6.4741688972,CC(C)(c1ccccc1)C(C)(C)c2ccccc2
A-2230,-6.4741688972,C1CC=CC(C1)c2ccc(cc2)C3CCC=CC3
A-2231,-6.4776739787,C(Oc1ccc2ccccc2c1)c3ccccc3
A-2232,-6.6804453214,CN1C(=O)C=C2c3ccccc3C(=O)c4c(Br)ccc1c24
A-2233,-6.6438656239,Oc1cc2ccccc2cc1C(=O)Nc3cccc(c3)[N+]([O-])=O
A-2234,-6.6271023906,C[Si]1(C)O[Si](C)(C)O[Si](C)(C)O[Si](C)(C)O1
A-2235,-6.6703538373,[O--].[O--].[O--].[La+3].[La+3]
A-2236,-6.8129074612,[O-][N+](=O)c1cc(OC(=O)Oc2cc(c(Cl)cc2Cl)[N+]([O-])=O)c(Cl)cc1Cl
A-2237,-6.6196845151,CC(C)(C)c1cc(c(O)c(c1)C(C)(C)C)C(C)(C)C
A-2238,-6.5919290491,C1CC=CC(C1)c2ccc(cc2)C3CCC=CC3
A-2239,-6.6664368548,CCCCOC(=O)c1ccc(cc1)C(=O)OCCCC
A-2240,-6.7858978433,CCCCCCCC\C=C/CCCCCCCCO.O[P](O)(O)=O
A-2241,-6.4939402067,CC(C)(C)c1ccc(O)cc1.C=O
A-2242,-6.722464115,C[Si]1(C)O[Si](C)(C)O[Si](C)(C)O[Si](C)(C)O1
A-2243,-6.5541212514,[Hg]
A-2244,-6.7054442976,Cc1ccc(N\N=C2/C(=O)C=Cc3ccccc23)c(C)c1
A-2245,-6.6497381608,CCCCCCCCCCCCCC(=O)OC
A-2246,-6.9891355524,CN(C)c1ccc(cc1)C(O)(c2ccc(cc2)N(C)C)c3ccc(Nc4ccccc4)c5ccccc35
A-2247,-6.7200550602,CCC(C)c1cc(C(C)CC)c(O)c(c1)C(C)CC
A-2248,-6.9782870605,O=C(Nc1ccccc1SSc2ccccc2NC(=O)c3ccccc3)c4ccccc4
A-2249,-6.7767817016,Clc1c(Cl)c(Cl)c2C(=O)OC(=O)c2c1Cl
A-2250,-7.0164120768,CCCCCCCCCCCC(=O)N(CCCC)CCCC
A-2251,-2.9466040673,COc1ccc(cc1OC(C)=O)[N+]([O-])=O
A-2252,0.7323301822,[Cu].C[S](O)(=O)=O
A-2253,-6.798351882,Cc1ccc(cc1)C(=O)OOC(=O)c2ccc(C)cc2
A-2254,-7.0124113552,CC(=C)C(=O)OCCC(F)(F)C(F)(F)C(F)(F)C(F)(F)C(F)(F)C(F)(F)F
A-2255,-6.9790342734,Cc1cc(Cc2cc(C)cc(C3CCCCC3)c2O)c(O)c(c1)C4CCCCC4
A-2256,-7.1512472375,CCCC[C@H](CC)COC(=O)/C=C/c1ccc(OC)cc1.CCCC[C@@H](CC)COC(=O)/C=C/c2ccc(OC)cc2
A-2257,-6.9789083532,CCCCC(CC)COC(=O)c1ccccc1C(=O)OCC(CC)CCCC
A-2258,-6.6027992709,CC(C)c1ccccc1C(C)C
A-2259,-6.6027992709,CC(C)c1cccc(c1)C(C)C
A-2260,-6.4517618811,CCCCCCCCCCCCCCCC(O)C(CO)NC(=O)CCCCCCC\C=C/CCCCCCCC
A-2261,-6.9274832855,CC(C)(C)OOC(C)(C)c1ccc(cc1)C(C)(C)OOC(C)(C)C
A-2262,-6.806908841,CCCCCCCCCCCCCCCC(O)=O
A-2263,-7.0073441848,Cc1cc(Cc2cc(C)cc(C3CCCCC3)c2O)c(O)c(c1)C4CCCCC4
A-2264,-3.0097265709,CC(=O)OC1=CCC2C3CCC(C3)C12
A-2265,-3.014371476,CC(=O)OC1=CCC2C3CCC(C3)C12
A-2266,-7.0624525724,Cc1cc(Cc2cc(C)cc(C3CCCCC3)c2O)c(O)c(c1)C4CCCCC4
A-2267,-6.9536864907,C[Si]1(C)O[Si](C)(C)O[Si](C)(C)O[Si](C)(C)O1
A-2268,-7.5165261194,CCCCCCCC(=O)OCCCOC(=O)CCCCCCC
A-2269,-4.7793105096,CC1(C)CCCC(C1)C(=O)CCC=C
A-2270,-6.813503151,CCn1c2ccccc2c3ccccc13
A-2271,-7.0905037661,CCN(CCOC(C)OCC(C)C)c1ccc(cc1)N=Nc2ccccc2
A-2272,-7.3381588933,[Zr+4].[Zr+4].[Zr+4].[O-][P]([O-])([O-])=O.[O-][P]([O-])([O-])=O.[O-][P]([O-])([O-])=O.[O-][P]([O-])([O-])=O
A-2273,-7.0251255547,C(Sc1nnc(c2ccccc2)c(n1)c3ccccc3)\C=C\CSc4nnc(c5ccccc5)c(n4)c6ccccc6
A-2274,-7.0605481543,COc1ccc(cc1)C(=O)CC(=O)c2ccc(cc2)C(C)(C)C
A-2275,-7.0044055729,CCCCCCCCCCCCCCCCO
A-2276,-7.2758681545,Cc1cc(Cc2cc(C)cc(C3CCCCC3)c2O)c(O)c(c1)C4CCCCC4
A-2277,-7.0443456956,C[Si](O[Si](C)(C)C)O[Si](C)(C)C
A-2278,-7.4254396566,CCCCN(CCCC)c1ccc2c(Oc3cc(C)c(Nc4ccccc4)cc3C25OC(=O)c6ccccc56)c1
A-2279,-7.320569984,CN1C(=O)c2ccc3c4ccc5C(=O)N(C)C(=O)c6ccc(c7ccc(C1=O)c2c37)c4c56
A-2280,-7.0798809819,O=C1CCCCCCCCCCCCCCO1
A-2281,-7.2334479479,S=[P](Oc1ccccc1)(Oc2ccccc2)Oc3ccccc3
A-2282,-7.5055419522,COc1ccc(cc1O)C2=CC(=O)c3c(O)cc(O[C@@H]4O[C@H](CO[C@@H]5O[C@@H](C)[C@H](O)[C@@H](O)[C@H]5O)[C@@H](O)[C@H](O)[C@H]4O)cc3O2
A-2283,-2.4688253265,O=C1N(C[C@@H]2CO2)C(=O)N(C[C@@H]3CO3)C(=O)N1C[C@@H]4CO4
A-2284,-7.323792769,COCCCN1C(=O)c2c(N)c3C(=O)c4ccccc4C(=O)c3c(N)c2C1=O
A-2285,-7.3857889288,CCC(C)CCCOC(=O)CCc1cc(n2nc3ccccc3n2)c(O)c(c1)C(C)(C)C
A-2286,-7.3612432886,CCCCC(CC)COC(=O)c1ccccc1C(=O)OCC(CC)CCCC
A-2287,-7.3281144602,CCCCCCCCCCCCCCCCCCCCCC(O)=O
A-2288,-4.8009737888,O=C(OCCCc1ccccc1)c2ccccc2
A-2289,-2.5281270707,CCCCCC(C)CO
A-2290,-7.2706734623,CCCCCCCCCCCCCCCCO
A-2291,-7.2364903918,CC(O)C(C)(C)\C=C\C1CC=C(C)C1(C)C
A-2292,-7.4384610967,[Pd++].CC(=O)[CH-]C(C)=O.CC(=O)[CH-]C(C)=O
A-2293,-7.591458634,O=C1NC(=O)c2ccc3c4ccc5C(=O)NC(=O)c6ccc(c7ccc1c2c37)c4c56
A-2294,-7.5491813124,Cc1ccc(Nc2ccc(O)c3C(=O)c4ccccc4C(=O)c23)cc1
A-2295,-7.7060474791,[O--].[Zr+4].[O-][S]([O-])(=O)=O
A-2296,-7.6870280044,Cc1cc(Cc2cc(C)cc(c2O)C(C)(C)C)c(O)c(c1)C(C)(C)C
A-2297,-4.172504242,CCC1(C\C=C2/CCCc3cc(OC)ccc23)C(=O)CCC1=O
A-2298,-7.6275399492,CCCCCCCCCCCCCCCCCC
A-2299,-3.5242437705,CC(C)C1OC2(CCCC2)OCC1(C)C
A-2300,-8.2145248952,CCCCCCCCCCCCCCCCCC(=O)OC1CC(C)(C)NC(C)(C)C1.CCCCCCCCCCCCCCCC(=O)OC2CC(C)(C)NC(C)(C)C2
A-2301,-8.2164783763,CCCCC(CC)COC(=O)c1ccc(Nc2nc(Nc3ccc(cc3)C(=O)OCC(CC)CCCC)nc(Nc4ccc(cc4)C(=O)OCC(CC)CCCC)n2)cc1
A-2302,-7.7904115633,CCCCOC(=O)c1ccc(cc1)C(=O)OCCCC
A-2303,-8.014483786,CCN(CCOc1ccc(cc1)C2CCCCC2)c3ccc(C=C(C#N)C#N)c(C)c3
A-2304,-7.8300382351,CCCCCCCCCCCCCCCC(=O)OC
A-2305,-8.063724967,CCCCC(CC)COC(=O)CCCCC(=O)OCC(CC)CCCC
A-2306,-8.1145709552,CCCCC(CC)COC(=O)c1ccccc1C(=O)OCC(CC)CCCC
A-2307,-4.4617795617,OCCOC(=O)CC(C[P]1(=O)Oc2ccccc2c3ccccc13)C(=O)OCCO
A-2308,-2.9298988951,CC1(C)Nc2cccc3cccc(N1)c23
A-2309,-8.1469015236,[K+].CC(C)CCCCCCCCCCCCCCC([O-])=O
A-2310,-8.6134633665,CC(C)(C)c1cc(c(O)c(c1)C(C)(C)C)c2cc(cc(c2O)C(C)(C)C)C(C)(C)C
A-2311,-8.2087637327,CC(C)(C)CC(C)(C)c1ccc(O)c(c1)n2nc3ccccc3n2
A-2312,-8.3860948559,CCN(CCOc1ccc(cc1)C2CCCCC2)c3ccc(C=C(C#N)C#N)c(C)c3
A-2313,-6.8891874969,CC(C)(C)c1cc(c(O)c(c1)C(C)(C)C)c2cc(cc(c2O)C(C)(C)C)C(C)(C)C
A-2314,-8.3907761898,CCCCCCCCCCCCCCCCCCO
A-2315,-8.6635313196,[K+].CC(C)CCCCCCCCCCCCCCC([O-])=O
A-2316,-8.7034437174,CCCCCCCCCCCCCCCCCCOC=C
A-2317,-8.9260164319,COc1ccccc1N\N=C2/C(=O)C=Cc3ccccc23
A-2318,-8.9978390846,CCCCCCCCCCCCCCCCCC(=O)OC
A-2319,-9.4195398078,CC(C)CCCCCCCOC(=O)c1ccccc1C(=O)OCCCCCCCC(C)C
A-2320,-2.3036141272,O=[V](=O)O[V](=O)=O
A-2321,-2.687445856,CCC(COCCOC(=O)C=C)(COCCOC(=O)C=C)COCCOC(=O)C=C
A-2322,-4.5239077972,Oc1ccc(cc1)C(c2ccc(O)cc2)c3ccccn3
A-2323,-2.6601262625,CC(C)(c1ccc(OCCO)cc1)c2ccc(OCCO)cc2
A-2324,-1.3503637805,[OH-].[OH-].[OH-].[OH-].[OH-].[O--].[O--].[O--].[O--].[O--].[V].[V].[V].[V].[V].[V].[O-][P]([O-])([O-])=O.[O-][P]([O-])([O-])=O.[O-][P]([O-])([O-])=O.[O-][P]([O-])([O-])=O.[O-][P]([O-])([O-])=O
A-2325,-1.3503637805,[OH-].[OH-].[OH-].[OH-].[OH-].[O--].[O--].[O--].[O--].[O--].[V].[V].[V].[V].[V].[V].[O-][P]([O-])([O-])=O.[O-][P]([O-])([O-])=O.[O-][P]([O-])([O-])=O.[O-][P]([O-])([O-])=O.[O-][P]([O-])([O-])=O
A-2326,-3.4520216786,[Ag].OC(O)=O
A-2327,-5.5406318321,CC(CCC=O)C1C(=CCCC1(C)C)C
A-2328,-0.8081724492,[K+].[O-][S](=O)(=O)C(F)(F)C(F)(F)C(F)(F)C(F)(F)F
A-2329,-3.7844860574,[K+].CCCCCCCCCCCCO[P](O)([O-])=O
A-2330,-3.5322344428,CCCCCCCCC(C)C=O
A-2331,-4.1998793146,[F-].[F-].[F-].[Al+3]
A-2332,-3.7295847167,C=CCOC(=O)c1ccccc1C(=O)OCC=C
A-2333,-2.7952773777,[Si]
A-2334,-4.8282334666,OC(=O)c1ccccc1C(=O)c2ccc(cc2)c3ccccc3
A-2335,-4.8251168095,[O-][N+](=O)N1CN(CN(CN(C1)[N+]([O-])=O)[N+]([O-])=O)[N+]([O-])=O
A-2336,-5.4491260218,CC(=O)[C@H]1CCC(=CCCC=C(C)CCC1=C)C.CC(=O)[C@@H]2CCC(=CCCC=C(C)CCC2=C)C.CC(=O)[C@H]3CCC(=CCCC=C(C)CC=C3C)C.CC(=O)[C@@H]4CCC(=CCCC=C(C)CC=C4C)C.CC/5=C/CC\C=C(C)/CC/C(=C(/C)CC5)C(C)=O
A-2337,-2.6961915261,CCC(C)(N=NC(C)(CC)C#N)C#N
A-2338,0.111437809,N[C@@H](CCC(O)=O)C(O)=O.OCCN(CCO)CCO
A-2339,-3.7622505747,[O-][N+](=O)N1CN(CN(C1)[N+]([O-])=O)[N+]([O-])=O
A-2340,-2.8834524136,C=CCOc1nc(OCC=C)nc(OCC=C)n1
A-2341,-3.6192492213,c1ccc2ccccc2c1
A-2342,-5.1052907305,Oc1ccc(c(O)c1O)C(=O)c2ccc(O[S](=O)(=O)c3cccc4C(=O)C(=CCc34)N=NN=N)cc2
A-2343,-4.963664664,[O-][N+](=O)N1CN(CN(CN(C1)[N+]([O-])=O)[N+]([O-])=O)[N+]([O-])=O
A-2344,-4.5802481194,C.O[S](O)(=O)=O
A-2345,-2.5509254551,ClC(=C)C=C
A-2346,-3.9198954495,C=C[S](=O)(=O)C[S](=O)(=O)C=C
A-2347,-3.6703396281,FC(F)(F)F
A-2348,-4.0964847072,CC(C)(c1ccccc1)c2ccc(O)cc2
A-2349,-0.3505491226,CCCC(CC)COC(=O)CCc1cc(c(O)c(c1)C(C)(C)C)C(C)(C)C
A-2350,-4.3869446244,CCCSc1nc(Cl)c(c(Cl)n1)[N+]([O-])=O
A-2351,-0.8400175948,[Na+].[Na+].[O-]C(=O)c1ccccc1C2=C3C=C(Br)C(=O)C(=C3Oc4c(Br)c([O-])c(Br)cc24)Br
A-2352,-0.0419214128,CO[S](C)(=O)=O
A-2353,-3.5755053644,[Na+].[Na+].[O-]C(=O)c1ccccc1C2=C3C=CC(=O)C=C3Oc4cc([O-])ccc24
A-2354,-5.3674730662,O=[P](Oc1ccccc1)(Oc2ccccc2)Oc3ccccc3
A-2355,-6.0798516889,CCCCCC/C=C/CCCCCCCc1cccc(OCC2CO2)c1.CCC/C=C/C/C=C/CCCCCCCc3cccc(OCC4CO4)c3.C=CC/C=C/C/C=C/CCCCCCCc5cccc(OCC6CO6)c5
A-2356,-5.969586401,CC(C)=O.C=O.N(c1ccccc1)c2ccccc2
A-2357,-6.2877399393,COC(C)COC(C)COCCC[Si](C)(O[Si](C)(C)C)O[Si](C)(C)O[Si](C)(C)C
A-2358,-6.2125711062,O=[P](Oc1ccccc1)(Oc2ccccc2)Oc3ccccc3
A-2359,-7.1338037886,CCCCCCCCCCCCCCCCOC(=O)Oc1c(Cl)cc(cc1Cl)C(=O)OCC
A-2360,-7.2865762173,OC(=O)\C=C\C(O)=O
A-2361,-11.9989378619,[Cu++].CCCCCCCC\C=C/CCCCCCCC([O-])=O.CCCCCCCC\C=C/CCCCCCCC([O-])=O
A-2362,0.631268384,Cl.OC(=O)[C@@H]1C[C@H](CN1)C2CCCCC2
A-2363,0.9361608079,O=C1NC2CC1C=C2
A-2364,-1.5189041908,O=C1N(CC2CO2)C(=O)N(CC3CO3)C(=O)N1CC4CO4
A-2365,-4.421069795,CCCCCCCCCCCCOC(=O)C(C)O
A-2366,-4.7564383109,O=C(Nc1ccccc1SSc2ccccc2NC(=O)c3ccccc3)c4ccccc4
A-2367,-4.3415022783,C1CCC(CC1)c2ccccc2
A-2368,-4.2038484637,[Mo]
A-2369,-5.4383856897,CCCCCCCCCCCC(=O)OCC(O)CO
A-2370,-3.4530570221,CC1=CCC2CC1C2(C)C
A-2371,-0.2891446213,[Na+].[Na+].[K+].[K+].Nc1c(cc(c(N)c1N=Nc2ccc(cc2)[S](=O)(=O)CCO[S]([O-])(=O)=O)[S]([O-])(=O)=O)N=Nc3ccc(cc3[S]([O-])(=O)=O)[S](=O)(=O)CCO[S]([O-])(=O)=O
A-2372,0.4040256562,[Na+].CCCCc1ccc2[n-]nnc2c1
A-2373,-3.490845583,CC1=CCC2CC1C2(C)C
A-2374,-3.6429365656,CC1=CCC2CC1C2(C)C
A-2375,-2.9247832449,CC1=CCC2CC1C2(C)C
A-2376,-3.0698402702,CC1=CCC2CC1C2(C)C
A-2377,-3.7725704235,CC1=CCC2CC1C2(C)C
A-2378,-4.7996200318,CC(C)(c1ccc(OCC2CO2)cc1)c3ccc(OCC4CO4)cc3
A-2379,-4.6524349135,CCCCCCCCCCCCCCCCN(C)C
A-2380,-3.8508542835,CC(C)C1CC2=C(C)CC1C(C2)C=O
A-2381,-4.7271527394,CCCCCCCCCCCCN(C)C
A-2382,-4.4261227438,CCCCCCCCCCCCN(C)C
A-2383,-3.3397284148,CCCCC
A-2384,-0.5025263499,[Na+].[Na+].[Na+].[Na+].CCN(c1ccccc1)c2nc(Cl)nc(Nc3cc(cc4cc(c(N=Nc5ccc6c(cccc6[S]([O-])(=O)=O)c5[S]([O-])(=O)=O)c(O)c34)[S]([O-])(=O)=O)[S]([O-])(=O)=O)n2
A-2385,-5.3873553168,Clc1ccc(Oc2cccc(Cl)c2)cc1
A-2386,-5.5397323017,Clc1ccc(Oc2cccc(Cl)c2)cc1
A-2387,-7.323686796,CCCCC(CC)C(=O)OCC(COCC(COC(=O)CCCCCC(C)C)(COC(=O)C(CC)CCCC)COC(=O)C(CC)CCCC)(COC(=O)CCCCCC(C)C)COC(=O)CCCCCC(C)C
A-2388,-0.7942190429,CCN(CC)CCCNc1nc(Nc2ccc(cc2)N=Nc3c(O)c4c(Nc5nc(NCC(C)N)nc(NCC(C)N)n5)cc(cc4cc3[S](O)(=O)=O)[S](O)(=O)=O)nc(Nc6ccc(cc6)N=Nc7c(O)c8c(Nc9nc(NCC(C)N)nc(NCC(C)N)n9)cc(cc8cc7[S](O)(=O)=O)[S](O)(=O)=O)n1.CC(O)C(O)=O
A-2389,-4.80302069,CCc1ccccc1.CCc2cc(CC)c(CC)cc2CC.CCC(C)(c3ccccc3)c4ccccc4.Cc5ccccc5.Cc6ccccc6c7ccccc7.Cc8cccc9ccccc89.C=Cc%10ccccc%10.C%11CCC(CC%11)c%12ccccc%12.C(Cc%13ccccc%13)c%14ccccc%14.c%15ccccc%15.c%16ccc(cc%16)c%17ccccc%17
A-2390,-0.2316119628,Cl.CCCCCCCCCCCC(=O)N[C@@H](CCCNC(N)=N)C(=O)OCC
A-2391,-2.9501107572,OC(=O)Cc1ccc(Cl)cc1Cl
A-2392,-3.9923409786,CCC(=O)/C=C/C1C(=CCCC1(C)C)C
A-2393,-3.9923409786,CC(=O)C(\C)=C/C1C(=CCCC1(C)C)C
A-2394,-3.9751165598,CC(C)[C@@H]1CC[C@@H](C)C[C@H]1OC(C)=O
A-2395,-3.1275010898,CC(=O)CC(=O)Nc1ccc(NC(=O)CC(C)=O)cc1
A-2396,-2.9166276316,[OH-].[Cr+3].[O-][S]([O-])(=O)=O
A-2397,-2.2111003064,[Cl-].CCCCCCCCCCCC(=O)OCC[N+](C)(C)C
A-2398,-3.8707336399,CCc1ccc(CC)cc1.CC(C)c2ccccc2.Cc3ccccc3.Cc4cc(C)cc(C)c4.C5CCc6ccccc6C5.C7Cc8ccccc8C7.C9C=Cc%10ccccc9%10.c%11ccccc%11.c%12ccc%13ccccc%13c%12
A-2399,-3.5039491629,CCCCC.CCc1ccccc1.Cc2ccccc2.Cc3cccc(C)c3.C4CCCC4
A-2400,-3.2922671502,Cc1ccccc1.C=Cc2ccccc2.c3ccccc3
A-2401,-4.1776244939,O=C(OCc1ccccc1)c2ccccc2
A-2402,-4.1928799405,O=[S](=O)(c1ccccc1)c2ccccc2
A-2403,0.8502575853,C=CC(=O)N1CCOCC1
A-2404,1.0451691789,COCC(C)O
A-2405,-0.2096543953,[Na+].[Na+].[O-]C(=O)CCC([O-])=O
A-2406,-0.654032074,CNC
A-2407,-1.5755053644,[Na+].[Na+].[O-]C(=O)c1ccccc1C2=C3C=CC(=O)C=C3Oc4cc([O-])ccc24
A-2408,-0.9299601791,O=C1CCCN1
A-2409,-1.170241174,[NH4+].O.[O--].[Mo]
A-2410,-2.5287290651,[H+].[Cl-].CC1=CC(C=CC1=N)=C(c2ccc(N)cc2)c3ccc(N)cc3
A-2411,-1.9643492148,OC(=O)CS
A-2412,-4.9224509398,CC(CCCC(C)(C)O)CC=O.[nH]1ccc2ccccc12
A-2413,-7.094152366,CCCCCCCCCCCCCCCCCCOC(=O)\C=C\C(=O)OCCCCCCCCCCCCCCCCCC
A-2414,-2.5035796109,O.[In+3].[O-][N+]([O-])=O.[O-][N+]([O-])=O.[O-][N](=O)=O
A-2415,-1.8456684523,[Na+].C[S-]
A-2416,-6.2580666707,N1c2ccccc2Sc3ccccc13
A-2417,-3.4270444492,CCOC(=O)CN=C(c1ccccc1)c2ccccc2
A-2418,-7.801238331,Cc1cc(c(OP2OCC3(CO2)COP(OC3)Oc4c(cc(C)cc4C(C)(C)C)C(C)(C)C)c(c1)C(C)(C)C)C(C)(C)C
A-2419,-4.2460828326,[Al+3].[O-][P]([O-])([O-])=O
A-2420,-5.0665338896,CCOC(=O)CC(NC1CCC(CC2CCC(NC(CC(=O)OCC)C(=O)OCC)C(C)C2)CC1C)C(=O)OCC
A-2421,-3.1367509984,CCCCCCCCCCCC(=O)NCCC[N+](C)(C)CC([O-])=O
A-2422,-5.1387366078,CC[Pb](CC)(CC)CC
A-2423,-0.1244748796,CN(C)CCOCCO
A-2424,-2.1850914787,Nc1ccc(c(N)c1)[N+]([O-])=O
A-2425,-5.6450861427,CCCCCCCCCCCC([O-])=O.CCCCCCCCCCCC([O-])=O.CCCC[Sn++]CCCC
A-2426,-5.4756898628,CC(C)CCCCCCOC(=O)c1ccccc1C(=O)OCCCCCCC(C)C
A-2427,-5.4756898628,CC(C)CCCCCCOC(=O)c1ccccc1C(=O)OCCCCCCC(C)C
A-2428,-5.4128944571,CC[Pb](CC)(CC)CC
A-2429,-5.2533159728,[F-].[F-].[F-].[Ce+3]
A-2430,-5.7838757207,CCCCCCCCCCCCCCCC(=O)O[C@@H]1C[C@H](N(C1)C(=O)CCCCCCCCCCCCCCC)C(O)=O
A-2431,-5.4353282551,CC1=CCC2C(C1)C2(C)C
A-2432,-6.123446546,CCCCCCCCCCCC(=O)OOC(=O)CCCCCCCCCCC
A-2433,-5.8633448938,[F-].[F-].[F-].[Ce+3]
A-2434,-6.2013011004,c1ccc(cc1)P(c2ccccc2)c3ccccc3
A-2435,-6.0905886753,[F-].[F-].[F-].[Ce+3]
A-2436,-5.9645864462,CC(CCC=C(C)C)C=C
A-2437,-7.5346282403,CCCCCCCCCC(O)=O.CCCCCCCC(O)=O.CCCCCCC(O)=O.CCCCC(O)=O.OCC(CO)(CO)CO
A-2438,-6.6549981706,CCCCC(CC)COC(=O)CSCC(=O)OCC(CC)CCCC
A-2439,-6.8324091093,CC(C)(c1cc(Br)c(O)c(Br)c1)c2cc(Br)c(O)c(Br)c2
A-2440,-6.4082179328,[F-].[F-].[F-].[Ce+3]
A-2441,-5.885070525,B12B3B4B1C234
A-2442,-7.9858185244,CC(C)=CCCc1ccc2C(=O)c3ccccc3C(=O)c2c1
A-2443,-4.7809414151,CCCCCCCCCOC(=O)c1ccccc1C(=O)OCCCCCCCC
A-2444,-6.8769767405,[Li+].CCCCCCCCCCCCCCCCCCCCCC([O-])=O
A-2445,-6.7070311388,[Li+].CCCCCCCCCCCCCC([O-])=O
A-2446,-6.7972389302,[Li+].CCCCCCCC\C=C/CCCCCCCC([O-])=O
A-2447,-6.8235536072,[Li+].CCCCCCC(O)CCCCCCCCCCC([O-])=O
A-2448,-7.3120335908,[Rh].CC(=O)[CH-]C(C)=O.[C-]#[O+].c1ccc(cc1)P(c2ccccc2)c3ccccc3
A-2449,-6.8332682638,CC1(C)C2CCC(=C)C1C2
A-2450,-3.6184664922,CC(C)CCCCCCCCOCCCNCCC#N
A-2451,-4.9756247854,CC(=O)OC[C@H]1CCC=C(CCC=C(C)C)C1
A-2452,-4.6312250908,CC(CCNC(=O)OCCOC(=O)C(C)=C)CC(C)(C)CNC(=O)OCCOC(=O)C(C)=C
A-2453,-4.9504317948,CC(=O)c1cc(Nc2nc(Nc3cc(C(C)=O)c(N)c4C(=O)c5ccccc5C(=O)c34)nc(n2)c6ccccc6)c7C(=O)c8ccccc8C(=O)c7c1N
A-2454,-4.5812539456,CC1(C)CCC[C@@]2(C)[C@H]1CC[C@@]3(C)OCC[C@H]23
A-2455,-4.7267916006,CCCCCCCCCCCCCCCC(=O)OCC(O)CO
A-2456,-5.0575951101,CCCCCCCC.CC(C)(C)OO.CC1(C)CC(CC(C)(C)N1)OC(=O)CCCCCCCCC(=O)OC2CC(C)(C)NC(C)(C)C2
A-2457,-4.0456632384,CCCCC(CC)COC(=O)CS[Sn](C)(C)SCC(=O)OCC(CC)CCCC
A-2458,-3.8458307588,CCCCCCCC\C=C/CCCCCCCC1=NCCN1CCO
A-2459,-3.8332644385,CCCCCCCCCCCCCCCCCCCCCC(O)=O
A-2460,-4.8694711026,O.Cl.[Zn].CC(C)(C)c1cc(C(O)=O)c(O)c(c1)C(C)(C)C
A-2461,-5.4154147676,[Zn++].CCCC(C)C(CCC)C(C)Cc1ccc(O[P]([S-])(=S)Oc2ccc(CC(C)C(CCC)C(C)CCC)cc2)cc1.CCCC(C)C(CCC)C(C)Cc3ccc(O[P]([S-])(=S)Oc4ccc(CC(C)C(CCC)C(C)CCC)cc4)cc3
A-2462,-3.0199412712,[Cr+3].CCCCC(CC)C([O-])=O.CCCCC(CC)C([O-])=O.CCCCC(CC)C([O-])=O
A-2463,-1.0591609316,Oc1cc(O)c2C[C@@H](OC(=O)c3cc(O)c(O)c(O)c3)[C@H](Oc2c1)c4cc(O)c(O)c(O)c4
A-2464,-4.7999839607,CCOCCCCCCCCCCCCCC\C=C\CC
A-2465,-2.5939062498,Fc1cc(Cl)ccc1CC#N
A-2466,-3.2350788163,CC(CC(C)(C)C#N)c1ccccc1
A-2467,-3.6996406686,CC(=O)OC1CCC(CC1)C(C)(C)C
A-2468,-3.6996406686,CC(=O)OC1CCC(CC1)C(C)(C)C
A-2469,-5.4861125614,CCCCCCCCCCCCCCO
A-2470,-4.9189988507,C[C@]12CC[C@H]3[C@@H](CC[C@H]4CC(=O)CC[C@]34C)[C@@H]1CC[C@@H]2O
A-2471,-5.142667396,O=C(NC1CCCCC1)Nc2ccc(Cc3ccc(NC(=O)NC4CCCCC4)cc3)cc2
A-2472,-4.7335458251,CC1=CC(C)(C)Nc2ccccc12
A-2473,-5.0368259397,Cc1ccc(cc1N=C=O)N2C(=O)N(c3ccc(C)c(c3)N=C=O)C2=O
A-2474,-5.0625368604,CCCCCCCCCCCC(=O)OCC(O)[C@H]1OC[C@@H](O)[C@@H]1O
A-2475,-5.5320512124,CC(=C)c1ccc(cc1)C(=O)C(C)(C)O.CC(C)(O)C(=O)c2ccc(cc2)C3(C)CC(C)(C)c4cc(ccc34)C(=O)C(C)(C)O.CC(C)(O)C(=O)c5ccc(cc5)C6(C)CC(C)(C)c7ccc(cc67)C(=O)C(C)(C)O
A-2476,-5.1935197379,COC(=O)CN(CC(=O)OC)c1ccc(N=Nc2ccc(cc2C#N)[N+]([O-])=O)c(NC(C)=O)c1
A-2477,-5.9787509813,[Cu+].[I-]
A-2478,-4.197152695,Nc1ccc(N=Nc2cccc(c2)N=Nc3ccc(N)cc3N)c(N)c1
A-2479,-3.2704062978,CCCC(C)C.CCCC(C)CC.CCC(C)CC.CCC(C)C(C)C
A-2480,-2.5572123591,CCCCC
A-2481,-2.5449048057,CC\C=C\C
A-2482,-5.5325378146,S
A-2483,-4.3409088983,CC(=O)OCCN(CCC#N)c1ccc(cc1)N=Nc2sc3cc(ccc3n2)[N+]([O-])=O
A-2484,-4.2206388586,N#Cc1ccccc1/C=C/c2ccc(cc2)/C=C/c3ccccc3C#N
A-2485,-4.281954413,[O-][N+](=O)c1ccc(N=Nc2ccc(cc2)N(CCC#N)CCC#N)c(Cl)c1
A-2486,-4.2803415835,CC(=O)OCCN(CCC#N)c1ccc(cc1)N=Nc2ccc(cc2)[N+]([O-])=O
A-2487,-4.3812486892,CCN(CCC#N)c1ccc(cc1)N=Nc2c(Br)cc(cc2Br)[N+]([O-])=O
A-2488,-4.2526115544,CCN(CCC#N)c1ccc(cc1)N=Nc2ccc(cc2Cl)[N+]([O-])=O
A-2489,-4.3881793818,COc1cc(N=Nc2c(Cl)cc(cc2[N+]([O-])=O)[N+]([O-])=O)c(NC(C)=O)cc1N(CC=C)CC=C
A-2490,-6.6230386723,CCOC(=O)C(C)OC(=O)c1cc(Oc2ccc(cc2Cl)C(F)(F)F)ccc1[N+]([O-])=O
A-2491,-5.0925589945,C[C@H]1CC(=O)C[C@@H]2CC[C@H]3[C@@H]4CC[C@H](OC(C)=O)[C@@]4(C)CC[C@@H]3[C@@]12C
A-2492,-4.8407557948,CC1=CC(C)(C)Nc2ccccc12
A-2493,-6.9187336597,CCCCCCCCCCCCCCCCCCCCCC(=O)OCC(O)CO
A-2494,-4.3765465432,C[C](C)C
A-2495,-2.3797609623,O[Mo](O)(=O)=O
A-2496,-2.3797609623,O[Mo](O)(=O)=O
A-2497,-4.6698435423,CCC=C.C\C=C\C
A-2498,-5.4183738573,CCCCCCCCC(O)=O.CCCCCCC(O)=O.CCCCC(O)=O.OCC(CO)(CO)CO
A-2499,-5.3271136165,CCCCCCCCSCc1cc(C)c(O)c(CSCCCCCCCC)c1
A-2500,-5.4951202425,COc1cc(N=Nc2c(Br)cc(cc2[N+]([O-])=O)[N+]([O-])=O)c(NC(C)=O)cc1N(CCOC(C)=O)CCOC(C)=O
A-2501,-5.5346903731,CCCCC(Cc1cc(c(O)c(c1)C(C)(C)C)C(C)(C)C)(C(=O)OC2CC(C)(C)N(C)C(C)(C)C2)C(=O)OC3CC(C)(C)N(C)C(C)(C)C3
A-2502,-2.8951650375,C1CCC2CCCCC2C1
A-2503,-4.2890599352,C[C@]12CC[C@H]3[C@@H](CCC4=CC(=O)CC[C@H]34)[C@@H]1CCC2=O
A-2504,-1.220683278,CC(C)(C)c1cc(O)ccc1O
A-2505,-1.2257020372,COc1ccc(N)c(c1)[N+]([O-])=O
A-2506,-2.3547996853,CCOC(OCC)\C=C(C)\CCC=C(C)C
A-2507,-2.176687281,S=C1Nc2ccccc2N1
A-2508,-3.193872833,CC(C)(C)C1CCC(O)CC1
A-2509,-3.8223904022,[Zn++].CCCCCCC(O)CCCCCCCCCCC([O-])=O.CCCCCCC(O)CCCCCCCCCCC([O-])=O
A-2510,-4.2703037605,CCCCCCOCCCCCC
A-2511,-4.5937500267,[O-][N+](=O)c1ccc(cc1)N=Nc2ccc(cc2)N(CCOCCC#N)CCC#N
A-2512,-5.3590146681,CCCCN(C1CC(C)(C)N(C)C(C)(C)C1)c2nc(NCCCN(CCN(CCCNc3nc(nc(n3)N(CCCC)C4CC(C)(C)N(C)C(C)(C)C4)N(CCCC)C5CC(C)(C)N(C)C(C)(C)C5)c6nc(nc(n6)N(CCCC)C7CC(C)(C)N(C)C(C)(C)C7)N(CCCC)C8CC(C)(C)N(C)C(C)(C)C8)c9nc(nc(n9)N(CCCC)C%10CC(C)(C)N(C)C(C)(C)C%10)N(CCCC)C%11CC(C)(C)N(C)C(C)(C)C%11)nc(n2)N(CCCC)C%12CC(C)(C)N(C)C(C)(C)C%12
A-2513,-4.6673277833,CCN(CC)c1cc(NC(C)=O)c(cc1OC)N=Nc2c(Cl)cc(cc2[N+]([O-])=O)[N+]([O-])=O
A-2514,-4.1406777053,C1CCC2CCCCC2C1
A-2515,-4.5403282232,CCCC[Sn++]CCCC.[O-]C(=O)\C=C\C([O-])=O
A-2516,-4.2239603591,CC(=C)C(=O)O[Zn]O
A-2517,-4.7817560925,CCCCCCCC\C=C/CCCCCCCC(=O)OCC(C)OC(=O)CCCCCCC\C=C/CCCCCCCC
A-2518,-3.9597729157,C
A-2519,-5.7164582793,O=C(Nc1cccc2C(=O)c3ccccc3C(=O)c12)c4ccc(cc4)c5ccc(cc5)N=Nc6ccc(cc6)c7ccc(cc7)C(=O)Nc8cccc9C(=O)c%10ccccc%10C(=O)c89
A-2520,-5.169478497,C1Cc2ccc(CCc3ccc1cc3)cc2
A-2521,-5.5133127462,O=C1c2ccccc2c3ccc4c5ccc6c7ccccc7C(=O)c8ccc(c9ccc1c3c49)c5c68
A-2522,-5.4234910423,CCCCCCCCCCCCCCC/C=C/CC(CC(O)=O)C(O)=O
A-2523,-5.5912361463,CCCCCCCCC(O)=O.CCCCCCC(O)=O.CCCCC(O)=O.OCC(CO)(CO)CO
A-2524,-5.5811834985,CC(C)CCCCCCCCCCOC(=O)CCCCC(=O)OCCCCCCCCCCC(C)C
A-2525,-5.5991706951,COc1cc2c3ccccc3C(=O)c4ccc5c6ccc7C(=O)c8ccccc8c9cc(OC)c(c1c5c24)c6c79
A-2526,-5.1563604082,CCCCC[C@H](CCC)CCCO
A-2527,-5.1091762361,CCCCCCC\C=C\CC
A-2528,-5.3862138373,CC(C)(C)OOC1(CCCCC1)OOC(C)(C)C
A-2529,-5.4306536408,CCC(C)(C)OOC1(CCCCC1)OOC(C)(C)CC
A-2530,-1.9879453169,S=[Zn]
A-2531,-5.3772716373,CC(C)(C)NSc1sc2ccccc2n1
A-2532,-5.7200550602,CCCCCCCCCCCCCCCC(=O)OC/C=C(C)/C=C/C=C(C)/C=C/C1=C(C)CCCC1(C)C
A-2533,-5.0941495688,CSc1ccccc1
A-2534,-1.5958121795,C[C@@H](Oc1ccc(Oc2ccc(cn2)C(F)(F)F)cc1)C(O)=O
A-2535,-2.6227956692,C[C@@H](Oc1ccc(Oc2ccc(cn2)C(F)(F)F)cc1)C(O)=O
A-2536,-5.415597615,CC(C)(C)OOC1(CCCCC1)OOC(C)(C)C
A-2537,-5.4600374185,CCC(C)(C)OOC1(CCCCC1)OOC(C)(C)CC
A-2538,-5.2386958035,CC1=CC(C)(C)Nc2ccccc12
A-2539,-5.6005678007,CC(C)CCCCCCOC(=O)CCCCC(=O)OCCCCCCC(C)C
A-2540,-5.1722437893,CCCCCCCCCl
A-2541,-5.6618136317,C[Si](C)(C)O[Si](C)(C)O[Si](C)(C)O[Si](C)(C)O[Si](C)(C)O[Si](C)(C)C
A-2542,-5.8419473099,CCC(COP)(COS)COS.CC(COS)(COS)COC(=O)CCCC(=O)OCC(C)(COS)COS
A-2543,-4.7424030214,B12B3B4B1C234
A-2544,-5.5097937283,CC(C)(C)CC(C)(C)c1ccc(O)c(c1)n2nc3ccccc3n2
A-2545,-5.3526667277,Cc1ccc(O)c(c1)n2nc3ccccc3n2
A-2546,-5.8081724723,CC(C)(C)c1cc(CCC(=O)OCCSCCOC(=O)CCc2cc(c(O)c(c2)C(C)(C)C)C(C)(C)C)cc(c1O)C(C)(C)C
A-2547,-5.7684649408,Cc1cc(CCC(=O)OCCOCCOCCOC(=O)CCc2cc(C)c(O)c(c2)C(C)(C)C)cc(c1O)C(C)(C)C
A-2548,-5.5137980476,CCCCCCCCOc1ccc(c(O)c1)C(=O)c2ccccc2
A-2549,-5.2703037605,CCCCCCC(CO)CCCC
A-2550,-5.5498158833,CCCCCCCCCCCCC(CO)CCCCCCCCCC
A-2551,-5.6135997753,CCCCCCCCCCCCCCC(CO)CCCCCCCCCCCC
A-2552,-5.4353234735,CCCCC(CC)COCOCC(CC)CCCC
A-2553,-5.3846168146,CCCCCCCCC(CO)CCCCCC
A-2554,-5.4994176265,Cc1cc(n2nc3ccc(Cl)cc3n2)c(O)c(c1)C(C)(C)C
A-2555,-5.5665093776,CCc1cc(Cc2cc(CC)cc(c2O)C(C)(C)C)c(O)c(c1)C(C)(C)C
A-2556,-5.66920434,CCCCCCCCCCCCCCCCC(CO)CCCCCCCCCCCCCC
A-2557,-5.7425680344,CC(C)(C)c1cc(CCC(=O)NNC(=O)CCc2cc(c(O)c(c2)C(C)(C)C)C(C)(C)C)cc(c1O)C(C)(C)C
A-2558,-5.8041135239,CC(C)(C)c1cc(CCC(=O)NCCCCCCNC(=O)CCc2cc(c(O)c(c2)C(C)(C)C)C(C)(C)C)cc(c1O)C(C)(C)C
A-2559,-5.8229189425,CCCCCCCCCCCCCCCCCCNC(=O)NCCCNC(=O)NCCCCCCCCCCCCCCCCCC
A-2560,-5.8894221675,Cc1c(Cc2cc(c(O)c(c2)C(C)(C)C)C(C)(C)C)c(C)c(Cc3cc(c(O)c(c3)C(C)(C)C)C(C)(C)C)c(C)c1Cc4cc(c(O)c(c4)C(C)(C)C)C(C)(C)C
A-2561,-5.4539677668,CCCCC(CC)CN[S](=O)(=O)c1ccc(N)cc1
A-2562,-5.7700946487,CCCCCCCCSc1nc(Nc2cc(c(O)c(c2)C(C)(C)C)C(C)(C)C)nc(SCCCCCCCC)n1
A-2563,-5.634046793,CC(C)(C)c1ccc2oc(nc2c1)c3sc(cc3)c4oc5ccc(cc5n4)C(C)(C)C
A-2564,-5.8530645557,CCCCCCCCCC(O)=O.CCCCCCCC(O)=O.CCCCCC(O)=O.CCC(CO)(CO)CO.OC(=O)CCCCC(O)=O
A-2565,-5.5936426625,O=C1OC(=O)c2ccc3c4ccc5C(=O)OC(=O)c6ccc(c7ccc1c2c37)c4c56
A-2566,-5.6788341975,[O-][N+](=O)c1ccc(O[P](=S)(Oc2ccc(cc2)[N+]([O-])=O)Oc3ccc(cc3)[N+]([O-])=O)cc1
A-2567,-5.7451856944,[Ba++].Cc1cc(c(N\N=C/2C(=O)C(=Cc3ccccc23)C([O-])=O)cc1Cl)[S]([O-])(=O)=O
A-2568,-5.9504281438,[Ba++].[O-][S](=O)(=O)c1c(N\N=C\2C(=O)C=Cc3ccccc23)ccc4ccccc14.[O-][S](=O)(=O)c5c(N\N=C\6C(=O)C=Cc7ccccc67)ccc8ccccc58
A-2569,-5.7249587317,CC(C)CCCCCCCCCCOC(=O)c1ccccc1C(=O)OCCCCCCCCCCC(C)C
A-2570,-5.9003015698,[Ca++].[O-][S](=O)(=O)c1c(N\N=C\2C(=O)C=Cc3ccccc23)ccc4ccccc14.[O-][S](=O)(=O)c5c(N\N=C\6C(=O)C=Cc7ccccc67)ccc8ccccc58
A-2571,-5.4434710859,[O--].[O--].[O--].[In+3].[In+3]
A-2572,-5.7082882968,CC(C)CCCCCCCCCCOC(=O)CCCCC(=O)OCCCCCCCCCCC(C)C
A-2573,-5.5140281479,CCCCCCCCCCCCCCCCCCCCCCO
A-2574,-5.7116866218,CCCCCCCCCCCCOC(=O)CCSCCC(=O)OCCCCCCCCCCCC
A-2575,-5.4507770249,CCOC(=O)c1ccc(cc1)N=CN(C)c2ccccc2
A-2576,-5.3846168146,CCCCCCCCCCCCCCCCO
A-2577,-5.7565570001,CCCCCCCCCCCCCCCCOC(=O)OOC(=O)OCCCCCCCCCCCCCCCC
A-2578,-5.5398636413,CCCCCCCCCCCCCCCC[Si](OC)(OC)OC
A-2579,-5.4122219139,CCCCCC=O.CCCCC=O.O=CCC=O
A-2580,-5.1036019152,[O--].[O--].[K+].[Fe+3]
A-2581,-5.0489115819,[Li].O.[K].[Ti]
A-2582,-5.4750243489,CCCCCCCCCCCCCCCCCCCCO
A-2583,-5.3925527506,[NH4+].[Mn+3].[O-][P]([O-])(=O)O[P]([O-])([O-])=O
A-2584,-5.432168875,CCCCCCCCCCCCCCCCCCO
A-2585,-5.8345357797,CCCCCCCCCCCCCCCCCCOC(=O)CCSCCC(=O)OCCCCCCCCCCCCCCCCCC
A-2586,-5.3845379904,CCCCCCCCCCCC(=O)OC(C)C
A-2587,-5.5498158833,CCCCCCCCCCCCCCCCCCCCCCCCO
A-2588,-5.8943686845,CC(C)(C)c1cc(CN2C(=O)N(Cc3cc(c(O)c(c3)C(C)(C)C)C(C)(C)C)C(=O)N(Cc4cc(c(O)c(c4)C(C)(C)C)C(C)(C)C)C2=O)cc(c1O)C(C)(C)C
A-2589,-5.1883574821,CCCCCCC\C=C\CC
A-2590,-5.3547996853,CCCCCCCCCCCC(=O)OC=C
A-2591,-5.6759230824,[Zn++].CCCCN(CCCC)C([S-])=S.CCCCN(CCCC)C([S-])=S
A-2592,-6.7316777728,COC(OC)c1ccc(cc1)C(=O)OC.COC(=O)c2ccccc2.COC(=O)c3ccc(C)cc3.COC(=O)c4ccc(CO)cc4.COC(=O)c5ccc(COC(=O)c6ccc(C)cc6)cc5.COC(=O)c7ccc(COC(=O)c8ccc(cc8)C(=O)OC)cc7.COC(=O)c9ccc(C=O)cc9.COC(=O)c%10ccc(cc%10)C(O)=O.COC(=O)c%11ccc(cc%11)C(=O)OC.COC(=O)c%12ccc(cc%12)C(=O)OCc%13ccc(C)cc%13.COC(=O)c%14ccc(cc%14)c%15ccc(cc%15)C(=O)OC.COC(=O)c%16ccc(cc%16)c%17cccc(c%17)C(=O)OC.COC(=O)c%18ccc(cc%18)c%19ccccc%19C(=O)OC.COC(=O)c%20ccc(cc%20)c%21cc(C)ccc%21C(=O)OC.COC(=O)c%22ccc(cc%22)c%23cc(ccc%23C(=O)OC)C(=O)OC.COC(=O)c%24cccc(c%24)C(=O)OC.COC(=O)c%25ccc(C(=O)OC)c(c%25)C(=O)OC.COC(=O)c%26ccc%27c(c%26)C(=O)c%28ccc(cc%27%28)C(=O)OC.COC(=O)c%29ccc(C)c%30c%29OC(=O)c%31ccccc%30%31.COC(=O)c%32ccccc%32C(=O)OC.COC(=O)c%33ccc(C)cc%33C(=O)OC.Cc%34ccc(C)cc%34.Cc%35ccc(cc%35)C(O)=O.OC(=O)c%36ccccc%36
A-2593,-5.7905608237,CCCCC(CC)C1CCON1CCOC(=O)NCCCCCCNC(=O)OCCN2OCCC2C(CC)CCCC
A-2594,-6.8493235759,COC(=O)CCc1cc(n2nc3ccccc3n2)c(O)c(c1)C(C)(C)C
A-2595,-5.9429946413,CCCCCCCCCCCCCCCCCCNC(=O)Nc1ccc(Cc2ccc(NC(=O)NCCCCCCCCCCCCCCCCCC)cc2)cc1
A-2596,-5.7715452251,CC(C)CCC[C@@H](C)CCC[C@@H](C)CCC[C@]1(C)CCc2c(C)c(OC(C)=O)c(C)c(C)c2O1
A-2597,-5.7481975718,ICC1CCC(CI)CC1
A-2598,-5.7371515873,CC(C)(C)OOC(C)(C)c1ccc(cc1)C(C)(C)OOC(C)(C)C
A-2599,-5.0252479516,[OH-].[O--].[Al+3]
A-2600,-5.7620064635,NC1=Nc2[nH]cc(CCc3ccc(cc3)C(O)=O)c2C(=O)N1
A-2601,-6.0577588855,CCCCCCCCCCCCCCCCCCSSCCCCCCCCCCCCCCCCCC
A-2602,-5.8676395216,CCCCCCCCCCCCC(CCCCCCCCCC)C(O)=O
A-2603,-5.4892636149,CC1=CC[C@@H](CC1)C(C)(C)O
A-2604,-5.35804912,[Zr]
A-2605,-5.9360261722,C[Si](C)(C)O[Si](C)(O[Si](C)(C)C)O[Si](C)(C)C
A-2606,-6.0994494699,CCOc1ccccc1NC(=O)C(=O)Nc2ccc(CCCCCCCCCC(C)C)cc2
A-2607,-5.6698930776,N12[Si]34N5[Si]16N3[Si]25N46
A-2608,-5.9549769717,CCCCC(CC)COC(=O)CC(C)CC(C)(C)C
A-2609,-5.6562324003,[O--].[O--].[O--].[Ca++].[Ti+4]
A-2610,-6.1639401792,CCC(C)CCCOC(=O)CCc1cc(n2nc3ccccc3n2)c(O)c(c1)C(C)(C)C
A-2611,-6.0463968802,CC[C@]12CC[C@H]3[C@@H](CCC4=C3CC=C(C4)OC)[C@@H]1CCC2=O
A-2612,-6.3862649831,Cc1cc(c(OP2OCC3(CO2)COP(OC3)Oc4c(cc(C)cc4C(C)(C)C)C(C)(C)C)c(c1)C(C)(C)C)C(C)(C)C
A-2613,-5.9984593571,[Ca++].[Ca++].[O-][P]([O-])(=O)O[P]([O-])([O-])=O
A-2614,-6.2142279845,C[S](=O)(=O)Oc1ccc(Nc2ccc(O)c3C(=O)c4ccccc4C(=O)c23)cc1
A-2615,-6.4460405944,[Ni++].CCCCN.CC(C)(C)CC(C)(C)c1ccc([O-])c(Sc2cc(ccc2[O-])C(C)(C)CC(C)(C)C)c1
A-2616,-5.9376658078,CC1=CC(C)(C)Nc2ccccc12
A-2617,-6.2386356404,CC(Cc1cccc(CC(C)c2ccc(O)cc2)c1)c3ccc(O)cc3
A-2618,-6.4121983796,Cc1cccc(c1)N(c2ccccc2)c3ccc(cc3)c4ccc(cc4)N(c5ccccc5)c6cccc(C)c6
A-2619,-6.2607699922,CN(C(=S)SSC(=S)N(C)c1ccccc1)c2ccccc2
A-2620,-6.3277725944,CCN(CC)c1ccc(N=Nc2c(cc(cc2[N+]([O-])=O)[N+]([O-])=O)C#N)c(NC(C)=O)c1
A-2621,-6.1709273189,CC(C)=C.Cc1ccc(O)cc1.C2C=CC3C4CC(C=C4)C23
A-2622,-6.4172025632,CCCCCCCCCCCC(=O)OCCOCC(OCCO)C1OCC(OCCO)C1OCCO
A-2623,-6.2560776159,CC(C)CCCCCCCCCCCCCCCO
A-2624,-6.3783676144,CCCCCCCCCCCC(=O)OCC(COC(C)=O)OC(C)=O
A-2625,-6.5537875846,CCCCCCCCCCCCCCCOC(=O)/C=C/C(=O)OCCCCCCCCCCCCCCC
A-2626,-6.356030959,CCCCCCCCOC(=O)\C=C\C(=O)OCCCCCCCC
A-2627,-6.4917192558,O=C=Nc1ccc(O[P](=S)(Oc2ccc(cc2)N=C=O)Oc3ccc(cc3)N=C=O)cc1
A-2628,-6.4222745911,CC(C)CCCCCCCOC(=O)\C=C\C(=O)OCCCCCCCC(C)C
A-2629,-6.4797384219,CCCCCCCCCCCCOC(=O)\C=C\C(=O)OCCCCCCCCCCCC
A-2630,-6.3351890163,CCCCCCCC\C=C/CCCCCCCC(=O)OC(C)C
A-2631,-6.6194034302,CCCCCCCCCC(O)=O.CCCCCCCC(O)=O.CCCCCCC(O)=O.OCC(CO)(CO)CO
A-2632,-6.8208950069,[N-]=[N+]=C1C=Cc2c(cccc2[S](=O)(=O)Oc3ccc(C(=O)c4ccccc4)c(O[S](=O)(=O)c5cccc6C(=O)C(C=Cc56)=[N+]=[N-])c3O[S](=O)(=O)c7cccc8C(=O)C(C=Cc78)=[N+]=[N-])C1=O
A-2633,-6.3277407884,CCCCCCCC[Si](OCC)(OCC)OCC
A-2634,-6.3654068591,CCCCOC(=O)c1ccc(cc1)C(=O)OCCCC
A-2635,-6.7352071916,CCCCCCC(O)CCCCCCCCCCC(=O)NCCNC(=O)CCCCCCCCCCC(O)CCCCCC
A-2636,-6.5170402935,O=C1OC(=Nc2ccccc12)c3ccc(cc3)C4=Nc5ccccc5C(=O)O4
A-2637,-6.5283921465,CCCCCCCC\C=C/CCCCCCCCCCCC(N)=O
A-2638,-6.5650965952,O=C=Nc1ccc(cc1)C(c2ccc(cc2)N=C=O)c3ccc(cc3)N=C=O
A-2639,-6.6218178985,CC(C)CCCCCCOC(=O)c1ccccc1C(=O)OCCCCCCC(C)C
A-2640,-6.6218178985,CC(C)CCCCCCOC(=O)c1ccccc1C(=O)OCCCCCCC(C)C
A-2641,-6.5688749453,CCCCC(CC)COC(=O)CCCCC(=O)OCC(CC)CCCC
A-2642,-6.6301043221,CC(C)CCCCCCCOC(=O)CCCCC(=O)OCCCCCCCC(C)C
A-2643,-6.6005678007,CC(C)CCCCCCOC(=O)CCCCC(=O)OCCCCCCC(C)C
A-2644,-6.3846168146,CCCCCCCCOCCCCCCCC
A-2645,-6.4720818187,CCCCCCCCCCCCCCCCCCOC=C
A-2646,-6.6557423758,CC(C)CCCCCCCCCCCCCCC(O)=O.OC[C@H](O)[C@@H](O)[C@H](O)C(O)O
A-2647,-6.5580902807,CCCCC(CC)COC(=O)C(C#N)=C(c1ccccc1)c2ccccc2
A-2648,-6.6360312962,CCCC1CCC(CC1)C2CCC(CC2)c3ccc(c(F)c3)c4cc(F)c(F)c(F)c4
A-2649,-6.4750243489,CCCCCCCCCCC(CO)CCCCCCCC
A-2650,-6.2970532498,O=C1OC(=O)c2cccc3cccc1c23
A-2651,-7.0710180803,CC(C)(C)c1cc(CCC(=O)OCC(COC(=O)CCc2cc(c(O)c(c2)C(C)(C)C)C(C)(C)C)(COC(=O)CCc3cc(c(O)c(c3)C(C)(C)C)C(C)(C)C)COC(=O)CCc4cc(c(O)c(c4)C(C)(C)C)C(C)(C)C)cc(c1O)C(C)(C)C
A-2652,-6.5951201849,CC(C)(C)CC(C)(C)c1ccc(Nc2ccc(cc2)C(C)(C)CC(C)(C)C)cc1
A-2653,-6.5649937324,O=C1NC(=O)C(C(=O)N1)=C2NC(c3ccccc23)=C4C(=O)NC(=O)NC4=O
A-2654,-6.7264696523,CCCCN(CCCC)c1ccc2c(Oc3cc(C)c(Nc4ccccc4)cc3C25OC(=O)c6ccccc56)c1
A-2655,-6.146964797,CCCCCCCCC=C
A-2656,-6.7521345295,CCCCCCCCC(C)C(CC)CCCCCCC.CCCCCCCCC(C)C(CCC)CCCCCC
A-2657,-7.1380824945,CCCCCCCCCCCCCCCCCC(=O)NCCNCCNC(=O)CCCCCCCCCCCCCCCCC.CCCCCCCCCCCCCCCCCC(=O)NCCN1CCN=C1CCCCCCCCCCCCCCCCC.CC(O)=O.CC(O)=O
A-2658,-6.6281415672,CCCCCCCCCCCCCCCCCCCCCC(=O)NCCCN(C)C
A-2659,-6.4963012647,CCCCCCCCCCCCCCCCCCOCC[O]
A-2660,-6.1649146953,Oc1ccc(C=C)cc1C=C
A-2661,-6.578940476,[Mg++].[Mg++].[Mg++].O[Si]([O-])=O.O[Si]([O-])=O.[O-][Si]([O-])=O.[O-][Si]([O-])=O
A-2662,-6.6216674424,Cc1cc(C)c(c(C)c1)C(=O)[P](=O)(C(=O)c2c(C)cc(C)cc2C)c3ccccc3
A-2663,-6.3306470932,[O--].[O--].[O--].[O--].[O--].[Al+3].[Al+3].[Ca++].[Ca++]
A-2664,-6.2463311334,CO[Si](OC)(C(C)C)C(C)C
A-2665,-6.6005678007,CCCCCCCCCCCC(=O)OOC(=O)CCCCCCCCCCC
A-2666,-6.5143670911,CCCCCCCCOC(=O)[C@@H](C)Oc1ccc(Cl)cc1C
A-2667,-6.1267351667,[Ag+].[C-]#N
A-2668,-5.6979525644,[Ti++].[H-].[H-]
A-2669,-6.3011016483,[Ti+4].[O-][Si]([O-])=O.[O-][Si]([O-])=O
A-2670,-7.9154483806,CCCCC(CC)COC(=O)c1ccc(Nc2nc(Nc3ccc(cc3)C(=O)OCC(CC)CCCC)nc(Nc4ccc(cc4)C(=O)OCC(CC)CCCC)n2)cc1
A-2671,-6.8566194808,CC(C)(C)c1ccc(OP(Oc2ccc(cc2C(C)(C)C)C(C)(C)C)Oc3ccc(cc3C(C)(C)C)C(C)(C)C)c(c1)C(C)(C)C
A-2672,-8.0703503406,CCCCC(CC)COC(=O)c1ccc(Nc2nc(Nc3ccc(cc3)C(=O)OCC(CC)CCCC)nc(Nc4ccc(cc4)C(=O)OCC(CC)CCCC)n2)cc1
A-2673,-6.8410879515,CCCCCCCCC(=O)OCC(CC)(COC(=O)CCCCCCCC)COC(=O)CCCCCCCC
A-2674,-6.4955131172,CCC(C)(C)c1cc(O)c(cc1O)C(C)(C)CC
A-2675,-6.6614873159,[O--].[O--].[O--].[O--].[O--].[Fe+3].[Fe+3].[Sr++].[Sr++]
A-2676,-6.0665122779,[H-].[H-].[Zr++]
A-2677,-6.7001197149,CC1(OCCO1)C2CCC3C4=CC=C5CC6(CCC5(C)C4CCC23C)OCCO6
A-2678,-4.0668869332,CC(C)[C@H]1CC[C@H](C)C[C@@H]1OC(C)=O
A-2679,-5.4271343331,C
A-2680,-6.9837209828,[Zn++].[n-]1c2nc3[n-]c(nc4nc(nc5nc(nc1c6ccccc26)c7ccccc57)c8ccccc48)c9ccccc39
A-2681,-6.9637148666,CC(=O)Nc1cc(ccc1N=Nc2ccc(cc2Cl)[N+]([O-])=O)N(CCOC(C)=O)CCOC(C)=O
A-2682,-7.0250029292,CCCCCCCCCCCCCCCCCCNC(=O)CCCCCCCCCCCCCCCCC
A-2683,-7.0719394187,CCCCCCCCCCCCCCCCCCNC(=O)CCCCCCCCCCC\C=C/CCCCCCCC
A-2684,-7.2849105615,CCCCCCCCCCCCCCCCCC(=O)OCC(OC(=O)CCCCCCCCCCCCCCCCC)[C@H]1OC[C@@H](O)[C@@H]1OC(=O)CCCCCCCCCCCCCCCCC
A-2685,-6.9058735609,CCCCCCCCCCCCCCCC(=O)OCC(O)[C@H]1OC[C@@H](O)[C@@H]1O
A-2686,-5.050054784,CCC=C.C\C=C\C
A-2687,-7.1802371596,CC(C)CCCCCCCCCCOC(=O)c1ccc(C(=O)OCCCCCCCCCCC(C)C)c(c1)C(=O)OCCCCCCCCCCC(C)C
A-2688,-6.9330922951,CCCCCCC(=O)OCC(COC(=O)CCCCCC)OC(=O)CCCCCC
A-2689,-7.2739258556,CCCCCCC(O)CCCCCCCCCCC(=O)OCC(COC(=O)CCCCCCCCCCC(O)CCCCCC)OC(=O)CCCCCCCCCCC(O)CCCCCC
A-2690,-6.97376589,CCCCC(CC)C(=O)OCC(COC(=O)C(CC)CCCC)OC(=O)C(CC)CCCC
A-2691,-7.2481955094,CCCCCCCC\C=C/CCCCCCCC(=O)OCC(COC(=O)CCCCCCC\C=C/CCCCCCCC)OC(=O)CCCCCCC\C=C/CCCCCCCC
A-2692,-6.869904941,CC(C)CCCCCOC(=O)CCCCC(=O)OCCCCCC(C)C
A-2693,-7.0195208893,CCCCCCCCCCCCCCCCCCOCCCCCCCCCCCCCCCCCC
A-2694,-6.97376589,CCCCCCC(=O)OCC(CC)(COC(=O)CCCCCC)COC(=O)CCCCCC
A-2695,-7.1024714389,CCCCCCCC\C=C/CCCCCCCC(=O)OCC(C)(C)COC(=O)CCCCCCC\C=C/CCCCCCCC
A-2696,-6.8531467823,CCCCCCCC(=O)OCC(C)(C)COC(=O)CCCCCCC
A-2697,-6.8228216453,S(Sc1sc2ccccc2n1)c3sc4ccccc4n3
A-2698,-7.0740773653,CCCCCCCCCCCCCCCCCOC(=O)/C=C/C(=O)OCCCCCCCCCCCCCCCCC
A-2699,-6.8888082879,Clc1ccc(NC(=O)CBr)c(c1)C(=O)c2ccccc2Cl
A-2700,-6.6281374774,CCCCCCCCCCCCC1CO1
A-2701,-7.2711824653,CCC(COC(=O)CCCCCCCCCCCCCCC(C)C)(COC(=O)CCCCCCCCCCCCCCC(C)C)COC(=O)CCCCCCCCCCCCCCC(C)C
A-2702,-6.8994921961,CCCCCCCCCCCCCCCCCC(=O)OCCCCCCCC
A-2703,-6.6820204584,CCCCCCCCCCCCCCC1CO1
A-2704,-7.04359803,CC(C)(C)c1cc(CCC(=O)NNC(=O)CCc2cc(c(O)c(c2)C(C)(C)C)C(C)(C)C)cc(c1O)C(C)(C)C
A-2705,-7.0680633512,CCCCCCC(=O)OCC(COC(=O)CCCCCC)(COC(=O)CCCCCC)COC(=O)CCCCCC
A-2706,-7.3780194092,CCCCCCCC\C=C/CCCCCCCC(=O)OCC(COC(=O)CCCCCCC\C=C/CCCCCCCC)(COC(=O)CCCCCCC\C=C/CCCCCCCC)COC(=O)CCCCCCC\C=C/CCCCCCCC
A-2707,-7.3809427734,CC(C)CCCCCCCCCCCCCCC(=O)OCC(COC(=O)CCCCCCCCCCCCCCC(C)C)(COC(=O)CCCCCCCCCCCCCCC(C)C)COC(=O)CCCCCCCCCCCCCCC(C)C
A-2708,-6.6708690081,CCCCCCC(O)=O.CC(C)(CO)CO
A-2709,-7.1238862525,CCCCCCCC/C=C/CCCCCCCC(=O)OCC(CO)(CO)COC(=O)CCCCCCC\C=C\CCCCCCCC
A-2710,-6.733128222,CCCCCCCCCCCC(=O)OCCC(C)C
A-2711,-7.1423694406,Clc1c(Cl)c(Cl)c2C(=O)C(c3ccc4cccc(N5C(=O)c6c(Cl)c(Cl)c(Cl)c(Cl)c6C5=O)c4n3)C(=O)c2c1Cl
A-2712,-6.8949548476,CCCCCCCCCC(O)=O.CCCCCCCC(O)=O.CC(O)CO
A-2713,-6.9567723715,CCCCCCCCCC(O)=O.CCCCCCCC(O)=O.OCC(CO)(CO)CO
A-2714,-6.8304564999,CCCCC(=O)OCC(CO)(CO)COCC(CO)(CO)CO
A-2715,-6.8604110817,CC(C)c1cccc(C(C)C)c1N=C=Nc2c(cccc2C(C)C)C(C)C
A-2716,-6.8408146964,C1CCC(CC1)N(Sc2sc3ccccc3n2)C4CCCCC4
A-2717,-7.0301834417,CCCCCCCCCCCCCCCCCCNC(=O)CCCCCCCCCCCCCCCCC
A-2718,-7.1160296282,CCCCCCCCCCCCCCCCCC(=O)OCCCC.CCCCCCCCCCCCCCCC(=O)OCCCC
A-2719,-6.7986036922,CCCCOC(=O)CCCCCCCCC(=O)OCCCC
A-2720,-6.9719833207,CC(C)CCCCCCCOC(=O)CCCCCCCC(=O)OCCCCCCCC(C)C
A-2721,-7.0076009975,CCCCCCCCCCCCCCOC(=O)\C=C\C(=O)OCCCCCCCCCCCCCC
A-2722,-6.8320079078,CCCCCCCCCCCCCCCCCCCCCC(N)=O
A-2723,-7.1133991412,CCCCCCCCCCCCCCCCCCCCCCOC(=O)CCCCCCCCCCCCCCCCCCCCC
A-2724,-6.9550061959,CCCCCCCCCCCCOC(=O)CCCCCCC\C=C\CCCCCCCC
A-2725,-7.355606283,CCCCCCCCCCCCCCCC(=O)OCC.CCCCCCCCCCCCCC(=O)OCC.CCCCCCCC\C=C/CCCCCCCC(=O)OCC.CCCCCC\C=C/CCCCCCCC(=O)OCC
A-2726,-6.8676395216,CCCCCCCCCCCCCCCCOC(=O)C(CC)CCCC
A-2727,-6.7550878414,CCCCCCCCCCCC(=O)OCCCCCC
A-2728,-6.8555954685,CC(C)CCCCCCCCCCCCCCC(=O)OC(CO)CO
A-2729,-6.8406266847,[O--].[O--].[O--].[O--].[O--].[O--].[O--].[Mg++].[Mg++].[Nb+5].[Nb+5]
A-2730,-7.0711792069,CCCCCCCC\C=C/CCCCCCCCCCCC(=O)OCCCCCCCC\C=C/CCCCCCCC
A-2731,-7.0277066834,CCCCCCCCC\C=C/CCCCCCC(=O)OCCCCCCCC\C=C/CCCCCCCC
A-2732,-6.709998828,CCCCCCCCOC(=O)CCCCCCC
A-2733,-6.9812258596,CCCCCCCCCCCCCCOC(=O)CCCCCCC\C=C/CCCCCCCC
A-2734,-7.0575200469,CCCCC(CC)COC(=O)CC(CC(=O)OCC(CC)CCCC)(OC(C)=O)C(=O)OCC(CC)CCCC
A-2735,-6.261139107,[Zr]
A-2736,-7.0488126213,CC(C)(c1ccccc1)c2cc(n3nc4ccccc4n3)c(O)c(c2)C(C)(C)c5ccccc5
A-2737,-7.1341930505,CC(CC(c1cc(c(O)cc1C)C(C)(C)C)c2cc(c(O)cc2C)C(C)(C)C)c3cc(c(O)cc3C)C(C)(C)C
A-2738,-7.0248108563,CCCCC(CC)CNC(=O)c1ccc(N\N=C2\C(=C(C#N)C(=O)N(C)C2=O)C)cc1
A-2739,-6.9257837823,CN1C(=O)C(=N/Nc2ccc(Cl)c(Cl)c2)/C(=C(C#N)C1=O)C
A-2740,-7.2923086931,CC(C)(C)c1cc(CN2C(=O)N(Cc3cc(c(O)c(c3)C(C)(C)C)C(C)(C)C)C(=O)N(Cc4cc(c(O)c(c4)C(C)(C)C)C(C)(C)C)C2=O)cc(c1O)C(C)(C)C
A-2741,-7.1387547034,OC(COc1ccc(c(O)c1)C(=O)c2ccccc2)COc3ccc(c(O)c3)C(=O)c4ccccc4
A-2742,-7.4056684463,CCCCCCCCCCCCCNCCCCCCCCCCCCC.CCCCCCCCCCCCCNCC(C)CCCCCCCCCC
A-2743,-4.4645461779,CN(C\C=C\C#CC(C)(C)C)Cc1cccc2ccccc12
A-2744,-7.1279660508,CCCCCCCCCC(C)(C)SSC(C)(C)CCCCCCCCC
A-2745,-6.9799366685,CCCCC(CC)COC(=O)OCC(CC)CCCC
A-2746,-5.7281643288,C
A-2747,-7.2540426772,O=[P](OCc1ccccc1)(OCc2ccccc2)O[P](=O)(OCc3ccccc3)OCc4ccccc4
A-2748,-7.1917272196,CC(C)(c1ccc(Oc2ccc(N)cc2)cc1)c3ccc(Oc4ccc(N)cc4)cc3
A-2749,-6.589139317,S=[Zn]
A-2750,-7.2538998979,CCCCCCCCCCCCCCCCCC(=O)O[Al](O)OC(=O)c1ccccc1
A-2751,-7.2023327624,CCN(CC)c1ccc2C=C3C(=C(C#N)C(=O)n4c5ccccc5nc34)Oc2c1
A-2752,-7.2331050936,CCN(CC)c1ccc(N=Nc2c(cc(C)cc2C#N)C#N)c(N[S](C)(=O)=O)c1
A-2753,-7.8003598993,CCCCCCCCCCCCCCCCCC(=O)OC.CCCCCCCCCCCCCCCC(=O)OC.CCCCCCCC\C=C/CCCCCCCC(=O)OC.CCCCC/C=C\C\C=C/CCCCCCCC(=O)OC.CC/C=C/C/C=C/C/C=C/CCCCCCCC(=O)OC
A-2754,-7.3004650455,CC(=O)OCCN(CCOC(C)=O)c1ccc(cc1)N=Nc2ccc(cc2C#N)[N+]([O-])=O
A-2755,-7.3970339946,FC(F)(F)C(F)(F)C(F)(F)C(F)(F)C(F)(F)C(F)(F)C(F)(F)C(F)(F)Br
A-2756,-7.2086509282,CCN(CCC#N)c1ccc(cc1)N=Nc2ccc(cc2)[N+]([O-])=O
A-2757,-7.4761487948,Cc1cc(C)cc(c1)N2C(=O)c3ccc4c5ccc6C(=O)N(c7cc(C)cc(C)c7)C(=O)c8ccc(c9ccc(C2=O)c3c49)c5c68
A-2758,-7.3673158448,[O--].[O--].[O--].[Bi+3].[Bi+3]
A-2759,-7.1550884494,[NH4+].[Fe++].[Fe+3].[C-]#N.[C-]#N.[C-]#N.[C-]#N.[C-]#N.[C-]#N
A-2760,-7.3154024542,CCN(CCC(=O)OC)c1ccc(cc1)N=Nc2snc3ccc(cc23)[N+]([O-])=O
A-2761,-7.3271074817,CCCCCCCCCCCCCCOC(=O)CCCCCCCCCCCCC
A-2762,-7.1853905644,CCCC1CCC(CC1)c2ccc(cc2)c3ccc(CC)cc3
A-2763,-7.3122302643,Cc1cc(C)cc(O[P](=O)(Oc2cc(C)cc(C)c2)Oc3cc(C)cc(C)c3)c1
A-2764,-7.5537924381,CC1=C(\C=C\C(C)=C\C=C\C(C)=C\C=C\C=C(C)\C=C\C=C(C)\C=C\C2=C(C)CCCC2(C)C)C(C)(C)CCC1
A-2765,-7.1724326435,[Hf]
A-2766,-7.2440460955,[O--].[O--].[Hf+4]
A-2767,-7.770909423,CCCCCCCCCCCCCCCCCCNC(=O)CCCCCCCCCCC\C=C/CCCCCCCC
A-2768,-7.6633437338,NC(Cc1ccccc1)=CC(=O)[C@@H](Cc2ccccc2)N(Cc3ccccc3)Cc4ccccc4
A-2769,-7.7040784145,CCCCCCCCCCCCCCCC(=O)NCCCCCCCC\C=C/CCCCCCCC
A-2770,-7.499119105,Clc1ccc(NC(=O)Nc2ccc(Cl)c(Cl)c2)cc1
A-2771,-7.7512467617,[H+].[Cl-].NC(N)=N.OC(=O)C1=NN(c2ccc(cc2)[S](O)(=O)=O)C(=O)C1N=Nc3ccc(cc3)[S](O)(=O)=O
A-2772,-7.724189002,CCCCCCCCCCCCCCCCCCNC(=O)CCc1cc(c(O)c(c1)C(C)(C)C)C(C)(C)C
A-2773,-7.8041135239,CC(C)(C)c1cc(CCC(=O)NCCCCCCNC(=O)CCc2cc(c(O)c(c2)C(C)(C)C)C(C)(C)C)cc(c1O)C(C)(C)C
A-2774,-7.5521167866,CCCCC(CC)C(=O)OCC(C)(C)COC(=O)C(CC)CCCC
A-2775,-7.4250889383,Nc1ccc(Cl)cc1C(=O)c2ccccc2Cl
A-2776,-7.813287357,O=[P](Oc1ccccc1)(Oc2ccccc2)Oc3ccc(cc3)c4ccc(O[P](=O)(Oc5ccccc5)Oc6ccccc6)cc4
A-2777,-7.8755092242,O=C1N(c2ccc(cc2)N=Nc3ccccc3)C(=O)c4ccc5c6ccc7C(=O)N(c8ccc(cc8)N=Nc9ccccc9)C(=O)c%10ccc(c%11ccc1c4c5%11)c6c7%10
A-2778,-7.8613826501,CCOc1cc2N=C3C(=C4Oc5cc(NC(=O)c6ccccc6)c(OCC)cc5N=C4C(=C3Oc2cc1NC(=O)c7ccccc7)NC(C)=O)NC(C)=O
A-2779,-7.729153446,CCCCCCCCCCCCCCCCCCNC(=O)CCCCCCCCCCCCCCCCC
A-2780,-7.4719573146,CC(C)=C.Cc1ccc(O)cc1.C2C=CC3C4CC(C=C4)C23
A-2781,-6.9334417301,[Al+3].[O-]B([O-])[O-]
A-2782,-7.5993535212,CCCCCCOC(=O)c1ccccc1C(=O)c2ccc(cc2O)N(CC)CC
A-2783,-6.394784279,B#N
A-2784,-7.8223904022,[Zn++].CCCCCCC(O)CCCCCCCCCCC([O-])=O.CCCCCCC(O)CCCCCCCCCCC([O-])=O
A-2785,-7.9814736459,Cc1c(Cc2cc(c(O)c(c2)C(C)(C)C)C(C)(C)C)c(C)c(Cc3cc(c(O)c(c3)C(C)(C)C)C(C)(C)C)c(C)c1Cc4cc(c(O)c(c4)C(C)(C)C)C(C)(C)C
A-2786,-7.1724326435,[Hf]
A-2787,-7.2440460955,[O--].[O--].[Hf+4]
A-2788,-7.7820070821,CC(C)(c1ccccc1)c2ccc(Nc3ccc(cc3)C(C)(C)c4ccccc4)cc2
A-2789,-7.8310984133,CCN(CC)c1ccc2C=C(C(=O)Oc2c1)c3oc4ccc(cc4n3)[S](N)(=O)=O
A-2790,-7.9468745633,O=C1c2ccccc2C(=O)c3c4Nc5ccc6C(=O)c7ccccc7C(=O)c6c5Nc4ccc13
A-2791,-7.9519026082,CC(C)(c1ccccc1)c2cc(n3nc4ccccc4n3)c(O)c(c2)C(C)(C)c5ccccc5
A-2792,-8.0680715196,CCCCC(CC)COCCCNC(=O)Nc1cccc2c(NC(=O)NCCCOCC(CC)CCCC)cccc12
A-2793,-6.8335678102,S
A-2794,-8.2677435641,Cc1cc(CCC(=O)OCC(C)(C)[CH]2OC[C]3(CO2)CO[CH](OC3)C(C)(C)COC(=O)CCc4cc(C)c(O)c(c4)C(C)(C)C)cc(c1O)C(C)(C)C
A-2795,-8.1257893916,[Ti+4].Fc1ccc(N2C=C[C-]=C2)c(F)c1.Fc3ccc(N4C=C[C-]=C4)c(F)c3.[cH-]5cccc5.[cH-]6cccc6
A-2796,-8.0974343241,CCN(CC)c1ccc2c(OC(=O)C(=C2C#N)c3sc4ccccc4n3)c1
A-2797,-8.1237288456,N#Cc1ccc(C=Cc2ccc(cc2)C=Cc3cccc(c3)C#N)cc1
A-2798,-8.6167666964,COc1cc(ccc1N=NC(C(C)=O)C(=O)Nc2ccccc2)c3ccc(N=NC(C(C)=O)C(=O)Nc4ccccc4)c(OC)c3
A-2799,-8.8573943187,[Cu]1N2C3=NC4=NC(=Nc5n1c(N=C6N=C(N=C2c7ccccc37)c8ccccc68)c9ccccc59)c%10ccccc4%10
A-2800,-8.7714457373,CCN(CCOc1ccc(cc1)C2CCCCC2)c3ccc(C=C(C#N)C#N)c(C)c3
A-2801,-8.85998044,CCCCC(CC)CO[P](=O)(OCC(CC)CCCC)OCC(CC)CCCC
A-2802,-9.1518109699,CCCCCCOc1ccc(c(O)c1)c2nc(nc(n2)c3ccccc3)c4ccccc4
A-2803,-9.7071062552,CCCCCCCCCCCCCCCCCCCC\C=C\C\C=C\CCCCCCCCCCCNCCCCCCCCCCCCCCCCCCCC\C=C\C\C=C\CCCCCCCCCCC
A-2804,-9.6499887292,CCCCCC(CCC)COC(=O)c1ccccc1C(=O)OCC(CCC)CCCCC
A-2805,-3.8353901487,CC1COc2ccccc2N1C(=O)C(Cl)Cl
A-2806,0.5890195687,[H+].[Cl-].Fc1ccc(cc1)C(=O)C2CCNCC2
A-2807,1.0138642136,OCC(=O)CO
A-2808,-0.8759099368,[Na+].[Na+].[O-][S](=O)(=O)c1ccc2c(C=CC(=O)/C2=N/Nc3ccc(N=Nc4ccc(Nc5ccccc5)c(c4)[S]([O-])(=O)=O)c6ccccc36)c1
A-2809,-0.9675670249,[Na+].[Na+].Oc1cc(cc2cc(cc(N=Nc3cc(N=Nc4cc(cc(c4O)[N+]([O-])=O)[N+]([O-])=O)c(O)c(N=Nc5ccc(cc5)[N+]([O-])=O)c3O)c12)[S]([O-])(=O)=O)[S]([O-])(=O)=O
A-2810,0.0727209089,NC(N)=S
A-2811,-1.8872466915,[Na+].[Na+].Oc1c2ccc(NC(=O)Nc3ccc4c(O)c(N=Nc5ccccc5)c(cc4c3)[S]([O-])(=O)=O)cc2cc(c1N=Nc6ccccc6)[S]([O-])(=O)=O
A-2812,0.749634411,[Cl-].C[N+](C)(C)CC1CO1
A-2813,1.29438208,[Li+].[Cl-]
A-2814,0.6127511139,CC(C)c1ccc(cc1)[S](O)(=O)=O
A-2815,0.6442888498,Cc1cccc(c1C)[S](O)(=O)=O
A-2816,-0.9163461364,[Na+].[Na+].COc1cc(c(C)cc1NC(=O)C(N=Nc2ccc(cc2)c3sc4c(ccc(C)c4[S]([O-])(=O)=O)n3)C(C)=O)[S]([O-])(=O)=O
A-2817,0.8630055658,[Cr].CC([O-])=O
A-2818,-1.8973139062,[Na+].[Na+].[O-][S](=O)(=O)c1cc(N\N=C2/C(=O)C=Cc3ccccc23)ccc1c4ccc(N\N=C5/C(=O)C=Cc6ccccc56)cc4[S]([O-])(=O)=O
A-2819,-1.1429743647,Nc1ccc(cc1)C#N
A-2820,-1.1639082715,Nc1ccc(cc1)C#N
A-2821,0.7806710209,[K+].[O-]C(=O)CS
A-2822,0.5538399496,[Na+].OC(COCC=C)C[S]([O-])(=O)=O
A-2823,0.9461910524,O=C1OCCO1
A-2824,-0.2250282975,OC(=O)CC(=C)C(O)=O
A-2825,0.4646109322,[Na+].OCCN1CCN(CC1)CC[S]([O-])(=O)=O
A-2826,0.5397304724,[Cl-].N[C@@H](CCCN=C(N)N)C(O)=O.[H+]
A-2827,0.6454662594,[Cl-].[Cl-].[Cl-].[Cr+3]
A-2828,-1.8129006218,[Na+].CC(Nc1ccc(N\N=C\2C=C(c3ccccc3C2=O)[S]([O-])(=O)=O)c(C)c1)C(=O)c4ccccc4
A-2829,-1.5970854786,OC(=O)c1cc(Br)nn1c2ncccc2Cl
A-2830,0.4428271022,Nc1cnn(CCO)c1N.O[S](O)(=O)=O
A-2831,-0.1473736792,ClCC1CO1
A-2832,-0.9589812432,[Na].[Na+].[Fe].Nc1cc(ccc1O)[N+]([O-])=O.Nc2cc(cc(c2O)[S]([O-])(=O)=O)[N+]([O-])=O.Oc3cccc(O)c3
A-2833,0.3961032361,[Na+].[Na+].[Na+].[O-]C(=O)CN(CC([O-])=O)CC([O-])=O
A-2834,-0.7639420941,[Na+].Nc1cc(N)c(cc1N=Nc2cc(ccc2O)[N+]([O-])=O)[S]([O-])(=O)=O
A-2835,0.7309682563,NC(N)=N.SC#N
A-2836,-2.7811280063,N=C(c1ccccc1)c2ccccc2
A-2837,-0.7735139526,[Cl-].CCCCCCCCCCCCCC[N+](C)(C)Cc1ccccc1
A-2838,0.7273991488,[Na+].[O-]C(=O)CS
A-2839,0.4851623717,[K+].CC(CC([O-])=O)CC(C)(C)C
A-2840,-0.9940566873,[Na].[Na+].[Fe].Nc1cc(ccc1O)[N+]([O-])=O.Nc2cc(cc(c2O)[S]([O-])(=O)=O)[N+]([O-])=O.Oc3cccc(O)c3
A-2841,-0.1568014574,COC(=O)C=C
A-2842,-1.3363932097,CC1=CC(=O)N2NC=NC2=N1
A-2843,-2.0454014742,[Na+].[Na+].COc1cc(N=Nc2ccc(cc2)[S]([O-])(=O)=O)c(C)cc1N\N=C/3C(=O)c4ccc(Nc5ccccc5)cc4C=C3[S]([O-])(=O)=O
A-2844,-1.3782132177,O=C1OC(=O)c2ccccc12
A-2845,-2.0506714672,[Na+].[Na+].Cc1ccccc1Oc2ccccc2N\N=C/3C(=O)c4c(NC(=O)c5ccccc5)cc(cc4C=C3[S]([O-])(=O)=O)[S]([O-])(=O)=O
A-2846,0.4557825074,[O-][S](=O)(=O)CCC[NH+]1CCOCC1
A-2847,-1.0071928381,[Na].[Na+].[Fe].Nc1cc(ccc1O)[N+]([O-])=O.Nc2cc(cc(c2O)[S]([O-])(=O)=O)[N+]([O-])=O.Oc3cccc(O)c3
A-2848,-1.4981682805,[Na+].[Na+].[Na+].[Na+].[Na+].[Na+].[Na+].[Na+].NC(=O)Nc1cc(Nc2nc(Cl)nc(Nc3ccc(c4ccc(Nc5nc(Cl)nc(Nc6ccc(N=Nc7cc8c(cc(cc8[S]([O-])(=O)=O)[S]([O-])(=O)=O)cc7[S]([O-])(=O)=O)c(NC(N)=O)c6)n5)cc4[S]([O-])(=O)=O)c(c3)[S]([O-])(=O)=O)n2)ccc1N=Nc9cc%10c(cc(cc%10[S]([O-])(=O)=O)[S]([O-])(=O)=O)cc9[S]([O-])(=O)=O
A-2849,1.1343979721,[Li+].[Cl-]
A-2850,0.6427483546,OCC[C@@H]1CCCC[NH2+]1
A-2851,0.5514149152,[H+].[Cl-].NC(CO)(CO)CO
A-2852,-0.4128573351,CC(C)COC(=O)[C@@H](C)O
A-2853,-0.3838981351,[Ca++].[O-]C(=O)CS
A-2854,0.488999371,CC1(C)CC(O)CC(C)(CN)C1
A-2855,0.5194215084,[Na+].CC(=C)C[S]([O-])(=O)=O
A-2856,-0.6537301416,[K+].[K+].[O-][S](=O)(=O)OO[S]([O-])(=O)=O
A-2857,0.1187844902,O[C@@H](CNc1ccccc1)C[S]([O-])(=O)=O
A-2858,-0.9304018204,CN(CCC#N)c1ccc(cc1)C=CC2=[N+](C)c3ccccc3C2(C)C.O[P](O)([O-])=O
A-2859,0.2127067575,[Na+].CCCCCCCC1N(CCO)C=CN1CCC([O-])=O
A-2860,0.1189898768,[Na+].[Na+].[Na+].[Na+].[O-]C(=O)CN(CCN(CC([O-])=O)CC([O-])=O)CC([O-])=O
A-2861,0.1621503062,[Na+].[Na+].[Na+].OCCN(CCN(CC([O-])=O)CC([O-])=O)CC([O-])=O
A-2862,-0.8669356377,[Cl-].CCCCCCCCCCCCCC[N+](C)(C)Cc1ccccc1
A-2863,-0.3384166482,[F].[F].[F].[Cr]
A-2864,-0.4537890803,CC(=C)C(=O)OCC1CO1
A-2865,-1.2854728211,[O-][N+](=O)c1[nH]ncc1
A-2866,-0.7785458842,NO
A-2867,1.4313479676,OCC(O)COc1ccc(Cl)cc1
A-2868,-2.2084701124,[Na+].[Co+3].CC(=O)/C(=N/Nc1cc(ccc1[O-])[S](N)(=O)=O)C(=O)[N-]c2ccccc2.CC(=O)/C(=N/Nc3cc(ccc3[O-])[S](N)(=O)=O)C(=O)[N-]c4ccccc4
A-2869,-1.0558122117,CCCCCCOC(CO)CO
A-2870,1.4101871429,[Br-].CC[N+]1(C)CCCC1
A-2871,0.4872673501,[K+].[O-]C(=O)c1ccccc1
A-2872,0.2936103731,[Cl-].NC(=O)c1ccc[n+](Cc2ccccc2)c1
A-2873,-6.3370173812,CC(C)=CCC[C@@](C)(C=C)\C=C\c1ccc(O)cc1
A-2874,-0.823100201,O.[Na+].[O-]OB=O
A-2875,-0.4390291979,COC(C)(C)CCOC(C)=O
A-2876,0.4859956397,[Cr+3].[O-][P]([O-])([O-])=O
A-2877,-1.2967295373,[Na+].[Na+].[Fe].Nc1ccc(cc1)[N+]([O-])=O.Nc2cc(cc(c2O)[N+]([O-])=O)[N+]([O-])=O.OC/3=CC(=O)C=CC3=N/Nc4cc(cc5cc(cc(O)c45)[S]([O-])(=O)=O)[S]([O-])(=O)=O
A-2878,-0.9224529656,[Cl-].CCCCCCCCCCCCCC[N+](C)(C)Cc1ccccc1
A-2879,-1.3075465248,[Na+].[Na+].[Fe].Nc1ccc(cc1)[N+]([O-])=O.Nc2cc(cc(c2O)[N+]([O-])=O)[N+]([O-])=O.OC/3=CC(=O)C=CC3=N/Nc4cc(cc5cc(cc(O)c45)[S]([O-])(=O)=O)[S]([O-])(=O)=O
A-2880,-0.634868411,[Na+].[Na+].[Na+].[Na+].[Na+].[Na+].[Na+].[Na+].Oc1c(Nc2nc(Cl)nc(Nc3ccc(Nc4nc(Cl)nc(Nc5c(O)c6c(cc(cc6N=Nc7ccc8c(cccc8[S]([O-])(=O)=O)c7[S]([O-])(=O)=O)[S]([O-])(=O)=O)cc5[S]([O-])(=O)=O)n4)cc3)n2)c(cc9cc(cc(N=Nc%10ccc%11c(cccc%11[S]([O-])(=O)=O)c%10[S]([O-])(=O)=O)c19)[S]([O-])(=O)=O)[S]([O-])(=O)=O
A-2881,-0.9531217854,[Cl-].CCCCCCCCCCCCCC[N+](C)(C)Cc1ccccc1
A-2882,-0.3833170773,[F-].[F-].[Ni++]
A-2883,-1.784390525,OC(=O)c1cc(Br)nn1c2ncccc2Cl
A-2884,1.2154346735,OC(=O)c1cc(Br)nn1c2ncccc2Cl
A-2885,-1.5087824857,NC(=O)NC1NC(=O)NC1=O
A-2886,-1.5219995175,Oc1ccc(Cl)cc1Cl
A-2887,-2.1566764476,[Na+].[Na+].[O-][S](=O)(=O)c1ccc(cc1)N=Nc2ccc(N\N=C\3C(=O)c4ccc(NC(=O)c5ccccc5)cc4C=C3[S]([O-])(=O)=O)cc2
A-2888,-2.0888316761,[Na+].[O-][S](=O)(=O)C1=CC(=O)C2=C(NNc3ccccc3[S](=O)(=O)c4ccccc4)C(=N)C=CC2=C1
A-2889,1.9675126996,OC[P+](CO)(CO)CO.OC[P+](CO)(CO)CO.[O-][S]([O-])(=O)=O
A-2890,-0.2019676326,CCCCCCCCCCCCCC[N+](C)(C)C.CCCCCCCCCCCCCC[N+](C)(C)C.[O-]C(=O)C([O-])=O
A-2891,0.7104893861,O=C1CCO1
A-2892,0.2378897232,[K+].CC(C)CCOC([S-])=S
A-2893,-0.8352255084,CCC(=O)N(C1CC[NH2+]CC1)c2ccccc2
A-2894,0.1885297454,[Na+].[O-][S](=O)(=O)CCN1CCOCC1
A-2895,0.1794741305,CCCCCCCC(=O)OCC(O)CO
A-2896,-0.4747040271,[Na+].[Na+].[Na+].[Co+3].CC(=O)\C(=N/Nc1cc(cc(c1[O-])[S]([O-])(=O)=O)[N+]([O-])=O)C(=O)[N-]c2ccccc2.CC(=O)\C(=N/Nc3cc(cc(c3[O-])[S]([O-])(=O)=O)[N+]([O-])=O)C(=O)[N-]c4ccccc4
A-2897,-1.2800595004,[Na+].[Na+].Nc1c(N=Nc2ccc(cc2)[N+]([O-])=O)c(cc3C=C(\C(=N/Nc4ccccc4)C(=O)c13)[S]([O-])(=O)=O)[S]([O-])(=O)=O
A-2898,0.3909106219,[Li+].[O-]C(=O)c1ccccc1
A-2899,-0.2967853327,[Na+].[Na+].[Na+].[O-][S](=O)(=O)c1cc2C=CC(=O)\C(=N/Nc3ccc(c4ccccc34)[S]([O-])(=O)=O)c2c(c1)[S]([O-])(=O)=O
A-2900,0.4679551659,C1CCOCOC1
A-2901,-1.8938187529,CN(C)C(=O)NC[C@@]1(C)C[C@@H](CC(C)(C)C1)NC(=O)N(C)C
A-2902,-2.2101305551,[Na+].[Na+].Nc1ccc2C(=O)C(=N/Nc3ccc4C(=O)C(=N/Nc5ccccc5)\C(=Cc4c3)[S]([O-])(=O)=O)/C(=Cc2c1)[S]([O-])(=O)=O
A-2903,-1.574706312,CCc1cccc(C)c1N
A-2904,-1.7635818574,NC(=O)C[NH+](CC([O-])=O)CC([O-])=O
A-2905,-1.6909074085,COC(=O)c1ccc(O)cc1
A-2906,-0.4460963217,[Ca++].NC#N
A-2907,-0.7991431977,OC(=O)CCSCCC(O)=O
A-2908,-0.7730339165,CCCCN[P](N)(N)=S
A-2909,-0.5902286212,[F].[F].[F].[Cr]
A-2910,-0.4572403676,[Na+].[Na+].[Na+].Cc1ccccc1Nc2nc(Cl)nc(Nc3cc(cc4C=C(/C(=N/Nc5ccccc5[S]([O-])(=O)=O)C(=O)c34)[S]([O-])(=O)=O)[S]([O-])(=O)=O)n2
A-2911,1.5956288145,[H+].[Cl-].NN
A-2912,-1.1158578961,[Na+].Oc1ccc2ccccc2c1N=Nc3ccc(cc3)[S]([O-])(=O)=O
A-2913,-1.6074287478,[Na+].[Na+].[Na+].[Na+].[Cu++].[Cu++].[O-]c1cc(ccc1N=Nc2c([O-])c(cc3cc(ccc23)[S]([O-])(=O)=O)[S]([O-])(=O)=O)c4ccc(N=Nc5c([O-])c(cc6cc(ccc56)[S]([O-])(=O)=O)[S]([O-])(=O)=O)c([O-])c4
A-2914,-1.5406260454,[Na+].[Na+].[Fe].Nc1ccc(cc1)[N+]([O-])=O.Nc2cc(cc(c2O)[N+]([O-])=O)[N+]([O-])=O.OC/3=CC(=O)C=CC3=N/Nc4cc(cc5cc(cc(O)c45)[S]([O-])(=O)=O)[S]([O-])(=O)=O
A-2915,-1.2596984381,CO[S]([O-])(=O)=O.CC(C)N(C(C)C)c1sc(N=Nc2ccc(cc2)N(C)C)[n+](C)n1
A-2916,-1.4631185388,[Na+].[Na+].[O-][S](=O)(=O)c1cccc2c(cccc12)N=Nc3ccc(N=Nc4ccc(Nc5ccccc5)c6c4cccc6[S]([O-])(=O)=O)c7ccccc37
A-2917,-1.2370685249,[Li+].CC1=NN(C(=N)/C1=N/Nc2cc(Cl)c(cc2Cl)[S]([O-])(=O)=O)c3ccccc3
A-2918,2.1376816201,CC(C)CC1CC(C)(O)CCO1
A-2919,-0.6666304442,Cc1ccc(O)cc1
A-2920,-1.5709847474,[Na+].[Na+].Cc1ccc(cc1)[S](=O)(=O)Oc2ccc(cc2)N=Nc3ccc(N=Nc4ccc(Nc5ccc(cc5[S]([O-])(=O)=O)[N+]([O-])=O)cc4)c6ccc(cc36)[S]([O-])(=O)=O
A-2921,-0.8207163555,Cc1cc(C)c(N)c(C)c1N
A-2922,-1.5687181444,[Na+].[Na+].Nc1ccc(N=Nc2ccc(N\N=C\3C(=O)c4c(N)c(N=Nc5ccc(cc5)N=Nc6ccc(N)cc6N)c(cc4C=C3[S]([O-])(=O)=O)[S]([O-])(=O)=O)cc2)c(N)c1
A-2923,-0.1684667172,NO
A-2924,0.1034125496,CC1(C)CC(=O)CC(C)(C)N1[O]
A-2925,-0.6029811942,[Na+].[Na+].Nc1ccc(N=Nc2ccc(cc2)[S](=O)(=O)Nc3ccc(cc3)N=Nc4c(N)c5c(O)c(N=Nc6ccccc6)c(cc5cc4[S]([O-])(=O)=O)[S]([O-])(=O)=O)c(N)c1
A-2926,0.3021022373,[Na+].[Na+].[O-]C([O-])=O
A-2927,-0.7015479053,Cc1ccc(O)cc1
A-2928,-1.2963650985,[Na+].Nc1c(cc(NC2CCCCC2)c3C(=O)c4ccccc4C(=O)c13)[S]([O-])(=O)=O
A-2929,-1.7254277941,[Na+].[Na+].[Na+].[Na+].Nc1ccc(cc1[S]([O-])(=O)=O)N=Nc2ccc(N=Nc3ccc(N\N=C/4C(=O)c5ccc(NC(=O)c6ccccc6)cc5C=C4[S]([O-])(=O)=O)c7ccc(cc37)[S]([O-])(=O)=O)c8ccc(cc28)[S]([O-])(=O)=O
A-2930,-1.1987753523,NC1=NC(=O)N(C=C1)C2OC(CO[P](O)(O)=O)C(O)C2O
A-2931,-1.6967429463,CCNC(=S)OC(C)C
A-2932,-2.1991373631,[Na+].[O-][N+](=O)c1ccc(Nc2ccc(Nc3ccccc3)c(c2)[S]([O-])(=O)=O)c(c1)[N+]([O-])=O
A-2933,-1.7338470451,COC(=O)c1ccccc1N
A-2934,-2.1738960877,[Na+].Nc1c(cc(Nc2ccccc2)c3C(=O)c4ccccc4C(=O)c13)[S]([O-])(=O)=O
A-2935,-2.3162215849,[Na+].CC1=NN(C(=O)C1N=Nc2cc(Cl)ccc2Oc3ccccc3Cl)c4cc(ccc4Cl)[S]([O-])(=O)=O
A-2936,-2.0497745285,NC1=Nc2[nH]cc(CCc3ccc(cc3)C(O)=O)c2C(=O)N1
A-2937,-1.7447887835,CCNC(=S)OC(C)C
A-2938,-1.8551955306,NC(=O)C[NH+](CC([O-])=O)CC([O-])=O
A-2939,-1.7547348933,CCNC(=S)OC(C)C
A-2940,-1.8556550616,CCOC(=O)c1ccc(O)c(O)c1
A-2941,-1.7843290936,COC(=O)c1ccc(O)cc1
A-2942,-1.9422995529,OC(=O)c1cc(cc(c1)C(O)=O)C(O)=O
A-2943,-1.9013447833,COc1ccc(CCC#N)cc1OC
A-2944,-2.4299809947,[Na+].CC1=NN(C(=O)C1N=Nc2cccc(c2)[S](=O)(=O)NCCc3ccccc3)c4cc(Cl)c(cc4Cl)[S]([O-])(=O)=O
A-2945,-2.5669690772,[Na+].[Na+].Cc1ccc(cc1)[S](=O)(=O)Nc2cc(cc3C=C(C(=N/Nc4ccc(Oc5ccccc5C)cc4Oc6ccccc6C)\C(=O)c23)[S]([O-])(=O)=O)[S]([O-])(=O)=O
A-2946,-2.6903136873,[Na+].[Na+].[Na+].[Na+].COc1cc(N=Nc2cc(cc3cc(cc(O)c23)[S]([O-])(=O)=O)[S]([O-])(=O)=O)c(C)cc1NC(=O)Nc4cc(C)c(cc4OC)N=Nc5cc(cc6cc(cc(O)c56)[S]([O-])(=O)=O)[S]([O-])(=O)=O
A-2947,0.1553573817,O=C1NC(=O)C2CCCC12
A-2948,-0.0784185571,[Na+].[O-][S](=O)(=O)CCNC1CCCCC1
A-2949,0.1263337648,[Na+].[Na+].[O-][S]([O-])(=O)=O
A-2950,-4.947028744,C[C@]12CC[C@H]3[C@@H](CCC4=C3CCC(=O)C4)[C@@H]1CC[C@@H]2O
A-2951,-1.1304017512,OCC(CO)(CBr)CBr
A-2952,-0.8556583761,[Na+].[Na+].[Na+].[Na+].[Na+].[Na+].Nc1c(N=Nc2cc(Nc3nc(Cl)nc(Nc4cccc(c4)[S](=O)(=O)CCO[S]([O-])(=O)=O)n3)ccc2[S]([O-])(=O)=O)c(cc5cc(c(N=Nc6ccc7c(cccc7[S]([O-])(=O)=O)c6[S]([O-])(=O)=O)c(O)c15)[S]([O-])(=O)=O)[S]([O-])(=O)=O
A-2953,-0.9522048024,[Na+].[Na+].[Na+].[Na+].[Na+].[Na+].[O-]C(=O)c1ccc[n+](c1)c2nc(NCCNc3ccc4N=C5C(=C6Oc7c(ccc(NCCNc8nc(Nc9cc(ccc9[S]([O-])(=O)=O)[S]([O-])(=O)=O)nc(n8)[n+]%10cccc(c%10)C([O-])=O)c7[S]([O-])(=O)=O)N=C6C(=C5Oc4c3[S]([O-])(=O)=O)Cl)Cl)nc(Nc%11cc(ccc%11[S]([O-])(=O)=O)[S]([O-])(=O)=O)n2
A-2954,-1.2915600389,[Na+].Nc1ccc(N\N=C\2C=Cc3c(cccc3[S]([O-])(=O)=O)C2=O)cc1
A-2955,-1.1031036675,C/C=C(\C)/C(=O)OC1C(C2(C(CC1(C)C)C3=CCC4C5(CCC(C(C5CCC4(C3(CC2O)C)C)(C)CO)OC6C(C(C(C(O6)C(=O)O)OC7C(C(C(C(O7)CO)O)O)O)O)OC8C(C(C(C(O8)CO)O)O)O)C)CO)OC(=O)C
A-2956,-0.0274572689,[Cl-].[Cl-].[Sn++]
A-2957,-0.1245719455,[H+].[Cl-].CC(C)(N=NC(C)(C)C(N)=N)C(N)=N
A-2958,1.1524094082,[K+].OP(O)O
A-2959,-1.5043501961,[Na+].[Na+].[Cu].COc1ccc(cc1N)[S]([O-])(=O)=O.Nc2ccc(c(N)c2)[N+]([O-])=O.Oc3cccc([O-])c3
A-2960,-1.8252827514,[Na+].[Na+].[Na+].[Na+].COc1ccc(N\N=C\2C(=O)c3ccc(Nc4nc(Nc5ccc6C(=O)C(=N/Nc7ccc(OC)cc7[S]([O-])(=O)=O)/C(=Cc6c5)[S]([O-])(=O)=O)nc(n4)N8CCOCC8)cc3C=C2[S]([O-])(=O)=O)c(c1)[S]([O-])(=O)=O
A-2961,-0.5049964012,[Na+].[Na+].[Na+].[O-]C(=O)C1=NN(c2ccc(cc2)[S]([O-])(=O)=O)C(=O)C1N=Nc3ccc(cc3)[S]([O-])(=O)=O
A-2962,0.2678986156,CC(N)C(O)=O
A-2963,1.1483189655,OC(=O)C1CCCN1
A-2964,0.0570951784,[Na+].[Na+].[O-][S]([O-])(=O)=O
A-2965,0.0544060398,[Na+].[Na+].[O-][S]([O-])(=O)=O
A-2966,-0.6679306861,[Na+].[Na+].Cc1ccc(cc1)[S](=O)(=O)Nc2cc(cc3C=C(C(=N/Nc4cc(Cl)ccc4Oc5ccccc5)\C(=O)c23)[S]([O-])(=O)=O)[S]([O-])(=O)=O
A-2967,-1.3487765491,[H+].[Cl-].CC(C)(C)N(CC(=O)c1ccc(O)c(CO)c1)Cc2ccccc2
A-2968,-1.3292188053,[Cl-].CN(N=CC1=[N+](C)c2ccccc2C1(C)C)c3ccc(C)cc3
A-2969,-0.8495729561,ON=C1CCCCC1
A-2970,-0.9572055168,[Na+].[Na+].[Na+].[Na+].[Na+].[Na+].Nc1c(N=Nc2cc(Nc3nc(Cl)nc(Nc4cccc(c4)[S]([O-])(=O)=O)n3)ccc2[S]([O-])(=O)=O)c(cc5C=C(/C(=N/Nc6cc(Nc7nc(Cl)nc(Nc8cccc(c8)[S]([O-])(=O)=O)n7)ccc6[S]([O-])(=O)=O)C(=O)c15)[S]([O-])(=O)=O)[S]([O-])(=O)=O
A-2971,1.1291356492,OC(=O)C1CCCN1
A-2972,-0.0326449205,[Ca++].[O-]P=O.[O-]P=O
A-2973,0.105005622,[NH4+].[Fe+3].[O-]C(=O)CN(CCCN(CC([O-])=O)CC([O-])=O)CC([O-])=O
A-2974,-0.8776016797,ON=C1CCCCC1
A-2975,-1.7615101482,[Na+].[Na+].COc1nc(Nc2ccccc2)nc(Nc3ccc(\C=C\c4ccc(Nc5nc(Nc6ccccc6)nc(OC)n5)cc4[S]([O-])(=O)=O)c(c3)[S]([O-])(=O)=O)n1
A-2976,-0.6308713175,[Na+].Cc1ccc(N[S](=O)(=O)c2cc(NNC3=C4C(=O)C=C(C=C4C=CC3=N)[S]([O-])(=O)=O)ccc2Cl)c(C)c1
A-2977,-0.4366004304,[Na+].Cc1cc(ccc1N\N=C2\C(=O)C=Cc3ccccc23)[S]([O-])(=O)=O
A-2978,0.8789246042,Oc1ccc(cc1)[S](O)(=O)=O
A-2979,0.849861103,Cc1cccc(c1C)[S](O)(=O)=O
A-2980,-0.5866084475,[Na+].[Na+].CC(=O)Nc1cc(cc2C=C(\C(=N/Nc3ccccc3)C(=O)c12)[S]([O-])(=O)=O)[S]([O-])(=O)=O
A-2981,-0.9774881423,CN(C)C1CCCCC1
A-2982,-0.7546423143,[Li+].[Li+].[O-]C([O-])=O
A-2983,-0.6794075026,[Na+].[Na+].CC(=O)Nc1ccc2C=C(\C(=N/Nc3ccc(cc3)[S](=O)(=O)CCO[S]([O-])(=O)=O)C(=O)c2c1)[S]([O-])(=O)=O
A-2984,-0.7717026899,[Na+].CCN(CC)c1ccc(cc1)[C+](c2ccc(cc2)N(CC)Cc3cccc(c3)[S]([O-])(=O)=O)c4ccc(cc4)N(CC)Cc5cccc(c5)[S]([O-])(=O)=O
A-2985,-0.0952988049,NCCCCCCNC(O)=O
A-2986,-1.8530334733,CCCCCCCO
A-2987,0.9030401981,[Li].O[S](=O)(=O)C(F)(F)F
A-2988,0.0102512628,NC(N)=N.O[N+]([O-])=O
A-2989,0.9006129971,[Li].O[S](=O)(=O)C(F)(F)F
A-2990,0.899568601,[Li].O[S](=O)(=O)C(F)(F)F
A-2991,-0.181251006,CCOCCOCCOC(=O)C=C
A-2992,0.8946612665,[Li].O[S](=O)(=O)C(F)(F)F
A-2993,0.1752408894,N#CCCC#N
A-2994,-0.8547884608,[Na+].[Na+].Cc1cc(ccc1NNC2=C(C=C3C=CC(=O)C=C3C2=O)[S]([O-])(=O)=O)C4(CCCCC4)c5ccc(NNC6=C(C=C7C=CC(=O)C=C7C6=O)[S]([O-])(=O)=O)c(C)c5
A-2995,-0.1516087463,[Ca++].[O-]P=O.[O-]P=O
A-2996,0.7929035268,Cc1cccc(c1C)[S](O)(=O)=O
A-2997,0.8261600517,Cc1ccc(cc1)[S](O)(=O)=O
A-2998,0.7921515015,Cc1cccc(c1C)[S](O)(=O)=O
A-2999,0.8489070931,O[S](=O)(=O)c1ccccc1
A-3000,0.7779988658,Cc1cccc(c1C)[S](O)(=O)=O
A-3001,-1.476228892,[Na+].Nc1cc(cc2cc(cc(O)c12)[S]([O-])(=O)=O)[S](O)(=O)=O
A-3002,0.0790172102,OC(=O)C(O)=O
A-3003,-0.3073494259,[K].OC(=O)C(O)=O.OC(=O)C(O)=O
A-3004,1.1700973958,[Li+].[O-][N+]([O-])=O
A-3005,0.931102034,CCCCNCCO
A-3006,1.1242964559,CNCCO
A-3007,1.2140725315,NCCO
A-3008,1.1361123296,CN(C)C=O
A-3009,0.7823423727,[OH-].[Cr+3].[O-][S]([O-])(=O)=O
A-3010,1.2435692985,[Na+].S
A-3011,-0.0373866526,[F].[F].[F].[Cr]
A-3012,1.5509846262,OC(=O)c1cc(Br)nn1c2ncccc2Cl
A-3013,-1.1300696517,ClCCOCCCl
A-3014,-1.6348811475,[Na+].Cc1ccc(Nc2ccc(O)c3C(=O)c4ccccc4C(=O)c23)c(c1)[S]([O-])(=O)=O
A-3015,-1.6185710281,c1ccccc1
A-3016,-1.9269965972,COC(=O)c1ccc(O)cc1
A-3017,-2.4667539114,[Na+].CCN(CC)[S](=O)(=O)c1ccc(OC)c(N\N=C\2C=C(c3ccccc3C2=O)[S]([O-])(=O)=O)c1
A-3018,0.8673994761,CCOC(=O)N(CC)c1ccccc1
A-3019,-2.5693362814,CCCC[Sn++]CCCC.CCCCC(CC)C([O-])=O.CCCCC(CC)C([O-])=O
A-3020,-2.1616366003,CCCCCCCCN1CCCC1=O
A-3021,-2.3570247849,Oc1ccc(cc1)[S](=O)(=O)c2ccc(O)cc2
A-3022,-2.467909689,OC(=O)c1cc(Br)nn1c2ncccc2Cl
A-3023,0.531668461,OC(=O)c1cc(Br)nn1c2ncccc2Cl
A-3024,-2.639897679,OC[C@H]1O[C@@H](Oc2cc(O)cc(O)c2C(=O)CCc3ccc(O)cc3)[C@H](O)[C@@H](O)[C@@H]1O
A-3025,-2.1510663204,Cc1c(N)cccc1Cl
A-3026,-2.1767306487,CC(C)c1ccc(C)cc1O
A-3027,-2.2317574452,CC(=O)OCCc1ccccc1
A-3028,-2.3750473352,OC(=O)CCCCC1CCSS1
A-3029,-2.2911044462,Cc1ccccc1OCC2CO2
A-3030,-2.8980709963,CCCCCCCCCCCCCC[N+](C)(C)C.CCCCCCCCCCCCCC[N+](C)(C)C.[O-]C(=O)C([O-])=O
A-3031,-2.4426966642,CCCCCCc1ccc(O)cc1O
A-3032,-2.7557670013,Nc1ccc(\C=C\c2ccc(N)cc2[S](O)(=O)=O)c(c1)[S](O)(=O)=O
A-3033,-2.5027838192,O=C1CCCCCCCCCCCN1
A-3034,-2.7475939424,[Na+].O[S](=O)(=O)CCN1CCN(CC1)CC[S]([O-])(=O)=O
A-3035,-2.6630758608,Clc1ccc2N(C3CC[NH2+]CC3)C(=O)Nc2c1
A-3036,-2.4019044997,CC(=C)C1CCC(=CC1)C
A-3037,-2.3205979504,Clc1ccccc1
A-3038,-2.349812241,Clc1ccccc1
A-3039,-2.3506765089,Clc1ccccc1
A-3040,-2.3532796804,Clc1ccccc1
A-3041,-2.3756018844,Clc1ccccc1
A-3042,-2.4001022121,Clc1ccccc1
A-3043,-2.6759065954,CC(CC=O)CC(C)(C)C
A-3044,-2.5815582101,Clc1ccccc1
A-3045,-2.7354098806,Clc1ccccc1
A-3046,-2.8964049508,[O-][N+](=O)c1ccc(Cl)cc1
A-3047,-3.0533857998,Clc1ccccc1Cl
A-3048,-3.0551170134,CC(=C)C1CCC(=CC1)C
A-3049,-3.1255398769,COc1ccc(\C=C\C)cc1
A-3050,-3.3205485882,CN(C)C(=O)Nc1cccc(c1)C(F)(F)F
A-3051,-2.925072887,CCCCCl
A-3052,-3.5084300555,CCCCC(CC)CO[P](O)(=O)OCC(CC)CCCC
A-3053,-3.1996317806,[Cl-].[Cl-].[Cl-].[Cr+3]
A-3054,-3.5742890365,NC1=Nc2[nH]cc(CCc3ccc(cc3)C(O)=O)c2C(=O)N1
A-3055,-3.4202754414,C.[Mo].[Mo]
A-3056,-3.2405364974,CC(=C)C1CCC(=CC1)C
A-3057,-3.3809163975,CC(C)c1ccccc1
A-3058,-3.657083487,CC(Cc1ccc(cc1)C(C)(C)C)C=O
A-3059,-3.6566945877,Clc1ccc(Cl)c(Cl)c1
A-3060,-4.0223191178,[Na+].CCCCCCCCCCCCCCCC(=O)N1[C@@H](CCC1=O)C([O-])=O
A-3061,-3.9692395593,CCOC(=O)N(c1ccccc1)c2ccccc2
A-3062,-4.0095322608,CCC(C)c1cc(cc(c1O)[N+]([O-])=O)[N+]([O-])=O
A-3063,-4.2387212867,C.[Mo].[Mo]
A-3064,-3.0742274262,[O--].[O--].[O--].[O--].[O--].[O--].[Al+3].[Al+3].[Ca++].[Ca++].[Ca++].[Ca++].[Ca++].[Ca++].[O-][S]([O-])(=O)=O.[O-][S]([O-])(=O)=O.[O-][S]([O-])(=O)=O
A-3065,-4.8480104343,CC(C)CCCC(C)CCCC(C)CCCCC(C)CCCC(C)CCCC(C)C
A-3066,-4.6932923336,Nc1ccc(OCc2cccc(F)c2)c(Cl)c1
A-3067,-4.8670972664,Oc1c(Br)c2ccccc2nc1C3C(=O)c4ccccc4C3=O
A-3068,-5.1490404299,CC(C)CCCC(C)CCCC(C)CCCCC(C)CCCC(C)CCCC(C)C
A-3069,-5.0726156394,O=C1CCCCCCCCCC\C=C/CCC1
A-3070,-5.4064703034,NC1=Nc2[nH]cc(CCc3ccc(cc3)C(O)=O)c2C(=O)N1
A-3071,-5.6261616847,CC(C)CCCC(C)CCCC(C)CCCCC(C)CCCC(C)CCCC(C)C
A-3072,-5.6165511281,[Ca++].[O-][Sn]([O-])=O
A-3073,-6.9644458512,CCCCCCCCCCCCCCC/C=C/CC(CC(O)=O)C(O)=O
A-3074,-4.8472795348,CCCCCCCCCCCCCCCCOc1ccccc1C(=O)CC(=O)Nc2scc(n2)c3ccccc3
A-3075,-0.1657752416,CC(C)OCCOC(C)=O
A-3076,-0.5687670702,[NH4+].[NH4+].[NH4+].[Cl-].[Cl-].[Cl-].[Cl-].[Cl-].[Cl-].[Rh+3]
A-3077,-0.2790374966,CC(CC(O)=O)CC(C)(C)C(O)=O
A-3078,0.6554902722,OC(=O)c1cc(ccc1O)[S](O)(=O)=O
A-3079,0.727886015,N[S](O)(=O)=O.C1COCCN1
A-3080,1.2284072863,[F-].[K+]
A-3081,0.8776773261,OCCN1CCNC1=O
A-3082,-0.2337041755,Nc1ccc(OCCO)c(N)c1
A-3083,0.0562733679,CC(=C)C(O)=O
A-3084,-0.1967597116,CC(=C)C(=O)OC(=O)C(C)=C
A-3085,1.1551126477,[Na+].[O-]C=O
A-3086,0.583312842,CC[N+](CC)(CC)CC.[O-]C(=O)c1ccccc1
A-3087,0.1711169096,[Na+].[O-]C#N
A-3088,0.0579609271,[Na+].OC([O-])=O
A-3089,0.9577927941,OCCNCCO
A-3090,1.0427507193,O=C1NCCN1
A-3091,-0.5000132962,C=CC(=O)OCCOCCOCCOCCOC(=O)C=C
A-3092,0.1220259444,CCC1CO1
A-3093,-0.8053203897,[Na+].CCN(CC)c1cc2[o+]c3cc(N(CC)CC)c(C)cc3c(c2cc1C)c4ccc(cc4[S]([O-])(=O)=O)[S]([O-])(=O)=O
A-3094,0.1197461781,CCC1CO1
A-3095,0.107770617,CC(C)CO
A-3096,1.1447125952,[Na+].[O-]C=O
A-3097,0.9635010857,[Na+].[Br-]
A-3098,0.8454562496,COCCOCCOC
A-3099,0.0381751458,C/C=C/C(O)=O
A-3100,-0.4440713859,[Ba++].[O-][N+]([O-])=O.[O-][N+]([O-])=O
A-3101,-0.0687067973,Oc1ccc(O)cc1
A-3102,-0.5341935881,[Zn++].[O-]C(=O)C1CCC(=O)N1.[O-]C(=O)C2CCC(=O)N2
A-3103,0.5584062107,[Na+].[Na+].[Na+].[O-]C(=O)CN(CC([O-])=O)CC([O-])=O
A-3104,-0.3966430532,[Ca++].O[P](O)([O-])=O.O[P](O)([O-])=O
A-3105,0.0460365702,[Na+].OC([O-])=O
A-3106,0.6911086317,[Cl].[Fe].[O-][S]([O-])(=O)=O
A-3107,0.7537262675,[Cl-].[Cl-].[Cl-].[Fe+3]
A-3108,0.7822071814,[Fe++].[O-][S]([O-])(=O)=O
A-3109,0.6906363157,[Cl].[Fe].[O-][S]([O-])(=O)=O
A-3110,0.7532539515,[Cl-].[Cl-].[Cl-].[Fe+3]
A-3111,0.7817348655,[Fe++].[O-][S]([O-])(=O)=O
A-3112,0.6873156426,[Cl].[Fe].[O-][S]([O-])(=O)=O
A-3113,0.7499332785,[Cl-].[Cl-].[Cl-].[Fe+3]
A-3114,0.7784141924,[Fe++].[O-][S]([O-])(=O)=O
A-3115,0.8091728638,[K+].CN(C)CC([O-])=O
A-3116,0.9635010857,[Na+].[Br-]
A-3117,0.9537476957,[K+].OC([O-])=O
A-3118,0.0190678934,CC(=C)CCO
A-3119,-0.0376256699,O=C1CCCCC1
A-3120,-1.5762449498,[Na+].CCC(C)c1cc(cc(n2nc3ccccc3n2)c1O)[S]([O-])(=O)=O
A-3121,-1.4215769025,OC(Cn1ccnc1)c2ccc(Cl)cc2Cl
A-3122,-0.7921027377,NCCN
A-3123,-1.0477452605,Cc1ccc(N)cc1
A-3124,-1.067287887,OC1=CC(=O)NC=N1
A-3125,-1.8948362305,[Na+].[Na+].Cc1ccc(cc1[S]([O-])(=O)=O)[S](=O)(=O)c2cc(NC(=O)C(Br)=C)ccc2N=Nc3c(N)ccc4cc(ccc34)[S]([O-])(=O)=O
A-3126,-1.2480817296,CC1CCC2C(C1)C(=O)OC2=O
A-3127,-1.1880435365,Sc1ccccc1Cl
A-3128,-1.1714515037,CCOc1ccccc1O
A-3129,-1.3330548746,CCC1(COCOC1)COC(=O)C=C
A-3130,-1.4759803181,C[C@@](CCC([O-])=O)(N=N[C@](C)(CCC([O-])=O)C#N)C#N
A-3131,-1.2249283009,CC(C)OC(=O)C(F)(F)F
A-3132,-1.2280265929,COc1cc(C=O)ccc1O
A-3133,-1.2858947125,BrCBr
A-3134,0.7153884158,[Na+].[Na+].[O-][Se]([O-])=O
A-3135,0.5192202667,[Na+].[Cl-].[O-]C(=O)c1ccc[n+](Cc2ccccc2)c1
A-3136,0.7149045222,[Na+].[Na+].[O-][Se]([O-])=O
A-3137,1.0316559884,CC(C)(N)C#C
A-3138,-0.353018777,CN=C(NCC1CCOC1)N[N+]([O-])=O
A-3139,0.2664613742,[Na+].[O-][V](=O)=O
A-3140,-0.9210343837,[Na+].[Na+].CCN1C(=O)C(=N/Nc2cc(Nc3nc(F)nc(Nc4cc(ccc4Cl)[S]([O-])(=O)=O)n3)ccc2[S]([O-])(=O)=O)\C(=C(C(N)=O)C1=O)C
A-3141,-0.1217916078,CC(C)C(N)C(O)=O
A-3142,0.7153884158,[Na+].[Na+].[O-][Se]([O-])=O
A-3143,0.6684045923,CN(C)CCCNCCCN(C)C
A-3144,0.815044373,CC(O)CNCC(C)O
A-3145,-0.0010166097,CCOC(C)=O
A-3146,0.7924026819,C1N2CN3CN1CN(C2)C3
A-3147,0.8842755632,O=C1CCCCCN1
A-3148,0.3652265972,O.O.O.O.O.O.O.[Cl-].[Cl-].[Cl-].[La+3]
A-3149,0.080542298,CCC1CO1
A-3150,-0.2746003215,[Al+3].[O-]C=O.[O-]C=O.[O-]C=O
A-3151,-0.0573697281,O=C1CCCCC1
A-3152,0.7954464497,[Cl-].[Cl-].[Zn++]
A-3153,0.5710956732,[NH4+].[NH4+].[O-][S](=O)(=O)OO[S]([O-])(=O)=O
A-3154,0.8631712923,[Na+].[O-]C(=O)CCl
A-3155,-0.1430038628,CC(O)C(N)C(O)=O
A-3156,0.0594659374,CC(C)CO
A-3157,-0.0158033909,CC(C)CCO
A-3158,1.0895782333,[Na+].[O-]N=O
A-3159,0.6474063078,[Cl-].C[N+](C)(C)CC(O)CCl
A-3160,0.6473022977,[Cl-].C[N+](C)(C)CC(O)CCl
A-3161,0.6374289639,CC(O)CN(CC(C)O)CC(C)O
A-3162,0.901422988,CC(C)(CO)CO
A-3163,-0.025404461,CCOC(C)=O
A-3164,-2.4997980736,[Cl].[Cl].[Rh].[Rh].C\1C\C=C/CC\C=C1.C\2C\C=C/CC\C=C2
A-3165,-0.3910244327,[K+].OC(=O)c1ccccc1C([O-])=O
A-3166,-0.4724611164,[Na+].[Na+].[Na+].[Na+].[Na+].[Na+].[O-][W]([O-])(=O)=O.[O-][W]([O-])(=O)=O.[O-][W]([O-])(=O)=O.O=[W](=O)=O.O=[W](=O)=O.O=[W](=O)=O.O=[W](=O)=O.O=[W](=O)=O.O=[W](=O)=O.O=[W](=O)=O.O=[W](=O)=O.O=[W](=O)=O
A-3167,0.573595477,C[Sn](C)(Cl)Cl
A-3168,0.8486241841,[Na+].[O-]C(=O)CCl
A-3169,0.8601209136,O=C1CCCCCN1
A-3170,1.0812602352,[Na+].[O-]C=O
A-3171,1.0749962334,[Na+].[O-]N=O
A-3172,0.6245331513,[Na+].Cc1ccc(cc1)[S]([O-])(=O)=O
A-3173,-0.5343422948,COc1ccc([NH2+]CCO)cc1[NH3+].[O-][S]([O-])(=O)=O
A-3174,-0.0790069571,C=CCNCC=C
A-3175,1.5784906741,CO[P](=O)(CCC(=O)NCO)OC
A-3176,0.8198167582,NC(CO)(CO)CO
A-3177,-0.6086138351,[Ca++].CCCCC(CC)C([O-])=O.CCCCC(CC)C([O-])=O
A-3178,-0.0402899395,CCOC(C)=O
A-3179,-1.0592793487,OCCN(CCO)c1nc(Nc2ccccc2)nc(Nc3ccc(\C=C\c4ccc(Nc5nc(Nc6ccccc6)nc(n5)N(CCO)CCO)cc4[S](O)(=O)=O)c(c3)[S](O)(=O)=O)n1
A-3180,-0.1309124421,N#CCCCCC#N
A-3181,-1.2990810635,CC(=O)CC(=O)Nc1ccccc1
A-3182,-1.3927347854,O=C1OC(=O)c2cc3C(=O)OC(=O)c3cc12
A-3183,-1.0509770145,ClCCCl
A-3184,-1.6762060535,CO[S]([O-])(=O)=O.CN(N=CC1=[N+](C)c2ccccc2C1(C)C)c3ccc(C)cc3
A-3185,-1.6925364836,COc1ccc(cc1)N(C)N=CC2=[N+](C)c3ccccc3C2(C)C.CO[S]([O-])(=O)=O
A-3186,-1.2603343364,CCCCC(CC)(CO)CO
A-3187,-1.1429650342,Cc1ccc(O)c(C)c1
A-3188,-1.2981258416,ClCCOCOCCCl
A-3189,-1.137405046,ClC(Cl)Cl
A-3190,-1.2145838492,CI
A-3191,-1.2311874925,NC(CCC(O)=O)C(O)=O
A-3192,-1.2326980835,NC(CCC(O)=O)C(O)=O
A-3193,-1.0573697281,CC\C=C(/C)C=O
A-3194,-1.234720413,NC(CCC(O)=O)C(O)=O
A-3195,-1.4062217243,O=C1OC(=O)c2cc3C(=O)OC(=O)c3cc12
A-3196,-1.306674746,CCCCOC(=O)CCC(C)=O
A-3197,-1.3015260488,CC1CCC2C(C1)C(=O)OC2=O
A-3198,-0.9443063805,[Li+].[Li+].[O-]C([O-])=O
A-3199,-1.5917155587,[Ca++].CCCCC(CC)C([O-])=O.CCCCC(CC)C([O-])=O
A-3200,-1.3850838746,OC(=O)CC1(CCCCC1)CC(O)=O
A-3201,-1.167514488,Cc1cccc(C)c1N
A-3202,-1.3871946661,COC(=O)C1CCC(CC1)C(=O)OC
A-3203,-1.0208314589,CC(C)C(C)=O
A-3204,-1.7357141887,[Na+].CCCCC(CC)COC(=O)CC(C(=O)OCC(CC)CCCC)[S]([O-])(=O)=O
A-3205,-1.2255453859,NC(=O)c1ccc(N)cc1
A-3206,-1.3525852601,CN1C(=O)N(C)c2nc[nH]c2C1=O
A-3207,-1.1766374027,CC(=O)c1ccccc1
A-3208,-1.5746822214,CC(CC#N)CC(C)(C)C#N.CC(CC(C)(C)CC#N)C#N
A-3209,-1.2279188258,CN(C)Cc1ccccc1
A-3210,-1.1738343117,ClC(Cl)Cl
A-3211,1.908299785,[NH4+].[Br-]
A-3212,-0.2954517157,C=CC(=O)OCC1CCCO1
A-3213,0.8317987498,OC(=O)\C=C\C(O)=O
A-3214,1.908299785,[NH4+].[Br-]
A-3215,0.4217473345,[K+].CC(=O)CC(=O)Nc1ccc(cc1)[S]([O-])(=O)=O
A-3216,0.5809706516,CCOC1=C(O)C(=O)O[C@@H]1[C@@H](O)CO
A-3217,0.420460109,[Na+].[Na+].[Na+].[Na+].CC(O)([P]([O-])([O-])=O)[P]([O-])([O-])=O
A-3218,-0.2672048759,COC(=O)\C=C/C(=O)OC
A-3219,-0.2074175174,Cc1cc(O)ccc1O
A-3220,0.9386362339,CNC(=O)NC
A-3221,1.350555544,S
A-3222,-2.5804798622,[NH4+].[NH4+].[NH4+].[NH4+].[O-][Mo]([O-])(=O)=O.[O-][Mo]([O-])(=O)=O
A-3223,0.4104692649,[Na+].CCCCC(CC)CN(CCC(O)=O)CCC([O-])=O
A-3224,-0.3144503064,[Li+].[Li+].[O-]C(=O)CCCCC([O-])=O
A-3225,-0.4464203519,[Li+].[Li+].[O-]C(=O)CCCCCCCCC([O-])=O
A-3226,-0.4169944441,[Li+].[Li+].[O-]C(=O)CCCCCCCC([O-])=O
A-3227,-0.3755357121,[Cu++].CC([O-])=O.CC([O-])=O
A-3228,-0.3766726093,[Cu++].CC([O-])=O.CC([O-])=O
A-3229,-0.3772421759,[Cu++].CC([O-])=O.CC([O-])=O
A-3230,0.8993339871,[H+].[Cl-].CN(C)C
A-3231,1.3448335313,S
A-3232,0.4499772209,CNC.OC(=O)COc1ccc(Cl)cc1Cl
A-3233,0.8026937067,COCCC(=O)OC
A-3234,0.9659600909,[K+].[O-]C#N
A-3235,-0.18999534,OCCCCOC=C
A-3236,0.8626748208,[K+].[O-]P=O
A-3237,0.8546356528,O.[Na+].[O-]P=O
A-3238,-0.5379542498,CCCCOCC1CO1.CC(C)N.FB(F)F
A-3239,-0.7188245607,[Cl-].C(c1ccccc1)[P+](c2ccccc2)(c3ccccc3)c4ccccc4
A-3240,-0.7147015974,[Na+].[O-][S](=O)(=O)C(CC(=O)OC1CCCCC1)C(=O)OC2CCCCC2
A-3241,-0.7741720686,CN(CCC#N)c1ccc(cc1)C=CC2=[N+](C)c3ccccc3C2(C)C.[O-][S]([O-])(=O)=O
A-3242,-0.0007212686,CCCCO
A-3243,0.6404700126,[Na+].NC(CCC(O)=O)C([O-])=O
A-3244,0.6697033107,[Cl-].N[C@@H](CS)C(O)=O.[H+]
A-3245,1.0240522678,[nH]1cncn1
A-3246,0.4865525209,[Na+].[Na+].[O-][S](=O)(=O)OO[S]([O-])(=O)=O
A-3247,-0.8725523685,[Na+].CC1=NN(C(=O)C1N=Nc2ccc(C)c(c2)[S](=O)(=O)Nc3ccccc3)c4ccc(cc4)[S]([O-])(=O)=O
A-3248,-0.1637291545,Cc1ccc(N)cc1
A-3249,0.0059673299,OC(=O)C=C
A-3250,1.3686434782,CN
A-3251,0.6841312644,[Na+].[O-]N1C=CC=CC1=S
A-3252,-0.0742379953,CCCC(C)=O
A-3253,-0.1845021545,Oc1ccc(O)cc1
A-3254,-0.7073891824,[Na+].[Fe+3].[O-]C(=O)CN(CCN(CC([O-])=O)CC([O-])=O)CC([O-])=O
A-3255,-3.6773468456,CC(C)c1cccc(c1)C(C)CC=O
A-3256,-3.7081424715,C=CC(=O)OC1C=CC2C3CCC(C3)C12
A-3257,0.8136845047,Oc1cccc(O)c1
A-3258,0.6949528649,[Na+].[O-][S](=O)(=O)CC=C
A-3259,-1.1748734719,[Na+].[Na+].[Na+].[Na+].Cc1cc(Nc2nc(NCCO)nc(Nc3ccc(N=Nc4cc5c(cccc5[S]([O-])(=O)=O)c(c4)[S]([O-])(=O)=O)c(C)c3)n2)ccc1N=Nc6cc7c(cccc7[S]([O-])(=O)=O)c(c6)[S]([O-])(=O)=O
A-3260,-0.1905763022,Oc1ccc(O)cc1
A-3261,0.2125744686,COc1ccc2cc(oc2c1)C3N(C)c4cc(ccc4[NH+]3C)[S](C)(=O)=O.CC([O-])=O
A-3262,0.4318666789,[Na+].OCCN1CCN(CC1)CC[S]([O-])(=O)=O
A-3263,0.7853597575,NC(=O)[C@@H]1CCC[NH2+]1
A-3264,1.0058274476,[nH]1cncn1
A-3265,1.3775443727,[H+].[Br-]
A-3266,1.0125444228,[Na+].[O-]C=O
A-3267,-0.5941393378,O.CC([NH3+])c1ccccc1.C[C@@H]2O[C@@H]2[P](O)([O-])=O
A-3268,-0.4937666579,CC(=O)OCC(COC(C)=O)OC(C)=O
A-3269,-0.0248549483,CC(C)CO
A-3270,-0.1967366109,Oc1ccc(O)cc1
A-3271,-0.9642156803,CN=C=S
A-3272,-1.0978325953,ClCCCl
A-3273,-1.2293181874,NC(CC(O)=O)C(O)=O
A-3274,-1.7271281938,[I-].CC[P+](c1ccccc1)(c2ccccc2)c3ccccc3
A-3275,-0.8144249576,[V]
A-3276,-1.5982895297,Nc1ccc(Nc2ccc(cc2[S](O)(=O)=O)[N+]([O-])=O)cc1
A-3277,-0.9658828245,CCOC=C
A-3278,-1.743927996,[Cl-].Cn1c2ccccc2c(C=CC3=[N+](C)c4ccccc4C3(C)C)c1c5ccccc5
A-3279,-1.0383982131,C1COC=CC1
A-3280,-1.4710748658,CC(C)(O)C(=O)c1ccc(OCCO)cc1
A-3281,-1.2899752166,CCCCCCC(O)CO
A-3282,-1.3183499861,CC(C)OC(=O)C(F)(F)F
A-3283,-0.9808647784,ClCl
A-3284,-1.2416022633,CCN(C(C)C)C(C)C
A-3285,-1.3864435273,CN1C(=O)N(C)c2nc[nH]c2C1=O
A-3286,-1.2177221895,CCc1ccc(O)cc1
A-3287,-1.1607847738,Cc1ccc(N)cc1
A-3288,-1.1613720552,Cc1ccc(N)cc1
A-3289,-1.7991126191,[Na].Nc1cc(c(O)c2C(=O)c3c(N)cc(c(O)c3C(=O)c12)[S](O)(=O)=O)[S](O)(=O)=O
A-3290,-1.336078753,CC(C)OC(=O)C(F)(F)F
A-3291,-1.9476532093,[Na+].[Na+].CN=C1C=CC2=CC(=CC(=O)C2=C1NNc3ccc(NC(=O)C(Br)=C)cc3[S]([O-])(=O)=O)[S]([O-])(=O)=O
A-3292,-1.8471355444,[Na+].CCOc1ccc(C)cc1N=Nc2ccc(N=Nc3cccc(c3)[S]([O-])(=O)=O)c4ccccc24
A-3293,-1.2196294277,OC(=O)\C=C\C(O)=O
A-3294,-1.5038218002,CC(O)CN(CC(C)O)c1ccc(C)cc1
A-3295,-1.4940292987,CCCCOCCOCCOCCCC
A-3296,-1.3429497185,CCO[S](=O)(=O)OCC
A-3297,-1.9428219908,[Na+].CN(Cc1ccc(Nc2cc(c(N)c3C(=O)c4ccccc4C(=O)c23)[S]([O-])(=O)=O)cc1)[S](=O)(=O)c5ccc(C)cc5
A-3298,-1.814971134,[Mg].[Mg].[Mg].OC(=O)CC(O)(CC(O)=O)C(O)=O.OC(=O)CC(O)(CC(O)=O)C(O)=O
A-3299,0.6610693015,[K+].[O-]C(=O)C(F)(F)F
A-3300,0.6844005874,[Na+].[Na+].[O-][P]([O-])(F)=O
A-3301,1.1758552936,OC=O
A-3302,-0.1992254113,Oc1ccc(O)cc1
A-3303,0.3226990562,[NH4+].[NH4+].OC(=O)CN(CCN(CC(O)=O)CC([O-])=O)CC([O-])=O
A-3304,1.0143391536,[Li+].CC([O-])=O
A-3305,1.1695151155,OC=O
A-3306,0.2865181043,CCCCCCCCCCCC[N+](C)(C)CC(O)C[S]([O-])(=O)=O
A-3307,-0.3629885045,[Li+].[Li+].[O-]C(=O)CCCCC([O-])=O
A-3308,-0.49495855,[Li+].[Li+].[O-]C(=O)CCCCCCCCC([O-])=O
A-3309,-0.4655326422,[Li+].[Li+].[O-]C(=O)CCCCCCCC([O-])=O
A-3310,-0.0106061545,CC(=C)C=O
A-3311,0.7893950429,Oc1cccc(O)c1
A-3312,0.7556754335,[K+].[Br-]
A-3313,0.4924399529,Cc1ccc(cc1[S](O)(=O)=O)[N+]([O-])=O
A-3314,0.4692256086,[Cr+3].CC([O-])=O.CC([O-])=O.CC([O-])=O
A-3315,0.4692256086,[Cr+3].CC([O-])=O.CC([O-])=O.CC([O-])=O
A-3316,-0.4390279005,O[C@@H](C(O)=O)c1ccccc1Cl
A-3317,-0.3300824371,COC(=O)\C=C/C(=O)OC
A-3318,-1.0156300044,[Na+].[Na+].[O-][S](=O)(=O)c1ccc2c(C=CC(=O)/C2=N/Nc3ccc(N=Nc4ccc(Nc5ccccc5)c(c4)[S]([O-])(=O)=O)c6ccccc36)c1
A-3319,0.4112261076,[I-].[Cs+]
A-3320,0.6585802853,[Cl-].CN1C[NH+](C=C)C=C1
A-3321,0.487262014,Cc1ccc(cc1[S](O)(=O)=O)[N+]([O-])=O
A-3322,0.412389995,[Na+].[Na+].[Na+].OC(CC([O-])=O)(CC([O-])=O)C([O-])=O
A-3323,0.9846566102,[Na+].[O-]N=O
A-3324,0.9885003606,[nH]1ccnc1
A-3325,0.6219271018,[Cl-].N[C@@H](CS)C(O)=O.[H+]
A-3326,-0.0356831695,[Ru+3].[Ru+3].[Ru+3].CC([O-])=O.CC([O-])=O.CC([O-])=O.CC([O-])=O.CC([O-])=O.CC([O-])=O.CC([O-])=O
A-3327,-0.6686214858,CC(=O)CC(c1ccccc1)C2=C(O)Oc3ccccc3C2=O
A-3328,-0.0504090528,CCCCO
A-3329,0.5020204465,[Na+].[Na+].[O-][Mo]([O-])(=O)=O
A-3330,0.540234161,[Cl].[Fe].[O-][S]([O-])(=O)=O
A-3331,0.6028517968,[Cl-].[Cl-].[Cl-].[Fe+3]
A-3332,-0.2534334442,[Na+].[Na+].[Na+].[Na+].OCCN(CCO)c1nc(Nc2ccc(cc2)[S]([O-])(=O)=O)nc(Nc3ccc(\C=C\c4ccc(Nc5nc(Nc6ccc(cc6)[S]([O-])(=O)=O)nc(n5)N(CCO)CCO)c(c4)[S]([O-])(=O)=O)cc3[S]([O-])(=O)=O)n1
A-3333,0.6313327107,[Fe++].[O-][S]([O-])(=O)=O
A-3334,-0.1480332002,ClCC1CO1
A-3335,-0.8354591701,[Na+].COc1ccc(cc1)N=Nc2ccc(cc2OC)N=Nc3cccc(c3)[S]([O-])(=O)=O
A-3336,0.6832490261,OC(CC(O)=O)C(O)=O
A-3337,0.6370124426,[Na+].[O-]N1C=CC=CC1=S
A-3338,0.5246316134,OC(=O)CC(O)(CC(O)=O)C(O)=O
A-3339,0.5110430921,[Na+].OC[C@H](O)C1OC(=O)[C-](O)C1=O
A-3340,0.6949333776,[Cl-].[Cl-].[Ni++]
A-3341,-0.0577082915,CCOCC
A-3342,-1.0175519333,[Na+].Cc1c(CNC(=O)CCl)c(C)c(Nc2cc(c(N)c3C(=O)c4ccccc4C(=O)c23)[S]([O-])(=O)=O)c(C)c1CNC(=O)CCl
A-3343,-0.5040161105,CCCCOCCOCCOC(C)=O
A-3344,-0.128994642,CC(C)=CCO
A-3345,0.4388612162,[Ca++].N[S]([O-])(=O)=O.N[S]([O-])(=O)=O
A-3346,0.7389034055,NCCCCCCN
A-3347,0.731520726,[Na+].OC[S]([O-])=O
A-3348,0.9683905422,[nH]1ccnc1
A-3349,0.6099273323,[Na+].N[C@@H](CC(O)=O)C([O-])=O
A-3350,0.4418268675,[Cl-].CC[N+](CC)(CC)Cc1ccccc1
A-3351,0.9798953284,[Li+].CC([O-])=O
A-3352,0.4103907799,[Mn++].[O-][P]([O-])([O-])=O.[O-][P]([O-])([O-])=O
A-3353,-0.2165945745,CCC(C)(C)OO
A-3354,-0.2823811698,NCCc1ccccc1
A-3355,-0.06923591,CCCCO
A-3356,-0.4045491049,COC(=O)CCCC(=O)OC
A-3357,0.5627035438,CC1(C)CC(O)CC(C)(C)N1[O]
A-3358,0.6051674279,[Na+].Cc1cccc2n[n-]nc12
A-3359,1.0166281868,NC(N)=O
A-3360,-0.2016662739,O=C1CCC(=O)O1
A-3361,0.0049375589,OB(O)O
A-3362,-0.5801489307,[Ca++].[Ca++].[Ca++].[O-]B([O-])[O-].[O-]B([O-])[O-]
A-3363,-0.2078666993,[K].OB(O)O
A-3364,-0.4769347221,[Ca++].CCC([O-])=O.CCC([O-])=O
A-3365,-0.3416163866,OCC(CO)(CO)CO
A-3366,0.8459829903,CC(C)C(O)=O
A-3367,0.5917902317,CC(C)C(=O)OC(=O)C(C)C
A-3368,0.5919638784,[Cl-].N[C@@H](CS)C(O)=O.[H+]
A-3369,0.6082046329,[Na+].[O-]C(=O)[C@@H]1CCC(=O)N1
A-3370,-0.1131580367,[Na+].[Na+].CCN(Cc1cccc(c1)[S]([O-])(=O)=O)c2ccc(cc2)[C+](c3ccc(cc3)N(CC)Cc4cccc(c4)[S]([O-])(=O)=O)c5ccccc5[S]([O-])(=O)=O
A-3371,0.689301474,[Na+].[Na+].[O-][P](=O)=O
A-3372,-0.3736775878,CC1(C)C(O)C(C)(C)C1O
A-3373,0.2961937852,[K+].[K+].[K+].OC(CC([O-])=O)(CC([O-])=O)C([O-])=O
A-3374,0.0571886956,OCCOCCOCCCNc1ccc(NCCCOCCOCCO)c2C(=O)c3ccccc3C(=O)c12
A-3375,1.0017178079,CC(O)=O
A-3376,0.6148800726,OC(=O)CCC(=O)C(O)=O
A-3377,0.2286526355,[Na+].[Na+].[O-][S](=O)(=O)CCCSSCCC[S]([O-])(=O)=O
A-3378,-0.3818602108,COC(C)CCOC(C)=O
A-3379,-0.0675110058,CC(=C)C=O
A-3380,-0.0798261768,CC(C)C=O
A-3381,-0.5528547078,CC(C)O[P](S)(=S)OC(C)C
A-3382,-0.6537301416,[K+].[K+].[O-][S](=O)(=O)OO[S]([O-])(=O)=O
A-3383,-1.2675650487,CCN(C(C)C)C(C)C
A-3384,-1.1838288064,O=Cc1ccccc1
A-3385,-1.3948677058,CNC(=O)C(C)(C(C)C)C(C)C
A-3386,-1.5532927957,[Al+3].CCCC[O-].CCCC[O-].CCCC[O-]
A-3387,-1.1608458422,ClC(Cl)=O
A-3388,-0.9608413688,CCS
A-3389,-1.4722340504,OC(=O)CC1(CCCCC1)CC(O)=O
A-3390,-1.1139433523,[Sr]
A-3391,-0.194310278,NC(=O)CC[C@H](NC(=O)C[NH3+])C([O-])=O
A-3392,-2.1807658976,[Li].[Na].[K].CC(C)(C)c1ccc(cc1)[S](=O)(=O)Nc2ccc3cc(ccc3c2)[S](=O)(=O)c4cc5N=C6C(=C7Oc8c(ccc(N)c8[S](O)(=O)=O)N=C7C(=C6Oc5c(c4N)[S](O)(=O)=O)Cl)Cl
A-3393,-1.0569732819,CCSC
A-3394,-1.3000620102,NC(CC(O)=O)C(O)=O
A-3395,-1.2835745988,O=C1CC(=O)NC(=O)N1
A-3396,-1.2078484142,Cc1ccc(N)cc1
A-3397,-1.2095723109,O=Cc1ccccc1
A-3398,-1.5077732457,CCC(C)(OO)OOC(C)(CC)OO
A-3399,-1.4051913165,CN[C@@H](C)[C@@H](O)c1ccccc1
A-3400,-1.2982214046,c1ccc2ncccc2c1
A-3401,-1.2554968887,CCOC(=O)C(C)C
A-3402,0.0036602887,S=[Sr]
A-3403,-1.3644249332,O=C1OC(=O)c2ccccc12
A-3404,-1.1871803857,Cl\C=C\Cl
A-3405,-1.2922669152,CC(=O)c1ccccc1
A-3406,-1.3197209625,Nc1cccc(Cl)c1
A-3407,-1.325093551,c1ccc2ncccc2c1
A-3408,-1.2943975547,CC(=O)c1ccccc1
A-3409,-1.7593061432,CC(=O)c1ccccc1.CC(C)(O)c2ccccc2.Oc3ccccc3
A-3410,-2.0301800533,[Na+].[Na+].Nc1c2C(=O)c3ccccc3C(=O)c2c(cc1[S]([O-])(=O)=O)c4cc(c(N)c5C(=O)c6ccccc6C(=O)c45)[S]([O-])(=O)=O
A-3411,-1.2757105223,CCN1CCCCC1
A-3412,-1.4942009905,Cc1ccc(N)c(c1)[S](O)(=O)=O
A-3413,-1.3276109224,Nc1cccc(Cl)c1
A-3414,-1.9594675236,OC(=O)c1cc(C(O)=O)c(cc1C(O)=O)C(O)=O.C2CN=C(N2)c3ccccc3.C4CN=C(N4)c5ccccc5
A-3415,-1.3329835108,c1ccc2ncccc2c1
A-3416,0.8402733738,O=C1NCCN1
A-3417,0.4887423472,OC(=O)CC(O)(CC(O)=O)C(O)=O
A-3418,-3.7261483073,[O--].[O--].[O--].[Fe+3].[Fe+3]
A-3419,0.6511937577,NCCCCCC(O)=O
A-3420,0.553426318,[NH3+]O.[NH3+]O.[O-][S]([O-])(=O)=O
A-3421,0.654418336,[Cl-].[Cl-].[Co++]
A-3422,0.7245781962,Oc1ccccc1O
A-3423,0.6286564425,[K+].O[P](O)(O)=O
A-3424,0.5885828014,OC(C(O)C(O)=O)C(O)=O
A-3425,0.490358752,[K+].O[C@H]([C@@H](O)C([O-])=O)C(O)=O
A-3426,0.4423770579,[Na+].[K+].O[C@H]([C@@H](O)C([O-])=O)C([O-])=O
A-3427,0.183447866,[Na+].[Na+].[Na+].[Na+].[O-]C(=O)CN(CCN(CC([O-])=O)CC([O-])=O)CC([O-])=O
A-3428,-0.8625512021,CCC(COCCOC(=O)C=C)(COCCOC(=O)C=C)COCCOC(=O)C=C
A-3429,-0.6575641045,[Na+].[Na+].[Na+].[Na+].[O-][P]([O-])(=O)O[P]([O-])([O-])=O
A-3430,-0.8308225769,[K+].CCCCCCCCCCCCCC(=O)N[C@@H](CCC(O)=O)C([O-])=O
A-3431,-0.6771811746,CCOC(=O)CC(O)(CC(=O)OCC)C(=O)OCC
A-3432,-0.5754367043,CC(=O)OCC(COC(C)=O)OC(C)=O
A-3433,-0.0945494336,CC1(C)CO1
A-3434,-0.6586987459,CCCCCCOC1O[C@H](CO)[C@@H](O)[C@H](O)[C@H]1O
A-3435,0.4768431239,OC(=O)CC(O)(CC(O)=O)C(O)=O
A-3436,0.4228400172,[Cl-].[Cl-].[NH3+]CCCCCCCC[NH3+]
A-3437,0.8326929954,Nc1[nH]ncn1
A-3438,0.3403663284,OCCN1C(=O)N(CCO)C(=O)N(CCO)C1=O
A-3439,0.4252480462,[Na+].OC(=O)CC(O)(CC(O)=O)C([O-])=O
A-3440,-0.2908454755,CCOC(=O)CC#N
A-3441,-1.0618038915,[Na+].[Na+].Nc1c2C(=O)c3ccccc3C(=O)c2c(Nc4ccc(NC(=O)C(Br)=C)cc4[S]([O-])(=O)=O)cc1[S]([O-])(=O)=O
A-3442,-1.2475609958,[Na+].[Na+].NC(=O)CCN(CCO)c1nc(Nc2ccccc2)nc(Nc3ccc(\C=C\c4ccc(Nc5nc(Nc6ccccc6)nc(n5)N(CCO)CCC(N)=O)cc4[S]([O-])(=O)=O)c(c3)[S]([O-])(=O)=O)n1
A-3443,1.1278078709,[Li+].[Cl-]
A-3444,0.5778808511,OC1COC(O)C(O)C1O
A-3445,0.4376764541,CC(C)(CO)C(O)C(=O)NCCCO
A-3446,0.5718478438,OC(C(O)C(O)=O)C(O)=O
A-3447,-0.0877655775,O[P](O)(=O)CN(CCCCCCN(C[P](O)(O)=O)C[P](O)(O)=O)CCCCCCN(C[P](O)(O)=O)C[P](O)(O)=O
A-3448,0.4736237944,[K+].O[C@H]([C@@H](O)C([O-])=O)C(O)=O
A-3449,0.4256421002,[Na+].[K+].O[C@H]([C@@H](O)C([O-])=O)C([O-])=O
A-3450,-0.247115593,OC1CCCCC1
A-3451,-0.4209960521,CSCCC(N)C(O)=O
A-3452,-0.5248348408,COC(=O)CC(C(C)=O)C(=O)OC
A-3453,-0.7223996879,N.N.N.N.[Pd++].OC([O-])=O.OC([O-])=O
A-3454,0.5710956732,[NH4+].[NH4+].[O-][S](=O)(=O)OO[S]([O-])(=O)=O
A-3455,0.4865525209,[Na+].[Na+].[O-][S](=O)(=O)OO[S]([O-])(=O)=O
A-3456,0.6570894607,NC(CO)(CO)CO
A-3457,-0.095590915,O[P](O)(=O)CN(CCCCCCN(C[P](O)(O)=O)C[P](O)(O)=O)CCCCCCN(C[P](O)(O)=O)C[P](O)(O)=O
A-3458,0.9078090723,[Na+].[O-]C=O
A-3459,-0.5608137387,C(CCOCC1CO1)COCC2CO2
A-3460,-0.5036976261,[Cl-].[Cl-].[Pd++]
A-3461,0.990088732,[Na+].[SH-]
A-3462,0.7865480446,NCCC(O)=O
A-3463,0.3819230911,[H+].[H+].[Cl-].[Cl-].CNc1nc(OC)ccc1N
A-3464,0.6667009337,CCC(C)NCCO
A-3465,1.5019571162,N
A-3466,0.6181337662,CC1(C)COC(=O)C1O
A-3467,0.2879414183,OC(=O)CC(O)(CC(O)=O)C(O)=O.C1CNCCN1
A-3468,0.4533910824,[Na+].[Na+].[O-][S](=O)O[S]([O-])=O
A-3469,-0.5694147178,CN=C(NCC1CCOC1)N[N+]([O-])=O
A-3470,-0.3062357512,Oc1ccc(O)cc1
A-3471,-0.5710113905,CN=C(NCC1CCOC1)N[N+]([O-])=O
A-3472,-0.4317085178,CCOCCC(=O)OCC
A-3473,-0.3214680129,CNC1CCCCC1
A-3474,-0.3545743689,Cc1cc(N)ccc1N
A-3475,-0.2636316857,COC(=O)CC#N
A-3476,0.5569422141,[Na+].OCC[S]([O-])(=O)=O
A-3477,-0.0721808988,CC[N+](CC)(CC)CC.[O-][S](=O)(=O)C(F)(F)C(F)(F)C(F)(F)C(F)(F)C(F)(F)C(F)(F)C(F)(F)C(F)(F)F
A-3478,0.7893029836,O=C1NCCN1
A-3479,-6.3637360463,CCCCCCCCCCCCCCC(C)c1cc(C)cc(C)c1O
A-3480,-0.962426912,[Na+].[Na+].CCCCCCCC/C=C/CCCCCCCCOC(=O)C(CC([O-])=O)[S]([O-])(=O)=O
A-3481,-0.3276124069,CCOC(=O)CC#N
A-3482,-0.0898430335,[Na+].[Na+].COc1cc(c(OC)cc1N=NC2C(=NN(C2=O)c3ccc(cc3)[S]([O-])(=O)=O)C)[S](=O)(=O)CCO[S]([O-])(=O)=O
A-3483,0.3454130072,[Na+].[Na+].OC(=O)C(O)(CC([O-])=O)CC([O-])=O
A-3484,0.5570501304,[Na+].CCOC([S-])=S
A-3485,-0.2507126865,NC(=O)CCl
A-3486,-0.5873095312,CN=C(NCC1CCOC1)N[N+]([O-])=O
A-3487,-0.3155007402,CC(CCC#N)C#N
A-3488,-0.4052379668,CCCCOCC(C)O
A-3489,0.3903336368,NC(Nc1ccccc1)=Nc2ccccc2
A-3490,0.7770765429,O=C1OC=CO1
A-3491,1.4763300272,N
A-3492,0.4688768793,[Na+].CCC(C)OC(S)=S
A-3493,-0.383640418,[NH4+].[NH4+].[O-]C(=O)C([O-])=O
A-3494,-0.5965412591,CN=C(NCC1CCOC1)N[N+]([O-])=O
A-3495,-0.6856367901,CC(O)c1cc(N)ccc1N.[O-][S]([O-])(=O)=O
A-3496,-0.324555733,Cc1ncoc1C#N
A-3497,0.3276361318,[Cd++].O[N+]([O-])=O.O[N+]([O-])=O
A-3498,0.5443381649,[Na+].CCOC([S-])=S
A-3499,0.4645980813,[Na+].CCC(C)OC(S)=S
A-3500,0.3621421768,[Cl-].[Cl-].[NH3+]CCCCCCCC[NH3+]
A-3501,-2.1616093611,CC(C)(C)NC(=O)[C@@H]1C[C@@H]2CCCC[C@H]2C[NH2+]1
A-3502,1.6264407184,OCCCCCCO
A-3503,0.5024815492,CN(C)CCOC(=O)C(C)=C
A-3504,0.4110563573,[Na+].[Na+].OC(C(O)C([O-])=O)C([O-])=O
A-3505,0.4385265234,CCO[P](=O)(OCC)OCC
A-3506,-0.4042589172,OC(=O)C1CCC(=O)N1
A-3507,-0.1466922518,CC(=C)C=O
A-3508,-0.1590074228,CCCC=O
A-3509,-0.2362046117,CCC(=O)CC
A-3510,-1.0790955055,ClCl
A-3511,-1.4595060868,C/C=C/CCC1CCCC(=O)O1
A-3512,-1.1819174748,C1CCSC1
A-3513,-1.4654964505,C/C=C/CCC1CCCC(=O)O1
A-3514,-1.3735951623,CC(=O)Oc1ccccc1
A-3515,-1.0507488092,CCCl
A-3516,-1.4172531143,Clc1cc(Cl)ncn1
A-3517,-2.2180283184,[Na+].[Na+].[Na+].CC(=O)C(N=Nc1ccc(cc1)N=Nc2c(N)c3c(cc2[S]([O-])(=O)=O)C=C(\C(=N/Nc4ccc(c5ccccc45)[S]([O-])(=O)=O)C3=O)[S]([O-])(=O)=O)C(=O)Nc6ccccc6
A-3518,-1.3352536727,Cc1ccc(N)c(C)c1
A-3519,-1.3575741458,Nc1ccccc1Cl
A-3520,-1.3168685763,CC(C)COC(C)=O
A-3521,-1.4876534031,N[P](N)(=O)Oc1ccccc1
A-3522,-1.4452232224,CC(C)OC(=O)C(F)(F)F
A-3523,-1.9878367861,[Na+].CCOc1cccc2C(=O)c3c(Nc4ccccc4[S]([O-])(=O)=O)ccc(NC5CCCCC5)c3C(=O)c12
A-3524,-1.3393647002,CC(=O)c1ccccc1
A-3525,-1.3272487005,CC(CN)CCCN
A-3526,-1.4535787311,CN1C(=CC(=O)N(C)C1=O)N
A-3527,-1.4887262913,C/C=C/CCC1CCCC(=O)O1
A-3528,-1.3676388693,[K+].F[B-](F)(F)F
A-3529,-1.3950230544,NC(CC(O)=O)C(O)=O
A-3530,-1.6225463588,CCCOC(=O)C(/O)=C/Oc1ccccc1
A-3531,-1.3407807338,CCCCOC(C)=O
A-3532,-1.378146596,NC1=CC(=O)N=C(N)N1
A-3533,-1.4815528695,Cc1ccc(N)c(Cl)c1O
A-3534,-1.4717570191,[N-]=[N+]=C1C(=O)NC(=O)NC1=O
A-3535,-1.4637006537,NC12CC3CC(CC(C3)C1)C2
A-3536,-1.6682980883,CC(COCC(C)OC(=O)C=C)OC(=O)C=C
A-3537,-1.3759670992,OC(=O)c1ccncc1
A-3538,-1.4690382322,OC1CSC(O)CS1
A-3539,-1.4155738757,CC(=O)CCCCCl
A-3540,-1.6926402974,CC1=NN(C(=O)C1)c2ccc(cc2)[S](O)(=O)=O
A-3541,-1.3956448077,Nc1ccccc1Cl
A-3542,-1.5259868531,Cc1ccccc1[S](N)(=O)=O
A-3543,-1.5314234319,CC1CC(NC(N)=O)NC(=O)N1
A-3544,-1.641347932,Cc1cc(N)ccc1N.O[S](O)(=O)=O
A-3545,-1.4349232204,NN=C(N)N.OC(O)=O
A-3546,-1.4252178398,NC(CC(O)=O)C(O)=O
A-3547,-1.5081956214,Nc1cccc(c1)C(F)(F)F
A-3548,-1.6240034803,NC1CCC(CC1)CC2CCC(N)CC2
A-3549,-1.5915498548,COc1ccc(OC)c(NC(C)=O)c1
A-3550,-1.4121647569,c1ccc2cnccc2c1
A-3551,0.3208872115,[K+].CC(C)c1ccc(cc1)[S]([O-])(=O)=O
A-3552,0.7115939977,[NH4+].O.NC([O-])=O
A-3553,0.3460227367,[Na+].CC(C)c1ccc(cc1)[S]([O-])(=O)=O
A-3554,0.7075359657,[NH4+].O.NC([O-])=O
A-3555,0.0940632129,CO[S]([O-])(=O)=O.C[N+](C)(C)CCCNC(=O)CCCCCCCCC=C
A-3556,-0.4400677875,OCCNc1ccccc1
A-3557,-0.8846418847,O.O.O.O.O.O.O.O.O.O.[Na+].[Na+].[O-]B(OB=O)OB([O-])OB=O
A-3558,-0.3461061519,Nc1ncccc1O
A-3559,-0.5645151232,OCCN(CCO)c1ccccc1
A-3560,-0.4507860761,C=CN1CCCCCC1=O
A-3561,-0.4607939818,CC(=O)OC\C=C(/C)C=O
A-3562,-0.0992552152,OB(O)O
A-3563,-0.6843417048,[Ca++].[Ca++].[Ca++].[O-]B([O-])[O-].[O-]B([O-])[O-]
A-3564,-0.3120594734,[K].OB(O)O
A-3565,-0.56716058,OCCN(CCO)c1ccccc1
A-3566,0.5168038544,CCC(CO)(CO)C(O)=O
A-3567,0.1665354511,[Pb++].[O-][N+]([O-])=O.[O-][N+]([O-])=O
A-3568,-3.5059599786,[Al+3].O[PH]([O-])=O.O[PH]([O-])=O.O[PH]([O-])=O
A-3569,0.1444215392,[Na+].[Na+].[Na+].OCCN(CCN(CC([O-])=O)CC([O-])=O)CC([O-])=O
A-3570,-0.5716058029,OCCN(CCO)c1ccccc1
A-3571,-3.9329615163,[Al+3].O[PH]([O-])=O.O[PH]([O-])=O.O[PH]([O-])=O
A-3572,-0.5725003335,OCCN(CCO)c1ccccc1
A-3573,-0.1066442306,OB(O)O
A-3574,-0.6917307202,[Ca++].[Ca++].[Ca++].[O-]B([O-])[O-].[O-]B([O-])[O-]
A-3575,-0.3194484888,[K].OB(O)O
A-3576,-0.5742949414,OCCN(CCO)c1ccccc1
A-3577,-1.29966008,[Na+].[Na+].OCCN(CCO)c1nc(Nc2ccccc2)nc(Nc3ccc(\C=C\c4ccc(Nc5nc(Nc6ccccc6)nc(n5)N(CCO)CCO)cc4[S]([O-])(=O)=O)c(c3)[S]([O-])(=O)=O)n1
A-3578,-0.7035054305,[Zn++].CC(O)C([O-])=O.CC(O)C([O-])=O
A-3579,-4.0063904335,[Al+3].O[PH]([O-])=O.O[PH]([O-])=O.O[PH]([O-])=O
A-3580,-4.1502387028,[Al+3].O[PH]([O-])=O.O[PH]([O-])=O.O[PH]([O-])=O
A-3581,-4.56794921,[Al+3].O[PH]([O-])=O.O[PH]([O-])=O.O[PH]([O-])=O
A-3582,-0.3279248515,CC(C)CC(O)=O
A-3583,-0.1942078226,CC[N+]([O-])=O
A-3584,-4.7554937284,[Al+3].O[PH]([O-])=O.O[PH]([O-])=O.O[PH]([O-])=O
A-3585,0.615426674,OC(=O)\C=C\C(O)=O
A-3586,0.407474946,[Cl].[Fe].[O-][S]([O-])(=O)=O
A-3587,0.4700925819,[Cl-].[Cl-].[Cl-].[Fe+3]
A-3588,0.4985734958,[Fe++].[O-][S]([O-])(=O)=O
A-3589,0.4058391834,[Cl].[Fe].[O-][S]([O-])(=O)=O
A-3590,0.4684568192,[Cl-].[Cl-].[Cl-].[Fe+3]
A-3591,0.4969377331,[Fe++].[O-][S]([O-])(=O)=O
A-3592,0.3994186622,[Cl].[Fe].[O-][S]([O-])(=O)=O
A-3593,0.4620362981,[Cl-].[Cl-].[Cl-].[Fe+3]
A-3594,0.2218764714,[Li+].[Li+].[Li+].O.O.O.O.OC(CC([O-])=O)(CC([O-])=O)C([O-])=O
A-3595,0.490517212,[Fe++].[O-][S]([O-])(=O)=O
A-3596,-2.7359260939,CCCCC(=O)N(Cc1ccc(cc1)c2ccccc2c3n[nH]nn3)[C@@H](C(C)C)C(O)=O
A-3597,-0.6622351971,[I-].C[S+](C)(C)=O
A-3598,-0.4863874039,CC(C)COC(=O)[C@@H](C)O
A-3599,-0.5833809314,OCCN(CCO)c1ccccc1
A-3600,-0.5843000735,OCCN(CCO)c1ccccc1
A-3601,-0.3444506814,CCOC(=O)OC
A-3602,0.6922078269,[Mg++].[Cl-].[Cl-]
A-3603,0.2513647845,NCCCCCCN.OC(=O)CCCCC(O)=O
A-3604,0.2512719767,NCCCCCCN.OC(=O)CCCCC(O)=O
A-3605,0.4571186188,[O-][S]([O-])(=O)=O.O=[V++]
A-3606,0.4612188619,[Li+].O.O.O.[O-][Cl](=O)(=O)=O
A-3607,-0.3472257354,CCOC(=O)OC
A-3608,-0.8645162178,[K+].[O-][S](=O)(=O)C(F)(F)C(F)(F)C(F)(F)C(F)(F)F
A-3609,-0.9467714818,[Cl-].CCN(CCO)c1ccc(cc1)N=Nc2sc3cc(OC)ccc3[n+]2C
A-3610,-1.0208150872,CCN(CCO)c1ccc(cc1)N=Nc2sc3cc(OC)ccc3[n+]2C.CO[S]([O-])(=O)=O
A-3611,-0.4583389122,CCCCOC(=O)CO
A-3612,-0.372767961,COC(=O)CCl
A-3613,0.3967110896,[Cl-].[Cl-].[Cd++]
A-3614,0.332748699,[Na+].[O-][S](=O)(=O)CCBr
A-3615,0.6123418909,Oc1ccccc1O
A-3616,0.7036319098,CCN(O)CC
A-3617,0.3975348562,NC(N)=N.NC(N)=N.OC(O)=O
A-3618,0.8337672927,[Li+].CC([O-])=O
A-3619,-0.2733619305,CCC(=O)CC
A-3620,-0.2762097733,CCC(=O)CC
A-3621,-0.706708916,CC(=C)C(=O)OCCOC(=O)CCC(O)=O
A-3622,-1.0469016509,[Cl-].CN(C)[C@H]1[C@@H]2C[C@@H]3[C@H](O)c4c(Cl)ccc(O)c4C(=C3C(=O)[C@]2(O)C(=O)\C(=C(N)/O)C1=O)O.[H+]
A-3623,-0.3559535751,CCC(C)C(O)=O
A-3624,-0.4405452693,[NH4+].[NH4+].[O-]C(=O)C([O-])=O
A-3625,1.0415240791,[Fe+3].[Fe+3].[O-][S]([O-])(=O)=O.[O-][S]([O-])(=O)=O.[O-][S]([O-])(=O)=O
A-3626,0.3785988183,[Cl].[Fe].[O-][S]([O-])(=O)=O
A-3627,0.4412164542,[Cl-].[Cl-].[Cl-].[Fe+3]
A-3628,0.4696973681,[Fe++].[O-][S]([O-])(=O)=O
A-3629,1.2977429939,[Zn++].[Br-].[Br-]
A-3630,0.4964278722,[Na+].[Na+].[O-][S]([O-])(=O)=O
A-3631,-0.4949751746,[Na+].[Na+].[Na+].[Na+].[Na+].[Cr+3].Nc1nc(Cl)nc(Nc2cc(cc3cc(c(N=Nc4cc(ccc4[O-])[N+]([O-])=O)c([O-])c23)[S]([O-])(=O)=O)[S]([O-])(=O)=O)n1.Nc5nc(Cl)nc(Nc6cc(cc7cc(c(N=Nc8cc(ccc8[O-])[N+]([O-])=O)c([O-])c67)[S]([O-])(=O)=O)[S]([O-])(=O)=O)n5
A-3632,1.0415240791,[Fe+3].[Fe+3].[O-][S]([O-])(=O)=O.[O-][S]([O-])(=O)=O.[O-][S]([O-])(=O)=O
A-3633,1.3707734808,[Cl].[Fe].[O-][S]([O-])(=O)=O
A-3634,1.4333911166,[Cl-].[Cl-].[Cl-].[Fe+3]
A-3635,1.4618720306,[Fe++].[O-][S]([O-])(=O)=O
A-3636,0.1703103591,[Na+].Cc1ccc(OCCC[S]([O-])(=O)=O)c(c1)[N+]([O-])=O
A-3637,-0.437714943,[K+].O[B-](O)(F)F
A-3638,-0.8827544671,[K+].[O-][S](=O)(=O)C(F)(F)C(F)(F)C(F)(F)C(F)(F)F
A-3639,-1.019613944,Cl.Cl.CCCCC1=NC2(CCCC2)C(=O)N1.CCCCC3=NC(=O)C4(CCCC4)N3
A-3640,-0.2667452841,[Na+].[Na+].[Na+].CCN(c1ccccc1)c2nc(Cl)nc(Nc3cc(cc4C=C(\C(=N/Nc5ccccc5[S]([O-])(=O)=O)C(=O)c34)[S]([O-])(=O)=O)[S]([O-])(=O)=O)n2
A-3641,0.5010006364,[Cl-].[Cl-].[Zn++]
A-3642,-0.7420620877,CC1=CN(C2CC(O)C(CO)O2)C(=O)NC1=O
A-3643,-0.4446008435,[K+].O[B-](O)(F)F
A-3644,-0.6885464689,NC(Nc1ccccc1)=Nc2ccccc2
A-3645,-0.5894107621,CCCCN[P](N)(N)=S
A-3646,-0.9604187817,CCN(CC)c1ccc(cc1)C=CC2=[N+](C)c3ccccc3C2(C)C.CC([O-])=O
A-3647,-1.0004895677,CCN(CC)c1ccc(cc1)C=CC2=[N+](C)c3ccccc3C2(C)C.O[P](O)([O-])=O
A-3648,-0.9807588825,[Na].OC(=O)c1cc2ccccc2c(Cc3c(O)c(cc4ccccc34)C(O)=O)c1O
A-3649,-0.5573029182,NC(Cc1[nH]cnc1)C(O)=O
A-3650,0.3662767626,N.N.O[C@H]([C@@H](O)C(O)=O)C(O)=O
A-3651,0.4903065627,Cc1ncc(CN)c(N)n1
A-3652,1.377095201,[Mn++].[O-][N+]([O-])=O.[O-][N+]([O-])=O
A-3653,0.3558508036,CN(C)CCCNCCCN(C)C
A-3654,0.2461592974,[H+].[H+].[Cl-].[Cl-].Nc1ccc(OCCO)c(N)c1
A-3655,0.2166530911,[Na+].[Na+].[Na+].OC(CC([O-])=O)(CC([O-])=O)C([O-])=O
A-3656,1.6488640747,OC(=O)CCl
A-3657,-0.9408131942,O.O.O.O.O.O.O.O.O.[Al+3].[O-][N+]([O-])=O.[O-][N+]([O-])=O.[O-][N](=O)=O
A-3658,-0.0021872624,[F-].[Na+]
A-3659,-0.4980872763,CCNC(=S)NCC
A-3660,-0.4601924093,CC(N)c1ccccc1
A-3661,-0.4601924093,C[C@H](N)c1ccccc1
A-3662,-0.3219730262,COC(C)(C)C
A-3663,0.2019248379,OC(=O)CCC(N(CC(O)=O)CC(O)=O)C(O)=O
A-3664,0.6296976797,O=C1OC(=O)C=C1
A-3665,0.3803001877,[Na+].COC(=O)c1ccc([O-])cc1
A-3666,0.3919616292,[Na+].NC(CCC(O)=O)C([O-])=O
A-3667,0.8040134947,[Na+].[N-]=[N+]=[N-]
A-3668,0.024802502,[Na+].[Na+].[Mn++].[O-]C(=O)CN(CCN(CC([O-])=O)CC([O-])=O)CC([O-])=O
A-3669,0.4055319876,[Na+].CNCC[S]([O-])(=O)=O
A-3670,-0.9408131942,O.O.O.O.O.O.O.O.O.[Al+3].[O-][N+]([O-])=O.[O-][N+]([O-])=O.[O-][N](=O)=O
A-3671,-0.4725815013,[NH4+].[NH4+].[O-]C(=O)C([O-])=O
A-3672,-0.0061248474,[F-].[Na+]
A-3673,-0.5483114194,N[C@@H](CCC(N)=O)C(O)=O
A-3674,-0.5029538568,CC[C@H](C)[C@H](N)C(O)=O
A-3675,0.2728975009,[H+].[Cl-].OCCNc1ccc2OCOc2c1
A-3676,0.7912149421,[Li+].CC([O-])=O
A-3677,0.5448669415,OC(=O)\C=C\C(O)=O
A-3678,0.6181158071,O=C1OC(=O)C=C1
A-3679,0.4098469576,[Li+].[Li+].[O-]C(=O)CCCCC([O-])=O
A-3680,0.277876912,[Li+].[Li+].[O-]C(=O)CCCCCCCCC([O-])=O
A-3681,0.3073028199,[Li+].[Li+].[O-]C(=O)CCCCCCCC([O-])=O
A-3682,-0.4578207672,[Na+].[Na+].[Na+].[Na+].OCCN(CCO)c1nc(Nc2ccc(cc2)[S]([O-])(=O)=O)nc(Nc3ccc(\C=C\c4ccc(Nc5nc(Nc6ccc(cc6)[S]([O-])(=O)=O)nc(n5)N(CCO)CCO)c(c4)[S]([O-])(=O)=O)cc3[S]([O-])(=O)=O)n1
A-3683,0.581124668,[Na+].[Na+].[O-]C([O-])=O
A-3684,0.612747451,O=C1OC(=O)C=C1
A-3685,-0.2836980197,[Na+].[Na+].OCCNc1nc(NCCO)nc(Nc2ccc3C(=O)C(=N/Nc4ccc(cc4)N=Nc5ccc(cc5)[S]([O-])(=O)=O)\C(=Cc3c2)[S]([O-])(=O)=O)n1
A-3686,0.3051623622,[Na+].OC[C@H](O)C1OC(=O)[C-](O)C1=O
A-3687,0.8380333836,C[C@H]1CO1
A-3688,-1.2223096235,[Na+].[Na+].Cc1ccc2nc(sc2c1[S]([O-])(=O)=O)c3ccc(cc3)N=Nc4ccc(cc4)c5sc6c(ccc(C)c6[S]([O-])(=O)=O)n5
A-3689,-0.9329481264,[Co++].CCCCC(CC)C([O-])=O.CCCCC(CC)C([O-])=O
A-3690,-0.790860844,CCOCCCC(C)OCCOCC(C)CO
A-3691,-0.4813817083,CC(N)c1ccccc1
A-3692,0.237458201,[K+].[K+].[Zn++].[O-]C(=O)CN(CCN(CC([O-])=O)CC([O-])=O)CC([O-])=O
A-3693,-0.0021065197,[F-].[Na+]
A-3694,-1.6348405969,CCCCNC(=O)OCCOC(=O)C=C
A-3695,-1.3966013843,Oc1ccccc1C=O
A-3696,-1.5636654662,[H+].[Cl-].NNc1ccc(Cl)cc1
A-3697,-1.4527338971,OC(=O)c1ccc(O)cc1
A-3698,-1.8642338758,CCCCCCCCN.CCCCO[P](S)(=O)OCCCC
A-3699,-1.4150525539,Nc1nc(N)nc(N)n1
A-3700,-1.4022004623,Cc1cc(C)cc(N)c1
A-3701,-2.2022038482,[Na+].[Co+3].N[S](=O)(=O)c1ccc([O-])c(c1)N=Nc2c([O-])ccc3ccccc23.N[S](=O)(=O)c4ccc([O-])c(c4)N=Nc5c([O-])ccc6ccccc56
A-3702,-1.5404977204,CC1(C)CC(=O)CC(C)(C1)C#N
A-3703,-1.7207775313,[H+].[Cl-].OC1(CCNCC1)c2ccc(Cl)cc2
A-3704,-1.7086063241,CC(C)C1=NN(C(=O)NC(C)(C)C)C(=O)N1N
A-3705,-1.4302878188,Cc1ccccc1Cl
A-3706,-1.5082784057,[NH3+][C@@H](C([O-])=O)c1ccccc1
A-3707,-1.3862802449,CCOC(=O)C(C)=C
A-3708,-1.8796973024,CCCCCCCCN.CCCCO[P](S)(=O)OCCCC
A-3709,-1.5369197727,Nc1cccc(c1)C(F)(F)F
A-3710,-1.7132314422,CC(C)C1=NN(C(=O)NC(C)(C)C)C(=O)N1N
A-3711,-1.7169673317,CC(C)C1=NN(C(=O)NC(C)(C)C)C(=O)N1N
A-3712,-1.7188473974,CC(C)C1=NN(C(=O)NC(C)(C)C)C(=O)N1N
A-3713,-1.5520409413,CC(=O)CCc1ccc(O)cc1
A-3714,-1.417811305,ClC(Cl)(Cl)[2H]
A-3715,0.0103319481,Nc1cc(Cl)nc(C(O)=O)c1Cl
A-3716,-0.0042500518,Nc1cc(Cl)nc(C(O)=O)c1Cl
A-3717,-1.5928981309,CC(=O)Oc1ccccc1C(O)=O
A-3718,-1.7207356372,CC(C)C1=NN(C(=O)NC(C)(C)C)C(=O)N1N
A-3719,-0.0085078749,Nc1cc(Cl)nc(C(O)=O)c1Cl
A-3720,-1.7953855716,OCCNc1ccc(cc1[N+]([O-])=O)N(CCO)CCO
A-3721,-1.269901072,[F-].[Al+3].[K+]
A-3722,-1.7235834801,CC(C)C1=NN(C(=O)NC(C)(C)C)C(=O)N1N
A-3723,-1.7373354758,[Al+3].CCCC[O-].CCCC[O-].CCCC[O-]
A-3724,-1.4129978329,FC(F)=C(F)Cl
A-3725,-1.5589830837,Oc1ccc(Cl)cc1Cl
A-3726,-1.4839452977,Nc1ccccc1C(O)=O
A-3727,-1.4709753303,NC(CC(O)=O)C(O)=O
A-3728,-1.4978538066,Cc1c(N)cccc1Cl
A-3729,-1.7303019818,CC(C)C1=NN(C(=O)NC(C)(C)C)C(=O)N1N
A-3730,-2.3935953584,[Na+].[Na+].[Na+].[Na+].Nc1ccc(cc1[S]([O-])(=O)=O)N=Nc2ccc(N=Nc3ccc(N\N=C/4C(=O)c5ccc(NC(=O)c6ccccc6)cc5C=C4[S]([O-])(=O)=O)c7ccc(cc37)[S]([O-])(=O)=O)c8ccc(cc28)[S]([O-])(=O)=O
A-3731,-1.5341990655,O=C1NSc2ccccc12
A-3732,-1.373868705,NC(N)=N[N+]([O-])=O
A-3733,-1.4140004112,COC(=O)C=C(C)C
A-3734,-1.6084652514,OCC#CCO.ClCC1CO1
A-3735,-2.4833879664,[Na+].[Na+].[Na+].[Na+].[Na+].COc1cc(N=Nc2cc(cc3cc(cc(O)c23)[S]([O-])(=O)=O)[S]([O-])(=O)=O)c(C)cc1N=Nc4c(O)c5c(Nc6nc(Nc7ccccc7)nc(Nc8ccc(cc8)N=Nc9ccc(O)c(c9)C([O-])=O)n6)cc(cc5cc4[S]([O-])(=O)=O)[S]([O-])(=O)=O
A-3736,-1.6547494603,COC(=O)c1ccccc1C(=O)OC
A-3737,-1.7718215434,CC1=NN(C(=O)C1)c2cccc(c2)[S](O)(=O)=O
A-3738,-1.4743213171,CC(=O)OCC=C(C)C
A-3739,-1.6002483409,CCCCCCCC(=O)N(C)C
A-3740,-1.5898145692,CCCCN[P](N)(N)=S
A-3741,-1.4333383705,CCCCCC(C)=O
A-3742,-1.3774493615,CCCC(C)C=O
A-3743,-1.5974339876,CC(C)(C)c1ccc(O)c(O)c1
A-3744,-1.5647364969,O=C1OC(=O)C2CCCCC12
A-3745,-1.8109595369,Nc1ncnc2n(cnc12)C3OC(CO)C(O)C3O
A-3746,-1.7182484471,CCC(CO)(COCC=C)COCC=C
A-3747,-1.6797269556,[O-][N+](=O)OCCOCCO[N+]([O-])=O
A-3748,-1.3921726183,CCCC(C)C=O
A-3749,-1.5039654481,CCCCNCCCC
A-3750,-1.6434673715,[Cl-].[Cl-].[Pd++]
A-3751,-1.8755690909,CC(COCC(C)OC(=O)C=C)OCC(C)OC(=O)C=C
A-3752,0.8380333836,C[C@@H]1CO1
A-3753,-1.6389781869,COC(=O)CCCCC(=O)OC
A-3754,-1.6367385714,CCCCN(CCO)CCCC
A-3755,-1.7752808708,CC1CC(CCC1N)CC2CCC(N)C(C)C2
A-3756,-1.5090747699,c1ccc2cnccc2c1
A-3757,0.1779035996,[Na+].CN(C)C(=S)SCCC[S]([O-])(=O)=O
A-3758,0.8683082597,[NH4+].[Cl-]
A-3759,0.3726184659,[K+].[K+].[O-]C(=O)C([O-])=O
A-3760,-0.4161044823,[Na+].[Na+].[Na+].[Na+].COc1ccc(cc1N\N=C/2C(=O)c3c(N)c(N=Nc4ccc(cc4)[S](=O)(=O)CCO[S]([O-])(=O)=O)c(cc3C=C2[S]([O-])(=O)=O)[S]([O-])(=O)=O)[S](=O)(=O)CCO[S]([O-])(=O)=O
A-3761,-0.7056009137,CN=C(NCC1CCOC1)N[N+]([O-])=O
A-3762,-0.5767319197,Cc1ccc(cc1N)C(N)=O
A-3763,-0.0025430002,[F-].[Na+]
A-3764,0.0749310874,NO
A-3765,0.5257355357,OCc1scnc1
A-3766,0.3572863038,[Na+].NC(CCC(O)=O)C([O-])=O
A-3767,0.2996194144,OC(=O)CC(O)(CC(O)=O)C(O)=O
A-3768,0.3449927217,CC(=O)N1C[C@@H](O)C[C@H]1C([O-])=O
A-3769,-0.3893149412,[Na+].[Na+].[Na+].[Na+].[O-][S](=O)(=O)OCC[S](=O)(=O)c1ccc2c(ccc(N\N=C/3C(=O)c4c(NC(=O)c5ccccc5)cc(cc4C=C3[S]([O-])(=O)=O)[S]([O-])(=O)=O)c2[S]([O-])(=O)=O)c1
A-3770,1.377095201,[Mn++].[O-][N+]([O-])=O.[O-][N+]([O-])=O
A-3771,-0.4843358105,[Na].[Na].[Na].[Na].CNc1ccc(/C=C/c2ccc(Nc3nc(Nc4ccc(cc4)[S]([O-])(=O)=O)nc(n3)N5CCOCC5)cc2[S]([O-])(=O)=O)c(c1)[S]([O-])(=O)=O.Cc6nc(Nc7ccc(cc7)[S]([O-])(=O)=O)nc(n6)N8CCOCC8
A-3772,-0.7568844321,[I-].C[S+](C)(C)=O
A-3773,-0.5071845321,Cc1ccc(N)cc1N
A-3774,-0.5071845321,Cc1cc(N)ccc1N
A-3775,0.1271332296,O.O.O.O.O.O.O.[Co++].[O-][S]([O-])(=O)=O
A-3776,0.4168921924,[Na+].CN(C)C([S-])=S
A-3777,1.6379188944,OCC#CCO
A-3778,-0.1395608979,CCN(CC)c1ccc(cc1)[C+](c2ccc(cc2)N(CC)CC)c3ccc(cc3)N(CC)CC.CC([O-])=O
A-3779,0.8422541039,[NH4+].[Cl-]
A-3780,0.6980894666,[Cl-].[K+]
A-3781,0.1471983169,[Cl-].Nc1cn(n[o+]1)N2CCOCC2
A-3782,0.553426318,[NH3+]O.[NH3+]O.[O-][S]([O-])(=O)=O
A-3783,-0.4351348211,CCCCC(O)=O
A-3784,-0.7107145388,OC(=O)c1ccc2C(=O)OC(=O)c2c1
A-3785,-0.5698582448,COc1ccc(CO)cc1
A-3786,-0.6677809794,CCCCOC(=O)\C=C/C(O)=O
A-3787,-0.5968347559,CCOCCOC(C)(C)C
A-3788,-0.6550553282,Cc1ccc(NCCO)cc1O
A-3789,-0.2390039262,[Na+].[Na+].COc1cc(c(C)cc1N=NC2C(=NN(C2=O)c3ccc(cc3)[S]([O-])(=O)=O)C)[S](=O)(=O)CCO[S]([O-])(=O)=O
A-3790,-0.4127824388,Nc1ccccc1
A-3791,0.4399221153,OC1CNC(C1)C(O)=O
A-3792,0.308277711,[Co++].CC([O-])=O.CC([O-])=O
A-3793,-0.9492775868,[Na+].Cc1ccc(cc1N)C(=O)Nc2ccc(cc2)[S]([O-])(=O)=O
A-3794,-1.5763108557,CCOC(=O)C(C)C=C
A-3795,-0.465572855,CNC(=S)NN
A-3796,-0.4443961511,OC1CCCCC1
A-3797,0.5343666482,NC(CO)C(O)=O
A-3798,0.6777748798,[Cl-].[K+]
A-3799,0.230443278,O[S](=O)(=O)c1ccc2ccccc2c1
A-3800,0.6897972782,CCC(C)=O
A-3801,0.8843659201,COC
A-3802,-0.611875483,N[C@@H](CCC(N)=O)C(O)=O
A-3803,-0.4549221183,CCCCNCC
A-3804,-0.653770318,COC(=O)CC(=C)C(=O)OC
A-3805,-0.7165256146,OCCOCCOc1ccccc1
A-3806,-0.6921365673,CC(CCCC(C)(C)O)CC=O
A-3807,-0.461082427,CCCNCCC
A-3808,-0.4250168953,Nc1ccccc1
A-3809,0.5016499433,[Li+].[Li+].[O-][S]([O-])(=O)=O
A-3810,0.5918905889,CCN(O)CC
A-3811,0.1093959475,[Na+].OC(=O)c1cc(cc(c1)[S]([O-])(=O)=O)C(O)=O
A-3812,-0.6303809029,[Na+].[Na+].[Na+].[Na+].[Na+].[Na+].[O-][S](=O)(=O)c1cc(Nc2nc(Cl)nc(Nc3ccc(Nc4nc(Cl)nc(Nc5cc(cc6C=C(/C(=N/Nc7ccccc7[S]([O-])(=O)=O)C(=O)c56)[S]([O-])(=O)=O)[S]([O-])(=O)=O)n4)cc3)n2)c8C(=O)C(=N/Nc9ccccc9[S]([O-])(=O)=O)\C(=Cc8c1)[S]([O-])(=O)=O
A-3813,0.3366150441,[Li+].[Li+].[O-]C(=O)CCCCC([O-])=O
A-3814,0.2046449985,[Li+].[Li+].[O-]C(=O)CCCCCCCCC([O-])=O
A-3815,0.2340709063,[Li+].[Li+].[O-]C(=O)CCCCCCCC([O-])=O
A-3816,0.4928506224,[Li+].[Li+].[O-][S]([O-])(=O)=O
A-3817,-0.0189230333,[Br-].C[P+](c1ccccc1)(c2ccccc2)c3ccccc3
A-3818,0.6615726328,[Cl-].[K+]
A-3819,0.4201828891,[Cl-].C[n+]1ccccc1
A-3820,-0.4145597239,[Na+].[Na+].[Na+].NC(=O)Nc1cc(Nc2nc(F)nc(NCCOCC[S](=O)(=O)C=C)n2)ccc1N=Nc3cc4c(cc(cc4[S]([O-])(=O)=O)[S]([O-])(=O)=O)cc3[S]([O-])(=O)=O
A-3821,0.4445107883,CCc1nccnc1C
A-3822,0.6895503557,[H+].[Cl-].NO
A-3823,-0.3054959342,CCCC#N
A-3824,-0.7254876932,OCCN(CCO)c1ccccc1
A-3825,-0.6552426764,C=CC(=O)NCNC(=O)C=C
A-3826,-0.5863721558,CC[C@H](C)[C@H](N)C(O)=O
A-3827,-0.5025235121,Nc1ccc(N)cc1
A-3828,-0.4494479065,[Na+].[Na+].[Na+].[Na+].CCN(c1ccccc1)c2nc(Cl)nc(Nc3cc(cc4cc(c(N=Nc5ccc6c(cccc6[S]([O-])(=O)=O)c5[S]([O-])(=O)=O)c(O)c34)[S]([O-])(=O)=O)[S]([O-])(=O)=O)n2
A-3829,0.1738538239,[Na+].[O-][N+](=O)c1cccc(c1)[S]([O-])(=O)=O
A-3830,0.2373207652,OC[C@H](O)[C@@H](O)[C@H](O)C(=O)C(O)=O
A-3831,0.4563099285,C[N+]1([O-])CCOCC1
A-3832,-0.0501601164,[NH3+]CCO.[NH3+]CCO.[NH3+]CCO.OC(CC([O-])=O)(CC([O-])=O)C([O-])=O
A-3833,0.2445359542,[Na+].NCCNCC[S]([O-])(=O)=O
A-3834,-0.3869456913,[Na+].[Na+].[Na+].Cc1cc(N=Nc2cc(ccc2[S]([O-])(=O)=O)[S]([O-])(=O)=O)c(C)cc1N=Nc3ccc(Nc4nc(N)nc(Cl)n4)c5c3cccc5[S]([O-])(=O)=O
A-3835,1.1562683245,[K+].[O-][S](=O)(=O)CCCOC(=O)C=C
A-3836,-0.4244279852,[Na+].[Na+].[Na+].Cc1c(Nc2nc(Cl)nc(Nc3cccc(c3)[S]([O-])(=O)=O)n2)c(C)c(c(C)c1Nc4cc(c(N)c5C(=O)c6ccccc6C(=O)c45)[S]([O-])(=O)=O)[S]([O-])(=O)=O
A-3837,-0.4244279852,[Na+].[Na+].[Na+].Cc1c(Nc2nc(Cl)nc(Nc3ccccc3[S]([O-])(=O)=O)n2)c(C)c(c(C)c1Nc4cc(c(N)c5C(=O)c6ccccc6C(=O)c45)[S]([O-])(=O)=O)[S]([O-])(=O)=O
A-3838,0.6371578185,COCOC
A-3839,0.6460604666,[Cl-].[K+]
A-3840,-0.7331972651,OCCN(CCO)c1ccccc1
A-3841,-0.7344956053,OCCN(CCO)c1ccccc1
A-3842,-0.5272743845,Nc1ccc(F)cc1
A-3843,0.243194648,[Cl].[Fe].[O-][S]([O-])(=O)=O
A-3844,0.3058122839,[Cl-].[Cl-].[Cl-].[Fe+3]
A-3845,0.3342931978,[Fe++].[O-][S]([O-])(=O)=O
A-3846,-1.144796153,C1N(CCOC1)C2=NC(=NC(=N2)NC3=C4C(=O)/C(=N/NC5=CC=CC=C5)/C(=CC4=CC(=C3)S(=O)(=O)[O-])S(=O)(=O)[O-])NC6=CC(=C(C=C6)/C=C/C7=C(C=C(C=C7)NC8=NC(=NC(=N8)N9CCOCC9)NC1=C2C(=O)/C(=N/NC3=CC=CC=C3)/C(=CC2=CC(=C1)S(=O)(=O)[O-])S(=O)(=O)[O-])S(=O)(=O)[O-])S(=O)(=O)[O-].[Na+].[Na+].[Na+].[Na+].[Na+].[Na+]
A-3847,0.3975093207,CC(=O)C1CCOC1=O
A-3848,0.4402429512,CC(=O)NNC(C)=O
A-3849,-0.7423682284,OCCN(CCO)c1ccccc1
A-3850,-0.9664819924,[Na+].COC(=O)c1cc(cc(c1)[S]([O-])(=O)=O)C(=O)OC
A-3851,0.6340955719,COC(C)=O
A-3852,0.7343267611,[Na+].[Cl-]
A-3853,0.3427540766,[Li+].[Li+].[O-]C(=O)CCCC([O-])=O
A-3854,0.3906698962,CC1OC(=C(O)C1=O)C
A-3855,-0.022384851,[Na+].COc1cc(O)c(cc1[S]([O-])(=O)=O)C(=O)c2ccccc2
A-3856,0.674709373,[Li+].CC([O-])=O
A-3857,-0.5053754058,CC(C)OC(C)=O
A-3858,-0.6667259262,CC(C)C(O)C(C)(C)CO
A-3859,-0.4538606228,COC(C)(C)C
A-3860,-0.5426407353,Nc1ccccc1N
A-3861,-0.5426407353,Nc1ccc(N)cc1
A-3862,-0.5846339283,Oc1ccccc1C#N
A-3863,0.7216948188,CCC=O
A-3864,0.4200806369,CCN1CCOCC1
A-3865,-2.6735257097,CCCCC(CC)COC(=O)[C@H](C)O
A-3866,0.5536775573,O=C1CCCC1
A-3867,1.5657185919,[H+].[Cl-].CNC
A-3868,-4.1599117564,S.[Mn]
A-3869,0.6985937788,COC=O
A-3870,-0.242535631,[Na+].[Na+].[Na+].Oc1cc(c2ccc3c4c(ccc1c24)c(cc3[S]([O-])(=O)=O)[S]([O-])(=O)=O)[S]([O-])(=O)=O
A-3871,-0.5192076094,CC(C)OC(C)=O
A-3872,-0.7362684616,CC1C=CCC2C1C(=O)OC2=O
A-3873,-0.6201428843,CC(C)NC(=O)C(C)=C
A-3874,-1.4592143997,[Na+].[Na+].OCCNc1nc(Nc2ccccc2)nc(Nc3ccc(\C=C\c4ccc(Nc5nc(NCCO)nc(Nc6ccccc6)n5)cc4[S]([O-])(=O)=O)c(c3)[S]([O-])(=O)=O)n1
A-3875,-0.6879152253,CCOCCOC(C)(C)C
A-3876,-0.6877845282,COC(C)CCOC(C)=O
A-3877,-1.042005529,[Na+].CCCCCCCCCCCCCCCO[S]([O-])(=O)=O
A-3878,-0.5567928158,NC(=N)[S](O)=O
A-3879,-1.7230904126,NC1CCC(CC1)CC2CCC(N)CC2
A-3880,-1.6070025668,CC(C)C(=O)OOC(C)(C)C
A-3881,-1.6296186709,COC(Cc1ccccc1)OC
A-3882,-1.7594101934,Nc1nc(N)nc(N)n1.O[P](O)(O)=O
A-3883,-1.6560932729,C1OCC2Cc3ccccc3C2O1
A-3884,-1.7863659491,COc1cc(CC(C(C)=O)C(C)=O)ccc1O
A-3885,-1.8060512881,[Al+3].CCCC[O-].CCCC[O-].CCCC[O-]
A-3886,-1.5316368747,CCCCNCCCC
A-3887,-0.9391249771,NO
A-3888,-2.0380322057,CCOc1nc(NC)nc(NC(=O)N[S](=O)(=O)c2ccccc2C(=O)OC)n1
A-3889,0.4043520428,OC[C@H]1NC[C@H](O)[C@@H](O)[C@@H]1O
A-3890,-1.7209723549,CCOC(=O)C(Cl)C(=O)OCC
A-3891,-2.0686300615,[Na+].[O-][S](=O)(=O)C1=CC(=O)C2=C(NNc3ccccc3C(F)(F)F)C(=N)C=CC2=C1
A-3892,-1.9005552518,CC(=C)C(=O)OCCOCCOCCOC(=O)C(C)=C
A-3893,-1.8210383613,CC1CC(CCC1N)CC2CCC(N)C(C)C2
A-3894,0.4011935236,OC[C@H]1NC[C@H](O)[C@@H](O)[C@@H]1O
A-3895,-1.5375827569,Cc1ccc(C)c(O)c1
A-3896,-1.9953026194,Nc1ncnc2n(cnc12)C3OC(CO[P](O)(O)=O)C(O)C3O
A-3897,-1.5811040628,ClCC(Cl)Cl
A-3898,-1.6383266335,Cc1cc(O)c(C)c(C)c1O
A-3899,-1.8387825478,CCCCCCCCCCCCCCCCN
A-3900,-1.9051186702,Nc1ccc(cc1)[S](=O)(=O)CCO[S](O)(=O)=O
A-3901,-1.7239362614,CCCCCCCCCCCCN
A-3902,-1.8865181195,CCCCCCCCCCCCCCCCCCN
A-3903,-1.8526019693,C=CCN1C(=O)N(CC=C)C(=O)N(CC=C)C1=O
A-3904,-1.6422660517,COC(=O)c1nccnc1N
A-3905,-1.5592150485,Nc1nc(N)nc(N)n1
A-3906,-1.5464679896,OC(=O)c1ccccc1
A-3907,-1.4858424644,NC(N)=N[N+]([O-])=O
A-3908,-1.6756867087,Nc1ccccc1C(F)(F)F
A-3909,-1.817914488,CC(=O)N1CCN(CC1)c2ccc(O)cc2
A-3910,-1.9192347247,C1OC1COc2ccc(cc2)N(CC3CO3)CC4CO4
A-3911,-1.6153792849,NN=C(N)N.OC(O)=O
A-3912,-1.5092269683,CCC(C)(C)Cl
A-3913,-2.1522466368,OC(=O)CCCCCNc1nc(NCCCCCC(O)=O)nc(NCCCCCC(O)=O)n1
A-3914,-1.7150988877,CNCc1cccc2ccccc12
A-3915,-1.8059055211,COc1ccccc1NC(=O)CC(C)=O
A-3916,-1.5845267892,Cc1ccc(C)c(O)c1
A-3917,-1.5874532748,CC(C)Br
A-3918,-1.591569841,CC(C)Br
A-3919,-1.5165927583,CC(C)OC(C)C
A-3920,-1.7970529883,CC(C)(O)c1cccc(c1)C(C)(C)O
A-3921,-1.598518701,CC(C)Br
A-3922,-1.7421953353,Cc1ccc(cc1)[S](N)(=O)=O
A-3923,-1.721305235,Cc1cc2NC(=O)Nc2cc1N
A-3924,-1.4680248268,CCSCC
A-3925,-1.4685910517,CCSCC
A-3926,-1.6210489706,CC(C)=CCCC(C)=O
A-3927,-1.8733535457,Nc1nc(N)nc(N)n1.O[P](O)(O)=O
A-3928,-1.6538265258,s1cnc2ccccc12
A-3929,-1.862006084,CCCCOCCOCCOCCCC
A-3930,-1.5402001267,NC(N)=N[N+]([O-])=O
A-3931,-1.7111123645,CC1CCC(C(O)C1)C(C)=C
A-3932,-1.6601758755,COc1ccc(C)cc1N
A-3933,-2.1253109845,OC(=O)c1cc(C(O)=O)c(cc1C(O)=O)C(O)=O.C2CN=C(N2)c3ccccc3
A-3934,-1.628640918,Nc1ccc(Cl)cc1
A-3935,-1.630817582,CCC(C)CC(=O)CC
A-3936,-1.8044347703,CC(=O)CC(=O)Nc1ccccc1C
A-3937,-2.0338377464,[Al+3].CC([O-])=CC(C)=O.CC([O-])=CC(C)=O.CC([O-])=CC(C)=O
A-3938,-1.5486923562,O=Cc1ccccc1
A-3939,-1.4597341592,FC(F)Cl
A-3940,-1.4478967374,s1cccc1
A-3941,-0.3928398265,[Na+].[K+].CC1=NN(C(O)C1N=Nc2ccc3c(cccc3[S]([O-])(=O)=O)c2[S](O)(=O)=O)c4ccc(cc4)[S](=O)(=O)CCO[S]([O-])(=O)=O
A-3942,0.1732123269,OCC(Br)(CO)[N+]([O-])=O
A-3943,1.5363390032,OCC#CCO
A-3944,-0.4592355493,[Na+].[Na+].[Na+].CCN(c1ccccc1)c2nc(Cl)nc(Nc3cc(cc4C=C(\C(=N/Nc5ccc6ccccc6c5[S]([O-])(=O)=O)C(=O)c34)[S]([O-])(=O)=O)[S]([O-])(=O)=O)n2
A-3945,0.1971428203,[Cl].[Fe].[O-][S]([O-])(=O)=O
A-3946,0.2597604561,[Cl-].[Cl-].[Cl-].[Fe+3]
A-3947,0.2882413701,[Fe++].[O-][S]([O-])(=O)=O
A-3948,0.0421476497,[Na+].[Na+].[Na+].[Na+].[O-][P]([O-])(=O)O[P]([O-])([O-])=O
A-3949,-0.9011960035,[Na+].Oc1ccc(cc1NNC2=CC=C3C(=O)C=CC=C3C2=O)[S]([O-])(=O)=O
A-3950,0.0436038039,OC(=O)CCC(N(CC(O)=O)CC(O)=O)C(O)=O
A-3951,0.1613940607,OCC(Br)(CO)[N+]([O-])=O
A-3952,-0.7653669899,COC(=O)CCCCC(=O)OC
A-3953,-1.0074478133,CN1[C@@H]2CC(C[C@H]1C3OC23)OC(=O)[C@H](CO)c4ccccc4
A-3954,-0.5277513782,CC(=C)OC(C)=O
A-3955,-0.7139217719,O=C1OC(=O)C2CC=CCC12
A-3956,-0.5204744976,Cc1[nH]nc(C)c1
A-3957,-0.3642662672,CC(=C)C#N
A-3958,0.1908715204,[Ca++].CCC([O-])=O.CCC([O-])=O
A-3959,-0.0005801796,[Na+].CCCCCCCCCCCCO[S]([O-])(=O)=O
A-3960,0.1553620959,OCC(Br)(CO)[N+]([O-])=O
A-3961,-0.3429717,[K+].[K+].CCCCCCCCCCCCCC(=O)NCC([O-])=O.CCCCCCCCCCCC(=O)NCC([O-])=O
A-3962,-0.5219746527,Cc1[nH]nc(C)c1
A-3963,-0.5234800077,Cc1[nH]nc(C)c1
A-3964,-3.7327198893,CCC12CC[C@H]3[C@@H](CCC4=CC(=O)CC[C@H]34)[C@@H]1CCC2=O
A-3965,-0.8149408723,N[C@@H](CO[P](O)(O)=O)C(O)=O
A-3966,-0.6619410761,Oc1ccc(Cl)cc1
A-3967,-0.0969056512,[Na+].CCCCC(CC)CCCCCc1ccc(cc1)[S]([O-])(=O)=O
A-3968,-0.6924056004,[Na+].[Na+].[Na+].[Na+].[Na+].[Na+].OCCN(CCO)c1nc(Nc2ccc(\C=C\c3ccc(Nc4nc(Nc5cc(ccc5[S]([O-])(=O)=O)[S]([O-])(=O)=O)nc(n4)N(CCO)CCO)cc3[S]([O-])(=O)=O)c(c2)[S]([O-])(=O)=O)nc(Nc6cc(ccc6[S]([O-])(=O)=O)[S]([O-])(=O)=O)n1
A-3969,0.9300687552,[Cs+].[Cs+].[O-]C([O-])=O
A-3970,0.0899943156,[Na+].[O-][N+](=O)c1cccc(c1)[S]([O-])(=O)=O
A-3971,0.0530496174,O.O.[Cl-].[Cl-].[Ba++]
A-3972,0.1275544783,CC(C)(CO)COC(=O)C(C)(C)CO
A-3973,1.5378673349,CCCCl
A-3974,0.1211676797,CC(C)(CO)COC(=O)C(C)(C)CO
A-3975,-0.5635618856,CC(C)(C)C(O)=O
A-3976,-0.8598205529,CC1(C)CC(O)CC(C)(C)N1CCO
A-3977,-0.6020131225,CCN(CC)CC#C
A-3978,-0.954573972,[Co++].OC(=O)CC(O)(CC([O-])=O)C([O-])=O
A-3979,-1.3025954999,[Co++].[Co++].[Co++].OC(CC([O-])=O)(CC([O-])=O)C([O-])=O.OC(CC([O-])=O)(CC([O-])=O)C([O-])=O
A-3980,-0.5715388236,S=C1NCCN1
A-3981,-0.6761298165,Oc1ccc(Cl)cc1
A-3982,-0.7858217418,NC(Cc1ccccc1)C(O)=O
A-3983,-0.7090374205,OCCOc1ccccc1
A-3984,-0.6777353433,Oc1ccc(Cl)cc1
A-3985,0.0418928153,O.O.[Cl-].[Cl-].[Ba++]
A-3986,0.1271308568,OCC(Br)(CO)[N+]([O-])=O
A-3987,-4.2045730411,[SH--].[Cu+].[Cu+]
A-3988,0.5121363665,Cc1[nH]ccn1
A-3989,-0.062309467,[Na+].[Na+].[Na+].[O-][P]1(=O)O[P]([O-])(=O)O[P]([O-])(=O)O1
A-3990,0.4969008935,Nc1[nH]ncn1
A-3991,1.3647745033,O=[Se]=O
A-3992,0.4107896597,C1CCOCOC1
A-3993,0.0320962838,O.O.[Cl-].[Cl-].[Ba++]
A-3994,-0.5908005839,[Na+].[Na+].[Na+].[Na+].[Na+].Nc1nc(Cl)nc(Nc2ccc(c(N\N=C/3C(=O)c4c(N)c(N=Nc5cc(ccc5[S]([O-])(=O)=O)[S]([O-])(=O)=O)c(cc4C=C3[S]([O-])(=O)=O)[S]([O-])(=O)=O)c2)[S]([O-])(=O)=O)n1
A-3995,0.4919374739,Nc1[nH]ncn1
A-3996,-0.560826234,CC(C)=CC(C)=O
A-3997,-1.2898086582,[Na+].[Na+].Oc1ccc(Cl)cc1N\N=C/2C(=O)c3c(O)cc(cc3C=C2[S]([O-])(=O)=O)[S]([O-])(=O)=O
A-3998,-1.2801897062,[Cl-].CCOC(=O)c1ccccc1c2c3ccc(cc3[o+]c4cc(ccc24)N(CC)CC)N(CC)CC
A-3999,-0.6876597172,Oc1ccc(Cl)cc1
A-4000,-0.4067085166,CC(=C)C#N
A-4001,-0.6190130173,Cc1ccccc1O
A-4002,-0.7254278367,OCCOc1ccccc1
A-4003,-0.5941927409,CC(C)OC(C)=O
A-4004,0.3921242805,[Li+].[Li+].[O-][S]([O-])(=O)=O
A-4005,1.3647745033,O=[Se]=O
A-4006,0.9627399696,CC(=C)C(=O)OCC[N+](C)(C)CCC[S]([O-])(=O)=O
A-4007,0.3653646968,[Li+].[Li+].[O-][S]([O-])(=O)=O
A-4008,1.2922320661,[Cl-].[Cl-].[Ni++]
A-4009,-0.415949942,[Na+].[Na+].CN(CC[S]([O-])(=O)=O)c1ccc(cc1)/C=C(C#N)/C(=O)Nc2ccc(cc2)c3sc4c(ccc(C)c4[S]([O-])(=O)=O)n3
A-4010,0.5224909487,NCC(O)=O
A-4011,-0.6206866012,Cc1ccccc1O
A-4012,-0.4167311418,CC(=C)C#N
A-4013,-0.4218305485,CC(=C)C#N
A-4014,-0.7212915564,NC(CC(N)=O)C(O)=O
A-4015,-0.8197017059,NC(Cc1ccccc1)C(O)=O
A-4016,-0.6360463566,Cc1ccccc1O
A-4017,-0.742461176,OCCOc1ccccc1
A-4018,-0.7668350378,OC(=O)CCCCC(O)=O
A-4019,-0.4287242565,CC(=C)C#N
A-4020,-0.7096904801,[K+].OC(=O)C([O-])=O
A-4021,-0.9428331727,[K].OC(=O)C(O)=O.OC(=O)C(O)=O
A-4022,0.0524837344,[Na+].ClN1C(=O)[N-]C(=O)N(Cl)C1=O
A-4023,-0.3963934895,[Na+].[Na+].CC(=O)Nc1ccc2C(=O)C(=N/Nc3ccc(cc3)[S](=O)(=O)CCO[S]([O-])(=O)=O)\C(=Cc2c1)[S]([O-])(=O)=O
A-4024,0.3286681761,CC(=O)NNC(C)=O
A-4025,-3.3274567494,CCOC(=O)C(C)C1CCCCC1
A-4026,0.1651478476,[Ca++].[O-]C(=O)C1CCC(=O)N1
A-4027,0.5168038544,COC(C)=O
A-4028,-0.2207961954,[Na+].[Na+].Cc1cc(Oc2cc(C)cc(c2)[S]([O-])(=O)=O)cc(c1)[S]([O-])(=O)=O
A-4029,0.2243106848,CN(C)CCOC(=O)C=C
A-4030,0.371232292,CC1COC(=O)O1
A-4031,-0.7447271456,COc1ccc(CO)cc1
A-4032,-2.0040922179,Nc1ccccc1.C=O
A-4033,-2.5341495478,Nc1ccccc1.C=O
A-4034,-0.7048960629,OC1(CCCCC1)C#C
A-4035,-0.6448202809,Cc1ccccc1O
A-4036,-0.8961963146,OC(=O)c1ccc2C(=O)OC(=O)c2c1
A-4037,-0.7601899429,OCCOc1ccccc1
A-4038,-0.7288878657,Oc1ccc(Cl)cc1
A-4039,0.255764198,[Cs]
A-4040,0.0682018165,CC(C)(CO)COC(=O)C(C)(C)CO
A-4041,-0.5907814419,[Na+].[Na+].[Na+].[Na+].[Cu++].Nc1nc(Cl)nc(Nc2cc(cc3cc(c(N=Nc4cc(c5cccc(c5c4[O-])[S]([O-])(=O)=O)[S]([O-])(=O)=O)c([O-])c23)[S]([O-])(=O)=O)[S]([O-])(=O)=O)n1
A-4042,0.0320636553,[Na+].ClN1C(=O)[N-]C(=O)N(Cl)C1=O
A-4043,0.4145585536,NNC(=O)NN
A-4044,-0.2541408245,CCCC(C)O
A-4045,0.0845613317,[Na+].CC(=O)[C-]1C(=O)OC(=CC1=O)C
A-4046,0.5832003601,COC=O
A-4047,-0.662918503,Cc1cccc(O)c1
A-4048,-0.7265523216,COc1ccccc1O
A-4049,-0.3148794359,CS
A-4050,-0.7426761502,Oc1ccccc1Cl
A-4051,-0.7561232369,CC(C)CC(N)C(O)=O
A-4052,-0.57344678,CCCC1CO1
A-4053,-0.6722585292,Cc1cccc(O)c1
A-4054,-0.8030472105,OC(=O)CCCCC(O)=O
A-4055,-0.724347118,[K+].O[B-](O)(F)F
A-4056,-1.3288181975,[Na+].CC(=O)Nc1ccc(NNC2=C3C(=O)C=C(C=C3C=CC2=N)[S]([O-])(=O)=O)c(c1)C(F)(F)F
A-4057,0.0852556513,[Cl].[Fe].[O-][S]([O-])(=O)=O
A-4058,0.1478732872,[Cl-].[Cl-].[Cl-].[Fe+3]
A-4059,0.1763542011,[Fe++].[O-][S]([O-])(=O)=O
A-4060,0.2664613742,[Na+].[O-][V](=O)=O
A-4061,0.0050162556,N[C+](N)N.[O-]C(=O)c1ccccc1
A-4062,0.0347439306,[H+].[Cl-].NCC1(CCCCC1)CC(O)=O
A-4063,-0.4201864202,O.O.O.O.[Na+].[Na+].[O-]B([O-])[O-].[O-]B([O-])[O-].[O-]B([O-])[O-].[O-]B([O-])[O-].[O-]B([O-])[O-].[O-]B([O-])[O-].[O-]B([O-])[O-].[O-]B([O-])[O-]
A-4064,0.1085957051,[Na+].[O-]C(=O)COc1ccccc1
A-4065,0.4903274359,CCC(C)=O
A-4066,-0.4066892685,[Na+].CCN(CC)c1ccc(cc1)[C+](c2ccc(cc2)N(CC)CC)c3ccc(cc3[S]([O-])(=O)=O)[S]([O-])(=O)=O
A-4067,-0.1977590837,[NH4+].[NH4+].[Zn++].[Zn++].[O-]C([O-])=O.[O-]C([O-])=O.[O-]C([O-])=O
A-4068,-0.677960508,Cc1cccc(O)c1
A-4069,-0.7377319259,[NH4+].[NH4+].[O-]C(=O)C([O-])=O
A-4070,-0.7538392019,Oc1ccccc1Cl
A-4071,-0.9458131266,Cn1cnc2N(C)C(=O)N(C)C(=O)c12
A-4072,-0.9824110402,NC(Nc1ccccc1)=Nc2ccccc2
A-4073,-1.0114935501,Clc1ccc(Br)cc1Cl
A-4074,-0.6670324644,CCCC[NH+](C)C
A-4075,-0.6872171371,[Na+].[Na+].[Na+].[Na+].[O-][S](=O)(=O)c1cccc2cc(NNC3=CC(=O)C4=CC(C=CC4=C3[S]([O-])(=O)=O)=NC(=O)Nc5ccc6C(=O)C(=N/Nc7ccc8cccc(c8c7)[S]([O-])(=O)=O)/C(=Cc6c5)[S]([O-])(=O)=O)ccc12
A-4076,0.0190211463,[H+].[Cl-].NCC1(CCCCC1)CC(O)=O
A-4077,1.2599496006,NC(N)=N.SC#N
A-4078,1.3522850439,[H+].[Cl-].NC(N)=N
A-4079,0.1560982767,OC(C(O)C(O)=O)C(O)=O
A-4080,0.0578742273,[K+].O[C@H]([C@@H](O)C([O-])=O)C(O)=O
A-4081,0.0098925331,[Na+].[K+].O[C@H]([C@@H](O)C([O-])=O)C([O-])=O
A-4082,-0.0337559003,CC(=O)CC(=O)OCCOC(=O)CC(C)=O
A-4083,0.0379554154,[Na+].Nc1ccc(cc1)[S]([O-])(=O)=O
A-4084,0.3717171259,C1OCOCO1
A-4085,0.3696637203,C1OCOCO1
A-4086,0.1455471695,[Mn++].O[P]([O-])([O-])=O
A-4087,0.0702954323,O.[Zn++].[O-][S]([O-])(=O)=O
A-4088,0.2356352551,[Na+].[Na+].[O-][Si]([O-])=O
A-4089,0.0682322717,O.[Zn++].[O-][S]([O-])(=O)=O
A-4090,-0.6708966537,CC(C)CC(C)O
A-4091,-1.1742318477,[Na+].[O-]C(=O)Cc1ccccc1Nc2c(Cl)cccc2Cl
A-4092,-1.6008155248,[Na+].[Na+].COc1cc(ccc1Nc2nc(Nc3ccc(cc3OC)N=Nc4cccc(c4)[S]([O-])(=O)=O)nc(n2)N(CCO)CCO)N=Nc5cccc(c5)[S]([O-])(=O)=O
A-4093,-1.076302279,CCC(CO)(CO)COCC(CC)(CO)CO
A-4094,-0.7575876083,COC(=O)CCS
A-4095,-0.6230030219,CCCCCO
A-4096,-1.232035998,[Na+].Cc1ccc(cc1[N+]([O-])=O)C(=O)Nc2ccc(cc2)[S]([O-])(=O)=O
A-4097,0.2683337666,Cc1[nH]cnc1CO
A-4098,0.0006247475,[H+].[Cl-].NCC1(CCCCC1)CC(O)=O
A-4099,0.1842562687,[K+].O[P](O)([O-])=O
A-4100,0.5693792548,C=CC=O
A-4101,0.0640763119,O.[Zn++].[O-][S]([O-])(=O)=O
A-4102,-0.2918169735,O.O.O.O.[Ce+3].O[S]([O-])(=O)=O.[O-][S]([O-])(=O)=O
A-4103,-0.7664726235,N.N.N.N.N.N.O.O.O.O.O.O.O.O.O.O.O.O.O.O.O.O.O.O.O.O.O.O.O.O.[Mo].[Mo].[Mo].[Mo].[Mo].[Mo].[Mo]
A-4104,0.2436628358,[NH4+].[O-][Cl](=O)(=O)=O
A-4105,-0.8254112341,[Na+].[Na+].[Na+].[Na+].[Na+].[Cu++].[O-]C(=O)c1cc(ccc1NNC(=N/Nc2cc(cc([N-]c3nc(Cl)nc(n3)N=C4C=C(C(C=C4[S]([O-])(=O)=O)=Nc5nc(Cl)nc(Nc6cccc(c6)[S]([O-])(=O)=O)n5)[S]([O-])(=O)=O)c2[O-])[S]([O-])(=O)=O)\c7ccccc7)[S]([O-])(=O)=O.[H+]
A-4106,0.3753911904,CC(=C)C(N)=O
A-4107,-0.8122490226,[Na+].[Na+].[Na+].[Na+].[Na+].[Na+].CCN(CC)c1nc(Nc2ccc(\C=C\c3ccc(Nc4nc(Nc5cc(ccc5[S]([O-])(=O)=O)[S]([O-])(=O)=O)nc(n4)N(CC)CC)cc3[S]([O-])(=O)=O)c(c2)[S]([O-])(=O)=O)nc(Nc6cc(ccc6[S]([O-])(=O)=O)[S]([O-])(=O)=O)n1
A-4108,-0.003669443,[Cl-].CN[C@@H](C)[C@H](O)c1ccccc1.[H+]
A-4109,0.9217607462,[Li+].[OH-]
A-4110,-0.0514554578,[Na+].[O-][N+](=O)c1cccc(c1)[S]([O-])(=O)=O
A-4111,-0.6995359214,CCCOC(C)=O
A-4112,-0.8779041501,CC1=CC(=O)CC(C)(C)C1=O
A-4113,-0.7828788966,[K+].O[B-](O)(F)F
A-4114,0.7589618218,OCCOCC#CCOCCO
A-4115,-1.057125752,OC(=O)c1cc(cc(c1O)[N+]([O-])=O)[N+]([O-])=O
A-4116,-0.7859239136,OCCc1ccccc1
A-4117,-0.8362671346,CCOc1ccc(N)cc1
A-4118,-0.9068654623,C[Si](C)(C)N[Si](C)(C)C
A-4119,-0.6339227122,CC(=O)OC=C
A-4120,-0.9153681722,CCOC(=O)C(Cl)C(C)=O
A-4121,-0.7524940436,CCOC(=O)CC#N
A-4122,-0.6994778319,CCOC(=O)C=C
A-4123,-0.7749656265,Oc1ccccc1C#N
A-4124,-1.3055373023,[Na+].Nc1c(cc(Br)c2C(=O)c3ccccc3C(=O)c12)[S]([O-])(=O)=O
A-4125,-0.5634276852,C[Si](C)C
A-4126,-1.4052404634,OCCOCCO.O=C1OC(=O)c2ccccc12
A-4127,-2.5268154232,[Na+].[Na+].[Fe].Nc1ccc(cc1)[N+]([O-])=O.Nc2cccc(c2)[S]([O-])(=O)=O.Nc3ccc(Nc4ccccc4)c(c3)[S]([O-])(=O)=O.OC\5=CC(=O)C=CC5=N/Nc6cc(cc(c6O)[N+]([O-])=O)[N+]([O-])=O
A-4128,-1.619929844,OC(=O)c1ccccc1
A-4129,-1.8004990233,O=C1N[S](=O)(=O)c2ccccc12
A-4130,-1.5871611222,OC1=CC(=O)NC=N1
A-4131,-1.4192433931,S=C=S
A-4132,-1.6731198029,O=COCc1ccccc1
A-4133,-1.5499606595,CCCCOCC
A-4134,-1.7248169889,COc1cccc(c1)C(C)=O
A-4135,-1.6570558529,Nc1ccc(Cl)cc1
A-4136,-2.2216330999,CCOC(=O)C(=N/Nc1ccc(cc1)[N+]([O-])=O)/C(=O)C2=NN3C(=NC(=O)c4ccccc34)S2
A-4137,-1.8919693074,CCCCOCCOCCOCCCC
A-4138,-1.8422414993,Cc1ccccc1N=C(N)N=C(N)N
A-4139,-1.6946562425,[Ca++].[O-][S]([O-])(=O)=O
A-4140,-1.808086339,CC1=NN(C(=O)C1)c2ccccc2
A-4141,-1.7025294606,NN=C(N)N.OC(O)=O
A-4142,-1.7997284582,CC(C)(O)C1CCC(C)(O1)C=C
A-4143,-1.8501922609,CC(=O)CC(=O)Nc1ccccc1C
A-4144,-1.8096943587,CC(C)C(NC(N)=O)NC(N)=O
A-4145,-0.9229632085,FC(F)CCl
A-4146,-1.8635330455,CC(C)(O)c1cccc(c1)C(C)(C)O
A-4147,-1.7061271762,CCc1cccc(C)c1N
A-4148,-1.8799338963,OC(=O)CC1(CCCCC1)CC(O)=O
A-4149,-1.715687645,[Ca++].[O-][S]([O-])(=O)=O
A-4150,-1.6023480335,NC(N)=N[N+]([O-])=O
A-4151,-1.9014771833,COc1ccc(NC(=O)CC(C)=O)cc1
A-4152,-1.805450609,CC1OCC(O1)c2ccccc2
A-4153,-1.7725870938,CCCC1CC(=CC(=O)C1)C
A-4154,-1.7990172934,CC(=O)Oc1ccc(cc1)C#N
A-4155,-1.7117467498,CCCCC(CC)CN
A-4156,-1.4463316859,OC(=O)CC[C@H](N1C(=O)c2ccccc2C1=O)C(O)=O
A-4157,-5.4952554359,CC(C)C1CCC(=CC1)C.CC(C)C2CCC(=CC2)C
A-4158,-1.5885809265,ClC(Cl)=C
A-4159,-1.7134804626,CCCCC(CC)CN
A-4160,-2.1613644081,[O--].[O--].[O--].[Gd+3].[Gd+3]
A-4161,-1.7120710055,OCCCCCCC=C
A-4162,-1.7882436903,CC(C)[C@H]1CCC(=CC1=O)C
A-4163,-1.9440451079,CC1(C)S[C@@H]2[C@H](N)C(=O)N2[C@H]1C(O)=O
A-4164,-1.6560434153,ClC\C=C/Cl
A-4165,-5.4653701933,[B+3].[Cl-].[Cl-].[Cl-].CCCCCCCCN(C)C
A-4166,-1.7963921827,C1OC1COc2ccccc2
A-4167,-1.7800351331,Sc1ccccc1Cl
A-4168,-2.0250992531,OCC(CO)(CO)COCC(CO)(CO)CO
A-4169,-1.7631595965,Nc1nccnc1C(O)=O
A-4170,-1.8493554218,CN(C)Cc1ccccc1Cl
A-4171,-2.4616735699,[Ca++].CCO[P]([O-])(=O)Cc1cc(c(O)c(c1)C(C)(C)C)C(C)(C)C.CCO[P]([O-])(=O)Cc2cc(c(O)c(c2)C(C)(C)C)C(C)(C)C
A-4172,-1.7537776946,[Ca++].[O-][S]([O-])(=O)=O
A-4173,-1.8944614494,OC(=O)CCCCCCCC(O)=O
A-4174,-1.6346048013,CCOC(C)(C)C
A-4175,-2.0652647201,C=CCOC(=O)OCCOCCOC(=O)OCC=C
A-4176,-1.7442328638,OCCCCCCC=C
A-4177,-1.7459467279,OCCCCCCC=C
A-4178,-1.88532188,Cl[S](=O)(=O)c1ccccc1
A-4179,-2.0063585886,CC(C)C1CCC(C)CC1OCC(O)CO
A-4180,-1.8262432451,COc1ccc(C=O)cc1O
A-4181,-1.7237015325,Cc1ccc(C=O)cc1
A-4182,-1.8337646505,Nc1ccc(O)cc1[N+]([O-])=O
A-4183,-1.788586132,CC(C)c1ccc(N)cc1
A-4184,-1.8029142358,Oc1ccccc1[N+]([O-])=O
A-4185,-1.8440637235,CC1CC(=CC(C)C1C=O)C
A-4186,-1.8552940397,CCCCC[C@H]1CCC(=O)O1
A-4187,-1.5471876399,S=C=S
A-4188,-1.9185447839,CC(=O)COc1c(C)cccc1C
A-4189,-1.8588690394,COc1ccc(OC)c(N)c1
A-4190,-1.774568607,CC(=C)C(=O)OCC=C
A-4191,-1.8211390559,Oc1ccccc1[N+]([O-])=O
A-4192,-1.9900786823,CC(=O)CC(=O)Nc1ccc(C)cc1C
A-4193,-1.931164755,COc1ccc(C)cc1NC(C)=O
A-4194,-2.237085122,[O--].[O--].[O--].[Gd+3].[Gd+3]
A-4195,-1.5594220963,S=C=S
A-4196,-2.0659009577,Nc1cc(Cl)c(Cl)cc1[S](O)(=O)=O
A-4197,-1.9250852844,CC1=NN(C(=O)C1)c2ccccc2
A-4198,-1.7501244285,CCCCCCC=O
A-4199,-2.0741448047,CC1CC(CCC1N)CC2CCC(N)C(C)C2
A-4200,-1.8045937153,CC(C)(C)OC(=O)C=C
A-4201,-1.839371189,COc1ccc(CO)cc1
A-4202,1.6302351258,CC(O)C(=O)N(C)C
A-4203,1.7009159091,[NH4+].OCC([O-])=O
A-4204,-2.2334403365,OC(=O)c1cccc2cccc(c3cccc4cccc(C(O)=O)c34)c12
A-4205,-1.8067597771,CC(C)COC(=O)C=C
A-4206,-1.86983286,CC(CC=O)c1ccccc1
A-4207,-1.7894220529,Cc1cc(O)ccc1N
A-4208,-1.83298765,COc1ccc(C=O)cc1
A-4209,-1.7485291244,OC1=CC(=O)NC=N1
A-4210,-1.8067597771,CCCCOC(=O)C=C
A-4211,-1.9142373478,COC(=O)C(=O)c1ccccc1
A-4212,-1.8067597771,CC(C)(C)OC(=O)C=C
A-4213,-0.0928963637,[Na+].[Na+].[O-]C(=O)CCCCCCCCC([O-])=O
A-4214,0.1755684464,COCC(C)OC(C)=O
A-4215,-0.4603540841,[Na+].[Na+].Nc1ccc2c([O-])c(N=Nc3ccc(cc3)N=Nc4ccc(cc4)[S]([O-])(=O)=O)c(cc2c1)[S](O)(=O)=O
A-4216,0.0188462521,[Cl].COc1cc(CN)ccc1O
A-4217,-0.5501699754,[Na+].[Na+].CC1=NN(C(=O)C1N=Nc2cc(NC(=O)C(Br)=C)ccc2[S]([O-])(=O)=O)c3cc(Cl)c(cc3Cl)[S]([O-])(=O)=O
A-4218,-0.8795540191,[Na+].[Na+].[Na+].[Na+].[Na+].[Na+].[O-][S](=O)(=O)c1ccc(Nc2nc(Cl)nc(NCCNc3ccc4N=C5C(=C6Oc7c(ccc(NCCNc8nc(Cl)nc(Nc9ccc(cc9[S]([O-])(=O)=O)[S]([O-])(=O)=O)n8)c7[S]([O-])(=O)=O)N=C6C(=C5Oc4c3[S]([O-])(=O)=O)Cl)Cl)n2)c(c1)[S]([O-])(=O)=O
A-4219,0.2962306258,O=C1CCC(=O)N1
A-4220,-0.167716596,[Na+].CCCCCCCCCCCCO[S]([O-])(=O)=O
A-4221,0.8629201268,CC(O)CN.OC(=O)CC(O)(CC(O)=O)C(O)=O
A-4222,1.3775443727,[H+].[Br-]
A-4223,0.1927727267,Cc1c(O)cccc1O
A-4224,0.351057238,CC(C)(O)C=C
A-4225,0.0846221527,[Li+].[Li+].[O-]C(=O)CCCCC([O-])=O
A-4226,-0.0473478928,[Li+].[Li+].[O-]C(=O)CCCCCCCCC([O-])=O
A-4227,-0.017921985,[Li+].[Li+].[O-]C(=O)CCCCCCCC([O-])=O
A-4228,-0.6359046156,Nc1ccc2C(=O)C(=N/Nc3ccc(cc3)N=Nc4ccc(cc4)[S](O)(=O)=O)\C(=Cc2c1)[S](O)(=O)=O.OCCN(CCO)CCO.OCCN(CCO)CCO
A-4229,0.343578985,CC(C)(O)C=C
A-4230,-0.7439517539,Cc1ccc(O)cc1
A-4231,-0.7151413428,CC\C=C/CCO
A-4232,-1.5783823574,[Na+].[Na+].Oc1c2ccc(Nc3nc(Cl)nc(Cl)n3)cc2cc(c1N=Nc4ccc(cc4)[S](=O)(=O)CCO[S]([O-])(=O)=O)[S]([O-])(=O)=O
A-4233,-0.7212973149,COC(=O)C(C)=C
A-4234,-0.7304124879,CCOC(=O)CC
A-4235,-0.7972420212,Oc1ccccc1C#N
A-4236,-0.64043406,CCN(CC)CCCNc1nc(NCCCN(CC)CC)nc(Nc2ccc3c(O)c(N=Nc4ccc5NC(=O)Nc5c4)c(cc3c2)[S](O)(=O)=O)n1.CC(O)C(O)=O
A-4237,-0.0578238563,[Sn++].[O-][S]([O-])(=O)=O
A-4238,-4.8795513261,COc1cc(Nc2c(cnc3cc(OCCCN4CCN(C)CC4)c(OC)cc23)C#N)c(Cl)cc1Cl
A-4239,-5.2475281114,COc1cc(Nc2c(cnc3cc(OCCCN4CCN(C)CC4)c(OC)cc23)C#N)c(Cl)cc1Cl
A-4240,0.4958194622,C/C=N/O
A-4241,1.3237062702,[Li+].[Br-]
A-4242,-0.0168484647,CCC(OCCCOC)OC(C)=O
A-4243,1.1851897156,NC(N)=N.SC#N
A-4244,0.0182921287,[Na+].[Na+].[O-][S](=O)[S]([O-])=O
A-4245,0.0994973759,CC(C)CCCCCCO
A-4246,0.4120163187,C\C=C/C=O
A-4247,-0.8574691214,OCC1OC2OC3C(O)C(O)C(OC3CO)OC4C(O)C(O)C(OC4CO)OC5C(O)C(O)C(OC5CO)OC6C(O)C(O)C(OC6CO)OC7C(O)C(O)C(OC7CO)OC8C(O)C(O)C(OC8CO)OC9C(O)C(O)C(OC9CO)OC1C(O)C2O
A-4248,0.3972950779,CC1OC1C
A-4249,-0.1361989598,[Na+].CCCCCCCCCO[S]([O-])(=O)=O
A-4250,-1.3909846109,[Cl-].CCNc1cc2[o+]c3cc(NCC)c(C)cc3c(c2cc1C)c4ccccc4C(=O)OC
A-4251,-0.6587128118,CC(C)CC=O
A-4252,-0.860835326,CCOc1ccc(N)cc1
A-4253,-0.7327042847,CCCOC(C)=O
A-4254,-2.1751395948,Clc1ccccc1C(=O)CC#N
A-4255,-0.7373244823,CCCOC(C)=O
A-4256,-1.0096153598,[Ca++].O[C@H]([C@@H](O)C(O)=O)C(O)=O
A-4257,-1.0636822045,CC(=O)CC(=O)OCCOC(=O)C(C)=C
A-4258,-0.8627210528,O=C1OCc2ccccc12
A-4259,-1.1387882185,CC1=NN(C(=N)C1)c2cccc(c2)[S](O)(=O)=O
A-4260,-1.0169828584,O=C1CCN(CC1)Cc2ccccc2
A-4261,-0.675103228,CCCCC=O
A-4262,-0.7984204337,ON=C1CCCCC1
A-4263,-1.0673808671,CCCCO[P](O)(=O)OCCCC
A-4264,-0.8059235439,COC(=O)\C=C(/C)N
A-4265,-0.8566651274,F.[Na].[MgH2].O=[Si]=O
A-4266,-0.6799021109,CCCCC=O
A-4267,-0.2184130526,Nc1ccc(cc1)N(CCO)CCO.O[S](O)(=O)=O
A-4268,-0.2897617622,[NH4+].[NH4+].[Zn++].[Zn++].[O-]C([O-])=O.[O-]C([O-])=O.[O-]C([O-])=O
A-4269,0.3524906593,[Na+].[Na+].[SH-]
A-4270,0.0005376801,[Ni++].CC([O-])=O.CC([O-])=O
A-4271,0.020110333,OC(C(F)(F)F)C(F)(F)F
A-4272,-0.5514458391,[Na+].[Na+].Nc1c2C(=O)c3ccccc3C(=O)c2c(Nc4ccc(cc4)[S](=O)(=O)CCO[S]([O-])(=O)=O)cc1[S]([O-])(=O)=O
A-4273,0.2340590989,CC1COC(=O)O1
A-4274,-0.6896460114,[Na+].[Na+].[Na+].OC(=O)C1=CC(CC=C1O)(Nc2nc(NC3(CC=C(O)C(=C3)C(O)=O)[S]([O-])(=O)=O)nc(NC4(CC=C(O)C(=C4)C(O)=O)[S]([O-])(=O)=O)n2)[S]([O-])(=O)=O
A-4275,0.2809097119,C1OCOCO1
A-4276,0.1212110943,[Ca++].[O-]C=O.[O-]C=O
A-4277,0.068474963,CC(=O)OCCOC(C)=O
A-4278,-0.5639623965,[Na+].[Na+].Nc1c2C(=O)c3ccccc3C(=O)c2c(Nc4ccc(cc4)[S](=O)(=O)CCO[S]([O-])(=O)=O)cc1[S]([O-])(=O)=O
A-4279,0.2340379542,C1CCCNCC1
A-4280,0.1161315688,[Ca++].[O-]C=O.[O-]C=O
A-4281,-1.0458962962,[O--].[O--].[O--].[As+3].[As+3]
A-4282,-1.504668533,[Na+].[Na+].[O-][S](=O)(=O)c1ccccc1\C=C/c2ccc(cc2)c3ccc(cc3)\C=C/c4ccccc4[S]([O-])(=O)=O
A-4283,-1.1797979201,ClC(Cl)(Cl)C(=O)C(Cl)(Cl)Cl
A-4284,-0.8439158605,OCCc1ccccc1
A-4285,-1.0872511921,CCCCO[P](O)(=O)OCCCC
A-4286,-0.5310304973,COC=C
A-4287,-0.9674738601,CCOCCOC(=O)C(C)=C
A-4288,-0.8074872745,Nc1ccccc1O
A-4289,-1.0080814136,Nc1cccc(c1)[S](O)(=O)=O
A-4290,-0.7995675722,Cc1cccc(N)c1
A-4291,-0.9859492465,CCOC(=O)C(Cl)C(C)=O
A-4292,0.2677775933,[Zr]
A-4293,-0.7590012125,[Na+].[Na+].[Na+].CCN1C(=O)C(=N/Nc2cc(Nc3nc(Cl)nc(Nc4ccc(c(Nc5nc(N)nc(Cl)n5)c4)[S]([O-])(=O)=O)n3)c(cc2[S]([O-])(=O)=O)[S]([O-])(=O)=O)\C(=C(C(N)=O)C1=O)C
A-4294,2.1108358976,ClCBr
A-4295,0.2715657802,CC(N)C(O)=O
A-4296,0.1021113643,CCN(CC)CC(C)O
A-4297,-0.5768504189,[Na+].[Na+].Nc1c2C(=O)c3ccccc3C(=O)c2c(Nc4ccc(cc4)[S](=O)(=O)CCO[S]([O-])(=O)=O)cc1[S]([O-])(=O)=O
A-4298,0.2196002605,CC(=O)CC(C)=O
A-4299,-0.2768464552,[Na+].[Na+].[Na+].[Na+].OO.OO.OO.[O-]C([O-])=O.[O-]C([O-])=O
A-4300,0.0500688015,CC(=O)OCCOC(C)=O
A-4301,0.3363395335,CC(N)=S
A-4302,1.3237062702,[Li+].[Br-]
A-4303,0.0830232388,COCC(C)OC(C)=O
A-4304,-0.6230624777,[NH4+].[Na+].COc1cc(c(C)cc1NC(=O)C(N=Nc2ccc(cc2)c3sc4c(ccc(C)c4[S]([O-])(=O)=O)n3)C(C)=O)[S]([O-])(=O)=O
A-4305,-1.3016357757,CCCCOCCOCCOCOCCOCCOCCCC
A-4306,-0.9360258625,CC1OC(=O)C(C)OC1=O
A-4307,-0.8891641024,ClCBr
A-4308,-0.9139223167,NC(=O)c1ccccc1N
A-4309,-0.8099084055,Cc1ccccc1N
A-4310,-0.9139095576,OC(=O)Cc1ccccc1
A-4311,-0.9989142237,CCOC(=O)C(Cl)C(C)=O
A-4312,-0.7858548038,CC\C=C/CCO
A-4313,-0.8170303088,Cc1ccccc1N
A-4314,-0.820501479,Cc1ccccc1N
A-4315,-1.0921119166,CC(C)C(N1CCCNC1=O)C(O)=O
A-4316,-0.853333105,COC1CCC=CO1
A-4317,-1.0003608573,CN1COCN=C1N[N+]([O-])=O
A-4318,-0.1117125828,[H+].[Cl-].Cc1ncc(CO)c(CO)c1O
A-4319,-0.0375676926,C1CNCCNCCNCCN1
A-4320,0.7012418819,[K+].[K+].[K+].OC(CC([O-])=O)(CC([O-])=O)C([O-])=O
A-4321,-0.3094338224,[Na+].[Na+].[Na+].[Na+].OO.OO.OO.[O-]C([O-])=O.[O-]C([O-])=O
A-4322,-0.3045102393,CCCCCCCCCc1ccc(OCCOCCO)cc1
A-4323,1.106488088,NC(N)=N.SC#N
A-4324,-0.2838814083,[Na+].CCCCCCCCCCCCO[S]([O-])(=O)=O
A-4325,-1.1028619258,CC(C)C(N1CCCNC1=O)C(O)=O
A-4326,-0.8986939452,CC(=O)OC(C=C)C#N
A-4327,-0.9190615336,CN(CC(O)=O)C(N)=N
A-4328,-1.1072819828,CC(C)C(N1CCCNC1=O)C(O)=O
A-4329,-0.864495868,CC1CCCCC1O
A-4330,-1.1132087198,CC(C)C(N1CCCNC1=O)C(O)=O
A-4331,-0.4947146361,CS
A-4332,-1.1146748845,CC(C)C(N1CCCNC1=O)C(O)=O
A-4333,-0.8158163967,COC(=O)C(C)=C
A-4334,-1.0034177306,CC(O)COc1ccccc1
A-4335,-0.9387416733,CN(CC(O)=O)C(N)=N
A-4336,-0.8539252345,Cc1ccccc1N
A-4337,-1.096509119,CCCCC(CC)COCCCN
A-4338,-1.062439076,Nc1cccc(c1)[S](O)(=O)=O
A-4339,-0.7590833569,CC(C)CC=O
A-4340,-0.8244165685,CCOC(=O)C=C
A-4341,-0.9886837875,OC(=O)CCCCC(O)=O
A-4342,-0.1076498856,[Cl-].N[C@@H](Cc1[nH]cnc1)C(O)=O.[H+]
A-4343,-0.0687471544,NC(CCCN=C(N)N)C(O)=O
A-4344,-0.3954232123,[Na+].[Na+].[Na+].[Na+].[Na+].[O-][P]([O-])(=O)O[P]([O-])(=O)O[P]([O-])([O-])=O
A-4345,0.9909771515,OC(C(O)C(O)=O)C(O)=O
A-4346,0.8927531021,[K+].O[C@H]([C@@H](O)C([O-])=O)C(O)=O
A-4347,0.844771408,[Na+].[K+].O[C@H]([C@@H](O)C([O-])=O)C([O-])=O
A-4348,-0.1325447734,[Na+].O[C@H](C[O-])[C@H]1OC(=C(O)C1=O)O
A-4349,0.0439416784,COCCOC(=O)C=C
A-4350,-0.1912743698,[H+].[Cl-].NNc1ccc(cc1)[S](N)(=O)=O
A-4351,0.2124315669,CN(C)C(N)=O
A-4352,-0.3042087283,[K+].[Au+].[C-]#N.[C-]#N
A-4353,-1.2315456851,[Na+].[Na+].[Na+].[Na+].[Na+].[Na+].[Na+].[Na+].[Na+].[Na+].[O-][S](=O)(=O)c1ccc(cc1)N=Nc2ccc(cc2)N=Nc3ccc(\C=C\c4ccc(cc4[S]([O-])(=O)=O)N=Nc5ccc(cc5)N=Nc6ccc(cc6)[S]([O-])(=O)=O)c(c3)[S]([O-])(=O)=O.[O-][S](=O)(=O)c7ccc(cc7)N=Nc8ccc(cc8)N=Nc9ccc(/C=C/c%10ccc(cc%10[S]([O-])(=O)=O)N=Nc%11ccc(\C=C\c%12ccc(cc%12[S]([O-])(=O)=O)N=Nc%13ccc(cc%13)N=Nc%14ccc(cc%14)[S]([O-])(=O)=O)c(c%11)[S]([O-])(=O)=O)c(c9)[S]([O-])(=O)=O
A-4354,0.2707667438,NC(N)=S
A-4355,1.1073844617,Oc1cccc(O)c1
A-4356,-0.0321269405,OC(C(O)=O)c1ccccc1
A-4357,-0.0347164382,OC(C(O)=O)c1ccccc1
A-4358,0.088674948,C=CCOCC1CO1
A-4359,0.0384738201,CC1(C)NC(=O)NC1=O
A-4360,-0.31341673,[K+].[Au+].[C-]#N.[C-]#N
A-4361,-0.8876904267,[Na+].[Na+].[Na+].[Na+].OCCNc1nc(Nc2cccc(c2)[S](O)(=O)=O)nc(Nc3ccc(\C=C\c4ccc(Nc5nc(NCCO)nc(Nc6cccc(c6)[S](O)(=O)=O)n5)cc4[S](O)(=O)=O)c(c3)[S](O)(=O)=O)n1
A-4362,-0.3508265075,[Na+].[Na+].[Na+].[Na+].OO.OO.OO.[O-]C([O-])=O.[O-]C([O-])=O
A-4363,-1.3764838717,[Ca++].CCCCCCCCC([O-])=O.CCCCCCCCC([O-])=O
A-4364,-1.0269230581,O[P](O)(=O)c1ccccc1
A-4365,-1.06748522,CCOC(=O)\C=C/C(=O)OCC
A-4366,-0.9791714647,CC1=CC(=O)CC(C)(C)C1
A-4367,-1.491314993,[Na+].[Na+].CC1=NN(C(=O)C1N=Nc2ccccc2C([O-])=O)c3ccc(cc3)[S]([O-])(=O)=O
A-4368,-1.0064125544,OC(=O)CCCCC(O)=O
A-4369,-1.8996548497,OCC1OC2OC3C(O)C(O)C(OC3CO)OC4C(O)C(O)C(OC4CO)OC5C(O)C(O)C(OC5CO)OC6C(O)C(O)C(OC6CO)OC7C(O)C(O)C(OC7CO)OC8C(O)C(O)C(OC8CO)OC1C(O)C2O
A-4370,-0.9307389165,[K+].O[B-](O)(F)F
A-4371,-1.3810309201,[Na+].[O-][S](=O)(=O)c1ccc(Nc2nc(Cl)nc(Cl)n2)cc1
A-4372,-1.4630694907,CCCCCCCCCc1ccccc1O.CC2CO2.OCCNCCO.C=O
A-4373,-0.9998133968,CI
A-4374,-1.4505613752,[Cl-].CCN(CC)c1ccc2C=C(C(=O)Oc2c1)c3n(C)c4ccccc4[n+]3C
A-4375,-0.9815069521,Oc1ccc(cc1O)C#N
A-4376,-0.8514795392,CC(C)CC(C)=O
A-4377,-0.9443240129,COc1ccccc1N
A-4378,-0.9399469183,[K+].O[B-](O)(F)F
A-4379,-1.0530702077,C=COCCOCCOC=C
A-4380,0.966674617,OC(C(O)C(O)=O)C(O)=O
A-4381,0.8684505676,[K+].O[C@H]([C@@H](O)C([O-])=O)C(O)=O
A-4382,0.8204688735,[Na+].[K+].O[C@H]([C@@H](O)C([O-])=O)C([O-])=O
A-4383,-0.7520299872,[Na+].[Na+].[Na+].CN(c1ccc2c(c1)C=C(/C(=N/Nc3ccccc3[S]([O-])(=O)=O)C2=O)[S]([O-])(=O)=O)c4nc(Cl)nc(Nc5cccc(c5)[S]([O-])(=O)=O)n4
A-4384,-0.039254302,OC(C(O)=O)c1ccccc1
A-4385,0.675309966,O.O.O.O.O.O.[Co++].[O-][N+]([O-])=O.[O-][N](=O)=O
A-4386,0.8661228867,[Cu++].[O-][N+]([O-])=O.[O-][N+]([O-])=O
A-4387,-0.200293041,[Na+].OC(=O)CC(O)(CC(O)=O)C([O-])=O
A-4388,-0.053546818,OC(C(O)=O)c1ccccc1
A-4389,-0.0376702481,COC(=O)CCC(=O)OC
A-4390,0.2452589764,NC(N)=S
A-4391,-0.0227042741,COCc1oc(C=O)cc1
A-4392,1.2878896498,[nH]1cccn1
A-4393,-0.5731459846,CCN(CC[N+](C)(C)CC(C)O)c1ccc(cc1)N=Nc2ccc(cc2Cl)[N+]([O-])=O.CC([O-])=O
A-4394,-0.5518943051,[Cl-].CCN(CC[N+](C)(C)CC(C)O)c1ccc(cc1)N=Nc2ccc(cc2Cl)[N+]([O-])=O
A-4395,-0.384250204,[Cu++].[O-]C(=O)C1CCC(=O)N1.[O-]C(=O)C2CCC(=O)N2
A-4396,-0.714875651,[Na+].[Na+].COc1cc(ccc1NC(=O)Nc2ccc(cc2OC)N=Nc3cccc(c3)[S]([O-])(=O)=O)N=Nc4cccc(c4)[S]([O-])(=O)=O
A-4397,0.6787306592,[Y+3].[O-][N+]([O-])=O.[O-][N+]([O-])=O.[O-][N+]([O-])=O
A-4398,0.9007258537,OC(=O)C(Cl)(Cl)Cl
A-4399,0.000523602,CCOC(=O)CC(C)=O
A-4400,-0.0449315461,CC(CO)OC(=O)C(C)=C
A-4401,-1.1141554489,Cc1ccc2OCC(=O)COc2c1
A-4402,-1.2184148997,CCOC(=O)c1ccnc(c1)C(=O)OCC
A-4403,-1.0693838669,O[P](O)(=O)c1ccccc1
A-4404,-1.8879601369,[Na+].[Na+].[K].[K].OCCN(CCO)c1nc(Nc2ccccc2)nc(Nc3ccc(\C=C\c4ccc(Nc5nc(Nc6ccccc6)nc(n5)N(CCO)CCO)cc4[S]([O-])(=O)=O)c(c3)[S]([O-])(=O)=O)n1
A-4405,-1.0915320913,CC(C)(O)C(=O)c1ccccc1
A-4406,-1.0999943697,CC1=CCC2C(C1)C(=O)OC2=O
A-4407,-1.2377892845,CCCCC(CC)CO.O[P](O)(O)=O
A-4408,-0.9931557452,CCN(C(C)C)C(C)C
A-4409,-1.1798717942,OCCOc1ccc(OCCO)cc1
A-4410,-0.9694983474,Cc1cccc(C)c1N
A-4411,-0.8212312637,CCC(C)C=O
A-4412,-1.082666634,CC(C)CN(CC(C)C)C=O
A-4413,-1.5399557688,CC1(C)CC(CC(C)(C)N1)N(CCCCCCN(C=O)C2CC(C)(C)NC(C)(C)C2)C=O
A-4414,-1.1831208546,CN1C(=C(NC=O)C(=O)N(C)C1=O)N
A-4415,-0.8004343948,[Na+].[Na+].[Na+].CCN(c1ccccc1)c2nc(Cl)nc(Nc3cc(cc4C=C(\C(=N/Nc5ccc(C)cc5[S]([O-])(=O)=O)C(=O)c34)[S]([O-])(=O)=O)[S]([O-])(=O)=O)n2
A-4416,0.049756882,C=CCOCC1CO1
A-4417,0.1998833284,N#CCCC#N
A-4418,0.9205698298,OC(C(O)C(O)=O)C(O)=O
A-4419,0.8223457804,[K+].O[C@H]([C@@H](O)C([O-])=O)C(O)=O
A-4420,0.7743640862,[Na+].[K+].O[C@H]([C@@H](O)C([O-])=O)C([O-])=O
A-4421,0.0964021855,CC(=O)CC(C)=O
A-4422,-0.8763361004,[Na+].[Na+].[Na+].CCN(c1cccc(c1)[S](=O)(=O)CCO[S]([O-])(=O)=O)c2nc(Cl)nc(Nc3ccc4C(=O)C(=N/Nc5ccc(OC)cc5[S]([O-])(=O)=O)\C(=Cc4c3)[S]([O-])(=O)=O)n2
A-4423,-0.1448235929,CCOC(=O)CC1(C)OCCO1
A-4424,-0.9094796777,[Li+].[Li+].[Na+].[Na+].COc1cc(ccc1N\N=C/2C(=O)c3c(O)cc(cc3C=C2[S]([O-])(=O)=O)[S]([O-])(=O)=O)N(O)\N=C\4C=CC(=N\N=C\5C(=O)c6c(O)cc(cc6C=C5[S]([O-])(=O)=O)[S]([O-])(=O)=O)\C(=C4)OC
A-4425,-0.1361449783,CN(C)Cc1ccccc1Cl
A-4426,-0.0465738269,[K+].[O-][V](=O)=O
A-4427,0.9471841061,[La]
A-4428,-0.9138010179,[Li+].[Li+].[Na+].[Na+].Nc1c(N=Nc2ccc(cc2)[S](=O)(=O)CCO[S]([O-])(=O)=O)c(cc3C=C(\C(=N/Nc4cc(Nc5nc(F)nc(F)c5Cl)ccc4[S]([O-])(=O)=O)C(=O)c13)[S]([O-])(=O)=O)[S]([O-])(=O)=O
A-4429,-0.903187957,[Na+].[Na+].[Na+].[Na+].[O-][S](=O)(=O)OCC[S](=O)(=O)c1ccc(N\N=C/2C(=O)c3c(Nc4nc(Cl)nc(Nc5cccc(c5)[S]([O-])(=O)=O)n4)cc(cc3C=C2[S]([O-])(=O)=O)[S]([O-])(=O)=O)cc1
A-4430,-0.0752231636,COC(=O)CCC(=O)OC
A-4431,0.940064365,[La]
A-4432,0.811144139,[Na+].[O-]C(=O)C(Cl)(Cl)Cl
A-4433,-1.3401088604,O=C(OCC1CO1)C2CC=CCC2C(=O)OCC3CO3
A-4434,-1.2665270421,[Ca++].CC(=O)[CH-]C(C)=O.CC(=O)[CH-]C(C)=O
A-4435,-1.6785332004,[Na+].[Na+].[O-][S](=O)(=O)C1=CC(=O)C2=C(NNc3ccc(NC(=O)C(Br)=C)cc3[S]([O-])(=O)=O)C(=N)C=CC2=C1
A-4436,-1.0235160951,Oc1ccc(cc1O)C#N
A-4437,-1.4186392601,CC(=C)C(=O)OCCOCCOCCOCCOC(=O)C(C)=C
A-4438,-1.1412730253,Nc1ccc(cc1)[S](O)(=O)=O
A-4439,-0.9037886388,COC1CCCC1
A-4440,-1.1812163945,Nc1ccc(cc1N)[S](O)(=O)=O
A-4441,-1.2330683732,NC1CCC(CC1)CC2CCC(N)CC2
A-4442,-1.0004518583,O=N\C=C/1NC=CC=C1
A-4443,-0.9786967727,CCCC(C)C(O)=O
A-4444,-1.0930914177,O=C1NC(=O)C2CC=CCC12
A-4445,-1.0613582209,CC1=CC(=O)CC(C)(C)C1
A-4446,-0.9508352475,Cc1cccc(N)c1
A-4447,-1.1443043112,C[C@@H]1[C@@H](CN)C[C@H]2C[C@@H]1C2(C)C
A-4448,-0.9259692253,CCCCCCN
A-4449,-0.6984761494,CCN(CC)c1ccc(cc1)C(c2ccc(cc2)N(CC)CC)c3c4cc(ccc4ccc3[S](O)(=O)=O)[S](O)(=O)=O
A-4450,0.1266596907,CCC(C)(C)O
A-4451,0.6074112619,[Rh+3].[O-][N+]([O-])=O.[O-][N+]([O-])=O.[O-][N+]([O-])=O
A-4452,0.0747510173,COC(=O)CC#N
A-4453,0.188516266,NC(N)=S
A-4454,0.64366814,OCCN1C(=O)N(CCO)C(=O)N(CCO)C1=O
A-4455,0.1049446829,COC(=O)OC
A-4456,-0.8900865081,[Li+].[Na+].[Na+].[O-][S](=O)(=O)c1cc(NC(=O)c2ccccc2)c3C(=O)C(=N/Nc4ccc5c(CNc6nc(F)nc(F)c6Cl)cccc5c4[S]([O-])(=O)=O)/C(=Cc3c1)[S]([O-])(=O)=O
A-4457,1.0545010478,[K+].OC([O-])=O
A-4458,1.0034883278,Oc1cccc(O)c1
A-4459,-0.4861495515,[Cl-].CCCCCCCCCCCCCCCC[n+]1ccccc1
A-4460,-0.9454685851,OCC1OC2OC3C(O)C(O)C(OC3CO)OC4C(O)C(O)C(OC4CO)OC5C(O)C(O)C(OC5CO)OC6C(O)C(O)C(OC6CO)OC7C(O)C(O)C(OC7CO)OC1C(O)C2O
A-4461,-0.1997551773,CCC(CO)(CO)COCC=C
A-4462,-0.0765411499,CSCCC(O)C#N
A-4463,0.1165037469,CC(C)=CC=O
A-4464,0.6621234357,[Li+].[OH-]
A-4465,-1.0365979243,CC(C)CC(C)(O)C#C
A-4466,-0.9775501681,O=CC1CCC=CC1
A-4467,-0.981310317,O=CC1CCC=CC1
A-4468,-1.0486616392,O=C1CC(=O)NC(=O)N1
A-4469,-1.0486995672,O=C1CC(=O)NC(=O)N1
A-4470,-1.0824421952,OCCCCCCCl
A-4471,-1.0810922867,N#CCCCCCCC#N
A-4472,-1.3640293861,CC(C)C1(C)N=C(NC1=O)c2ncccc2C(O)=O
A-4473,-1.3651068495,CC(C)C1(C)N=C(NC1=O)c2ncccc2C(O)=O
A-4474,-0.8598992117,CC\C=C/C#N
A-4475,-1.2538616934,[Mn++].CCCCC(CC)C(O)=O
A-4476,-0.9679604621,CCC(C)(C)OC
A-4477,-1.1265180752,C1C[NH+]=C(N1)c2ccccc2
A-4478,-1.2515054899,OCC1CCC2C3CC(CC3CO)C12
A-4479,-0.1416667622,O[C@@H](C(O)=O)c1ccccc1
A-4480,0.7452125491,COC1OC(CO)C(O)C(O)C1O
A-4481,0.1123185894,[Na+].OC([O-])=O
A-4482,-0.4931842877,[Na+].[Na+].OC(=O)CN(CCN(CC(O)=O)CC([O-])=O)CC([O-])=O
A-4483,0.7778715429,OCC#CCO.ClCC1CO1
A-4484,0.0901312493,CC1CCOC1
A-4485,0.6456305496,[Cr+3].[O-][N+]([O-])=O.[O-][N+]([O-])=O.[O-][N+]([O-])=O
A-4486,0.0054931194,CC(O)SC=C
A-4487,-0.827397585,[Na+].[Na+].Nc1ccc(N=Nc2ccc(cc2)N=Nc3c(N)c4C(=O)C(=N/Nc5ccccc5)/C(=Cc4cc3[S]([O-])(=O)=O)[S]([O-])(=O)=O)c(N)c1
A-4488,-0.5054187441,[Na+].[Na+].OC(=O)CN(CCN(CC(O)=O)CC([O-])=O)CC([O-])=O
A-4489,0.2335017655,C[N+]([O-])=O
A-4490,0.4860173873,[Sm+3].[O-][N+]([O-])=O.[O-][N+]([O-])=O.[O-][N+]([O-])=O
A-4491,-0.1950829342,[Al+3].[O-]C=O.[O-]C=O.[O-]C=O
A-4492,0.0167319924,CCC(C)(O)C#C
A-4493,-0.2324579511,NNC(=O)CCCCC(=O)NN
A-4494,0.8236598168,OC(C(O)C(O)=O)C(O)=O
A-4495,1.0451691789,COCCOC
A-4496,1.0549945152,C1COCCO1
A-4497,0.8755251204,CC(O)CNCC(C)O
A-4498,1.0037817508,CN1CCCC1=O
A-4499,1.1302814392,CNC(N)=O
A-4500,0.9129678895,OCCSCCO
A-4501,0.6774954055,O.OC(=O)CC(O)(CC(O)=O)C(O)=O
A-4502,0.7539645196,CCOCCOCCOC(C)=O
A-4503,0.9741986662,OCCOCCO
A-4504,0.7028481463,CC(=C)C(=O)OCCN1CCNC1=O
A-4505,0.8134589559,[H+].[Cl-].CN(C)C(C)(C)CO
A-4506,0.8035115448,CN(C)CCOC(=O)C(C)=C
A-4507,0.9823282162,NCCNCCO
A-4508,0.9238549272,CN(CCO)CCO
A-4509,0.8234052513,OCCOCCOCCO
A-4510,0.826260286,OCCN(CCO)CCO
A-4511,1.0941285967,OCCCl
A-4512,1.0702644103,OC(=O)CC#N
A-4513,0.9351079333,OCCOC(=O)C=C
A-4514,1.1482586908,CC(O)C#N
A-4515,1.0751110617,CC(C)(O)C#C
A-4516,1.1358509819,CC(C)(C)N
A-4517,1.1300470117,CC(C)(C)O
A-4518,1.0309150604,Cc1ccccn1
A-4519,1.1071488253,OCCS
A-4520,0.9864676175,CN(C)CCCO
A-4521,0.6570840829,CO[S]([O-])(=O)=O.C[n+]1ccn(C=C)c1
A-4522,0.7590091939,Oc1ccc(cc1)[S](O)(=O)=O
A-4523,0.8411251015,OCCCCOC(=O)C=C
A-4524,1.0598721633,CN(C)C(C)=O
A-4525,1.0083088579,CC(NC=O)C#N
A-4526,1.1358509819,CCNCC
A-4527,1.1361123296,CNC(C)=O
A-4528,1.3658352118,C1CN1
A-4529,1.0451691789,CCC(O)CO
A-4530,1.0451691789,C[C@@H](O)[C@H](C)O
A-4531,1.0035890328,NC1CCCCC1
A-4532,1.2433943163,NC1CC1
A-4533,0.8964494063,ClC(=O)C(Cl)=O
A-4534,1.3463919758,NC=O
A-4535,1.0172449791,C[S](O)(=O)=O
A-4536,0.9204425284,COC(=O)COCO
A-4537,1.3365535082,CNN
A-4538,0.9994921725,O=C1CCCCO1
A-4539,0.9823448956,CCCC(O)CO
A-4540,0.9823448956,OCCCCCO
A-4541,0.7254357674,[K+].O[C@H]([C@@H](O)C([O-])=O)C(O)=O
A-4542,0.6774540732,[Na+].[K+].O[C@H]([C@@H](O)C([O-])=O)C([O-])=O
A-4543,1.1422876621,OC(=O)C=C
A-4544,1.1300235759,CC(N)CN
A-4545,1.1303048889,CCC(O)=O
A-4546,0.7319628929,[Na+].[O-]C(=O)C(Cl)(Cl)Cl
A-4547,-0.0867739928,[Na+].[Na+].[Na+].[Na+].CC(O)CN(CC(C)O)c1nc(Nc2ccc(cc2)[S]([O-])(=O)=O)nc(Nc3ccc(/C=C/c4ccc(Nc5nc(Nc6ccc(cc6)[S]([O-])(=O)=O)nc(n5)N(CC(C)O)CC(C)O)cc4[S]([O-])(=O)=O)c(c3)[S]([O-])(=O)=O)n1
A-4548,0.4850619562,[I-].CCCC[N+](C)(CCCC)CCCC
A-4549,0.9430113455,OC(=O)C(F)(F)F
A-4550,1.0357686635,OCC(O)CO
A-4551,-0.0868756938,O=[S]1(=O)CCCO1
A-4552,-0.1209521291,OC(=O)CCCC(O)=O
A-4553,-0.6173904015,[Na+].[Na+].Nc1ccc(\C=C\c2ccc(N)cc2[S]([O-])(=O)=O)c(c1)[S]([O-])(=O)=O
A-4554,-0.4599726673,[Na+].CCCCCCCCCCCCO[S]([O-])(=O)=O
A-4555,-0.5266080432,[Na+].[Na+].OC(=O)CN(CCN(CC(O)=O)CC([O-])=O)CC([O-])=O
A-4556,-0.4249436743,[Y+3].CC([O-])=O.CC([O-])=O.CC([O-])=O
A-4557,-1.2051065795,Nc1cccc(c1)[S](O)(=O)=O
A-4558,-1.5924060415,COc1ccc2nccc(C(O)C3CC4CCN3CC4C=C)c2c1.O[S](O)(=O)=O
A-4559,-1.4489346424,OC(=O)c1cc(Br)nn1c2ncccc2Cl
A-4560,-0.9795636765,CCC(C)(C)OC
A-4561,-1.1740987082,O[P](O)(=O)c1ccccc1
A-4562,-1.1383421777,ClCCOCCCl
A-4563,-0.992319808,CCC(C)(C)OC
A-4564,-1.1460946327,ClCCOCCCl
A-4565,-1.1506243614,ClCCOCCCl
A-4566,-1.1340176457,CC(=O)c1ccc(O)cc1
A-4567,-1.1766034244,CC(=O)C(O)c1ccccc1
A-4568,-1.0300164936,Cc1cccc(N)c1
A-4569,-0.9826601144,N.N.OC(O)=O
A-4570,-1.0258013338,COC(OC)OC
A-4571,-2.2261095189,OCC(CBr)(CBr)CBr
A-4572,-2.1052106917,Nc1cc(Cl)c(Cl)cc1[S](O)(=O)=O
A-4573,-2.6873571432,[Na+].[Na+].[O-][S](=O)(=O)c1cc(Nc2nc(Nc3ccccc3)nc(n2)N4CCOCC4)ccc1/C=C/c5ccc(Nc6nc(Nc7ccccc7)nc(n6)N8CCOCC8)cc5[S]([O-])(=O)=O
A-4574,-1.811543258,[O-][N+](=O)c1ccccc1
A-4575,-1.908111253,COC(=O)c1ccc(O)cc1
A-4576,-1.8893830404,[nH]1ccnc1c2ccccc2
A-4577,-2.1065271998,[Sr].OC(C(O)C(O)=O)C(O)=O
A-4578,-2.3440808538,CCOc1nc(NC)nc(NC(=O)N[S](=O)(=O)c2ccccc2C(=O)OC)n1
A-4579,-1.9933265855,OCCNc1ccccc1[N+]([O-])=O
A-4580,-1.0553611102,Cc1oncc1C([O-])=O
A-4581,-2.1009159429,[O-][N+](=O)OCC(CO[N+]([O-])=O)O[N+]([O-])=O
A-4582,-1.8852669619,CC1CC=C(C)C(=O)C1C
A-4583,-1.8926170502,Clc1ccccc1C=O
A-4584,-2.0439121671,[Mn++].CCCCC(CC)C(O)=O
A-4585,-1.8525172676,CC(C)COC(=O)C=C
A-4586,-1.897755345,CC1CC(O)CC(C)(C)C1
A-4587,-2.0550171187,CCCCC(CC)COCC(O)CO
A-4588,-1.976703976,NC(=O)c1ccc(Cl)c(N)c1
A-4589,-2.3558504459,COc1cc(N[S](=O)(=O)c2ccccc2)c3C(=O)c4ccccc4C(=O)c3c1N
A-4590,-2.0699304799,CCCCOCc1ccc(O)c(OC)c1
A-4591,-2.1925611892,C1OC1COc2cccc(c2)N(CC3CO3)CC4CO4
A-4592,-1.6423088751,c1ccccc1
A-4593,-2.350745656,CC1(C)CC(CC(C)(C)N1)NCCCCCCNC2CC(C)(C)NC(C)(C)C2
A-4594,-1.8690549515,CCOC(=O)CC(C)C
A-4595,-1.6317252149,[OH-].[OH-].[Ca++]
A-4596,-1.8009902548,COc1ccccc1
A-4597,-2.1243507639,CC(C)CC(C)(O)C#CC(C)(O)CC(C)C
A-4598,-1.8773408513,CCCCOC(=O)C=C
A-4599,-1.9503533645,O=C1NSc2ccccc12
A-4600,-2.0948968063,CCCCOCc1ccc(O)c(OC)c1
A-4601,-2.0750002801,[H+].[Cl-].Nc1cc(Cl)ccc1Cl
A-4602,-2.6180468359,[Na+].[Na+].CCCCCCCCCCCC(=O)O[C@@H](C)C[S]([O-])(=O)=O.CCCCCCCCCCCC(=O)O[C@H](C)C[S]([O-])(=O)=O
A-4603,-1.9617759938,O=C1NSc2ccccc12
A-4604,-1.9816731181,Nc1scc(CC(O)=O)n1
A-4605,-2.2459922106,N#CC1(CC[NH+](CC1)Cc2ccccc2)[NH+]3CCCCC3
A-4606,-2.0112787971,CCN(CC)c1cccc(O)c1
A-4607,-2.1520684654,[O-][N+](=O)OCC(CO[N+]([O-])=O)O[N+]([O-])=O
A-4608,-2.0294370465,Cc1ccccc1[S](N)(=O)=O
A-4609,-1.8927830816,ClCC(Cl)C=C
A-4610,-1.9425722692,COC(=O)C=C1CCCC1
A-4611,-2.3111867897,CC(CCl)O[P](=O)(OC(C)CCl)OC(C)CCl
A-4612,0.5352114089,NCC(F)F
A-4613,-2.2017086736,C[P](=O)(Oc1ccccc1)Oc2ccccc2
A-4614,-1.8565894775,C/C=C/C=C/C(O)=O
A-4615,0.532075695,NCC(F)F
A-4616,-1.7924097659,Fc1ccccc1
A-4617,-2.3669926669,[Na+].CCCCCCCCCCCCCCCCCO[S]([O-])(=O)=O
A-4618,-1.9957615899,CC1(C)C2CCC1(C)C(=O)C2
A-4619,-1.8013609894,Fc1ccccc1
A-4620,0.5225303771,NCC(F)F
A-4621,-2.148742462,NC(Nc1ccccc1)=Nc2ccccc2
A-4622,-2.180097189,[O-][N+](=O)OCC(CO[N+]([O-])=O)O[N+]([O-])=O
A-4623,-2.4153529113,CC(=O)OCC1OC(OC(C)=O)C(OC(C)=O)C(OC(C)=O)C1OC(C)=O
A-4624,-2.0423138216,CC(C)(CO)Cc1ccccc1
A-4625,-1.9065411213,C1OC1c2ccccc2
A-4626,-1.9735059834,COC(=O)C=C1CCCC1
A-4627,-2.067961594,CC(C)(C)OOC(=O)C(C)(C)C
A-4628,-2.1455655454,CCO[Si](OCC)(OCC)OCC
A-4629,-2.0452383746,CC\C=C/CC1=C(C)CCC1=O
A-4630,-1.9805722205,Clc1ccccc1C=O
A-4631,-2.0123777929,CCC(C)c1ccccc1O
A-4632,-2.003547898,Oc1cccc2ccccc12
A-4633,-1.9818696309,Cc1ccc(C)c(O)c1C
A-4634,-2.1910376032,CCCCCCCCN(CCO)CCO
A-4635,-1.9880299396,Cc1ccc(C)c(O)c1C
A-4636,-2.0128793872,CCCCC(CC)C(O)=O
A-4637,-2.0303481272,O=Cc1ccc2OCOc2c1
A-4638,-1.9443240129,Cc1cc(O)ccc1N
A-4639,-2.178419855,OC(=O)c1cc(cc(c1)[N+]([O-])=O)C(O)=O
A-4640,-1.961661737,CCCCOC(=O)C=C
A-4641,-2.6221984752,[Na+].Cc1ccc(cc1)[S](=O)(=O)Oc2ccc(Nc3cc(c(N)c4C(=O)c5ccccc5C(=O)c34)[S]([O-])(=O)=O)cc2
A-4642,-2.2430987475,CCOC(=O)N[S](=O)(=O)c1ccc(C)cc1
A-4643,-2.2163093616,[O-][N+](=O)OCC(CO[N+]([O-])=O)O[N+]([O-])=O
A-4644,-2.412949573,[Ca++].CCCCCCCCC([O-])=O.CCCCCCCCC([O-])=O
A-4645,-2.040520296,CCOC(OCC)OCC
A-4646,-1.2762654416,[Li+].[F-]
A-4647,-1.2901015882,[Li+].[F-]
A-4648,-2.1440495587,CCCCCCCCC(=O)N(C)C
A-4649,-2.308127519,Cc1cc(ccc1N=C=O)c2ccc(N=C=O)c(C)c2
A-4650,-2.1674059572,OC(=O)CN(CC(O)=O)CC(O)=O
A-4651,-2.0263320829,Nc1ccccc1[N+]([O-])=O
A-4652,-2.050971343,CC(=O)\C=C\c1ccccc1
A-4653,-1.3100098768,[Li+].[F-]
A-4654,-2.1731049195,Oc1ccc(cc1)C2NC(=O)NC2=O
A-4655,-2.4084792453,[Na+].CCCCCCCCCCCC(=O)OCC[S]([O-])(=O)=O
A-4656,-2.069607204,O=C1NSc2ccccc12
A-4657,-2.1741393399,OC(=O)CN(CC(O)=O)CC(O)=O
A-4658,-2.1910899756,Nc1ccc(NCCO)c(c1)[N+]([O-])=O
A-4659,-2.1472867242,CC(O)CC(C)(C)c1ccccc1
A-4660,-2.0108797597,CCCCOC(=O)C=C
A-4661,-2.0619739225,Oc1cccc2ccccc12
A-4662,-2.1303847013,Nc1cccc(Cl)c1Cl
A-4663,-2.0718850743,Cc1ccc(Cl)cc1N
A-4664,-2.2792257347,CC(=O)N(CCN(C(C)=O)C(C)=O)C(C)=O
A-4665,-2.2793855347,CC(C)C1CCC(C)CC12OCC(CO)O2
A-4666,-2.9562873167,[Na+].[Na+].CC(C)(c1ccc(O[S](=O)(=O)c2cccc(NNC3=C4C(=O)C=C(C=C4C=CC3=N)[S](O)(=O)=O)c2)cc1)c5ccc(O[S](=O)(=O)c6cccc(NNC7=C8C(=O)C=C(C=C8C=CC7=N)[S](O)(=O)=O)c6)cc5
A-4667,-2.1362024863,CCOC(=O)Cc1ccccc1
A-4668,-1.5643997258,[N-]=[N+]=O
A-4669,-2.6748435421,[Na+].Cc1cc(Nc2cc(c(N)c3C(=O)c4ccccc4C(=O)c23)[S]([O-])(=O)=O)cc(c1C)[S](=O)(=O)NCCO
A-4670,-2.1017918874,O=C1NSc2ccccc12
A-4671,-2.1991273723,CCCCc1[nH]c(Cl)c(C=O)n1
A-4672,-2.0959886368,CC\C=C/CCOC(C)=O
A-4673,-2.2382706574,CCCCCCCCN1CCCC1=O
A-4674,-2.1135609567,Oc1cccc2ccccc12
A-4675,-2.1349833066,O=C1NSc2ccccc12
A-4676,-2.111500803,CC\C=C/CCOC(C)=O
A-4677,-2.0771663221,ClC=C(Cl)Cl
A-4678,-2.2729907436,CCCCN1C(=O)C=C(C)C(=C1O)C#N
A-4679,-2.1792905928,CCCc1ccc(O)c(OC)c1
A-4680,-2.0555103791,ClCC(Cl)C=C
A-4681,-1.7544803834,ClC=C
A-4682,-2.1675670427,[Li+].[Li+].[Li+].[F-].[F-].[F-].[F-].[F-].[F-].[Al+3]
A-4683,-2.2577490108,CCCCCCCCN1CCCC1=O
A-4684,-2.1307281267,CCC(C)C\C(CC)=N\O
A-4685,-2.5265751338,[Br-].C[N+](C)=C1OCCC1(c2ccccc2)c3ccccc3
A-4686,0.8674723428,Nc1ccccc1[N+]([O-])=O
A-4687,-2.2908541349,CCCCCCCCN1CCCC1=O
A-4688,-2.2385851258,FC(F)(F)C(Br)=C
A-4689,-2.24666187,COc1ccc(CC(C)C=O)cc1
A-4690,-2.2588292445,CC(C)(C)CC(C)(C)NC(=O)C=C
A-4691,-2.0087278867,FCC(F)(F)F
A-4692,-2.324833721,NC(Nc1ccccc1)=Nc2ccccc2
A-4693,-2.1708540645,COC(C)COC(C)CO
A-4694,-2.3839642927,Nc1cc(Cl)c(Cl)cc1[S](O)(=O)=O
A-4695,-2.3456971252,Cc1cc(N)c(cc1Cl)[S](O)(=O)=O
A-4696,-1.9664655722,CCC(C)Cl
A-4697,-2.2745780799,OC(=O)c1cc2ccccc2cc1O
A-4698,-2.2972548162,Nc1ccc(Cc2ccc(N)cc2)cc1
A-4699,-2.3143750058,CCOC(=O)C1OC1(C)c2ccccc2
A-4700,-2.1581724467,O=[Mo](=O)=O
A-4701,-2.6879470025,[Na+].CCC(=O)Nc1cccc(Nc2cc(c(N)c3C(=O)c4ccccc4C(=O)c23)[S]([O-])(=O)=O)c1
A-4702,-2.1528934881,CC(=C)C(=O)OC(C)(C)C
A-4703,-2.2934813757,Nc1ccc(Cl)cc1C(F)(F)F
A-4704,-2.2100723772,C[Si](C)(C)N[Si](C)(C)C
A-4705,-1.8666346002,C[Si](C)C
A-4706,-2.1208374604,CCCCCCC(C)O
A-4707,-2.1899589144,CC(C)(C)c1ccccc1O
A-4708,-2.3174519034,CCCCCCCCN1CCCC1=O
A-4709,-2.2212072407,CC(CCCC(C)(C)O)C=C
A-4710,-2.2073202287,O=C1NSc2ccccc12
A-4711,-2.3134381403,CC(Cc1ccc2OCOc2c1)C=O
A-4712,-2.0012638712,CCC(C)Cl
A-4713,-2.3865009,[Pd++].CC([O-])=O.CC([O-])=O
A-4714,-2.2244457918,CC1CCOC(C1)C=C(C)C
A-4715,-2.1604718659,CCCCC(CC)CO
A-4716,-2.1925860364,CC\C(C)=C\CCC(C)=O
A-4717,-2.6993635863,[Na+].CC/1=CC(=O)C=CC1=N/Nc2ccc(Nc3ccc(cc3[N+]([O-])=O)[S]([O-])(=O)=O)cc2
A-4718,-2.2396237358,OC(=O)c1oc(cc1)C(O)=O
A-4719,-2.3945142187,CCOC(=O)c1ccccc1C(=O)OCC
A-4720,-2.3316729189,OC(=O)c1cccc(Cl)c1Cl
A-4721,-2.3762241623,CC(=O)CC(=O)Nc1ccccc1Cl
A-4722,-2.4061778726,Cc1cc(c(N)cc1Cl)[S](O)(=O)=O
A-4723,-2.0406379976,CCC(C)Cl
A-4724,-2.4065360765,CC(=O)CC(=O)Nc1ccccc1Cl
A-4725,-2.4166041571,CC(=O)Oc1ccc(Br)cc1
A-4726,-2.4118003165,CC(=O)CC(=O)Nc1ccccc1Cl
A-4727,-2.1939759203,CC(C)(C)OC(=O)C=C
A-4728,-2.2048488497,CCCCC(CC)C=O
A-4729,-2.2917350487,Cc1cc(O)cc(C)c1Cl
A-4730,-2.9252846689,CCCCC(CC)CO.CCCCC(CC)CC(CC)CO.CCCC(O)C(CC)CO.CCCC(C(CC)CO)C(CC)CO
A-4731,-2.2626192836,Sc1ccccc1Cl
A-4732,-2.3071228572,Nc1cccc2cccc(N)c12
A-4733,-2.3076800022,Nc1cccc2cccc(N)c12
A-4734,-2.3116001596,Nc1cccc2cccc(N)c12
A-4735,-2.3206956644,Nc1cccc2cccc(N)c12
A-4736,-1.8668457003,C=CC=C
A-4737,-2.4707735629,[O-][N+](=O)c1cc(ccc1C#N)C(F)(F)F
A-4738,-2.3462430872,Nc1ccc(Cl)c(Cl)c1
A-4739,-2.1433661554,CC(C)COC=C
A-4740,-2.8083913688,[Pb++].[O-]c1c(cc(c([O-])c1[N+]([O-])=O)[N+]([O-])=O)[N+]([O-])=O
A-4741,-2.2559578736,CCC\C=C(/CC)C=O
A-4742,-2.2628407967,CCCCC(CC)C=O
A-4743,-2.3542209788,CC(CC(O)=O)CC(C)(C)C
A-4744,-2.522680786,CC(=O)CC(=O)Nc1ccc2NC(=O)Nc2c1
A-4745,-2.517203441,OC(=O)CCCCCCCCCCC(O)=O
A-4746,-2.3347829023,Nc1ccc2NC(=O)Nc2c1
A-4747,-2.5440015014,CCCCCCCCCCCCCCCCN
A-4748,-2.429155215,CCCCCCCCCCCCN
A-4749,-2.5917370731,CCCCCCCCCCCCCCCCCCN
A-4750,-2.4532973596,CCCCC1OC(C)CC(C)(C)O1
A-4751,-2.35661526,CC(C)C(=O)c1ccccc1
A-4752,-2.7458983766,[Cl-].CCCCCCCCCC[N+](C)(C)CCCCCCCCCC
A-4753,-2.3741079205,ClC(Cl)(Cl)Cl
A-4754,-2.4907790333,Nc1cc(cc(C(O)=O)c1O)[N+]([O-])=O
A-4755,-2.5257397803,N.N.[Cl-].[Cl-].[Pd++]
A-4756,-2.8923562141,CO[Si](CCC(F)(F)C(F)(F)C(F)(F)C(F)(F)C(F)(F)C(F)(F)F)(OC)OC
A-4757,-2.5769433589,CN[S](=O)(=O)c1cc(OC)c(N)cc1C
A-4758,-2.3914008137,CC(C)(C)c1ccc(O)cc1
A-4759,-2.5424987016,[F-].[F-].[F-].[F-].[F-].[F-].[Na+].[Na+].[Na+].[Al+3]
A-4760,-3.2387104252,CCc1ccc(CC)cc1.CC(C)c2ccccc2.Cc3ccccc3.Cc4cc(C)cc(C)c4.C5CCc6ccccc6C5.C7Cc8ccccc8C7.C9C=Cc%10ccccc9%10.c%11ccccc%11.c%12ccc%13ccccc%13c%12
A-4761,-2.8719259482,CCCCC.CCc1ccccc1.Cc2ccccc2.Cc3cccc(C)c3.C4CCCC4
A-4762,-2.4244542069,ClCC(Cl)C(Cl)=C
A-4763,-2.6602439355,Cc1ccccc1.C=Cc2ccccc2.c3ccccc3
A-4764,-2.3364163689,CCOC(=O)C(C)CC
A-4765,-2.4264353481,Oc1cccc2c(O)cccc12
A-4766,-2.4265829349,[O-][N+](=O)c1ccccc1Cl
A-4767,-2.4173816076,CC(C)(C)C1CCC(=O)CC1
A-4768,-2.4205583952,CC1(C)[C@@H]2CC[C@]1(C)[C@H](O)C2
A-4769,-2.4461379538,Nc1ccc(Cl)c(Cl)c1
A-4770,0.2641880223,[Mg++].O[P]([O-])([O-])=O
A-4771,-2.8821848864,CCCCOCCOCCOC(=O)CCCCC(=O)OCCOCCOCCCC
A-4772,-2.3970186325,CC(C)COC(=O)C(C)=C
A-4773,-2.3579280683,N#Cc1ccccc1C#N
A-4774,-2.3594763569,N#Cc1ccccc1C#N
A-4775,-2.3395421013,COc1ccc(C)cc1
A-4776,-2.702803349,C(CNc1cccc2ccccc12)CN3CCOCC3
A-4777,-2.4096165545,Cc1cccc(c1)[N+]([O-])=O
A-4778,-2.5067117536,Oc1ccccc1c2ccccc2
A-4779,-2.4912242204,CCC(C)(C)c1ccccc1O
A-4780,-2.7929479843,CO[Si](CCCCCC[Si](OC)(OC)OC)(OC)OC
A-4781,-2.2492855635,Cc1ccccc1
A-4782,-2.5159153811,C[C@@H]1[C@@H](CN)C[C@H]2C[C@@H]1C2(C)C
A-4783,-2.4950044101,[O-][N+](=O)c1ccccc1Cl
A-4784,-2.9545194045,[Pb++].[O-]c1c(cc(c([O-])c1[N+]([O-])=O)[N+]([O-])=O)[N+]([O-])=O
A-4785,-2.4478585415,CC(CCC=C(C)C)C=O
A-4786,-2.7667755992,OC(=O)CN(CCN(CC(O)=O)CC(O)=O)CC(O)=O
A-4787,-2.8121429703,COc1ccc2nccc([C@@H](O)[C@@H]3CC4CCN3C[C@@H]4C=C)c2c1
A-4788,-2.8121429703,COc1ccc2nccc([C@H](O)[C@H]3C[C@@H]4CCN3C[C@@H]4C=C)c2c1
A-4789,-3.0648613962,C[C@@H]1O[C@@H](O[C@@H]2[C@@H](O)[C@H](O)[C@@H](CO)O[C@H]2Oc3cc(O)c4C(=O)C[C@H](Oc4c3)c5ccc(O)cc5)[C@H](O)[C@H](O)[C@H]1O
A-4790,-2.7346414392,CCCCCCCCCCCC(=O)N(C)CC(O)=O
A-4791,-2.4776334201,CCOC(=O)c1ccccc1
A-4792,-2.5175442498,CC(C)COC(=O)[C@H](C)Cl
A-4793,-2.8710743155,ClC1=C(Cl)C2(Cl)C3C(C(=O)OC3=O)C1(Cl)C2(Cl)Cl
A-4794,-2.4460763194,Cc1cccc(c1)[N+]([O-])=O
A-4795,-2.4747186153,C/C(C=O)=C/c1ccccc1
A-4796,-2.4439308698,CC(Cl)(Cl)Cl
A-4797,-2.7523702061,CC(C)CCCCCC(=O)NCCCCCC(O)=O
A-4798,-2.5104223592,CC(C)=CC1CC(=C)CCO1
A-4799,-2.3792823681,Clc1ccccc1
A-4800,-2.526610433,Brc1ccccc1
A-4801,-2.4896905423,CCCC(C)C(=O)OCC
A-4802,-2.4863755076,CC(=C)C(=O)OC(C)(C)C
A-4803,-2.3379408202,CCCCOC=C
A-4804,-2.5413367445,[O-][N+](=O)c1ccc(Cl)cc1
A-4805,-2.5563534336,Nc1ccc(Cl)cc1Cl
A-4806,-2.4547263229,CCCCC(CC)C=O
A-4807,-2.6757824138,CCCCN[S](=O)(=O)c1ccccc1
A-4808,-2.5359872782,CC1(C)CCCC(C)(O1)C=C
A-4809,-2.5475673026,Brc1ccccc1
A-4810,-2.6625890537,CC1=Nc2ccc(cc2C1(C)C)C(O)=O
A-4811,-2.552996357,[O-][N+](=O)c1ccccc1Cl
A-4812,-2.5502978569,CC1CCCCC1OC(C)=O
A-4813,-2.5730615777,CC(C)COC(=O)[C@H](C)Cl
A-4814,-2.4966763745,Cc1ccccc1[N+]([O-])=O
A-4815,-2.5639664909,[O-][N+](=O)c1ccccc1Cl
A-4816,-2.6735257097,CCCCC(CC)COC(=O)C(C)O
A-4817,-2.568561457,Brc1ccccc1
A-4818,-2.5592709267,CC(C)=CCC\C(C)=C\C=O
A-4819,-2.6988459025,[F-].[F-].[F-].[F-].[F-].[F-].[Na+].[Na+].[Na+].[Al+3]
A-4820,-2.5149437885,Cc1cccc(c1)[N+]([O-])=O
A-4821,-2.5149437885,Cc1ccc(cc1)[N+]([O-])=O
A-4822,-2.7015911491,COc1cc(CC=C)ccc1OC(C)=O
A-4823,-2.2331509446,CC=C(C)C
A-4824,-2.9059550684,OC[C@@H]1CO[C@](Cn2cncn2)(O1)c3ccc(Cl)cc3Cl
A-4825,-2.5443674546,CCCCOC(=O)C(C)=C
A-4826,-3.1851035311,COc1ccc(CCC(=O)c2c(O)cc(O[C@@H]3O[C@H](CO)[C@@H](O)[C@H](O)[C@H]3O[C@@H]4O[C@@H](C)[C@H](O)[C@@H](O)[C@H]4O)cc2O)cc1O
A-4827,-2.5058788454,CCCCC(CC)C=O
A-4828,-2.5570799155,CC(CCO)CC(C)(C)C
A-4829,-2.6373771386,Oc1cc(Cl)ccc1[N+]([O-])=O
A-4830,-2.4493202347,Clc1ccccc1
A-4831,-2.7387726333,CCOC(=O)N1C(=O)c2ccccc2C1=O
A-4832,-2.5950823263,CC(C)[C@@H]1CC[C@@H](C)C[C@H]1O
A-4833,-2.600586766,CC(C)[C@@H]1CC[C@@H](C)C[C@H]1O
A-4834,-2.5168742297,CCCCC(CC)C=O
A-4835,-2.6600258381,CC(CCO)CCc1ccccc1
A-4836,-2.9677471262,[Cl-].CCCCCCCCCC[N+](C)(C)CCCCCCCCCC
A-4837,-2.8786010762,Fc1ccc(cc1)C([NH+]2CC[NH2+]CC2)c3ccc(F)cc3
A-4838,-2.6198415653,CC(C)[C@@H]1CC[C@@H](C)C[C@H]1O
A-4839,-2.9089794399,Nc1nc(N)nc(N)n1.O[P](O)(=O)O[P](O)(O)=O
A-4840,-2.7983283148,C=CC(=O)OCCCCCCOC(=O)C=C
A-4841,-2.5965909874,CC(=C)C(=O)OC(C)(C)C
A-4842,-2.7474051676,Cc1ccc(NCCO)c(c1)[N+]([O-])=O
A-4843,-2.5993387164,Cc1ccc(cc1)[N+]([O-])=O
A-4844,-2.6710956691,[O-][N+](=O)c1ccccc1Cl
A-4845,-2.5825419737,C=COC1CCCCC1
A-4846,-2.6477435098,C=COCCCCOC=C
A-4847,-2.9605956252,OC(=O)CN(CCN(CC(O)=O)CC(O)=O)CC(O)=O
A-4848,-2.606270493,CCCCCCCCN
A-4849,-2.8833112394,Nc1ccc2cc(cc(O)c2c1)[S](O)(=O)=O
A-4850,-2.9053083199,C=CCOc1nc(OCC=C)nc(OCC=C)n1
A-4851,-3.2642643745,[Na+].[Na+].CC1=NN(c2cccc(c2)[S]([O-])(=O)=O)C(=O)C1N=Nc3cc(Cl)c(Cl)cc3[S]([O-])(=O)=O
A-4852,-3.5397404208,CCc1ccc(CC)cc1.CC(C)c2ccccc2.Cc3ccccc3.Cc4cc(C)cc(C)c4.C5CCc6ccccc6C5.C7Cc8ccccc8C7.C9C=Cc%10ccccc9%10.c%11ccccc%11.c%12ccc%13ccccc%13c%12
A-4853,-3.1729559438,CCCCC.CCc1ccccc1.Cc2ccccc2.Cc3cccc(C)c3.C4CCCC4
A-4854,-2.9611061362,O[S](=O)(=O)c1ccc2nc([nH]c2c1)c3ccccc3
A-4855,-2.7167515783,C[C@@H](CCO)CCC=C(C)C
A-4856,-2.717703781,Cc1cc(O)cc(C)c1Cl
A-4857,-2.818054254,O=C1CCCCCCCCCCCN1
A-4858,-2.9612739311,Cc1ccccc1.C=Cc2ccccc2.c3ccccc3
A-4859,-2.5405463593,C=Cc1ccccc1
A-4860,-2.6780811331,[Mn++].[O-]C(=O)C([O-])=O
A-4861,-2.5665610512,[Li+].[Li+].[Li+].[O-][P]([O-])([O-])=O
A-4862,-2.5909258566,[Li+].[Li+].[Li+].[O-][P]([O-])([O-])=O
A-4863,-2.7477385243,COc1ccc2CCCCc2c1
A-4864,-2.8327775108,O=C1CCCCCCCCCCCN1
A-4865,-2.7678536958,Nc1cccc2c(N)cccc12
A-4866,-2.6323185418,[Li+].[Li+].[Li+].[O-][P]([O-])([O-])=O
A-4867,-2.7673615716,CC(O)CCC1CCCCC1
A-4868,-2.6664567776,CCCCCCCl
A-4869,-3.0523304042,[Ba++].OC(C(O)C([O-])=O)C([O-])=O
A-4870,-2.8068769998,CCCCOCOCCCC
A-4871,-2.6817873811,Cc1ccc(C=O)cc1
A-4872,-3.0887236136,O[C@H]([C@H]1C[C@@H]2CCN1C[C@@H]2C=C)c3ccnc4ccccc34
A-4873,-3.1249455224,[Cl-].CCCCCCCCCCCCCCCC[N+](C)(C)C
A-4874,-3.0041810563,CC1(C)COC(=O)C2CC=CCC2C(=O)OC1
A-4875,-2.8952105295,COC(=O)C1C(=CCCC1(C)C)C
A-4876,-2.8302608531,CC(C)[C@H]1CC[C@@H](C)CC1O
A-4877,-2.8455240331,[Na+].CNCC[S]([O-])(=O)=O
A-4878,-2.9085159963,COC(=O)C1C(=CCCC1(C)C)C
A-4879,-3.2654998336,CCOc1nc(NC)nc(NC(=O)N[S](=O)(=O)c2ccccc2C(=O)OC)n1
A-4880,-2.4026718139,CCC=C
A-4881,-2.985635459,[F-].[F-].[F-].[F-].[F-].[F-].[Na+].[Na+].[Na+].[Al+3]
A-4882,-3.0411391962,C1CN(CCO1)SSN2CCOCC2
A-4883,-3.1862107607,CCCCC(CC)CO[P](O)(=O)OCC(CC)CCCC
A-4884,-2.6135564252,CC(C)(C)C#C
A-4885,-3.3750249603,[Cl-].CCCCCCCCCCCCCC[N+](C)(C)CCCCCCCCCCCCCC
A-4886,-3.1679048596,OC(C1CC2CCN1CC2C=C)c3ccnc4ccccc34
A-4887,-2.7249636405,CCc1ccccc1
A-4888,-2.323056056,CC=C
A-4889,-3.0263435366,CC(C)C(=O)OCCOc1ccccc1
A-4890,-3.0453554133,CC1=C(N2C(SC1)C(N)C2=O)C(O)=O
A-4891,-2.9104493046,CCCCCC(=O)OCC=C
A-4892,-2.936746489,CCC(C)(C)c1ccc(O)cc1
A-4893,-2.9664410992,CC(Cc1ccccc1)(C=C)C#N
A-4894,-2.9170001587,Cc1ccc(C(N)=O)c(O)c1
A-4895,-3.2483586675,CCCCC(CC)CO[P](O)(=O)OCC(CC)CCCC
A-4896,-2.9689885527,Clc1ccc2CC(=O)Nc2c1
A-4897,-2.9366659487,NC12CC3CC(CC(C3)C1)C2
A-4898,-2.9612729156,CCCCC(CC)C(=O)OC
A-4899,-3.0006167172,CC(Cc1ccccc1)(C=C)C#N
A-4900,-3.1280341619,CCCCOC(=O)\C=C/C(=O)OCCCC
A-4901,-3.005726123,CC(Cc1ccccc1)(C=C)C#N
A-4902,-3.0560970964,CC(=O)/C=C/C1=C(C)CCCC1(C)C
A-4903,-3.1599219868,N[C@@H](CSSC[C@H](N)C(O)=O)C(O)=O
A-4904,-3.04851091,COC(=O)C1C(=CCCC1(C)C)C
A-4905,-2.9898040042,CCCCC(CC)C(=O)OC
A-4906,-2.7104664382,C1CCC=CC1
A-4907,-3.1128936428,OCCN1C(=O)Nc2ccccc2C1=O
A-4908,-3.0668187599,CCCCCCC[C@H]1CCC(=O)O1
A-4909,-2.9490262679,[Ca++].O[P]([O-])([O-])=O
A-4910,-3.2211356868,C=CCOC(=O)c1ccccc1C(=O)OCC=C
A-4911,-2.6756730859,CCCC=C
A-4912,-3.3842564182,CC(C)CCCCCN(CCCCCC(C)C)CCCCCC(C)C
A-4913,-3.1148651615,CCCCC(CC)COCC1CO1
A-4914,-2.8690757364,O=[P]12OB(O1)O2
A-4915,-3.0439829813,CCCCC(CC)C(=O)OC
A-4916,-3.2640078237,OC(Cn1ccnc1)c2ccc(Cl)cc2Cl
A-4917,-3.364984939,COc1ccc2nccc([C@H](O)[C@H]3C[C@@H]4CCN3C[C@@H]4C=C)c2c1
A-4918,-3.3623020198,CCCCC(CC)CO[P](O)(=O)OCC(CC)CCCC
A-4919,-3.8255874528,[Na+].[Na+].[O-][S](=O)(=O)c1cc(Nc2nc(Nc3ccccc3)nc(Nc4ccccc4)n2)ccc1\C=C\c5ccc(Nc6nc(Nc7ccccc7)nc(Nc8ccccc8)n6)cc5[S]([O-])(=O)=O
A-4920,-3.1963980912,[NH3+]CCCCCCCCCCCC([O-])=O
A-4921,-3.0799294807,CC(C)CC1CC(C)CCO1
A-4922,-3.2596343038,C1CN(CCO1)SSN2CCOCC2
A-4923,-3.2102979357,Fc1cc(Br)cc(F)c1F
A-4924,-3.2913006621,S=C(SN1CCOCC1)N2CCOCC2
A-4925,-3.0704191391,Clc1cccc(Cl)c1
A-4926,-3.4150433898,CCC(=O)N(C1CCN(CC1)Cc2ccccc2)c3ccccc3
A-4927,-3.0774240407,Clc1cccc(Cl)c1
A-4928,-3.2944047838,N[C@@H](CSSC[C@H](N)C(O)=O)C(O)=O
A-4929,-3.5448007632,CCCCCCCC\C=C/CCCCCCCC1=NCCN1CCO
A-4930,-3.1719091991,Cc1cc(C)c(O)c(c1)C(C)(C)C
A-4931,-3.13627918,Cc1cccc2NC(=S)Nc12
A-4932,-4.0857316668,[Na+].[Na+].[Na+].[Na+].[Na+].CCCCCCCCCCCC(O)=O.CCCCCCCCCCCC([O-])=O.CCCCCCCCCCCC(=O)OC(C)C([O-])=O.CCCCCCCCCC(O)=O.CCCCCCCCCC([O-])=O.CCCCCCCCCC(=O)OC(C)C([O-])=O.CC(O)C([O-])=O
A-4933,-3.1520232011,CCCCCCCCCCC=O
A-4934,-3.2679824907,FC(F)(F)c1ccc(Cl)c(Cl)c1
A-4935,-3.0616359319,CCCCOCCCC
A-4936,-3.1220061733,Clc1cccc(Cl)c1
A-4937,-3.332184971,C1CN(CCO1)SSN2CCOCC2
A-4938,-3.2425911159,CC(=O)/C=C/C1=C(C)CCCC1(C)C
A-4939,-3.499700952,CC(O)COc1ccc(cc1)C(C)(C)c2ccc(OCC(C)O)cc2
A-4940,-3.0770798115,Cc1ccc(Cl)cc1
A-4941,-3.1114780979,CCC(C)Br
A-4942,-3.2710471955,CC(C)COC(=O)Cc1ccccc1
A-4943,-3.526033775,C[C@]12CCC(=O)C=C1CC[C@@H]3[C@@H]2CC[C@@]4(C)[C@H]3CCC4(O)C#CCO
A-4944,-3.1023856768,Cc1ccc(Cl)cc1
A-4945,-3.0798864018,C=CC1CC2CC1C=C2
A-4946,-3.4375252922,CC(C)CCC(C)(O)C#CC(C)(O)CCC(C)C
A-4947,-3.022952972,S.[Ni]
A-4948,-3.2614644911,[Fe+3].[O-][P]([O-])([O-])=O
A-4949,-3.496322007,OC(Cn1ccnc1)c2ccc(Cl)cc2Cl
A-4950,-3.3761926256,CCOC(=O)C1=C(C)C=CCC1(C)C
A-4951,-3.0220803506,C1CCCCC1
A-4952,-3.5118956043,Nc1cccc(c1)[S](=O)(=O)c2cccc(N)c2
A-4953,-3.411619706,CCOC(=O)C1=C(C)C=CCC1(C)C
A-4954,-3.4578260135,CCOC(=O)C1=C(C)C=CCC1(C)C
A-4955,-3.5835100427,CCCCCCCCCCCCCCCCN
A-4956,-3.4686637563,CCCCCCCCCCCCN
A-4957,-3.6312456144,CCCCCCCCCCCCCCCCCCN
A-4958,-2.9373448418,[O-][N+](=O)c1cccc(C#N)c1C#N
A-4959,-3.5747994393,ClCCN1C(=O)Nc2ccccc2C1=O
A-4960,-3.5342474855,CC1(C)CCC=C(C1)C(=O)CCC=C
A-4961,-3.9942741056,CCCC[C@H](CC)COCCOCCOC(=O)C=C.CCCC[C@@H](CC)COCCOCCOC(=O)C=C
A-4962,-2.6916066775,[Na+].[Na+].[Cr+3].Cc1nn(c([O-])c1N=Nc2cc(ccc2[O-])[S]([O-])(=O)=O)c3ccccc3.[O-]c4ccc(cc4N=Nc5c([O-])ccc6ccccc56)N=Nc7ccccc7
A-4963,0.6054224715,[Cl-].C[N+](C)=CCC(O)CC(N)=O
A-4964,-3.6903674805,CCCCCCCCCCCCN1CCCC1=O
A-4965,0.5973223332,[Cl-].C[N+](C)=CCC(O)CC(N)=O
A-4966,-3.6433442829,CCOC(=C)C1C(C)(C)CC(=O)CC1(C)C
A-4967,0.5931295033,[Cl-].C[N+](C)=CCC(O)CC(N)=O
A-4968,-3.5843334863,[O-][N+](=O)c1cc(Cl)cc(Cl)c1
A-4969,-3.3672139557,SC1CCCCC1
A-4970,-3.1725006161,CCC(C)C
A-4971,-3.5808418514,[S--].[S--].[Sn+4]
A-4972,0.4432827885,Cc1cccc(C)c1NC(=O)C[NH+]2CC[NH2+]CC2
A-4973,0.0508613622,[Na+].[Na+].[Na+].OC([O-])=O.[O-]C([O-])=O
A-4974,-3.2959363681,N[S](=O)(=O)c1sc(Cl)cc1
A-4975,-1.1786398993,CC(C)N(C(=O)CO)c1ccc(F)cc1
A-4976,-3.4519342849,C1CCc2ccccc2C1
A-4977,-3.4680386517,C1CCc2ccccc2C1
A-4978,-3.7296380783,CCCCC(CC)CNCC(CC)CCCC
A-4979,-3.7450548094,[OH-].[Cu++].[Cu++].[O-][P]([O-])([O-])=O
A-4980,-3.5976237668,CCCCCCC(=O)OCC=C
A-4981,-3.6678364553,C(OCc1ccccc1)c2ccccc2
A-4982,-3.6597017052,CCCCCCCc1ccc(O)cc1
A-4983,-3.6729639585,C(OCc1ccccc1)c2ccccc2
A-4984,-3.8425967597,CCCCCCCCCc1ccc(OCC(O)=O)cc1
A-4985,-2.2540402576,[Zn++].[Zn++].[Zn++].OC(CC([O-])=O)(CC([O-])=O)C([O-])=O.OC(CC([O-])=O)(CC([O-])=O)C([O-])=O
A-4986,-3.6976259568,CCCC(CC)CCCCCCCN
A-4987,-3.7602414897,OC(=O)CCCCCCCCCCC(O)=O
A-4988,-3.5971574686,Nc1cccc2c(N)cccc12
A-4989,-3.8030669955,CCCCCCCCCCCCCCCCN
A-4990,-3.6882207091,CCCCCCCCCCCCN
A-4991,-3.8508025672,CCCCCCCCCCCCCCCCCCN
A-4992,-3.9885639112,CCCCCCCCCC(C)(C)SSC1=NNC(=S)S1
A-4993,-3.7860287034,CC(O)C(C)\C=C/C1CC=C(C)C1(C)C
A-4994,0.5104628122,[H+].[Cl-].NNC(=O)C(N)CO
A-4995,-3.9721811347,CC(=C)C(=O)OCC(F)(F)C(F)(F)C(F)(F)C(F)F
A-4996,-3.8296270649,CCNc1nc(Cl)nc(NC(C)C)n1
A-4997,-3.9963835519,CC(C)(c1ccc(O)c(CC=C)c1)c2ccc(O)c(CC=C)c2
A-4998,-0.7059803773,CC(C)CC1(C)OCC(CO)O1
A-4999,-3.6731547352,F[S](F)(F)(F)(F)F
A-5000,-4.0572475801,CC(C)CCCCCN(CCCCCC(C)C)CCCCCC(C)C
A-5001,-4.0002098583,CC(=C)C(=O)OCC(F)(F)C(F)(F)C(F)(F)C(F)F
A-5002,-3.7223185058,CCCCCC(CO)CCC
A-5003,-3.9542229462,C1CN(CCC1Nc2ccccc2)Cc3ccccc3
A-5004,-4.0694912575,OC(=O)C(CCBr)(c1ccccc1)c2ccccc2
A-5005,-4.1007061575,CC12CCC(=O)C=C1C=CC3C2CCC4(C)C3CCC45CCC(=O)O5
A-5006,-0.0195157831,[Na+].[Na+].CCCCCCCC\C=C/CCCCCCCCNC(=O)CC(C([O-])=O)[S]([O-])(=O)=O
A-5007,-4.0459673488,CC(=C)C(=O)OCC(F)(F)C(F)(F)C(F)(F)C(F)F
A-5008,-3.9400043591,CC1(C)C2CCC3(C2)C1C(=O)CCC3(C)C
A-5009,-0.7679552546,CC(C)(C)CCCCC(O)=O
A-5010,-2.4750431492,CC(C)(C)CCCCC(O)=O
A-5011,-4.3206933076,CCCCCCCCCCCCCCOC(=O)OOC(=O)OCCCCCCCCCCCCCC
A-5012,-4.0023686333,COCc1ccc(cc1)c2ccc(COC)cc2
A-5013,-4.3499005787,CCCCCCCCCCCCCCOC(=O)OOC(=O)OCCCCCCCCCCCCCC
A-5014,-3.6218288656,S=[Fe]
A-5015,-3.8202211698,C1C=CC2C3CC(C=C3)C12
A-5016,-4.0051761335,CC(C)CCCC(C)CCCC(C)=O
A-5017,-3.9800009781,Clc1ccc(Cl)c(Cl)c1
A-5018,-3.770339988,C1CCC\C=C/CC1
A-5019,-4.1161961212,CN(C)C(=S)SSC(=S)N(C)C
A-5020,-4.2220586079,CC(=C)C(=O)OCC(F)(F)C(F)(F)C(F)(F)C(F)F
A-5021,-4.0243009096,CO[Si](CC(C)C)(OC)C(C)C
A-5022,-4.672731896,CN1C(C)(C)CC(CC1(C)C)OC(=O)CC(C(CC(=O)OC2CC(C)(C)N(C)C(C)(C)C2)C(=O)OC3CC(C)(C)N(C)C(C)(C)C3)C(=O)OC4CC(C)(C)N(C)C(C)(C)C4
A-5023,-4.1933811426,CSc1ccc(cc1)C(=O)C(C)(C)N2CCOCC2
A-5024,-4.1480178338,CN(C)C(=S)SSC(=S)N(C)C
A-5025,0.3840315923,[H+].[Cl-].OC(=O)C1CCNCC1
A-5026,-4.5011269518,CCOC(=O)C1=C(COCCN2C(=O)c3ccccc3C2=O)NC(=C(C1c4ccccc4Cl)C(=O)OC)C
A-5027,-4.0624492536,C=CCOC(=O)CCC1CCCCC1
A-5028,-4.3879107689,CCOc1nc(NC)nc(NC(=O)N[S](=O)(=O)c2ccccc2C(=O)OC)n1
A-5029,-3.7802652447,[Ca++].[O-]C([O-])=O
A-5030,-3.64966323,[OH-].[OH-].[Ca++]
A-5031,-3.5286766837,O=[Ca]
A-5032,-4.1506087086,Cc1cc(Cc2ccc(N)c(C)c2)ccc1N
A-5033,-4.1840665057,CCCCNC(=S)N(CCCC)CCCC
A-5034,-4.2367225564,CCCCC(CC)CNCC(CC)CCCC
A-5035,-4.2868907228,Nc1ccc(Cc2ccc(N)c(Cl)c2)cc1Cl
A-5036,-4.2167463336,CC(O)C(C)(C)\C=C\C1CC=C(C)C1(C)C
A-5037,-4.2689072398,CCCCCCCCCCCCCCCCN
A-5038,-4.1540609534,CCCCCCCCCCCCN
A-5039,-4.3166428116,CCCCCCCCCCCCCCCCCCN
A-5040,-4.3661284711,CC(CC(C)(C)C)C[P](O)(=O)CC(C)CC(C)(C)C
A-5041,-2.9899599684,N[S](=O)(=O)c1ccc(NC(=S)Nc2ccc(F)cc2)cc1
A-5042,-4.3825348237,Oc1cc(Cl)ccc1Oc2ccc(Cl)cc2Cl
A-5043,-4.6282058436,CCOC(=O)c1nn(c2ccc(OC)cc2)c3C(=O)N(CCc13)c4ccc(cc4)N5CCCCC5=O
A-5044,-4.2579439253,CC(C)Cc1ccc(cc1)C(C)C(O)=O
A-5045,-4.4653328209,ON1CC(=O)N=C2C=CC(=CC2=C1c3ccccc3Cl)Cl
A-5046,-4.4068772665,Nc1nc(N)nc(N)n1.O=C2NC(=O)NC(=O)N2
A-5047,-4.4617160697,Oc1cc(Cl)ccc1Oc2ccc(Cl)cc2Cl
A-5048,-3.9441703352,CCCCCC
A-5049,-4.4346903729,NC(NC#N)=NCCCCCCN=C(N)NC#N
A-5050,-4.3823578934,CCC(=O)OC(C)(CCC=C(C)C)C=C
A-5051,-1.2121028981,[Na+].[Na+].[Na+].[Cr+3].Cc1nn(c([O-])c1N=Nc2c([O-])cc(c3ccccc23)[S]([O-])(=O)=O)c4ccccc4.Cc5nn(c([O-])c5N=Nc6c([O-])cc(c7ccccc67)[S]([O-])(=O)=O)c8ccccc8
A-5052,-4.6018955487,[Al+3].[O-][P]([O-])(=O)O[P]([O-])(=O)O[P]([O-])([O-])=O
A-5053,-4.8359730654,CCCCCCCCCCCCCCCCCCCCCC[N+](C)(C)C.CO[S]([O-])(=O)=O
A-5054,-4.5144193944,COC1=Cc2ccccc2Nc3ccccc13
A-5055,-4.58384625,CCCCC(CC)CO.O[P](O)(O)=O
A-5056,-4.7932278922,CCC(Cc1ccccc1)(N(C)C)C(=O)c2ccc(cc2)N3CCOCC3
A-5057,-4.7086538251,CC(C)CCCC(C)CCCC(C)CCCC(C)(O)C=C
A-5058,-4.5809118175,CCNc1nc(Cl)nc(NCC)n1
A-5059,-2.0572883439,CCN(CC)c1ccc(cc1)[C+](c2ccccc2)c3ccc(cc3)N(CC)CC.O[S]([O-])(=O)=O
A-5060,-4.772922847,CC[C@]12CCC3=C(CCc4cc(OC)ccc34)[C@@H]1CCC2=O
A-5061,-4.7610719313,COC1=CCC2=C(CC[C@@H]3[C@@H]2CC[C@]4(C)[C@@H](O)CC[C@@H]34)C1
A-5062,-4.7082821202,NC(NC#N)=NCCCCCCN=C(N)NC#N
A-5063,-4.8388171185,CCC1(C/C=C2/CCCc3cc(OC)ccc23)C(=O)CCC1=O
A-5064,-4.5005872378,[Mn++].[O-]C([O-])=O
A-5065,-5.0286669228,CC(=O)OC1N=C(c2ccccc2Cl)c3cc(Cl)ccc3NC1=O
A-5066,-4.760555519,[F-].[F-].[F-].[La+3]
A-5067,-4.9798745042,COC1=CCC2=C(CCC3C2CCC4(C)C3CCC4=O)C1
A-5068,-4.8840681001,CC(C)Nc1nc(Cl)nc(NC(C)C)n1
A-5069,-4.8638916314,N(c1ccccc1)c2cccc3ccccc23
A-5070,-5.0700925015,O=C(OCCOC(=O)c1ccccc1)c2ccccc2
A-5071,-4.5191656494,O=[Ni]
A-5072,-5.0311421132,CC1CCC2(C)C(=CCCC2(C)C1OC=O)C
A-5073,-5.1235829068,COC(=O)CCc1cc(c(O)c(c1)C(C)(C)C)C(C)(C)C
A-5074,-5.2397354439,C1CC(CC=C1)C2OCC3(CO2)COC(OC3)C4CCC=CC4
A-5075,-5.2439932671,C1CC(CC=C1)C2OCC3(CO2)COC(OC3)C4CCC=CC4
A-5076,-5.1824053879,CCC(C)C(C)C(C)CCc1ccc(O)cc1
A-5077,-5.363817292,CC[C@]12CC[C@H]3[C@@H](CCC4=C3CC=C(C4)OC)[C@@H]1CCC2=O
A-5078,-5.7065739478,CC(C)CCCCCCCOC(=O)c1ccc(C(=O)OCCCCCCCC(C)C)c(c1)C(=O)OCCCCCCCC(C)C
A-5079,-5.2539851522,[OH-].[OH-].[OH-].[Cl-].[Cu++].[Cu++]
A-5080,-5.6590702742,CC(C)CCCCCCCCCCOC(=O)CCCCC(=O)OCCCCCCCCCCC(C)C
A-5081,-5.4987140306,[Zn++].CN(C)C([S-])=S.CN(C)C([S-])=S
A-5082,-5.4746775177,CC(C)CCCC(C)CCCC(C)CCCC(C)=O
A-5083,-4.921453892,O=[Mn]
A-5084,-6.0735348087,CC(C)C(=O)OC[C@H]1O[C@@](COC(C)=O)(O[C@H]2O[C@H](COC(C)=O)[C@@H](OC(=O)C(C)C)[C@H](OC(=O)C(C)C)[C@H]2OC(=O)C(C)C)[C@@H](OC(=O)C(C)C)[C@@H]1OC(=O)C(C)C
A-5085,-5.4794988559,[OH-].[OH-].[OH-].[Cl-].[Cu++].[Cu++]
A-5086,-4.894774805,[Mn]
A-5087,-5.4557103203,[F-].[F-].[F-].[La+3]
A-5088,-5.5353983277,[F-].[F-].[F-].[La+3]
A-5089,-5.8650320236,CCOc1nc(NC)nc(NC(=O)N[S](=O)(=O)c2ccccc2C(=O)OC)n1
A-5090,-5.657902962,O=C(CC(=O)c1ccccc1)c2ccccc2
A-5091,-5.7475958635,CC1=CC(=N/Nc2ccccc2[N+]([O-])=O)\C(=O)C=C1
A-5092,-5.3051166643,O=[Cu]
A-5093,-6.3076085303,[Fe+3].[Fe+3].[Fe+3].[Fe+3].[O-][P]([O-])(=O)O[P]([O-])([O-])=O.[O-][P]([O-])(=O)O[P]([O-])([O-])=O.[O-][P]([O-])(=O)O[P]([O-])([O-])=O
A-5094,-6.295424349,CCCCCCCCCCCCS[Sn](CCCC)(CCCC)SCCCCCCCCCCCC
A-5095,-6.405660228,CCCCCCCCCCCCCCCCCCCCCCOC(=O)CCCCCCCCC(=O)OCCCCCCCCCCCCCCCCCCCCCC
A-5096,-6.1077931611,CC(=O)OC1(CCC2C3CC(=C)C4=CC(=O)CCC4(C)C3CCC12C)C(C)=O
A-5097,-6.2405235691,CCCCN(CCCC)C(=S)SCSC(=S)N(CCCC)CCCC
A-5098,-6.7048702231,CC(C)(C)CC(C)(C)c1cc(Cc2cc(cc(n3nc4ccccc4n3)c2O)C(C)(C)CC(C)(C)C)c(O)c(c1)n5nc6ccccc6n5
A-5099,-6.3014676294,COC(=O)c1ccc2cc(ccc2c1)C(=O)OC
A-5100,-6.6187193264,CCOC(=O)c1nn(c2ccc(OC)cc2)c3C(=O)N(CCc13)c4ccc(cc4)[N+]([O-])=O
A-5101,-6.8520540298,CCCCCCCCCCCCCCCCCCOCCCN(C)C
A-5102,-4.5191656494,O=[Ni]
A-5103,-6.9291741838,[Ta]
A-5104,-7.2738841077,COc1ccc(c(O)c1)C(=O)c2ccccc2O
A-5105,-7.1689749329,O=[Cr]O[Cr]=O
A-5106,-7.7632612616,O=C1CCCCCN1C(=O)Nc2ccc(Cc3ccc(NC(=O)N4CCCCCC4=O)cc3)cc2
A-5107,-7.6154082599,Cc1ccc(Sc2ccc(cc2)C(=O)c3ccccc3)cc1
A-5108,-8.071926348,[F-].[F-].[F-].[La+3]
A-5109,-9.1901139575,CCCCCCCCCC(C)(C)SSC(C)(C)CCCCCCCCC
A-5110,-9.129966133,CC(C(C)(C)C)C(C)(C)SSSC(C)(C)C(C)C(C)(C)C
A-5111,0.7217551526,[Zn++].[O-][N+]([O-])=O.[O-][N+]([O-])=O
A-5112,-1.698832456,[Ba++].CC(C)(C)CC(C)(C)CC([O-])=O.CC(C)(C)CC(C)(C)CC([O-])=O
A-5113,0.41483097,[Br-].CCCC[P+](CCCC)(CCCC)CCCC
A-5114,0.8602212871,NC(CO)(CO)CO
A-5115,0.9744271172,NC(CO)CO
A-5116,-1.5849835398,[Ag+].[Ag+].O[S](O)(=O)=O
A-5117,0.5826413073,O.O.O.O.[Cl-].[Cl-].[Mn++]
A-5118,0.790628369,NC(CO)(CO)CO
A-5119,0.5951972854,[Br-].CC[NH+](CC)CC
A-5120,0.4719890992,[Li+].[OH-]
A-5121,0.531350525,CCOC1=C(O)C(=O)O[C@@H]1[C@@H](O)CO
A-5122,0.3926664196,CO[S]([O-])(=O)=O.C[N+](CCO)(CCO)CCO
A-5123,0.747956465,NC(CO)(CO)CO
A-5124,0.2227653537,[Na+].[Na+].CCCCCCCCCCCCCCCCc1c(Oc2ccccc2[S]([O-])(=O)=O)cccc1[S]([O-])(=O)=O
A-5125,0.4596030518,[NH4+].[NH4+].[O-]C(=O)CSSCC([O-])=O
A-5126,0.053341445,OCCCOCC(OCCCO)C(OCCCO)C(OCCCO)C(COCCCO)OCCCO
A-5127,-1.3471955313,CC1=CC(=O)N2NC=NC2=N1
A-5128,0.0168879621,[Na+].[Na+].Nc1ncnc2n(cnc12)[C@@H]3O[C@H](CO[P](O)(=O)O[P]([O-])(=O)O[P](O)([O-])=O)[C@@H](O)[C@H]3O
A-5129,0.3126582838,[Na+].[Na+].CN(CC(O)=O)C(N)=N[P]([O-])([O-])=O
A-5130,-0.905288847,[Ba++].CCCCC(CC)C([O-])=O.CCCCC(CC)C([O-])=O
A-5131,0.3170701984,[Na+].OC[C@@H](O)[C@@H](O)[C@H](O)[C@@H](O)[C@@H](O)C([O-])=O
A-5132,0.4295256052,[Na+].[Na+].[O-]C(=O)CCC(=O)C([O-])=O
A-5133,1.527701003,NCCCCCCCCCCN
A-5134,1.1848067471,[Zn++].CCCCC(CC)C([O-])=O.CCCCC(CC)C([O-])=O
A-5135,0.0810654195,[Na+].[Na+].CC(C)CCCCCCCO.OC(=O)CC(C(O)=O)[S](O)(=O)=O
A-5136,0.3719654626,[Na+].[Na+].N[C@@H](CCC([O-])=O)C([O-])=O
A-5137,-1.8168417251,[Zn++].[O-]C(=O)c1ccccc1.[O-]C(=O)c2ccccc2
A-5138,0.8325704879,CC1CO1
A-5139,-0.6536630282,CCCCOCNC(=O)C=C
A-5140,-1.145809569,[Ba++].CC(C)(C)CC(C)(C)CC([O-])=O.CC(C)(C)CC(C)(C)CC([O-])=O
A-5141,-0.3762292433,[Br-]
A-5142,-0.0407296334,[Na+].CCCCCCCCCCCCN(CCC(O)=O)CCC([O-])=O
A-5143,-0.097522226,[Na+].CCCCCCCC/C=C/CCCCCCCC(=O)N(C)CC([O-])=O
A-5144,-1.7785347078,CC(=O)Oc1ccccc1C(O)=O
A-5145,1.3070323786,CC(O)C(=O)NCCO
A-5146,-1.3456118943,[Ba++].[Ba++].[Ba++].[O-][P]([O-])([O-])=O.[O-][P]([O-])([O-])=O
A-5147,0.3887739198,OCC1CCCO1
A-5148,-0.9602557176,CC(=C)C(=O)OCCO.O[P](O)(O)=O
A-5149,0.2641880223,[Mg++].O[P]([O-])([O-])=O
A-5150,-0.2075993639,[K+].CC(C)CCCCCCCCCCCCCCC([O-])=O
A-5151,-1.8625487695,CCOC(=O)c1ccc(O)c(O)c1
A-5152,-0.0332510813,[Na+].[O-][S](=O)(=O)c1ccc(C=C)cc1
A-5153,-0.4023075058,[Ba++].CCCCC(CC)C([O-])=O.CCCCC(CC)C([O-])=O
A-5154,0.1864485079,CC(=O)CC(C)=O
A-5155,0.0273419683,COC(=O)CC(=O)OC
A-5156,-1.5461258217,[Mg].[Mg].[Mg].OC(=O)CC(O)(CC(O)=O)C(O)=O.OC(=O)CC(O)(CC(O)=O)C(O)=O
A-5157,0.7066663199,[Na+].OC[C@@H](O)[C@@H](O)[C@H](O)[C@@H](O)C(O)C([O-])=O
A-5158,-1.0502082173,NC1=C(F)C=NC(=O)N1
A-5159,0.6899910546,CCOC1=C(O)C(=O)O[C@@H]1[C@@H](O)CO
A-5160,0.9386229258,CN(C)C(=N)N(C)C
A-5161,0.7793742068,OCC(O)COC(=O)CS
A-5162,0.7116903978,OCCOCCOCCOCCO
A-5163,0.927470714,CC(CCO)CCO
A-5164,0.7820188759,CC(O)=O.OCCNCCO
A-5165,1.0636219958,[Mg++].C[O-].C[O-]
A-5166,1.4942803839,CO
A-5167,0.6793511375,CC(O)=O.OCCN(CCO)CCO
A-5168,-0.079806903,O=[S]1(=O)CCCC1
A-5169,-0.1144208137,CC(=C)C(=O)OCCO
A-5170,0.0700398209,CC(=C)C(N)=O
A-5171,-0.308924931,Cl.CNCC(O)c1cccc(O)c1
A-5172,-0.072529286,COC(C)(C)CCO
A-5173,-2.5083839395,[Zn++].CCCCO[P]([S-])(=S)OCCCC.CCCCO[P]([S-])(=S)OCCCC
A-5174,-2.4263930478,[Na+].[O-][S](=O)(=O)c1ccc(N\N=C2\C(=O)C=Cc3ccccc23)c4ccccc14
A-5175,-2.2801582519,[OH-].[OH-].[Cu++].[Cu++].[O-]C([O-])=O
A-5176,0.4554354087,[Zn++].CCCCC(CC)C([O-])=O.CCCCC(CC)C([O-])=O
A-5177,-2.4221431699,[Na+].CCC(C)O[P]([S-])(=S)OC(C)CC
A-5178,-2.5267217017,CC(=O)C1C(=O)OC(=CC1=O)C
A-5179,-2.7708536118,CC(C)CCCCCC(=O)NCCCCCC(O)=O
A-5180,-2.7639368682,CC(C)C(NC(N)=O)NC(N)=O
A-5181,-2.6480508525,CC(Cl)(Cl)Cl
A-5182,-2.7221977641,CCCCCCCCC(O)=O
A-5183,-3.2789428853,OC(=O)c1ccc2cc(O)ccc2c1
A-5184,-4.514309168,[Ni][Ni][Ni]=[S]=S
A-5185,-4.5633510279,CC(C)(C)c1ccc(C=C)cc1
A-5186,-3.3292897203,Cc1cc(C)cc(c1)C(Cl)=O
A-5187,-5.1432191168,[OH-].[OH-].[Cu++].[Cu++].[O-]C([O-])=O
A-5188,-5.5532102962,o1c(cnc1c2ccccc2)c3ccccc3
A-5189,-6.1610484037,O=[Mn]=O
A-5190,0.9015785325,CCC(N)(CO)CO
A-5191,0.3990871294,O[Cr](=O)(=O)O[Cr](O)(=O)=O.c1ccncc1.c2ccncc2
A-5192,0.8890064826,CC(CN)CCCN
A-5193,0.8890064826,[NH3+][C@H]1CCCC[C@H]1[NH3+]
A-5194,0.9537303441,[Na+].[O-]CCS
A-5195,-1.495423095,O=C1N(CC2CO2)C(=O)N(CC3CO3)C(=O)N1CC4CO4
A-5196,0.5055163708,CN(C)Cc1cc(CN(C)C)c(O)c(CN(C)C)c1
A-5197,0.6746872011,[Cs+].OC=O
A-5198,0.6709250275,OC(=O)COCCOCC(O)=O
A-5199,0.7919653131,COCNC(=O)C(C)=C
A-5200,1.2794169493,NC#N
A-5201,0.2012984367,[Na+].[Na+].[Na+].[Na+].[Na+].[O-]C(=O)CN(CCN(CC([O-])=O)CC([O-])=O)CCN(CC([O-])=O)CC([O-])=O
A-5202,0.5746150304,CCCCNC1CC(C)(C)NC(C)(C)C1
A-5203,0.4036921179,NC(N)=O.OC[P+](CO)(CO)CO.O[S]([O-])(=O)=O
A-5204,-1.0000005869,[Na+].[Na+].[Na+].NC(=O)Nc1cc(Nc2nc(N)nc(Cl)n2)ccc1N=Nc3cc4c(cc(cc4[S]([O-])(=O)=O)[S]([O-])(=O)=O)cc3[S]([O-])(=O)=O
A-5205,0.5846760173,[Na+].[Na+].[O-][Si](=O)O[Si]([O-])=O
A-5206,0.8846472263,CC(C)(C)OO
A-5207,-0.8385771725,[Na+].CC1=NN(C(=O)C1N\N=C\2C=C(C=C(Cl)C2=O)[N+]([O-])=O)c3ccc(cc3)[S]([O-])(=O)=O
A-5208,0.3618761934,O.O.O.O.O.O.[Co++].[O-][N+]([O-])=O.[O-][N](=O)=O
A-5209,0.4251118412,[Cl-].NC(N)=O.OC[P+](CO)(CO)CO
A-5210,0.2109933627,CC(O)CN(CC(C)O)C(=O)CCCCC(=O)N(CC(C)O)CC(C)O
A-5211,0.754917543,OC(=O)CCS
A-5212,-0.5506576416,[OH-].[OH-].[OH-].[Cl-].[Cu++].[Cu++]
A-5213,0.5774207675,[H+].[Cl-].COC(=O)C(N)CO
A-5214,0.6515307225,CC1(C)COC(=O)C1O
A-5215,-2.6924708965,[Na+].[Cr+3].Cc1nn(c([O-])c1N=Nc2cc(Cl)c(cc2[O-])[S](N)(=O)=O)c3ccccc3.Cc4nn(c([O-])c4N=Nc5cc(Cl)c(cc5[O-])[S](N)(=O)=O)c6ccccc6
A-5216,0.4764657364,CN(C)CCOCCN(C)CCO
A-5217,1.1245149893,NC#N
A-5218,0.6335459397,NCCN1CCNC1=O
A-5219,-0.2552865172,[Na+].[Na+].[Na+].[Na+].Nc1c(N=Nc2ccc(cc2)[S](=O)(=O)CCO[S]([O-])(=O)=O)c(cc3C=C(/C(=N/Nc4ccc(cc4)[S](=O)(=O)CCO[S]([O-])(=O)=O)C(=O)c13)[S]([O-])(=O)=O)[S]([O-])(=O)=O
A-5220,0.776131353,OCC(O)CO
A-5221,0.7638569319,[Na+].[O-]C(=O)C=C
A-5222,0.0834336085,[Cl-].CC(C)(C)CC(C)(C)c1ccc(OCCOCC[N+](C)(C)Cc2ccccc2)cc1
A-5223,0.0761750359,[Cl-].CC(C)(C)CC(C)(C)c1ccc(OCCOCC[N+](C)(C)Cc2ccccc2)cc1
A-5224,1.1006028319,NC#N
A-5225,0.0729096485,[Cl-].CC(C)(C)CC(C)(C)c1ccc(OCCOCC[N+](C)(C)Cc2ccccc2)cc1
A-5226,0.3944261529,CC(C)(CO)[C@@H](O)C(=O)NCCCO
A-5227,0.1642130702,CN(C)CCCN1CN(CCCN(C)C)CN(CCCN(C)C)C1
A-5228,0.6534905512,[Cr].CC([O-])=O
A-5229,-0.5892058636,C[C@@H]1O[C@@H](O[C@@H]2[C@H](C)O[C@@H](O)[C@@H](O[S](O)(=O)=O)[C@@H]2O[S](O)(=O)=O)[C@@H](O[S](O)(=O)=O)[C@H](O[C@@H]3O[C@@H](C)[C@@H](O[C@@H]4O[C@@H](C)[C@@H](O)[C@@H](O[C@@H]5O[C@@H](C)[C@@H](O)[C@@H](O[S](O)(=O)=O)[C@@H]5O[S](O)(=O)=O)[C@@H]4O[S](O)(=O)=O)[C@@H](O[S](O)(=O)=O)[C@@H]3O[S](O)(=O)=O)[C@@H]1O.OC[C@@H](O)[C@@H](O)[C@H](O)[C@H](O)CO.O[C@@H]6O[C@@H]([C@@H](O[C@@H]7O[C@@H]([C@@H](O)[C@H](O)[C@@H]7O)C(O)=O)[C@H](O)[C@@H]6O)C(O)=O
A-5230,0.4173208759,CC(O)CN(CC(C)O)CC(C)O
A-5231,0.4373479501,[Cl-].NCCCC[C@H](N)C(O)=O.[H+]
A-5232,0.3386928662,[Na+].CC(C)(C[S]([O-])(=O)=O)NC(=O)C=C
A-5233,0.5714408419,CC1(O)CC(C)(O)OO1
A-5234,0.3327787326,NCCNCCNCCNCCNCCN
A-5235,0.316191362,CN(C)CCCNC1CC(C)(C)NC(C)(C)C1
A-5236,0.2964249182,[Ni++].O[P](O)([O-])=O.O[P](O)([O-])=O
A-5237,0.1773743212,[Na+].CC(C)COC(=O)CC(C(=O)OCC(C)C)[S]([O-])(=O)=O
A-5238,0.1096259345,[Na+].CC(C)CC(C)OC(=O)CC(C(=O)OC(C)CC(C)C)[S]([O-])(=O)=O
A-5239,0.3329637961,[Na+].CCCCC(CC)CO[S]([O-])(=O)=O
A-5240,0.716422901,[Na+].CCC([O-])=O
A-5241,-0.3225773366,[Na+].[Na+].[Na+].OC1=CC(=O)\C(C=C1N=Nc2ccc(N=Nc3ccc(Nc4ccc(cc4[S]([O-])(=O)=O)[N+]([O-])=O)cc3)c5c2cccc5[S]([O-])(=O)=O)=N/Nc6ccc(Nc7ccc(cc7[S]([O-])(=O)=O)[N+]([O-])=O)cc6
A-5242,0.1572981869,Cc1ccc(cc1)[S](O)(=O)=O.CC2(C)CC(N)CC(C)(CN)C2
A-5243,0.7150841112,[Na+].[O-]C(=O)C=C
A-5244,0.6032053211,[OH-].C[N+](C)(C)CCO
A-5245,-1.2096462437,[Na+].[K+].Oc1ccc2ccccc2c1N=Nc3ccc(cc3)N=Nc4cccc(c4)[S](=O)(=O)Nc5ccc6cc(cc(c6c5)[S]([O-])(=O)=O)[S]([O-])(=O)=O
A-5246,0.4781562173,CC(CCN)CC(C)(C)CN
A-5247,0.2872063056,[Na+].CCCCCCCCO[S]([O-])(=O)=O
A-5248,-1.0232212865,CCNc1ccc(cc1C)C(c2ccc(NCC)c(C)c2)=C3C=CC(=NCC)C(=C3)C.CC(O)=O
A-5249,-0.011381165,CCCCCCCCCCCC(=O)NCCC[N+](C)(C)C.CO[S]([O-])(=O)=O
A-5250,0.4775851117,CC(O)CNCC(C)O
A-5251,0.142087324,[Na+].CCCCCCC(CCCC)CO[S]([O-])(=O)=O
A-5252,-0.4642868095,[Na+].[Na+].[Na+].[Na+].OCCN(CCO)c1nc(Nc2ccc(cc2)[S]([O-])(=O)=O)nc(Nc3ccc(\C=C\c4ccc(Nc5nc(Nc6ccc(cc6)[S]([O-])(=O)=O)nc(n5)N(CCO)CCO)c(c4)[S]([O-])(=O)=O)cc3[S]([O-])(=O)=O)n1
A-5253,-0.5105575438,[Na+].[Na+].[Na+].[Na+].[Na+].NC(=O)Nc1cc(Nc2nc(Cl)nc(Nc3cc(N)c(cc3N=Nc4ccc(cc4)[S](=O)(=O)CCO[S]([O-])(=O)=O)[S]([O-])(=O)=O)n2)ccc1N=Nc5cc6c(cc(cc6[S]([O-])(=O)=O)[S]([O-])(=O)=O)cc5[S]([O-])(=O)=O
A-5254,-0.5694985454,[Na+].[Na+].[Na+].[Na+].[Na+].[Na+].[O-][S](=O)(=O)c1ccc(cc1)N=Nc2ccc(N\N=C\3C(=O)c4ccc(NC(=O)Nc5ccc6C(=O)C(=N/Nc7ccc(cc7[S]([O-])(=O)=O)N=Nc8ccc(cc8)[S]([O-])(=O)=O)\C(=Cc6c5)[S]([O-])(=O)=O)cc4C=C3[S]([O-])(=O)=O)c(c2)[S]([O-])(=O)=O
A-5255,0.10896299,[Li+].CCCCCCCCCCCCO[S]([O-])(=O)=O
A-5256,0.1029880533,[Na+].CCCCCCCCCCO[S]([O-])(=O)=O
A-5257,-0.0920128034,[K+].[Fe+3].[O-]C(=O)CN(CCN(CC([O-])=O)CC([O-])=O)CC([O-])=O
A-5258,0.7757804055,CCCCCCCC\C=C/CCCCCCCC(=O)N(C)CC(O)=O.OCCN(CCO)CCO
A-5259,1.1564723922,CC(O)=O.OCCN(CCO)CCO
A-5260,0.5960163257,OCC(O)=O
A-5261,0.257987497,[H+].[Cl-].CN(C)C(=N)N=C(N)N
A-5262,-1.6475578342,N#CCN(CC#N)CC#N
A-5263,-0.1215920041,[K+].CCCCCCCC\C=C/CCCCCCCC(=O)N(C)CC([O-])=O
A-5264,-0.5467680909,CC(C)OC(C)=O
A-5265,-0.7796166704,CC(=O)OCC(=C)COC(C)=O
A-5266,-1.0605299646,Cc1ccccc1O[P](S)(=S)Oc2ccccc2C
A-5267,0.9642581623,CCCC(CCC)CCCC1COCCN1CCO
A-5268,0.1906881396,[Na+].CNCC[S]([O-])(=O)=O
A-5269,-0.1211867751,[Na+].CCCCCCCCCCCCCCCO[S]([O-])(=O)=O
A-5270,-0.1112894041,[Al+3].[Cl-].[Cl-].[Cl-].[Cl-].[Cl-].[Cl-].[Cl-].[Ti+4]
A-5271,-0.8430981696,COC(=O)CCCCC(=O)OC
A-5272,-0.2316119628,Cl.CCCCCCCCCCCC(=O)N[C@@H](CCCNC(N)=N)C(=O)OCC
A-5273,-0.4545358261,[Na+].[Na+].Nc1c2C(=O)c3ccccc3C(=O)c2c(Nc4cccc(c4)[S](=O)(=O)CCO[S]([O-])(=O)=O)cc1[S]([O-])(=O)=O
A-5274,1.1774501829,O[C@@H]1CO[C@@H]2[C@@H](O)CO[C@H]12
A-5275,-0.7449423555,COc1cc(ccc1NC(=O)c2ccc(cc2)N=Nc3c(O)nc(NC#N)nc3[O-])N=Nc4ccc5cc(cc(c5c4)[S]([O-])(=O)=O)[S]([O-])(=O)=O.OCC[NH+](CCO)CCO.OCC[NH+](CCO)CCO.OCC[NH+](CCO)CCO
A-5276,1.1750718055,NCc1ccc(CN)cc1
A-5277,1.0599918174,COC1COC2C(COC12)OC
A-5278,-0.3778369537,[Na+].[Na+].[O-][S](=O)(=O)c1cc2ccc(nc2c(c1)[S]([O-])(=O)=O)C3C(=O)c4ccccc4C3=O
A-5279,-0.2018762227,[NH4+].COc1cc(c(C)cc1NC(=O)CC(C)=O)[S]([O-])(=O)=O
A-5280,-0.7667514499,[Na+].[Na+].[Na+].[Na+].Oc1cc(O)c(cc1N=Nc2ccc(Nc3ccc(cc3[S]([O-])(=O)=O)[N+]([O-])=O)cc2)N=Nc4cc(cc5cc(c(N=Nc6ccc(Nc7ccc(cc7[S]([O-])(=O)=O)[N+]([O-])=O)cc6)c(O)c45)[S]([O-])(=O)=O)[S]([O-])(=O)=O
A-5281,-0.5325397259,[Na+].[Na+].[O-][S](=O)(=O)c1cccc(c1)N=Nc2ccc(N=Nc3ccc(Nc4ccccc4)c5c3cccc5[S]([O-])(=O)=O)c6ccccc26
A-5282,-0.1977113735,CCCCCCCCCCCCN(CCCN)CCCN
A-5283,-0.8216489824,COc1cc(ccc1NC(=O)c2ccc(cc2)N=Nc3c(O)nc(NC#N)nc3[O-])N=Nc4ccc5cc(cc(c5c4)[S]([O-])(=O)=O)[S]([O-])(=O)=O.OCC[NH+](CCO)CCO.OCC[NH+](CCO)CCO.OCC[NH+](CCO)CCO
A-5284,-0.4691061177,[Na+].CC(C)CCCCCCCOC(=O)CC(C(=O)OCCCCCCCC(C)C)[S]([O-])(=O)=O
A-5285,-0.1451393328,[H+].[Cl-].CC(C)(N=NC(C)(C)C(N)=N)C(N)=N
A-5286,1.2164330567,Nc1[nH]ncn1
A-5287,-0.346029315,[Na+].CCCCCCCCCCCCO[S]([O-])(=O)=O
A-5288,0.5595399932,[Sm+3].[O-][N+]([O-])=O.[O-][N+]([O-])=O.[O-][N+]([O-])=O
A-5289,0.522369686,[NH4+].[Cl-].[Cl-].[Cl-].[Cl-].[Au+3]
A-5290,0.5063442706,[Cl-].COC[P+](c1ccccc1)(c2ccccc2)c3ccccc3
A-5291,0.4889459305,[NH4+].[Cl-].[Cl-].[Cl-].[Cl-].[Au+3]
A-5292,0.4793655167,[NH4+].[Cl-].[Cl-].[Cl-].[Cl-].[Au+3]
A-5293,0.9487769325,[Ca++].[O-][PH]([O-])=O
A-5294,0.0436976285,[Na+].[O-]C(=O)C=C
A-5295,0.5414259625,N.N.N.N.[Pd++].CC([O-])=O.CC([O-])=O
A-5296,0.5405718924,N.N.N.N.[Pd++].CC([O-])=O.CC([O-])=O
A-5297,-0.3252107398,[OH-].[OH-].[OH-].[Cl-].[Cu++].[Cu++]
A-5298,0.5371387166,N.N.N.N.[Pd++].CC([O-])=O.CC([O-])=O
A-5299,0.9289333763,CC(CO)(CO)C=O
A-5300,0.5339097655,NCCNCCNCCN.NCCN(CCN)CCN
A-5301,0.4218033312,NCCNCCNCCNCCN.NCCNCCN(CCN)CCN
A-5302,0.7094868149,CNCC(O)C(O)C(O)C(O)CO
A-5303,0.9906298514,CN(C)CCCN
A-5304,0.7173642944,[Cl-].CCN(CCC[NH+](C)C)C#N
A-5305,0.8350942171,CCC1(CO)COCOC1
A-5306,-1.5405528344,CC(C)(C)CCCCCCCC(O)=O
A-5307,-2.1113969493,CC(C)(C)CCCCCCCC(O)=O
A-5308,0.8921966739,CN1CCCN(C)C1=O
A-5309,0.2752180217,OCCOCCOCCCNc1ccc(NCCCOCCOCCO)c2C(=O)c3ccccc3C(=O)c12
A-5310,0.8470942954,OCC1CN2CCN1CC2
A-5311,0.9423643206,CN1CCN(C)CC1
A-5312,0.8291459355,CCOCCOCCOC
A-5313,0.9463070612,CCN1CCCC1=O
A-5314,0.8855791863,OCCCOC(=O)C=C
A-5315,1.0856251051,Cn1ccnc1
A-5316,0.6101059749,CC(O)CN(CCCN(C)C)CCCN(C)C
A-5317,0.9823282162,NCCOCCN
A-5318,0.6530976581,COCCOCCOCCOCCOC
A-5319,0.7490240663,COCCOCCOCCOC
A-5320,0.9386380084,CC1CNCC(C)O1
A-5321,0.8440994431,CN(C)CCOC(=O)C=C
A-5322,1.0245819788,OC(=O)CCl
A-5323,0.8147327303,NCCO.OC(=O)CS
A-5324,0.8352249535,CC(CCC(O)=O)C(O)=O
A-5325,0.8791925338,OC(=O)CC(=O)C(O)=O
A-5326,0.7794395395,OCC(O)COCC(O)CO
A-5327,0.57976692,Cl.CC1=C(CCCl)C(=O)N2CCCCC2=N1
A-5328,0.4108359648,OCN1C(NC(=O)NCNC(=O)NC2N(CO)C(=O)NC2=O)C(=O)NC1=O
A-5329,1.0404339534,NCC(O)CO
A-5330,0.8855791863,CC1(C)COC(=O)C1O
A-5331,1.0856251051,Cc1[nH]ncc1
A-5332,0.9952273665,CC(=O)CC(N)=O
A-5333,0.9277942328,OCC1COC(=O)O1
A-5334,0.8888753261,CC(=O)N1CCOCC1
A-5335,0.6492617384,OCCOCC(COCCO)OCCO
A-5336,0.9601894459,[Cl-].C[N+](C)(C)C
A-5337,0.8888753261,CN(C)C(=O)CC(C)=O
A-5338,0.8854190372,CN(C)CCCNC=O
A-5339,0.6415930192,CC(=O)N(CCN(C(C)=O)C(C)=O)C(C)=O
A-5340,1.2286477338,CNC=O
A-5341,0.8750362922,[Al+3].[Cl-].[Cl-].[Cl-]
A-5342,0.96197626,[NH4+].[O-]C(=O)CS
A-5343,1.1184783994,[NH4+].[S-]C#N
A-5344,0.2768038328,OCCN(CCO)CCO.OCCN(CCO)CCO.OC(=O)CCCCCCCCCCC(O)=O
A-5345,0.8378838589,CN(CCCN)CCCN
A-5346,0.7737662421,[Cl-].[Cs+]
A-5347,0.8241636018,[OH-].[Cs+]
A-5348,0.3169727848,[Ca++].OCC1OB(O)OC1C(O)C(O)C([O-])=O.OCC2OB(O)OC2C(O)C(O)C([O-])=O
A-5349,0.7347292364,NCCO.NCCO.OC(O)=O
A-5350,0.4414438192,[Cs+].[Cs+].[O-][S]([O-])(=O)=O
A-5351,0.7322652277,[K+].OC(=O)CCCCC(O)=O
A-5352,0.171543767,[Na+].[Na+].CCN(Cc1cccc(c1)[S]([O-])(=O)=O)c2ccc(cc2)N=Nc3ccc(N=Nc4cccc(c4)[S]([O-])(=O)=O)c5ccccc35
A-5353,0.316586399,[Na+].[Na+].Nc1ccc(NNC2=C3C(=O)C=C(C=C3C=CC2=N)[S]([O-])(=O)=O)c(c1)[S]([O-])(=O)=O
A-5354,0.6303241084,CC(=O)OCCOCCOCCOC(C)=O
A-5355,0.7665063868,CCOC(=O)N1CCC(=O)CC1
A-5356,1.0546594571,CCC[NH2+]CC
A-5357,0.6552600369,[Cl-].[Cl-].[Cl-].[In+3]
A-5358,0.9351079333,COC(=O)CC(C)=O
A-5359,0.1782048938,NC(=O)c1ccc[n+](c1)C2OC(CO[P]([O-])(=O)O[P](O)(=O)OCC3OC(C(O)C3O)n4cnc5c(N)ncnc45)C(O)C2O
A-5360,0.7117261755,CCCCCCCC[P](O)(O)=O
A-5361,0.9425469123,O=C1CCCCCO1
A-5362,1.0650472922,O=C1CCCO1
A-5363,1.0698153477,C1CCNCC1
A-5364,1.0124096986,[K+].[S-]C#N
A-5365,0.499854127,[K+].[O-][P](=O)(OCc1ccccc1)OCc2ccccc2
A-5366,1.0751265507,[K+].[O-]C=O
A-5367,1.2513159198,OCC#C
A-5368,1.1186438786,OCCCO
A-5369,1.0263319245,Nc1ccccn1
A-5370,0.9620638041,OCc1cccnc1
A-5371,0.779379433,[Na+].CCCCC(CC)C([O-])=O
A-5372,0.2391231024,[Na+].COCCOCCOc1cc(Nc2c(C)cc(C)c(c2C)[S]([O-])(=O)=O)c3C(=O)c4ccccc4C(=O)c3c1N
A-5373,0.7254773119,[Na+].CCOC(=O)c1ccc([O-])cc1
A-5374,0.6814775579,[Na+].CCO[P]([S-])(=S)OCC
A-5375,0.5778568301,[Na+].CC(C)CO[P]([S-])(=S)OCC(C)C
A-5376,1.0911130427,[Na+].[S-]C#N
A-5377,1.1674463828,[Na+].[O-]C=O
A-5378,0.9277905551,[Na+].OC[S]([O-])=O
A-5379,0.8852856246,CC(C)COC(C)(C)C
A-5380,0.6211099353,C[N+](C)(C)C.OC(=O)c1ccccc1C([O-])=O
A-5381,1.040224269,[OH-].C[N+](C)(C)C
A-5382,0.1614506129,[Na+].[Na+].[Na+].Cc1cc(N\N=C\2C=CC(=O)C(=C2)C([O-])=O)c(OCCC[S]([O-])(=O)=O)cc1N=Nc3ccc(cc3[S]([O-])(=O)=O)[N+]([O-])=O
A-5383,0.5928981548,[Zn++].[O-][P]([O-])([O-])=O.[O-][P]([O-])([O-])=O
A-5384,-0.1210967438,COCC(C)OC(C)=O
A-5385,-0.1966099864,CC1(C)CC(O)CC(C)(C)N1
A-5386,-0.1112860429,NCCN1CCNCC1
A-5387,-0.0176551044,CC(C)OCCO
A-5388,-0.1211098882,NC(=O)CCNCCO
A-5389,-0.6479880176,CCN(CC)c1ccc(cc1)[C+](c2ccccc2)c3ccc(cc3)N(CC)CC.CC([O-])=O
A-5390,0.0451691789,OCCCCO
A-5391,-0.0936877841,CO[P](C)(=O)OC
A-5392,-0.0375898257,CO[P+](=O)OC
A-5393,-0.6517004701,[Na+].COc1ccc(cc1)N=Nc2ccc(cc2OC)N=Nc3cccc(c3)[S]([O-])(=O)=O
A-5394,-0.0454794531,[Cr].CC([O-])=O
A-5395,-1.5071434524,CN(C)[P+](CC1CCCCC1)(N(C)C)N(C)C.F[B-](F)(F)F
A-5396,-1.4997434273,FC(F)(F)C(F)(F)C(=O)C(F)(C(F)(F)F)C(F)(F)F
A-5397,-1.3983706153,[Cl-].[Cl-].[Cl-].[Cl-].[Pd++].[H+].[H+]
A-5398,-1.3625352504,[Pd++].[O-][N+]([O-])=O.[O-][N+]([O-])=O
A-5399,-2.0236334836,[Na+].[Na+].[Na+].[Na+].[O-][S](=O)(=O)c1ccc(c(c1)N=Nc2ccc(N=Nc3ccc(N\N=C4/C(=O)C(=Cc5cc(Nc6ccccc6)ccc45)[S]([O-])(=O)=O)c7ccccc37)c8cc(ccc28)[S]([O-])(=O)=O)[S]([O-])(=O)=O
A-5400,-1.80473955,[O-][N+](=O)c1ccccc1
A-5401,-2.2971518537,CC(=C)C(=O)OCCN1CCNC1=O
A-5402,-2.7615135856,OCCN(CCO)C(=O)CCCCCCCCC=C
A-5403,-2.5388850502,O=[Cu]
A-5404,-4.0405904263,CC(C)=CCCC(C)(OC=O)C=C
A-5405,-5.1596802151,O=C1NC(=CC=N1)NC(=O)c2ccccc2
A-5406,-1.569622787,Nc1c(I)c(C([O-])=O)c(I)c(C([O-])=O)c1I
A-5407,0.2137915766,CCCCCCCCCCCCc1ccccc1[S](O)(=O)=O.CC(C)(N)CO
A-5408,0.1595325622,OC(=O)\C=C/C(=O)OCCOCCOCCOC(=O)\C=C/C(O)=O
A-5409,-1.527023181,CC1(C)CC(=O)CC(C)(C1)C#N
A-5410,-0.4376461112,[Na+].[Na+].CC(CCO[S](=O)(=O)c1ccccc1)[N-]c2ccc([N-]C(C)CCO[S](=O)(=O)c3ccccc3)c4C(=O)c5ccccc5C(=O)c24
A-5411,-3.1511694075,[Ce].[Ce].[O-]C(=O)C([O-])=O
A-5412,-1.171951452,[Na+].[Cr+3].[O-]c1cc(c2ccccc2c1N=Nc3ccc4cccc(c4c3[O-])[S]([O-])(=O)=O)[S]([O-])(=O)=O
A-5413,-2.2251369084,Fc1cccc2CC(=O)Nc12
A-5414,-3.2048809276,CC(C)CCCCCCCOCCCNCCCN
A-5415,-4.1964284478,O=C1CCCCCCCCCCCC(=O)OCCO1
A-5416,-1.3406827143,[Na+].[Na+].Nc1ccc(N=Nc2ccc(NC(=O)c3ccc(cc3)N=Nc4c(N)c5C(=O)C(=N/Nc6ccccc6)/C(=Cc5cc4[S]([O-])(=O)=O)[S]([O-])(=O)=O)cc2)c(N)c1
A-5417,-4.8732958362,[Ce].[Ce].[O-]C(=O)C([O-])=O
A-5418,-5.1189847242,[Ce].[Ce].[O-]C(=O)C([O-])=O
A-5419,-4.9331844259,[Sr++].[O-][Ti]([O-])=O
A-5420,-5.2549980275,[Sr++].[O-][Ti]([O-])=O
A-5421,-5.7894415715,[Ce].[Ce].[O-]C(=O)C([O-])=O
A-5422,-5.6093728102,[OH-].[OH-].[OH-].[Cl-].[Cu++].[Cu++]
A-5423,-5.982567027,CCCCCCC(=O)OCC(CC)(CO)COC(=O)CCCC
A-5424,-5.8353775196,[OH-].[OH-].[OH-].[Cl-].[Cu++].[Cu++]
A-5425,-6.4456261549,CCCCCCCC[Sn]1(CCCCCCCC)OC(=O)CS1
A-5426,-2.2512731137,CCOC(=O)C1CCC(CC1)C(=O)OCC
A-5427,-6.5564714103,CCCC[Sn](CCCC)(CCCC)CCCC
A-5428,-6.5279992996,[Sr++].[O-][Ti]([O-])=O
A-5429,0.786089298,ClCCCN1CCOCC1
A-5430,-7.1113098549,[Sr++].[O-][Ti]([O-])=O
A-5431,0.5453241375,[Y+3].[O-][N+]([O-])=O.[O-][N+]([O-])=O.[O-][N+]([O-])=O
A-5432,-1.4436540676,CC1=C(C#N)C(=O)N(CCC(O)=O)C(=C1)O
A-5433,-1.6024488726,CC1=C(C(N)=O)C(=O)N(CCC(O)=O)C(=C1)O
A-5434,0.312845272,[Y+3].[O-][N+]([O-])=O.[O-][N+]([O-])=O.[O-][N+]([O-])=O
A-5435,0.213542852,[Sm+3].[O-][N+]([O-])=O.[O-][N+]([O-])=O.[O-][N+]([O-])=O
A-5436,0.264947341,[Y+3].[O-][N+]([O-])=O.[O-][N+]([O-])=O.[O-][N+]([O-])=O
A-5437,0.0575708237,CCCCCCCC(=O)NCCCC[C@H](N)C(O)=O
A-5438,-0.0080331121,[Fe+3].Cc1ccc(cc1)[S]([O-])(=O)=O.Cc2ccc(cc2)[S]([O-])(=O)=O.Cc3ccc(cc3)[S]([O-])(=O)=O
A-5439,-0.1942710493,[Na+].[Na+].[Na+].[Na+].[O-][P]([O-])(=O)O[P]([O-])([O-])=O
A-5440,0.301076949,[Na+].[Na+].[Na+].[O-]O[P]([O-])(=O)CC([O-])=O
A-5441,-1.6896652895,[H+].[Cl-].CN(C\C=C\C#CC(C)(C)C)Cc1cccc2ccccc12
A-5442,-1.7198600749,[H+].[Cl-].CN(C\C=C\C#CC(C)(C)C)Cc1cccc2ccccc12
A-5443,-0.7569465698,[Na+].[K+].Nc1c(cc(NC2CCC(CC2)Nc3nc(F)nc(Nc4cc(ccc4[S]([O-])(=O)=O)[S]([O-])(=O)=O)n3)c5C(=O)c6ccccc6C(=O)c15)[S]([O-])(=O)=O
A-5444,-0.8036189217,[Cl-].CCN(CC)c1ccc(cc1)/C=C(C#N)/C(=O)OCCC[N+](C)(C)CCOC(=O)\C(=C\c2ccc(cc2)N(CC)CC)C#N
A-5445,0.4541441757,FC(F)(F)[S](=O)(=O)N[S](=O)(=O)C(F)(F)F
A-5446,-1.1331674849,[Na+].[Cr+3].Cc1nn(c([O-])c1N=Nc2cc(Cl)cc(c2[O-])[S]([O-])(=O)=O)c3cccc(c3)[S]([O-])(=O)=O
A-5447,-2.6047486205,CCCCOC(=O)CC(CC(=O)OCCCC)(OC(C)=O)C(=O)OCCCC
A-5448,-2.2095659473,Nc1ccc(Cl)c(Cl)c1
A-5449,-2.1708628557,CC(C)c1ccc(C=O)cc1
A-5450,-2.4949028287,CCCCCCCC\C=C/CCCCCCCCOCCO
A-5451,-5.53070544,CC(C)(C)c1cc(CCC(O)=O)cc(n2nc3ccccc3n2)c1O
A-5452,-3.1146872197,CCCCCCCC(=O)SCCC[Si](OCC)(OCC)OCC
A-5453,-3.0093595229,C\C=C/C=C.C/C=C/C=C.C1CC=CC1
A-5454,-2.5572123591,CCCCC
A-5455,-2.5572123591,CCCCC
A-5456,-3.3974324562,CCCCCCC(O)CCCCCCCCCCC(=O)OCC(O)CO
A-5457,-7.6872220822,CCN(CC)C1=C[C@@H]2Oc3cc(N(CC)CC)c(C)cc3C(=C2C=C1C)c4ccccc4C(=O)OC
A-5458,-3.7440777388,CCOC(=O)CC(NC1CCC(CC1)CC2CCC(CC2)NC(CC(=O)OCC)C(=O)OCC)C(=O)OCC
A-5459,-3.3549684893,CC(CC(C)(C)C)CC(C)(C)CC(C)(C)C
A-5460,-3.3809904628,CCCCCCCCCCCCCCC1CO1
A-5461,-3.1530278501,CC(CC=O)CC(C)(C)C
A-5462,-3.3984573794,COCC(NC(C)=O)C(=O)NCc1ccccc1
A-5463,-3.0421815945,C1CCC\C=C/CC1
A-5464,-0.6530596225,CCCCOCC(C)OCC(C)O
A-5465,-3.775990335,CCCCCCCCCCCCCCCCCCC(O)=O
A-5466,-3.733128222,CCCCCCCCCCCCCCCCC(O)=O
A-5467,-3.7550878414,CCCCCCCCCCCCCCCCCC(O)=O
A-5468,-1.4719350107,CCOC(C)(C)CC
A-5469,-2.3469160768,CC(CO)CC(C)c1ccccc1
A-5470,-2.347457929,CC(CO)CC(C)c1ccccc1
A-5471,-2.3480004581,CC(CO)CC(C)c1ccccc1
A-5472,-2.3496321237,CC(CO)CC(C)c1ccccc1
A-5473,-4.2192268325,Nc1c(Oc2ccccc2)cc(O)c3C(=O)c4ccccc4C(=O)c13
A-5474,-4.3931837232,CCn1nc2cc(cc3C(=O)c4ccccc4c1c23)c5cc6nn(CC)c7c8ccccc8C(=O)c(c5)c67
A-5475,-4.5096151077,O=C1c2ccccc2C(=O)c3c4[nH]c5c6C(=O)c7ccccc7C(=O)c6c8[nH]c9c(ccc%10C(=O)c%11ccccc%11C(=O)c9%10)c8c5c4ccc13
A-5476,-4.2206388586,N#Cc1ccccc1/C=C/c2ccc(cc2)/C=C/c3ccccc3C#N
A-5477,-4.3992383437,[O-][N+](=O)c1cc2c3ccccc3C(=O)c4ccc5c6ccc7C(=O)c8ccccc8c9ccc(c6c79)c1c5c24
A-5478,-4.2617516212,CCOc1ccc(Nc2ccc(cc2[N+]([O-])=O)[S](=O)(=O)N(C)C)cc1
A-5479,-4.5222231174,O=C(Nc1cc2c([nH]c3c2cc(NC(=O)c4ccccc4)c5C(=O)c6ccccc6C(=O)c35)c7C(=O)c8ccccc8C(=O)c17)c9ccccc9
A-5480,-4.4504277175,Brc1ccc2c3cc4ccc5C(=O)c6ccccc6c7cc8ccc(C(=O)c2c1Br)c3c8c4c57
A-5481,0.2908803053,COc1ccc(cc1)C(CN(C)C)C2(O)CCCCC2
A-5482,0.2892747786,COc1ccc(cc1)C(CN(C)C)C2(O)CCCCC2
A-5483,0.2567187446,COc1ccc(cc1)C(CN(C)C)C2(O)CCCCC2
A-5484,-1.1086652301,COc1ccc(cc1)C(CN(C)C)C2(O)CCCCC2
A-5485,-5.1661846252,[Na+].[Na+].[Cr].[Cr].Oc1ccc2ccccc2c1N\N=C/3C(=O)C=C(c4cc(ccc34)[N+]([O-])=O)[S](O)(=O)=O.Oc5ccc6ccccc6c5N\N=C/7C(=O)C=C(c8cc(ccc78)[N+]([O-])=O)[S]([O-])(=O)=O.Oc9ccc%10ccccc%10c9N\N=C/%11C(=O)C=C(c%12cc(ccc%11%12)[N+]([O-])=O)[S]([O-])(=O)=O
A-5486,-5.3590146681,CCCCN(C1CC(C)(C)N(C)C(C)(C)C1)c2nc(NCCCN(CCN(CCCNc3nc(nc(n3)N(CCCC)C4CC(C)(C)N(C)C(C)(C)C4)N(CCCC)C5CC(C)(C)N(C)C(C)(C)C5)c6nc(nc(n6)N(CCCC)C7CC(C)(C)N(C)C(C)(C)C7)N(CCCC)C8CC(C)(C)N(C)C(C)(C)C8)c9nc(nc(n9)N(CCCC)C%10CC(C)(C)N(C)C(C)(C)C%10)N(CCCC)C%11CC(C)(C)N(C)C(C)(C)C%11)nc(n2)N(CCCC)C%12CC(C)(C)N(C)C(C)(C)C%12
A-5487,-4.3809109776,CCCCCCCCCCCCOC(=O)C=C
A-5488,-4.2145392055,[O--].[O--].[O--].[Al+3].[Y+3]
A-5489,-4.6845024567,[Rh+3].[I-].[I-].[I-]
A-5490,-4.428848848,CCCCCCCCCCCCCCOC(=O)C=C
A-5491,-5.1712348525,ClC1=C(Cl)C2(Cl)C3C(C(=O)OC3=O)C1(Cl)C2(Cl)Cl
A-5492,-5.4951202425,COc1cc(N=Nc2c(Br)cc(cc2[N+]([O-])=O)[N+]([O-])=O)c(NC(C)=O)cc1N(CCOC(C)=O)CCOC(C)=O
A-5493,-5.4630997896,COc1cc(N=Nc2c(Cl)cc(cc2[N+]([O-])=O)[N+]([O-])=O)c(NC(C)=O)cc1N(CCOC(C)=O)CCOC(C)=O
A-5494,-6.0579846725,CCCCN(C1CC(C)(C)N(C)C(C)(C)C1)c2nc(NCCCN(CCN(CCCNc3nc(nc(n3)N(CCCC)C4CC(C)(C)N(C)C(C)(C)C4)N(CCCC)C5CC(C)(C)N(C)C(C)(C)C5)c6nc(nc(n6)N(CCCC)C7CC(C)(C)N(C)C(C)(C)C7)N(CCCC)C8CC(C)(C)N(C)C(C)(C)C8)c9nc(nc(n9)N(CCCC)C%10CC(C)(C)N(C)C(C)(C)C%10)N(CCCC)C%11CC(C)(C)N(C)C(C)(C)C%11)nc(n2)N(CCCC)C%12CC(C)(C)N(C)C(C)(C)C%12
A-5495,-4.9917376214,COC(=O)c1sc(N)c(C#N)c1C
A-5496,-5.5299661631,CCCCCCCCCCCCCCCCCC[P](=O)(OC)OC
A-5497,-5.5309216408,CCCCCCCC\C=C/CCCCCCCC(=O)NCC(C)O
A-5498,-5.6688423383,[Al+3].[O-][P]([O-])(=O)O[P]([O-])(=O)O[P]([O-])([O-])=O
A-5499,-5.9372904598,CC(C)(O)C(=O)c1ccc(cc1)C2(C)CC(C)(C)c3cc(ccc23)C(=O)C(C)(C)O
A-5500,-5.9638494884,CC(C)(O)C(=O)c1ccc(cc1)C2(C)CC(C)(C)c3ccc(cc23)C(=O)C(C)(C)O
A-5501,-5.9155146717,[Al+3].[O-][P]([O-])(=O)O[P]([O-])(=O)O[P]([O-])([O-])=O
A-5502,-6.1639401792,CCC(C)CCCOC(=O)CCc1cc(n2nc3ccccc3n2)c(O)c(c1)C(C)(C)C
A-5503,-5.9984593571,[Ca++].[Ca++].[O-][P]([O-])(=O)O[P]([O-])([O-])=O
A-5504,-6.4239647325,CCCCCCCCCCCCCCCCCCOC(=O)CCc1cc(c(O)c(c1)C(C)(C)C)C(C)(C)C
A-5505,-6.3103895185,CC(C)=CCC\C(C)=C\CCC(=C)C=C
A-5506,-6.8367531336,Cc1cccc(C)c1O[P](=O)(Oc2cccc(O[P](=O)(Oc3c(C)cccc3C)Oc4c(C)cccc4C)c2)Oc5c(C)cccc5C
A-5507,-6.3736456351,CCCCC1CCC(CC1)C2CCC(=O)CC2
A-5508,-6.6216674424,Cc1cc(C)c(c(C)c1)C(=O)[P](=O)(C(=O)c2c(C)cc(C)cc2C)c3ccccc3
A-5509,-6.7570975386,CCCCCCCC[Sn](CCCCCCCC)(CCCCCCCC)CCCCCCCC
A-5510,-7.0120095436,[Cl].[Rh].c1ccc(cc1)P(c2ccccc2)c3ccccc3.c4ccc(cc4)P(c5ccccc5)c6ccccc6.c7ccc(cc7)P(c8ccccc8)c9ccccc9
A-5511,-6.7895895249,CC(C)CCCCCCCCCCOC(=O)CSCc1cc(c(O)c(c1)C(C)(C)C)C(C)(C)C
A-5512,-7.0267374942,[Cl-].[Cl-].[Pd++].c1ccc(cc1)P(c2ccccc2)c3ccccc3.c4ccc(cc4)P(c5ccccc5)c6ccccc6
A-5513,-6.9044856274,Nc1ccc(cc1Cl)C2(c3ccc(N)c(Cl)c3)c4ccccc4c5ccccc25
A-5514,-6.8493235759,COC(=O)CCc1cc(n2nc3ccccc3n2)c(O)c(c1)C(C)(C)C
A-5515,-7.1336144776,Clc1c(Cl)c(Cl)c2C3=Nc4cccc5cccc(N3C(=O)c2c1Cl)c45
A-5516,-7.0463600735,OC1=Cc2ccccc2NC1=C3C(=O)c4ccccc4C3=O
A-5517,-7.1974605034,CCCC(CC)COC(=O)CCc1cc(c(O)c(c1)C(C)(C)C)C(C)(C)C
A-5518,-7.2956120996,CC(C)(C)c1cc(Cc2cc(c(O)c(c2)C(C)(C)C)C(C)(C)C)cc(c1O)C(C)(C)C
A-5519,-7.5440264742,Cc1cc(c(O)c(C)c1CN2C(=O)N(Cc3c(C)cc(c(O)c3C)C(C)(C)C)C(=O)N(Cc4c(C)cc(c(O)c4C)C(C)(C)C)C2=O)C(C)(C)C
A-5520,-7.423828912,CCc1cc(C)cc(CC)c1Nc2ccc(Nc3c(CC)cc(C)cc3CC)c4C(=O)c5ccccc5C(=O)c24
A-5521,-7.3753013985,CCc1cccc(C)c1Nc2ccc(Nc3c(C)cccc3CC)c4C(=O)c5ccccc5C(=O)c24
A-5522,-7.2045960883,O=C1N2c3cccc4cccc(N=C2c5cccc6cccc1c56)c34
A-5523,-7.3271136165,CCCCCCCCSCc1cc(C)c(O)c(CSCCCCCCCC)c1
A-5524,-7.4690646531,CCCCCCCCSc1nc(Nc2cc(c(O)c(c2)C(C)(C)C)C(C)(C)C)nc(SCCCCCCCC)n1
A-5525,-7.3758536514,CCCCCCCC[Sn](=O)CCCCCCCC
A-5526,-7.3971529944,CCCCCCCCCCCCCCCCOC(C)=O
A-5527,-7.3446162411,[OH-].[OH-].[Cu++].[Cu++].[O-]C([O-])=O
A-5528,-6.9006128862,O=[Cu]
A-5529,-7.835715931,CCCCC(CC)COC(=O)CCC(=O)OCC(CC)CCCC
A-5530,-8.1906449159,CCC(CC)CO[Si](OCC(CC)CC)(OCC(CC)CC)OCC(CC)CC
A-5531,-8.6280505595,CC(C)(C)c1cc(Cc2cc(c(O)c(c2)C(C)(C)C)C(C)(C)C)cc(c1O)C(C)(C)C
A-5532,-8.5137980476,CCCCCCCCOc1ccc(c(O)c1)C(=O)c2ccccc2
A-5533,-8.7655314659,CCCCCCCCC(O)=O.CCCCCCCC(O)=O.CCCCC(CC)C(O)=O.OCC(CO)(CO)CO
A-5534,-9.0091675062,CCCCC(CC)COC(=O)c1ccc(Nc2nc(Nc3ccc(cc3)C(=O)NC(C)(C)C)nc(Nc4ccc(cc4)C(=O)OCC(CC)CCCC)n2)cc1
A-5535,-9.1518109699,CCCCCCOc1ccc(c(O)c1)c2nc(nc(n2)c3ccccc3)c4ccccc4
A-5536,-7.6118931699,CCCCCCCC(=O)OOC(=O)CCCCCCC
A-5537,-6.9904281999,BrC1CC(Br)CC(Br)CC(Br)CC(Br)CC(Br)C1
A-5538,-6.4448105798,c1ccc2cc3ccccc3cc2c1
A-5539,-7.2263189677,C.[Nb]
A-5540,-8.1508681249,Clc1ccc(Cl)c(N\N=C2/C(=O)C(=Cc3ccccc23)C(=O)Nc4cc(Cl)c(NC(=O)C5=Cc6ccccc6C(=N/Nc7cc(Cl)ccc7Cl)\C5=O)cc4Cl)c1
A-5541,-7.5738317682,CCCCCCCCCCCCS
A-5542,-7.3660504057,C.[Nb]
A-5543,-7.3967418114,C.[Nb]
A-5544,-7.6358227076,C.[Nb]
A-5545,-6.0397604981,O=C1c2ccccc2C(=O)c3ccccc13
A-5546,-7.7398036692,[Ca++].Cc1ccccc1NC(=O)CC(=O)CN=Nc2ccc(cc2[N+]([O-])=O)[S]([O-])(=O)=O.Cc3ccccc3NC(=O)CC(=O)CN=Nc4ccc(cc4[N+]([O-])=O)[S]([O-])(=O)=O
A-5547,-7.1224610466,CC(C)(C)CCCCC(=O)OC=C
A-5548,-7.3965020268,C[C@@H](C[C@H](c1cc(C2CCCCC2)c(O)cc1C)c3cc(C4CCCCC4)c(O)cc3C)c5cc(C6CCCCC6)c(O)cc5C
A-5549,-7.0457824618,[Al+3].[Cl-].[Cl-].[Cl-]
A-5550,-7.4985586512,O.O.O.O.O.O.O.O.O.[Al+3].[Al+3].[O-][S]([O-])(=O)=O.[O-][S]([O-])(=O)=O.[O-][S]([O-])(=O)=O
A-5551,-7.4642333989,O=C1N2c3cccc4cccc(N=C2c5cccc6cccc1c56)c34
A-5552,-7.6021207883,FC(F)(F)C1(F)C(F)(F)C(F)(F)C(F)(F)C(F)(C(F)(F)F)C1(F)F
A-5553,-7.6647115323,FC1(F)C(F)(F)C(F)(F)C2(F)C(F)(F)C(F)(F)C(F)(F)C(F)(F)C2(F)C1(F)F
A-5554,-7.6415256675,FC(F)(F)C(F)(F)C(F)(F)C(F)(F)C(F)(F)C(F)(F)C(F)(F)C(F)(F)F
A-5555,-8.3629378574,CC(C)(C)N(Sc1sc2ccccc2n1)Sc3sc4ccccc4n3
A-5556,-9.1442341106,Clc1c(Cl)c(Br)c2C3=NC(=Nc4n5[Cu]N6C(=N3)c7c(Cl)c(Br)c(Cl)c(Br)c7C6=NC8=NC(=Nc5c9c(Br)c(Cl)c(Br)c(Cl)c49)c%10c(Cl)c(Cl)c(Br)c(Cl)c8%10)c2c1Cl
A-5557,-9.039324078,Clc1cc(Cl)c2C3N=C(N=C4N5[Cu]N6C(N=C7N=C(N=C5c8c(Cl)c(Cl)c(Cl)c(Cl)c48)c9c(Cl)c(Cl)c(Cl)c(Cl)c79)c%10c(Cl)c(Cl)c(Cl)c(Cl)c%10C6=N3)c2c1Cl
A-5558,-8.1341332614,C.[Nb]
A-5559,-9.1299878036,Brc1c(Br)c(Br)c(CCc2c(Br)c(Br)c(Br)c(Br)c2Br)c(Br)c1Br
A-5560,-8.9896322186,CCCCC(CC)COC(=O)c1ccc(cc1)C(=O)OCC(CC)CCCC
A-5561,-8.9292574403,CCC(C)CCCC(C)CCCC(C)C
A-5562,-9.2653756746,CCCCCCCCOC(=O)c1ccccc1C(=O)OCc2ccccc2
A-5563,-10.0169999307,[Cr]
A-5564,-6.0590254648,O=[V]=O
A-5565,-6.1291833189,O=[V]=O
A-5566,-4.7773634511,[Co]
A-5567,-4.9697696007,[S--].[Co++]
A-5568,-5.4420333054,O=[W]=O
A-5569,-5.5588468327,[O--].[O--].[O--].[Sm+3].[Sm+3]
A-5570,-6.4767954117,O=[W]=O
A-5571,-5.5313541828,O=[W]=O
A-5572,-6.5782530524,O=[W]=O
A-5573,-5.5805448492,O=[W]=O
A-5574,-4.7083011948,O=[W]=O
A-5575,-4.7976929573,[Co]
A-5576,-6.8156139682,O=[W]=O
A-5577,-5.9557300071,O=[W]=O
A-5578,-6.813060611,CC(C)(C)c1ccc(O[P@]2OC[C@]3(CO2)CO[P@](OC3)Oc4ccc(cc4C(C)(C)C)C(C)(C)C)c(c1)C(C)(C)C
A-5579,-6.6558855625,CCCCCCCCCC(O)=O.CCCCCCCC(O)=O.CC(C)(CO)CO
A-5580,-6.3088220428,O=[W]=O
A-5581,-7.0074879806,CC(C)OC(=O)c1ccc(C)c(c1)N=Nc2c(O)c(cc3ccccc23)C(=O)Nc4cc(Cl)c(NC(=O)c5cc6ccccc6c(N=Nc7cc(ccc7C)C(=O)OC(C)C)c5O)cc4Cl
A-5582,-6.0009555438,[S--].[Co++]
A-5583,-7.69430966,Cc1ccccc1NC(=O)C2=Cc3ccccc3C(=N/Nc4cc(Cl)c(Cl)cc4Cl)\C2=O
A-5584,-7.6052980935,CC(=O)C(N=Nc1ccc(C)cc1[N+]([O-])=O)C(=O)Nc2ccc(Cl)cc2
A-5585,-3.8257278477,[Co]
A-5586,-6.0180311906,O[Co]=O
A-5587,-5.0152501934,[S--].[Co++]
A-5588,-4.1879877809,C.[V]
A-5589,-6.2058415067,C.[V]
A-5590,-6.3813083308,C.[V]
A-5591,-4.5008109519,C.[V]
A-5592,-6.5000516059,C.[V]
A-5593,-5.0297594762,O[Co]=O
A-5594,-4.0287037566,[S--].[Co++]
A-5595,-4.5817276625,C.[V]
A-5596,-6.6306315034,C.[V]
A-5597,-4.7160616987,C.[V]
A-5598,-6.0436415571,[S--].[Co++]
A-5599,-7.8093836019,O=[P](Oc1ccccc1)(Oc2ccccc2)Oc3cccc(O[P](=O)(Oc4ccccc4)Oc5ccccc5)c3
A-5600,-7.8662401992,COc1cc(OC)c(NC(=O)C2=Cc3ccccc3C(=N/Nc4cc(ccc4OC)C(=O)Nc5ccc(cc5)C(N)=O)\C2=O)cc1Cl
A-5601,-7.8465603387,COc1ccc(cc1N\N=C2/C(=O)C(=Cc3ccccc23)C(=O)Nc4cc(OC)c(Cl)cc4OC)C(=O)Nc5ccccc5
A-5602,-7.806077004,Brc1c(Br)c(Br)c(COC(=O)C=C)c(Br)c1Br
A-5603,-7.6305993261,COc1ccccc1N=NC(C(C)=O)C(=O)Nc2ccc3NC(=O)Nc3c2
A-5604,-6.566718008,[P]
A-5605,-7.0496859233,O[Co]=O
A-5606,-8.0045326037,COc1cc(NC(=O)C(N=Nc2ccc(cc2Cl)c3ccc(N=NC(C(C)=O)C(=O)Nc4cc(OC)c(Cl)cc4OC)c(Cl)c3)C(C)=O)c(OC)cc1Cl
A-5607,-7.5414466266,CC1=NN(c2ccccc2)C(=O)C1N=Nc3ccccc3
A-5608,-4.9999945622,O=[Ti]=O
A-5609,-5.949075231,CCCCC(CC)COC(=O)c1c(Br)c(Br)c(Br)c(Br)c1C(=O)OCC(CC)CCCC
A-5610,-6.06306666,[S--].[Co++]
A-5611,-3.8834731905,[Co]
A-5612,-4.0744272581,[S--].[Co++]
A-5613,-5.8844322097,[Co]
A-5614,-5.5960586261,FC(F)(F)N1C(F)(F)C(F)(F)OC(F)(F)C1(F)F
A-5615,-6.4457752716,O=C1c2ccccc2C(=O)c3ccccc13
A-5616,-6.3817588341,c1ccc2cc3ccccc3cc2c1
A-5617,-6.7826900918,[Ag+].CCCCCCCCCCCCCCCCCCCCCC([O-])=O
A-5618,-4.9166603378,[Co]
A-5619,-6.1053431805,[S--].[Co++]
A-5620,-4.1084747953,[S--].[Co++]
A-5621,-7.9052553562,CCN(CC)[S](=O)(=O)c1ccc(OC)c(N\N=C2\C(=O)C(=Cc3ccccc23)C(=O)Nc4cc(Cl)c(OC)cc4OC)c1
A-5622,-7.6348607805,[O--].[O--].[O--].[Nd+3].[Nd+3]
A-5623,-7.7217578704,CC(=O)C(N=Nc1ccc(Cl)cc1[N+]([O-])=O)C(=O)Nc2ccccc2Cl
A-5624,-7.8916361395,CN[S](=O)(=O)c1cc(OC)c(N\N=C2/C(=O)C(=Cc3ccccc23)C(=O)Nc4ccc5NC(=O)Nc5c4)cc1OC
A-5625,-7.7579945848,O=C1n2c3ccccc3nc2c4ccc5C(=O)n6c7ccccc7nc6c8ccc1c4c58
A-5626,-7.7579945848,O=C1n2c3ccccc3nc2c4ccc5c6nc7ccccc7n6C(=O)c8ccc1c4c58
A-5627,-7.8250730454,Cc1cc(C)c(Nc2ccc(Nc3c(C)cc(C)cc3C)c4C(=O)c5ccccc5C(=O)c24)c(C)c1
A-5628,-5.3586124042,O=[Te]=O
A-5629,-4.9315094588,[Co]
A-5630,-6.1265430387,O[Co]=O
A-5631,-5.5588468327,[O--].[O--].[O--].[Sm+3].[Sm+3]
A-5632,-4.9462327156,[Co]
A-5633,-3.9488450211,[Co]
A-5634,-5.0528263972,O=[Co]
A-5635,-5.1495187001,O[Co]=O
A-5636,-4.154193486,[S--].[Co++]
A-5637,-5.7331972651,S
A-5638,-5.3116265943,CC(C)C1CCCCC1
A-5639,-4.9836071274,[Co]
A-5640,-4.1726662378,[S--].[Co++]
A-5641,-5.0910495593,O=[Co]
A-5642,-5.0944940808,O=[Co]
A-5643,-6.9474451591,O=[Nb](=O)O[Nb](=O)=O
A-5644,-6.9474451591,O=[Nb](=O)O[Nb](=O)=O
A-5645,-7.91711864,CCCC(Cl)CCCC(Cl)CCC(Cl)CCC(Cl)CCC(Cl)CCCC(Cl)CCC
A-5646,-7.1573198017,O[Co]=O
A-5647,-7.0684873505,O=[Co]
A-5648,-7.6234773746,[O--].[O--].[O--].[O--].[O--].[Al+3].[Al+3].[Zn++].[Zn++]
A-5649,-7.9667891703,CCCCCCCCCCCCCCCCCCN1C(=O)c2ccc3Sc4ccccc4c5ccc(C1=O)c2c35
A-5650,-5.0017204483,[Co]
A-5651,-5.0049880692,[Co]
A-5652,-4.0107662409,[Co]
A-5653,-5.0221705225,[Co]
A-5654,-5.0238021881,[Co]
A-5655,-4.2183708577,[S--].[Co++]
A-5656,-5.2356678253,[S--].[Co++]
A-5657,-5.0495379678,[Co]
A-5658,-6.1520334019,O=[Co]
A-5659,-5.2519456075,O[Co]=O
A-5660,-6.61539022,CCC(C)CCCC(C)CCCC(C)C
A-5661,-5.928853464,[Ca++].Cc1ccc(N\N=C\2C(=O)C(=Cc3ccccc23)C([O-])=O)c(c1)[S]([O-])(=O)=O
A-5662,-6.8550448624,CCCCC(CC)CO[P](=O)(Oc1ccccc1)Oc2ccccc2
A-5663,-6.815976001,CCN1C(=O)C(=N/Nc2ccccc2[N+]([O-])=O)\C(=C(C#N)C1=O)C
A-5664,-7.2632335384,CC(=O)C(N=Nc1cc(ccc1Cl)C(=O)Nc2cc(Cl)ccc2C)C(=O)Nc3cc(C)c(NC(=O)C(N=Nc4cc(ccc4Cl)C(=O)Nc5cc(Cl)ccc5C)C(C)=O)cc3C
A-5665,-7.9658105639,CCCC(Cl)CCCC(Cl)CCC(Cl)CCC(Cl)CCC(Cl)CCCC(Cl)CCC
A-5666,-7.7798430604,Cc1ccccc1OP(Oc2ccccc2C)Oc3ccccc3C
A-5667,-8.5404809541,COc1ccc(NC(=O)C(N=Nc2ccc(cc2Cl)c3ccc(N=NC(C(C)=O)C(=O)Nc4ccccc4)c(Cl)c3)C(C)=O)cc1.COc5ccc(NC(=O)C(N=Nc6ccc(cc6Cl)c7ccc(N=NC(C(C)=O)C(=O)Nc8ccc(OC)cc8)c(Cl)c7)C(C)=O)cc5.CC(=O)C(N=Nc9ccc(cc9Cl)c%10ccc(N=NC(C(C)=O)C(=O)Nc%11ccccc%11)c(Cl)c%10)C(=O)Nc%12ccccc%12
A-5668,-7.7837785588,Cc1ccc2Nc3cc4C(=O)c5cc(C)ccc5Nc4cc3C(=O)c2c1
A-5669,-7.8812372902,CN1C(=O)c2ccc3c4ccc5C(=O)N(C)C(=O)c6ccc(c7ccc(C1=O)c2c37)c4c56
A-5670,-7.9073894624,Clc1ccc(Cl)c(N\N=C2\C(=O)C(=Cc3ccccc23)C(=O)Nc4ccccc4)c1
A-5671,-8.1019307222,CC(=O)C(N=Nc1ccc(cc1Cl)c2ccc(N=NC(C(C)=O)C(=O)Nc3ccc(C)cc3)c(Cl)c2)C(=O)Nc4ccc(C)cc4
A-5672,-7.511883361,[Dy]
A-5673,-7.973611776,O=C(c1ccc(Oc2ccccc2)cc1)c3ccc(cc3)C(=O)c4ccc(Oc5ccccc5)cc4
A-5674,-4.7708809717,[Al+3].O[PH]([O-])=O.O[PH]([O-])=O.O[PH]([O-])=O
A-5675,-6.9835711537,COc1ccc(cc1)\C=C/2N=C(OC2=O)c3ccc(cc3)C4=NC(=C/c5ccc(OC)cc5)/C(=O)O4
A-5676,-6.7566025068,CCOC(=O)c1ccc2Sc3ccccc3C(=O)c2c1
A-5677,-6.8776317339,[Al+3].O[PH]([O-])=O.O[PH]([O-])=O.O[PH]([O-])=O
A-5678,-8.1584243143,[Cu]1N2C3=NC4=NC(=Nc5n1c(N=C6N=C(N=C2c7ccccc37)c8ccccc68)c9ccccc59)c%10ccccc4%10
A-5679,-7.2910783915,[Al+3].O[PH]([O-])=O.O[PH]([O-])=O.O[PH]([O-])=O
A-5680,-6.2759708145,O[Co]=O
A-5681,-5.2808873543,[S--].[Co++]
A-5682,-5.0938478393,[Co]
A-5683,-5.2848234467,[S--].[Co++]
A-5684,-6.9262679923,CCCCC(CC)COC(=O)C1CCC(CC1)C(=O)OCC(CC)CCCC
A-5685,-4.1092086923,[Co]
A-5686,-5.1171460358,[Co]
A-5687,-7.0864973463,CC(C)CCCCCCCCCCCCCCCOC(=O)CCCCCCCCCCCCCCC(C)C
A-5688,-5.7438651202,CC1CCCCCCCCCCCCC(=O)C1
A-5689,-5.1135158397,[Fe]
A-5690,-5.330039773,[S--].[Co++]
A-5691,-5.2024626919,[Zn++].CCCCCCC(O)CCCCCCCCCCC([O-])=O.CCCCCCC(O)CCCCCCCCCCC([O-])=O
A-5692,-4.1523104528,[Co]
A-5693,-6.6027992709,CC(C)c1ccc(cc1)C(C)C
A-5694,-7.2822585383,O[Co]=O
A-5695,-7.8822713548,CC1=NN(c2ccccc2)C(=O)C1/C=C/3C(=NN(c4ccccc4)C3=O)C
A-5696,-7.9811476568,Cc1ccccc1NC(=O)C2=Cc3ccccc3C(=N/Nc4ccc(cc4C)[N+]([O-])=O)/C2=O
A-5697,-8.1416267302,CC\1=NN(C(=O)C1=N/Nc2ccc(cc2Cl)c3ccc(N\N=C4/C(=NN(C4=O)c5ccccc5)C)c(Cl)c3)c6ccccc6
A-5698,-8.1750686223,COC(=O)c1ccc(cc1N\N=C2/C(=O)C(=Cc3ccccc23)C(=O)Nc4ccccc4OC)C(=O)Nc5cc(Cl)ccc5Cl
A-5699,-7.9318570783,CCCCNc1ccc(NCCCC)c2C(=O)c3ccccc3C(=O)c12
A-5700,-4.8617411072,CC(C)CCC[C@@H](C)CCC[C@@H](C)CCC/C(C)=C/CO
A-5701,-7.8973576352,Cc1cc(n2nc3ccc(Cl)cc3n2)c(O)c(c1)C(C)(C)C
A-5702,-5.8571242399,CCCCCCCCCCCCCCCCCCCN
A-5703,-5.3699921864,O[Co]=O
A-5704,-5.8038416016,CCCCCCCC(=O)CC(=O)c1ccccc1
A-5705,-4.491747447,[Co++].[O-]C([O-])=O
A-5706,-4.4917927663,[Co++].[O-]C([O-])=O
A-5707,-5.4911134734,[Co++].[O-]C([O-])=O
A-5708,-6.2880800198,O=[Co]
A-5709,-6.9546943469,S=[P](Oc1ccccc1)(Oc2ccccc2)Oc3ccccc3
A-5710,-5.9596139626,[Co++].CCCCC(CC)C([O-])=O.CCCCC(CC)C([O-])=O
A-5711,-4.4978397857,[Co++].[O-]C([O-])=O
A-5712,-5.9681067667,[O-][N+](=O)c1ncn(CC(=O)Nc2cc(ccc2Cl)C(F)(F)F)n1
A-5713,-5.5035063365,[Co++].[O-]C([O-])=O
A-5714,-4.3897494328,[S--].[Co++]
A-5715,-5.8964621619,[O--].[O--].[O--].[Sb+3].[Sb+3]
A-5716,-6.5686612071,[Al+3].[Cl-].[Cl-].[Cl-]
A-5717,-4.2182990153,[Co]
A-5718,-5.2254227837,[Co]
A-5719,-4.2269113695,[Co]
A-5720,-4.5361299862,[Co++].[O-]C([O-])=O
A-5721,-4.4354379802,[S--].[Co++]
A-5722,-4.5563704211,[Co++].[O-]C([O-])=O
A-5723,-4.5564230118,[Co++].[O-]C([O-])=O
A-5724,-7.2735304728,CC(C)(c1cc(Br)c(O)c(Br)c1)c2cc(Br)c(O)c(Br)c2.ClCC3CO3
A-5725,-6.9712344191,CC(C)(C)CCCCC1(OO1)C(=O)OC(C)(C)CC(C)(C)C
A-5726,-3.3584625897,O=[Co]
A-5727,-5.5663980595,[Co++].[O-]C([O-])=O
A-5728,-7.0666256459,Clc1ccc2Nc3cc4C(=O)c5ccccc5Nc4cc3C(=O)c2c1Cl
A-5729,-7.4385447828,[Ba++].[O-][S](=O)(=O)c1c(N\N=C\2C(=O)C=Cc3ccccc23)ccc4ccccc14.[O-][S](=O)(=O)c5c(N\N=C\6C(=O)C=Cc7ccccc67)ccc8ccccc58
A-5730,-7.1152526121,[O-][N+](=O)c1cc(Cl)c(N=Nc2ccc(cc2)N(CCC#N)CCC#N)c(Cl)c1
A-5731,-4.6677879254,[Co++].[O-]C(=O)C([O-])=O
A-5732,-4.6810113705,[Co++].[O-]C(=O)C([O-])=O
A-5733,-5.5890428246,[Co++].[O-]C([O-])=O
A-5734,-5.9495319098,CCCCC(CC)C(=O)OOC(C)(C)CC(C)(C)C
A-5735,-5.288915921,[Co]
A-5736,-7.1001953639,CC(C)CCC[C@@H](C)[C@H]1CC[C@H]2[C@@H]3CC=C4C[C@@H](O)CC[C@]4(C)[C@H]3CC[C@]12C
A-5737,-7.1886381337,FC(F)(F)C(F)(F)C(F)(F)C(F)(F)C(F)(F)C(F)(F)CCI
A-5738,-6.4763614002,O[Co]=O
A-5739,-6.387528949,O=[Co]
A-5740,-7.1044601558,CC(C)CCC[C@@H](C)[C@H]1CC[C@H]2[C@@H]3CC=C4C[C@@H](O)CC[C@]4(C)[C@H]3CC[C@]12C
A-5741,-7.7118329776,CC(C)C(C)(C)C(C)(C)C(C)(C)S
A-5742,-8.1844134651,COc1ccc(cc1N\N=C2/C(=O)C(=Cc3ccccc23)C(=O)Nc4cc(Cl)ccc4OC)C(=O)Nc5ccccc5
A-5743,-8.0544153113,Nc1c(OCCOC(=O)Oc2ccccc2)cc(O)c3C(=O)c4ccccc4C(=O)c13
A-5744,-7.8447963419,[O--].[O--].[O--].[O--].[O--].[Al+3].[Al+3].[Co++].[Co++]
A-5745,-8.3487503358,CCCCCCCCCCCCCCCCCCCCCC(=O)OCC(CO)(CO)COC(=O)CCCCCCCCCCCCCCCCCCCCC
A-5746,-8.2698850372,Cc1ccc(cc1)N2N=C(C)C(N=Nc3ccc(cc3Cl)c4ccc(N=NC5C(=NN(c6ccc(C)cc6)C5=O)C)c(Cl)c4)C2=O
A-5747,-7.9828073074,O=C1c2ccccc2c3ccc4Sc5ccccc5c6ccc1c3c46
A-5748,-7.3305992801,O=[Co]
A-5749,-8.0585030279,CC(=O)OCCOc1ccc(cc1)C(C)(C)c2ccc(OCCOC(C)=O)cc2
A-5750,-8.2171679788,CN[S](=O)(=O)c1cc(OC)c(N\N=C2/C(=O)C(=Cc3ccccc23)C(=O)Nc4ccc5NC(=O)Nc5c4)cc1C
A-5751,-8.2758531222,BrC1CC(Br)CC(Br)CC(Br)CC(Br)CC(Br)C1
A-5752,-7.370877579,O=[Ti]=O
A-5753,-7.9969982826,[O-][N+](=O)c1ccc(N\N=C2/C(=O)C=Cc3ccccc23)c(Cl)c1
A-5754,-7.9690613395,Cc1ccc(N\N=C2/C(=O)C=Cc3ccccc23)c(c1)[N+]([O-])=O
A-5755,-8.2138073561,CCCCOC(=O)c1ccccc1N\N=C2/C(=O)C(=Cc3ccccc23)C(=O)Nc4ccc5NC(=O)Nc5c4
A-5756,-7.6862678201,O=[Cr]O[Cr]=O
A-5757,-8.4587601408,CC(C)CCCCCCCCCCCCCCC(=O)OCC(COC(=O)CCCCCCCCCCCCCCC(C)C)OC(=O)CCCCCCCCCCCCCCC(C)C
A-5758,-8.2520983426,CCCCC(CC)COC(=O)c1ccc(C(=O)OCC(CC)CCCC)c(c1)C(=O)OCC(CC)CCCC
A-5759,-8.1667842337,COc1ccccc1NC(=O)C2=Cc3ccccc3C(=N/Nc4ccc(cc4)C(N)=O)/C2=O
A-5760,-5.4737894851,[Ba++].Cc1cc(N\N=C\2C(=O)C=Cc3ccccc23)c(cc1Cl)[S]([O-])(=O)=O.Cc4cc(N\N=C\5C(=O)C=Cc6ccccc56)c(cc4Cl)[S]([O-])(=O)=O
A-5761,-4.6924756177,[Co++].[O-]C(=O)C([O-])=O
A-5762,-4.3002421964,[Co]
A-5763,-4.710260192,[Co++].[O-]C(=O)C([O-])=O
A-5764,-8.8283698405,O=[Sn]
A-5765,-3.7142810639,[Co++].[O-]C(=O)C([O-])=O
A-5766,-5.7166155364,[Co++].[O-]C(=O)C([O-])=O
A-5767,-3.7193929877,[Co++].[O-]C(=O)C([O-])=O
A-5768,-5.7259488715,[Co++].[O-]C(=O)C([O-])=O
A-5769,-7.1884960445,CCCCC(CC)C(=O)OOC(C)(C)CCC(C)(C)OOC(=O)C(CC)CCCC
A-5770,-7.112066324,Cc1cc(O)c(cc1Sc2cc(c(O)cc2C)C(C)(C)C)C(C)(C)C
A-5771,-6.6935999437,[Al+3].[Cl-].[Cl-].[Cl-]
A-5772,-4.341576038,[Co]
A-5773,-5.7380665375,[Co++].[O-]C(=O)C([O-])=O
A-5774,-5.6483326268,[Co++].[O-]C([O-])=O
A-5775,-3.7457808829,[Co++].[O-]C(=O)C([O-])=O
A-5776,-5.7475471849,[Co++].[O-]C(=O)C([O-])=O
A-5777,-6.1214463007,[Co++].CCCCC(CC)C([O-])=O.CCCCC(CC)C([O-])=O
A-5778,-7.3953018986,CC(C)(c1cc(Br)c(OCC2CO2)c(Br)c1)c3cc(Br)c(OCC4CO4)c(Br)c3
A-5779,-7.2357731056,[Ag+].CCCCCCCCCCCCCCCCCCCCCC([O-])=O
A-5780,-6.2637704779,[Ca++].Cc1cc(c(N\N=C\2C(=O)C(=Cc3ccccc23)C([O-])=O)cc1Cl)[S]([O-])(=O)=O
A-5781,-7.2498789932,Nc1ccc(c2ccc(N)c3C(=O)c4ccccc4C(=O)c23)c5C(=O)c6ccccc6C(=O)c15
A-5782,-4.3820796861,[Co]
A-5783,-6.2793954063,[Ca++].[O-]C(=O)C1=Cc2ccccc2/C(=N/Nc3ccc4ccccc4c3[S]([O-])(=O)=O)C1=O
A-5784,-4.3876212838,[Co]
A-5785,-7.3044438068,CC(=O)Nc1ccc(NC(=O)C2=Cc3ccccc3C(=N/Nc4cc(ccc4Cl)C(N)=O)/C2=O)cc1
A-5786,-6.7171397905,CCOC(=O)C(=C)C#N
A-5787,-5.7061157281,[Co++].[O-]C([O-])=O
A-5788,-5.4548481286,[Zn++].CCCCCCC(O)CCCCCCCCCCC([O-])=O.CCCCCCC(O)CCCCCCCCCCC([O-])=O
A-5789,-5.5144527112,O=[Co]
A-5790,-6.3058678101,[Na+].C[O-].COC(=O)c1c(Cl)c(Cl)c(Cl)c(Cl)c1C#N.Nc2ccc(N)cc2
A-5791,-3.8089939528,[Co++].[O-]C(=O)C([O-])=O
A-5792,-6.2937105628,Nc1ccc(c2ccc(N)c3C(=O)c4ccccc4C(=O)c23)c5C(=O)c6ccccc6C(=O)c15
A-5793,-5.8147970508,[Co++].[O-]C(=O)C([O-])=O
A-5794,-3.7277674071,[Co++].[O-]C([O-])=O
A-5795,-6.7231490674,[Co++].[O-]C([O-])=O
A-5796,-4.4281333202,[Co]
A-5797,-6.2122247803,CC(C)(C)c1ccc(OC2CCCCC2O[S](=O)OCC#C)cc1
A-5798,-3.7442080977,[Co++].[O-]C([O-])=O
A-5799,-3.7442182283,[Co++].[O-]C([O-])=O
A-5800,-4.5446596236,O=[Co]
A-5801,-6.0882386806,CCCCC(CC)COC(=O)OOC(C)(C)CC
A-5802,-4.8447464934,[Co++].[O-]C(=O)C([O-])=O
A-5803,-7.2887340171,CCOC(F)(C(F)(F)C(F)(F)C(F)(F)F)C(F)(C(F)(F)F)C(F)(F)F
A-5804,-4.4491745222,[Co]
A-5805,-3.7543549082,[Co++].[O-]C([O-])=O
A-5806,-3.7543590562,[Co++].[O-]C([O-])=O
A-5807,-5.4564913292,[Co]
A-5808,-7.6228592843,[Sr++].Cc1cc(N\N=C\2C(=O)C=Cc3ccccc23)c(cc1Cl)[S]([O-])(=O)=O.Cc4cc(N\N=C\5C(=O)C=Cc6ccccc56)c(cc4Cl)[S]([O-])(=O)=O
A-5809,-7.7105204465,O=[Cr]O[Cr]=O
A-5810,-8.1025957345,O=C1NC(=O)C(C(=O)N1)=C2NC(c3ccccc23)=C4C(=O)NC(=O)NC4=O
A-5811,-8.2701498682,CCCCCCCCCCCCCCCCCCOC(=O)CCc1cc(c(O)c(c1)C(C)(C)C)C(C)(C)C
A-5812,-8.4626870474,CC(=O)C(N=Nc1cc(Cl)c(cc1Cl)c2cc(Cl)c(cc2Cl)N=NC(C(C)=O)C(=O)Nc3ccc(C)cc3C)C(=O)Nc4ccc(C)cc4C
A-5813,-8.4235961938,COc1ccccc1NC(=O)C(N=Nc2ccc(cc2Cl)c3ccc(N=NC(C(C)=O)C(=O)Nc4ccccc4OC)c(Cl)c3)C(C)=O
A-5814,-8.3771050883,O[S](=O)(=O)c1ccccc1N=C2C=CC(C=C2)=C(c3ccc(Nc4ccccc4)cc3)c5ccc(Nc6ccccc6)cc5
A-5815,-8.2383752076,Nc1c(Oc2ccccc2)c(Oc3ccccc3)c(N)c4C(=O)c5ccccc5C(=O)c14
A-5816,-7.9163115336,[F-].[F-].[F-].[Nd+3]
A-5817,-8.2650486602,COCCOCCCN1C(=O)c2c(N)c3C(=O)c4ccccc4C(=O)c3c(N)c2C1=O
A-5818,-8.2716565948,Nc1c(Oc2ccccc2)c(Oc3ccccc3)c(N)c4C(=O)c5ccccc5C(=O)c14
A-5819,-8.5265601286,CCOC(=O)C1=NN(C(=O)C1N=Nc2ccc(cc2Cl)c3ccc(N=NC4C(=O)N(N=C4C(=O)OCC)c5ccccc5)c(Cl)c3)c6ccccc6
A-5820,-6.5751878449,[Se]
A-5821,-7.641280481,O[Co]=O
A-5822,-8.307701699,Nc1c(Oc2ccccc2)c(Oc3ccccc3)c(N)c4C(=O)c5ccccc5C(=O)c14
A-5823,-9.052340862,COc1cc(NC(=O)C(N=Nc2ccc(cc2Cl)c3ccc(N=NC(C(C)=O)C(=O)Nc4ccc(C)cc4C)c(Cl)c3)C(C)=O)c(OC)cc1Cl.COc5cc(NC(=O)C(N=Nc6ccc(cc6Cl)c7ccc(N=NC(C(C)=O)C(=O)Nc8cc(OC)c(Cl)cc8OC)c(Cl)c7)C(C)=O)c(OC)cc5Cl.CC(=O)C(N=Nc9ccc(cc9Cl)c%10ccc(N=NC(C(C)=O)C(=O)Nc%11ccc(C)cc%11C)c(Cl)c%10)C(=O)Nc%12ccc(C)cc%12C
A-5824,-6.0559466089,CC(C)CCCCCCCOC(=O)C(C)=C
A-5825,-3.7938096277,[Co++].[O-]C([O-])=O
A-5826,-3.793820984,[Co++].[O-]C([O-])=O
A-5827,-2.6020545535,O=[Ti]=O
A-5828,-6.4591825653,[Fe]
A-5829,-7.3063783536,COc1ccccc1NC(=O)C(N=Nc2ccc(Cl)cc2[N+]([O-])=O)C(C)=O
A-5830,-6.6780080251,[S--].[Co++]
A-5831,-7.1014793549,[Cd]=[Te]
A-5832,-5.6928601803,[Ba++].CCc1cc(N\N=C/2C(=O)C=Cc3ccccc23)c(cc1Cl)[S]([O-])(=O)=O.CCc4cc(N\N=C/5C(=O)C=Cc6ccccc56)c(cc4Cl)[S]([O-])(=O)=O
A-5833,-3.6055865548,O=[Co]
A-5834,-4.4821664723,[Fe]
A-5835,-7.6922433716,FC(F)(F)c1ccc(Cl)c(N\N=C2/C(=O)C(=Cc3ccccc23)C(=O)Nc4cc(Cl)c(NC(=O)C5=Cc6ccccc6C(=N/Nc7cc(ccc7Cl)C(F)(F)F)\C5=O)cc4Cl)c1
A-5836,-7.179920249,Cc1cccc(Cc2ccccc2)c1Cc3ccccc3
A-5837,-7.2829806674,[Co++].CCCCC(CC)C([O-])=O.CCCCC(CC)C([O-])=O
A-5838,-4.8375365922,[Co++].[O-]C([O-])=O
A-5839,-7.3309014707,CC(=O)C(N=Nc1ccccc1C(O)=O)C(=O)Nc2ccc3NC(=O)Nc3c2
A-5840,-6.711068126,[S--].[Co++]
A-5841,-7.6344855683,CC(=O)C(N=Nc1ccccc1OCCOc2ccccc2N=NC(C(C)=O)C(=O)Nc3ccc4NC(=O)Nc4c3)C(=O)Nc5ccc6NC(=O)Nc6c5
A-5842,-7.4618003218,Clc1ccc(Cl)c(N\N=C2/C(=O)C(=Cc3ccccc23)C(=O)Nc4ccc5NC(=O)Nc5c4)c1
A-5843,-5.4514607628,[Ca++].CC(=O)C(N=Nc1ccc(cc1[N+]([O-])=O)[S]([O-])(=O)=O)C(=O)Nc2ccccc2Cl
A-5844,-5.5190975907,[Fe]
A-5845,-5.7269581626,[Ba++].[O-][S](=O)(=O)c1c(N\N=C\2C(=O)C=Cc3ccccc23)ccc4ccccc14.[O-][S](=O)(=O)c5c(N\N=C\6C(=O)C=Cc7ccccc67)ccc8ccccc58
A-5846,-4.5510360411,[Co]
A-5847,-7.0220260604,C1CCCCCCCCCCC1
A-5848,-7.4985586512,O.O.O.O.O.O.O.O.O.[Al+3].[Al+3].[O-][S]([O-])(=O)=O.[O-][S]([O-])(=O)=O.[O-][S]([O-])(=O)=O
A-5849,-7.3952335385,CCCCCCOC(=O)c1ccccc1C(=O)c2ccc(cc2O)N(CC)CC
A-5850,-6.1644679871,CC(C)CCCCCCCOC(=O)C(C)=C
A-5851,-4.8435743389,[B]
A-5852,-5.347977516,[Co++].CCCCC(CC)C([O-])=O.CCCCC(CC)C([O-])=O
A-5853,-7.5095589026,CCCCOC(=O)C1C(C(=O)OCCCC)C2(Cl)C(=C(Cl)C1(Cl)C2(Cl)Cl)Cl
A-5854,-7.255740326,O=C1N2c3cccc4cccc(N=C2c5ccccc15)c34
A-5855,-4.6066010256,[Co]
A-5856,-5.3755693067,[Co++].CCCCC(CC)C([O-])=O.CCCCC(CC)C([O-])=O
A-5857,-6.3795891917,[Co++].CCCCC(CC)C([O-])=O.CCCCC(CC)C([O-])=O
A-5858,-4.3829110611,[Co++].CCCCC(CC)C([O-])=O.CCCCC(CC)C([O-])=O
A-5859,-4.6159345764,[Co]
A-5860,-6.3871899192,[Co++].CCCCC(CC)C([O-])=O.CCCCC(CC)C([O-])=O
A-5861,-5.3905459388,[Co++].CCCCC(CC)C([O-])=O.CCCCC(CC)C([O-])=O
A-5862,-7.2055917632,[Cd]=[Te]
A-5863,-7.4198053963,Clc1ccc2Nc3cc4C(=O)c5cc(Cl)ccc5Nc4cc3C(=O)c2c1
A-5864,-7.455526833,CC(=O)C(N=Nc1ccccc1C(F)(F)F)C(=O)Nc2ccc3NC(=O)Nc3c2
A-5865,-7.8142410285,Cc1ccc(cc1N\N=C2\C(=O)C(=Cc3ccccc23)C(=O)Nc4cc(C)c(NC(=O)C5=Cc6ccccc6C(=N/Nc7c(C)cccc7C(=O)OCCCl)/C5=O)cc4C)C(=O)OCCCl
A-5866,-7.4737798767,CC(=O)C(N=Nc1ccc(Cl)cc1[N+]([O-])=O)C(=O)Nc2ccc3NC(=O)Nc3c2
A-5867,-6.7285392888,O=[Co]
A-5868,-6.3502060506,CC(=C)C(=O)OCCCCCCCCCCOC(=O)C(C)=C
A-5869,-5.8207386942,[S--].[Co++]
A-5870,-5.8239087409,[S--].[Co++]
A-5871,-6.4095308882,[Co++].CCCCC(CC)C([O-])=O.CCCCC(CC)C([O-])=O
A-5872,-6.4573217576,Clc1cccc2C(=O)c3cc4Nc5c(Cl)cccc5C(=O)c4cc3Nc12
A-5873,-5.6564151972,[Co]
A-5874,-7.4932619796,CCOC(F)(C(F)(F)C(F)(F)C(F)(F)F)C(F)(C(F)(F)F)C(F)(F)F
A-5875,-7.4179683662,CC(=O)C(N=Nc1ccc(C)cc1[N+]([O-])=O)C(=O)Nc2ccccc2
A-5876,-3.6638276957,[Co]
A-5877,-6.4320622753,[Co++].CCCCC(CC)C([O-])=O.CCCCC(CC)C([O-])=O
A-5878,-4.8579476256,[S--].[Co++]
A-5879,-6.436849822,[Co++].CCCCC(CC)C([O-])=O.CCCCC(CC)C([O-])=O
A-5880,-5.864221012,[S--].[Co++]
A-5881,-4.0772391885,[Co++].[O-]C(=O)C([O-])=O
A-5882,-5.8677262326,[S--].[Co++]
A-5883,-6.4497523604,CCCCCCCCCC(=O)OOC(=O)CCCCCCCCC
A-5884,-7.5632144901,Cc1ccccc1NC(=O)C2=Cc3ccccc3C(=N/Nc4ccc(Cl)cc4[N+]([O-])=O)/C2=O
A-5885,-7.6266942296,[Ni++].[O-]c1ccc2ccccc2c1C=Nc3cc4NC(=O)Nc4cc3N=Cc5c([O-])ccc6ccccc56
A-5886,-7.2627495503,[O--].[O--].[Pt+4]
A-5887,-7.0799044677,[Nd]
A-5888,-5.798391069,O=[Co]
A-5889,-4.9017557479,[S--].[Co++]
A-5890,-5.9002359056,[S--].[Co++]
A-5891,-4.9035101673,[S--].[Co++]
A-5892,-5.9051949655,[S--].[Co++]
A-5893,-6.3042473194,[O--].[O--].[Pt+4]
A-5894,-7.0509311827,[Ca++].COc1ccc(NC(=O)C2=Cc3ccccc3/C(=N/Nc4cc(ccc4C)C(=O)Nc5cccc(c5)[S]([O-])(=O)=O)C2=O)cc1.COc6ccc(NC(=O)C7=Cc8ccccc8/C(=N/Nc9cc(ccc9C)C(=O)Nc%10cccc(c%10)[S]([O-])(=O)=O)C7=O)cc6
A-5895,-7.5819735484,CCOc1ccccc1NC(=O)C2=Cc3ccccc3C(=N/Nc4ccc(cc4)C(N)=O)\C2=O
A-5896,-7.5579677799,Cc1ccc(cc1N\N=C2/C(=O)C(=Cc3ccccc23)C(=O)Nc4ccccc4)[N+]([O-])=O
A-5897,-6.8990417865,O[Co]=O
A-5898,-7.5255403409,CC(=O)C(N=Nc1ccc(cc1)[N+]([O-])=O)C(=O)Nc2ccc3NC(=O)Nc3c2
A-5899,-7.8692982631,Clc1ccc(Cl)c(N\N=C2\C(=O)C(=Cc3ccccc23)C(=O)Nc4ccc(NC(=O)C5=Cc6ccccc6C(=N/Nc7cc(Cl)ccc7Cl)\C5=O)c(Cl)c4)c1
A-5900,-7.5423585273,CC(C)CCCCCCCO[P](=O)(Oc1ccccc1)Oc2ccccc2
A-5901,-7.484220298,CC(=C)C(=O)OCCCCCCCCCCCCOC(=O)C(C)=C
A-5902,-3.7302707061,[Co]
A-5903,-4.9284704935,O[Co]=O
A-5904,-4.7283379063,O=[P](Oc1ccccc1)(Oc2ccccc2)Oc3cccc(O[P](=O)(Oc4ccccc4)Oc5ccccc5)c3
A-5905,-3.7402042786,[Co]
A-5906,-6.3267874577,[O--].[O--].[Pt+4]
A-5907,-3.7417466345,[Co]
A-5908,-3.8488939782,[As]
A-5909,-6.6728088056,CC(=O)C(N=Nc1ccc(cc1)C(=O)Nc2ccc(cc2)C(N)=O)C(=O)Nc3ccc4NC(=O)Nc4c3
A-5910,-5.9406591648,O[Co]=O
A-5911,-6.7514316015,Cc1cc(CCC(=O)OCCOCCOCCOC(=O)CCc2cc(C)c(O)c(c2)C(C)(C)C)cc(c1O)C(C)(C)C
A-5912,-5.9432626359,[S--].[Co++]
A-5913,-4.9472595618,[S--].[Co++]
A-5914,-5.9483175269,[S--].[Co++]
A-5915,-5.8682012822,O=[Co]
A-5916,-6.3518498616,[O--].[O--].[Pt+4]
A-5917,-6.7045228548,[Sr++].Cc1c(Cl)cc(cc1[S](O)(=O)=O)N=Nc2c([O-])c(cc3ccccc23)C([O-])=O
A-5918,-7.8305826168,CCOc1ccc(NC(=O)C(N=Nc2ccc(cc2Cl)c3ccc(N=NC(C(C)=O)C(=O)Nc4ccc(OCC)cc4)c(Cl)c3)C(C)=O)cc1
A-5919,-7.6317322062,S=C(SSSSSSC(=S)N1CCCCC1)N2CCCCC2
A-5920,-7.4817736955,O=C1c2ccccc2Nc3cc4C(=O)c5ccccc5Nc4cc13
A-5921,-7.9717711074,CC(=O)C(N=Nc1cc(ccc1Cl)C(=O)Nc2cccc(Cl)c2C)C(=O)Nc3cc(Cl)c(NC(=O)C(N=Nc4cc(ccc4Cl)C(=O)Nc5cccc(Cl)c5C)C(C)=O)cc3C
A-5922,-7.7520707385,COc1ccc(cc1N\N=C2/C(=O)C(=Cc3ccccc23)C(=O)Nc4cc(Cl)ccc4C)C(=O)Nc5ccccc5
A-5923,-8.2876520693,CCCCCCCCOC(=O)c1ccccc1C(=O)OCc2ccccc2
A-5924,-8.3082430527,COc1ccc(N=NC(C(C)=O)C(=O)Nc2ccccc2OC)c(c1)[N+]([O-])=O
A-5925,-8.4790833317,COc1ccc(cc1N\N=C2/C(=O)C(=Cc3ccccc23)C(=O)Nc4ccc5NC(=O)Nc5c4)C(=O)Nc6ccccc6
A-5926,-8.2610310997,C1CCC(CC1)N(Sc2sc3ccccc3n2)C4CCCCC4
A-5927,-6.566718008,[P]
A-5928,-8.2900385416,CC(C)(C)CC(C)(C)N(c1ccccc1)c2cccc3ccccc23
A-5929,-8.4645677849,COc1ccccc1NC(=O)C2=Cc3ccccc3C(=N/Nc4cc(Cl)ccc4Cl)\C2=O
A-5930,-8.6670954079,CC(C)(C)c1cc(CCC(=O)OCCNC(=O)C(=O)NCCOC(=O)CCc2cc(c(O)c(c2)C(C)(C)C)C(C)(C)C)cc(c1O)C(C)(C)C
A-5931,-8.6310507548,Cc1cc(C)cc(c1)N2C(=O)c3ccc4c5ccc6C(=O)N(c7cc(C)cc(C)c7)C(=O)c8ccc(c9ccc(C2=O)c3c49)c5c68
A-5932,-8.7553724653,CCCCCCCCCCCCCCCCCC(=O)OC(CCCCCC)CCCCCCCCCCC(=O)OCCCCCCCCCCCCCC(C)C
A-5933,-8.520248661,CC(C)CCC[C@@H](C)CCC[C@@H](C)CCC[C@]1(C)CCc2c(C)c(O)c(C)c(C)c2O1
A-5934,-8.5058697258,CC(C)CCCC(C)CCCC(C)CCCC1(C)CCc2cc(O)c(C)c(C)c2O1
A-5935,-8.520248661,CC(C)CCC[C@@H](C)CCC[C@@H](C)CCC[C@]1(C)CCc2c(C)c(O)c(C)c(C)c2O1
A-5936,-8.2422278831,[O--].[O--].[Pt+4]
A-5937,-8.7211960386,CCCCCCCC\C=C/CCCCCCCC(=O)OCC(CC)(CO)COC(=O)CCCCCCC\C=C/CCCCCCCC
A-5938,-8.0853424815,[Ag+].[C-]#N
A-5939,-8.0625429623,[O--].[Pd++]
A-5940,-8.9148440789,CC(=O)C(N=Nc1ccc(cc1Cl)c2ccc(N=NC(C(C)=O)C(=O)Nc3ccccc3C)c(Cl)c2)C(=O)Nc4ccccc4C
A-5941,-8.7973134268,CCCCC(CC)CN[S](=O)(=O)c1ccc(cc1)N=NC2=C(O)N(CCCC)C(=O)C(=C2C)C#N
A-5942,-7.8672685625,[Co]
A-5943,-8.8372994831,CC(C)CCCCCCCCCCOC(=O)CCCCC(=O)OCCCCCCCCCCC(C)C
A-5944,-8.6996315633,CCc1cc(Cc2cc(CC)cc(c2O)C(C)(C)C)c(O)c(c1)C(C)(C)C
A-5945,-3.5808418514,[S--].[S--].[Sn+4]
A-5946,-8.8994024295,CC(C)CCCCCCCCCCOC(=O)CCCCC(=O)OCCCCCCCCCCC(C)C
A-5947,-8.8436666481,CC(C)CCCCCCOC(=O)c1ccccc1C(=O)OCCCCCCC(C)C
A-5948,-8.8436666481,CC(C)CCCCCCOC(=O)c1ccccc1C(=O)OCCCCCCC(C)C
A-5949,-8.6229475922,[O--].[O--].[O--].[O--].[O--].[Al+3].[Al+3].[Co++].[Co++]
A-5950,-8.4059550501,S=[SnH2]
A-5951,-9.227651248,Clc1cccc(N\N=C2/C(=O)C(=Cc3ccccc23)C(=O)Nc4cccc5c(NC(=O)C6=Cc7ccccc7C(=N/Nc8cccc(Cl)c8Cl)\C6=O)cccc45)c1Cl
A-5952,-8.8768884,CCCC(CC)COC(=O)CCc1cc(c(O)c(c1)C(C)(C)C)C(C)(C)C
A-5953,-9.0983152748,[S--].[S--].[S--].[Bi+3].[Bi+3]
A-5954,-9.1969385027,CC(=O)C(N=Nc1ccc(cc1Cl)c2ccc(N=NC(C(C)=O)C(=O)Nc3ccccc3)c(Cl)c2)C(=O)Nc4ccccc4
A-5955,-8.1682985582,[Co]
A-5956,-8.3614397844,O[Co]=O
A-5957,-8.2726073331,O=[Co]
A-5958,-9.1359660934,FC(F)(F)C(F)(F)C(F)(F)N(C(F)(F)C(F)(F)C(F)(F)F)C(F)(F)C(F)(F)C(F)(F)F
A-5959,-9.2920103659,CC(=O)C(N=Nc1ccc(cc1Cl)c2ccc(N=NC(C(C)=O)C(=O)Nc3ccc(C)cc3C)c(Cl)c2)C(=O)Nc4ccc(C)cc4C
A-5960,-8.2932372948,[Co]
A-5961,-9.2195295624,CCOC(=O)OCCOc1cc(O)c2C(=O)c3ccccc3C(=O)c2c1N
A-5962,-8.4693285539,[Co]
A-5963,-9.4076827691,CCCCC(CC)CO[P](=O)(OCC(CC)CCCC)OCC(CC)CCCC
A-5964,-9.4071737246,C[Si](C)(C)O[Si](O[Si](C)(C)C)(O[Si](C)(C)C)O[Si](C)(C)C
A-5965,-9.8164351053,CC(C)(c1cc(Br)c(OCC(Br)CBr)c(Br)c1)c2cc(Br)c(OCC(Br)CBr)c(Br)c2
A-5966,-9.5589504444,CCCCC(CC)CO[P](=O)(OCC(CC)CCCC)OCC(CC)CCCC
A-5967,-8.7703585495,[Co]
A-5968,-8.0625429623,[O--].[Pd++]
A-5969,-10.1242598764,CC(C)(C)c1cc(Cc2cc(c(O)c(c2)C(C)(C)C)C(C)(C)C)cc(c1O)C(C)(C)C
A-5970,-9.9827617991,[Ir]
A-5971,-7.0810144329,[Co++].[O-]C([O-])=O
A-5972,-7.9926275988,CC(C)CCCCCCCCCCCCCCCOC(=O)CC(O)C(=O)OCCCCCCCCCCCCCCCC(C)C
A-5973,-6.7482670086,CC1CC(C)(C)CC(C1)(OOC(C)(C)C)OOC(C)(C)C
A-5974,-5.2733987051,[Co++].CCCCCCCCCCCCCCCCCC([O-])=O.CCCCCCCCCCCCCCCCCC([O-])=O
A-5975,-6.2891785033,[Co++].CCCCCCCCCCCCCCCCCC([O-])=O.CCCCCCCCCCCCCCCCCC([O-])=O
A-5976,-0.8144249576,[V]
A-5977,-8.1939864578,CCCCCCCCCCOC(=O)C(CC)CCCC
A-5978,-8.2779665867,CC(CCOC(=O)CC(C)CC(C)(C)C)CC(C)(C)C
A-5979,-8.9830504541,CCCCCCCCCCCCCCCCCC(=O)OCCCCCCCCCCCCCC
A-5980,-9.0249738719,C1CO[Sb]2OCCO[Sb](O1)OCCO2
A-5981,-7.0941690489,[Ba++].Cc1ccc(N\N=C\2C(=O)C(=Cc3ccccc23)C([O-])=O)c(c1)[S]([O-])(=O)=O
A-5982,-5.8836966949,CCCCCCCC(=O)CC(=O)c1ccccc1
A-5983,-5.9101099381,CCCCCCCC(=O)CC(=O)c1ccccc1
A-5984,-8.2368170724,O=[P](Oc1ccccc1)(Oc2ccccc2)Oc3cccc(O[P](=O)(Oc4ccccc4)Oc5ccccc5)c3
A-5985,-8.1811252654,COCCCN1C(=O)c2c(N)c3C(=O)c4ccccc4C(=O)c3c(N)c2C1=O
A-5986,-8.803730171,CC(C)(c1cc(Br)c(O)c(Br)c1)c2cc(Br)c(O)c(Br)c2.ClCC3CO3
A-5987,-8.9727109156,O=[Cr]O[Cr]=O.O=[Mn]O[Mn]=O.O=[Fe]O[Fe]=O
A-5988,-5.6631600565,[Si]
A-5989,-6.7324865479,[Si]
A-5990,-5.7857320598,[Si]
A-5991,-7.9319837821,Cc1cc(Cl)cc2SC(/C(=O)c12)=C/3Sc4cc(Cl)cc(C)c4C3=O
A-5992,-7.9911025111,COc1ccc(N\N=C2/C(=O)C=Cc3ccccc23)c(c1)[N+]([O-])=O
A-5993,-8.1467862166,Cc1cc(Cc2cc(C)cc(c2O)C3(C)CCCCC3)c(O)c(c1)C4(C)CCCCC4
A-5994,-5.8129901866,S.[Mo]
A-5995,-7.6331990421,Brc1cc2C(=O)c3cccc4c(Br)cc5C(=O)c6cccc1c6c2c5c34
A-5996,-6.4891402338,CC1=CC2=NC(=O)N=C2C=C1NNC3C(=O)NC(=O)NC3=O
A-5997,-7.7171571443,Cc1ccc(Nc2nc(Nc3ccc(C)cc3)c(C#N)c(C)c2N=Nc4ccccc4C(F)(F)F)cc1
A-5998,-7.7185099927,CN1C(=O)c2ccc3c4ccc5C(=O)N(C)C(=O)c6ccc(c7ccc(C1=O)c2c37)c4c56
A-5999,-6.7715099068,COCCCN1C(=O)c2ccc3C(=O)n4c5ccc(C)cc5nc4c6ccc(C1=O)c2c36
A-6000,-7.9737155354,CC(C)(C)CC(C)(C)c1cc(Cc2cc(cc(n3nc4ccccc4n3)c2O)C(C)(C)CC(C)(C)C)c(O)c(c1)n5nc6ccccc6n5
A-6001,-8.0871707055,Oc1cc2ccccc2cc1C(=O)N=NNc3cc(Cl)c(cc3Cl)c4ccc(cc4)c5cc(Cl)c(NN=NC(=O)c6cc7ccccc7cc6O)cc5Cl
A-6002,-7.94522478,CCCCCCCOCC(COCCCCCCC)(COCCCCCCC)COCCCCCCC
A-6003,-6.350325564,O=[Zr]=O
A-6004,-7.0093328393,COc1cc(N=Nc2c(Br)cc(cc2[N+]([O-])=O)[N+]([O-])=O)c(NC(C)=O)cc1N(CC=C)CC=C
A-6005,-6.7197753001,O=C1\C(Nc2ccccc12)=C/3Nc4ccccc4C3=O
A-6006,-6.733128222,CCCCCCCCCCCCCC(=O)OC(C)C
A-6007,-8.0376925712,CCCC(Cl)CCCC(Cl)CCC(Cl)CCC(Cl)CCC(Cl)CCCC(Cl)CCC
A-6008,-7.9260469847,CCCCCCCCCc1cccc(Nc2cccc(CCCCCCCCC)c2)c1
A-6009,-7.2033864917,O=[Ti]=O
A-6010,-7.7440158853,CCOC(=O)C(C#N)=C(c1ccccc1)c2ccccc2
A-6011,-8.1064832759,CC(C)(C)c1cc(CCC(=O)OCCCCCCOC(=O)CCc2cc(c(O)c(c2)C(C)(C)C)C(C)(C)C)cc(c1O)C(C)(C)C
A-6012,-8.1118919859,CC(C)(C)c1ccc(OP(Oc2ccc(cc2C(C)(C)C)C(C)(C)C)Oc3ccc(cc3C(C)(C)C)C(C)(C)C)c(c1)C(C)(C)C
A-6013,-7.1002216252,COC(=O)CCN(CCC(=O)OC)c1ccc(cc1)N=Nc2c(Cl)cc(cc2Br)[N+]([O-])=O
A-6014,-6.9639720065,COc1cc(ccc1NN=C2C=CC(=O)C=C2)N=Nc3ccc(cc3)[N+]([O-])=O
A-6015,-7.0514245951,CC(=O)OCCN(CCC#N)c1ccc(cc1)N=Nc2c(Cl)cc(cc2Cl)[N+]([O-])=O
A-6016,-7.3148312485,[Nb]
A-6017,-7.9806713528,CCCC(c1cc(c(O)cc1C)C(C)(C)C)c2cc(c(O)cc2C)C(C)(C)C
A-6018,-8.2324757883,CCCCCCCCCCCCCCCCCCOC(=O)CCSCCC(=O)OCCCCCCCCCCCCCCCCCC
A-6019,-7.4724309721,[Sn]
A-6020,-6.9758197173,CCCCC(CC)COC(=O)\C=C/C(=O)OCC(CC)CCCC
A-6021,-7.1158852536,CCN(CC)c1ccc(N=Nc2c(Cl)cc(cc2[N+]([O-])=O)[N+]([O-])=O)c(NC(C)=O)c1
A-6022,-7.1716670448,[Na+].C[O-].COC(=O)c1c(Cl)c(Cl)c(Cl)c(Cl)c1C#N.Cc2c(N)cccc2N
A-6023,-7.1697361359,[O-][N+](=O)c1ccc(cc1)N=Nc2ccc(cc2)N(CCOC(=O)c3ccccc3)CCC#N
A-6024,-7.1866814024,[Na+].C[O-].COC(=O)c1c(Cl)c(Cl)c(Cl)c(Cl)c1C#N.Nc2ccc(N)cc2
A-6025,-8.1027530485,CCN(CC)c1ccc(N=Nc2c(cc(cc2C#N)[N+]([O-])=O)C#N)c(NC(C)=O)c1
A-6026,-7.9318475776,CCCCCCCCCCCC(=O)OCC(C)C
A-6027,-8.0701647483,CCCCCCCC\C=C\CCCCCCCC(=O)OCCC(C)C
A-6028,-7.4999751266,[Ba++].CCc1cc(N\N=C/2C(=O)C=Cc3ccccc23)c(cc1Cl)[S]([O-])(=O)=O.CCc4cc(N\N=C/5C(=O)C=Cc6ccccc56)c(cc4Cl)[S]([O-])(=O)=O
A-6029,-6.0423843487,FC(F)(F)C(F)(F)C(F)(F)C(F)(F)[S](F)(=O)=O
A-6030,-6.9121561366,Fc1ccc(Cc2ccc(F)cc2)cc1
A-6031,-7.6916832495,CC(=O)C(N=Nc1cc(ccc1Cl)C(=O)Nc2cc(ccc2Oc3ccc(Cl)cc3)C(F)(F)F)C(=O)Nc4cc(Cl)c(NC(=O)C(N=Nc5cc(ccc5Cl)C(=O)Nc6cc(ccc6Oc7ccc(Cl)cc7)C(F)(F)F)C(C)=O)cc4C
A-6032,-7.3472456857,[Ba++].Cc1cc(c(N\N=C/2C(=O)C(=Cc3ccccc23)C([O-])=O)cc1Cl)[S]([O-])(=O)=O
A-6033,-7.3328313355,COC(=O)CCN(CCC(=O)OC)c1ccc(N=Nc2ccc(cc2[N+]([O-])=O)[N+]([O-])=O)c(NC(C)=O)c1
A-6034,-6.5751878449,[Se]
A-6035,-7.6864910333,CC(Br)(CBr)COc1c(Br)cc(cc1Br)C(C)(C)c2cc(Br)c(OCC(C)(Br)CBr)c(Br)c2
A-6036,-7.3410901182,CC(C)(C)c1ccc(OC(=O)c2cc(c(O)c(c2)C(C)(C)C)C(C)(C)C)c(c1)C(C)(C)C
A-6037,-7.3795692783,CCN(CC)c1ccc(N=Nc2c(Br)cc(cc2[N+]([O-])=O)[N+]([O-])=O)c(NC(C)=O)c1
A-6038,-8.2787650296,Clc1ccc(c(Cl)c1)C(=O)OOC(=O)c2ccc(Cl)cc2Cl
A-6039,-8.2475792783,CCCCC(CC)CN(CC(CC)CCCC)CC(CC)CCCC
A-6040,-8.4761487948,O=C1N(CCc2ccccc2)C(=O)c3ccc4c5ccc6C(=O)N(CCc7ccccc7)C(=O)c8ccc(c9ccc1c3c49)c5c68
A-6041,-7.511883361,[Dy]
A-6042,-7.214642713,CCCCCCCCCCCCCCCCCc1[nH]ccn1
A-6043,-7.5324148718,[Na+].C[O-].COC(=O)c1c(Cl)c(Cl)c(Cl)c(Cl)c1C#N.Cc2cc(N)ccc2N=Nc3ccc(N)cc3
A-6044,-7.4564753884,CC(=C)C(=O)OCCCOc1ccc(cc1)C(C)(C)c2ccc(OCCCOC(=O)C(C)=C)cc2
A-6045,-6.7919525032,[Nb]
A-6046,-7.5284315958,[Sr++].Cc1cc(N\N=C/2C(=O)C(=Cc3ccccc23)C([O-])=O)c(cc1Cl)[S]([O-])(=O)=O
A-6047,-7.547293505,CC(=O)OCCN(CCOC(C)=O)c1ccc(cc1)N=Nc2sc(cc2[N+]([O-])=O)[N+]([O-])=O
A-6048,-7.7273960926,Clc1c(Cl)c(Cl)c2C(=O)C(c3ccc4cccc(N5C(=O)c6c(Cl)c(Cl)c(Cl)c(Cl)c6C5=O)c4n3)C(=O)c2c1Cl
A-6049,-7.4728199696,CCN(CC)c1ccc(N=Nc2c(cc(cc2C#N)[N+]([O-])=O)C#N)c(C)c1
A-6050,-7.3978753981,CCCCCCCCCCCCCC(=O)OCC(O)CO
A-6051,-7.4876332175,CCN(CC)c1ccc2C=C(C(=O)Oc2c1)c3oc4ccc(Cl)cc4n3
A-6052,-7.4324695381,[Cu++].[O-]c1ccccc1N=Cc2c([O-])ccc3ccccc23
A-6053,-7.3256791006,O=[Pb]=O
A-6054,-6.757182205,CCCCCCCCCOC(=O)c1ccc(C(=O)OCCCCCCCCC)c(c1)C(=O)OCCCCCCCCC
A-6055,-6.4416841407,CCO[Si](CC(C)CC(C)(C)C)(OCC)OCC
A-6056,-7.6781962639,Cc1ccc(Cl)cc1N\N=C2\C(=O)C(=Cc3ccccc23)C(=O)Nc4cc(C)c(NC(=O)C5=Cc6ccccc6C(=N/Nc7cc(Cl)ccc7C)/C5=O)cc4C
A-6057,-7.77786597,O=C1c2ccccc2C(=O)c3c(Nc4nc(Nc5cccc6C(=O)c7ccccc7C(=O)c56)nc(n4)c8ccccc8)cccc13
A-6058,-7.5280099033,CNC(=O)/C(C#N)=C/1NC(c2ccccc12)=C3C(=O)NC(=O)NC3=O
A-6059,-7.5829344883,CC\1=NN2C(=O)c3ccccc3N=C2C1=N/Nc4ccc(Cl)cc4[N+]([O-])=O
A-6060,-7.5649937324,O=C1NC(=O)C(C(=O)N1)=C2NC(c3ccccc23)=C4C(=O)NC(=O)NC4=O
A-6061,-7.634046793,CC(C)(C)c1ccc2oc(nc2c1)c3sc(cc3)c4oc5ccc(cc5n4)C(C)(C)C
A-6062,-7.5165300857,CC(=O)OC/C=C(C)/C=C/C=C(C)/C=C/C1=C(C)CCCC1(C)C
A-6063,-7.5346897392,CCC(=O)OC/C=C(C)/C=C/C=C(C)/C=C/C1=C(C)CCCC1(C)C
A-6064,-7.9488792885,[Ba++].Cc1cc(N\N=C\2C(=O)C=Cc3ccccc23)c(cc1Cl)[S]([O-])(=O)=O.Cc4cc(N\N=C\5C(=O)C=Cc6ccccc56)c(cc4Cl)[S]([O-])(=O)=O
A-6065,-7.6770043618,[H+].[Mn++].[O-]C(=O)c1cc2ccccc2c(N=Nc3ccc4ccccc4c3[S]([O-])(=O)=O)c1[O-]
A-6066,-7.0799044677,[Nd]
A-6067,-7.4570624715,CC(=C\CO)/C=C/C=C(C)/C=C/C1=C(C)CCCC1(C)C
A-6068,-8.6470570009,CCCCCCCCCCCCCC(=O)OCC(COC(=O)CCCCCCCCCCCCC)OC(=O)CCCCCCCCCCCCC
A-6069,-7.255116256,[Be]=O
A-6070,-6.7725704235,CCCCCC1CCC(CC1)c2ccc(CCC)cc2
A-6071,-8.545917916,CCC(C)(C)c1cc(n2nc3ccccc3n2)c(O)c(c1)C(C)(C)CC
A-6072,-8.7052973925,CC(=O)C(N=Nc1ccc(c(Cl)c1)c2ccc(N=NC(C(C)=O)C(=O)NN)c(Cl)c2)C(=O)NN
A-6073,-8.4320982264,CCCCC(CC)COC(=O)CC(C)CC(C)(C)C
A-6074,-8.8106451034,O=C1c2ccccc2C(=O)c3c4[nH]c5c(ccc6C(=O)c7c8[nH]c9c(ccc%10C(=O)c%11ccccc%11C(=O)c9%10)c8ccc7C(=O)c56)c4ccc13
A-6075,-8.4010988426,[O--].[O--].[O--].[O--].[O--].[Al+3].[Al+3].[Co++].[Co++]
A-6076,-8.5104350823,[O--].[O--].[O--].[O--].[V].[Bi+3]
A-6077,-7.6234773746,[O--].[O--].[O--].[O--].[O--].[Al+3].[Al+3].[Zn++].[Zn++]
A-6078,-8.2496923157,O.[O--].[O--].[O--].[Fe+3].[Fe+3]
A-6079,-8.4055410062,CCCCCCCCCCCCOC(=O)C(C)=C
A-6080,-7.9680437622,[Nb]
A-6081,-8.5296561698,CCCCCCCCCCCCCCCCCCOC(=O)C(C)=C
A-6082,-8.7249947282,CCCCCCCCCCCCCCCCCCOC(=O)CCc1cc(c(O)c(c1)C(C)(C)C)C(C)(C)C
A-6083,-7.902356496,O=[Ti]=O
A-6084,-3.6218288656,S=[Fe]
A-6085,-8.6461429905,Oc1ccc(Nc2ccccc2)c3C(=O)c4c(c(O)ccc4[N+]([O-])=O)C(=O)c13
A-6086,-8.3631893131,[Na+].Oc1ccc(cc1)[S]([O-])(=O)=O
A-6087,-8.7546500954,CCCCCCCCCCCCCCCCOC(=O)CCCCCCCCCCCCCCC
A-6088,-8.8485126167,CC(C)(C)c1ccc2OC(=O)C(c2c1)c3cc(ccc3OC(=O)c4cc(c(O)c(c4)C(C)(C)C)C(C)(C)C)C(C)(C)C
A-6089,-8.7020121255,[Zr++].CCCCC(CC)C([O-])=O.CCCCC(CC)C([O-])=O
A-6090,-8.6603357847,CCCCCCCC\C=C/CCCCCCCCCCCC(N)=O
A-6091,-8.7827162194,CN1C(=O)C(=N/Nc2cccc(O[S](=O)(=O)c3ccccc3)c2)\C(=C(C#N)C1=O)C
A-6092,-7.2558511787,[Be]
A-6093,-8.2690737579,[Nb]
A-6094,-9.2047594175,CCCCC(CC)C(=O)OCC(COC(=O)C(CC)CCCC)(COC(=O)C(CC)CCCC)COC(=O)C(CC)CCCC
A-6095,-8.8172722155,[Au]
A-6096,-9.2209539341,COc1cc(N[S](=O)(=O)c2ccc(C)cc2)c3C(=O)c4ccccc4C(=O)c3c1N
A-6097,-9.2548540941,[Zr++].CCCCC(CC)C([O-])=O.CCCCC(CC)C([O-])=O
A-6098,-9.5344195865,CCCCCCCC/C=C/CCCCCCCCO[P+](=O)OCCCCCCCC\C=C\CCCCCCCC
A-6099,-8.7919525032,[Nb]
A-6100,-9.1459110865,O=[Ce]=O
A-6101,-9.9818960396,Brc1c(Br)c(Br)c(Oc2c(Br)c(Br)c(Br)c(Br)c2Br)c(Br)c1Br
A-6102,-8.8172722155,[Au]
A-6103,-8.9154483806,CCCCC(CC)COC(=O)c1ccc(Nc2nc(Nc3ccc(cc3)C(=O)OCC(CC)CCCC)nc(Nc4ccc(cc4)C(=O)OCC(CC)CCCC)n2)cc1
A-6104,-9.815280148,[Zr+4].[Zr+4].[Zr+4].[O-][P]([O-])([O-])=O.[O-][P]([O-])([O-])=O.[O-][P]([O-])([O-])=O.[O-][P]([O-])([O-])=O
A-6105,-10.2347171749,CCCCCCCCCCCCCCCCCCC1CC(=O)N(CCNCCNCCNCCN2C(=O)CC(CCCCCCCCCCCCCCCCCC)C2=O)C1=O
A-6106,-10.1499257291,CCCCC(CC)COC(=O)c1c(Br)c(Br)c(Br)c(Br)c1C(=O)OCC(CC)CCCC
A-6107,-9.3148312485,[Nb]
A-6108,-10.098913562,ClCc1ccc(cc1)c2ccc(CCl)cc2
A-6109,-10.5617999879,CN(C(=S)SSC(=S)N(C)c1ccccc1)c2ccccc2
A-6110,-11.1198435711,CC(C)(C)CC(C)(C)c1cc(Cc2cc(cc(n3nc4ccccc4n3)c2O)C(C)(C)CC(C)(C)C)c(O)c(c1)n5nc6ccccc6n5
B-1,-2.4522,CCC(CC)O[N+]([O-])=O
B-2,-3.2502,Oc1cc(Br)cc(C=O)c1
B-3,-1.6368,[H+].[Cl-].CCOC(=O)C1(CCN(C)CC1)c2ccccc2
B-4,-0.9227,CCC(O)(COC(N)=O)c1ccccc1
B-5,1.0454,CC(O)C(O)=O
B-6,-4.8789,C[C@]12CC[C@H]3[C@@H](CCc4cc(O)ccc34)[C@@H]1CC[C@@H]2O
B-7,-1.1309,OC(=O)c1c(Cl)cccc1Cl
B-8,-1.4666,OC(=O)c1c(Cl)ccc(Cl)c1Cl
B-9,-2.6758,O=C1CCC(N2C(=O)c3ccccc3C2=O)C(=O)N1
B-10,-0.3468,S=C1N=CNc2nc[nH]c12
B-11,-3.6576,CNCCCN1c2ccccc2CCc3ccccc13
B-12,-4.4559,CN(C)CCC=C1c2ccccc2CCc3ccccc13
B-13,-3.9208,CO[C@H]1[C@@H](C[C@@H]2CN3CCc4c([nH]c5cc(OC)ccc45)[C@H]3C[C@@H]2[C@@H]1C(=O)OC)OC(=O)c6cc(OC)c(OC)c(OC)c6
B-14,-5.3106,Oc1ccc(Cl)cc1C(=O)Nc2ccc(cc2Cl)[N+]([O-])=O
B-15,-0.945,NCCc1c[nH]c2ccc(O)cc12
B-16,1.1789,OCC(O)C(O)C(O)C(O)CO
B-17,-2.4446,OC(=O)c1cc(Cl)c(Cl)cc1Cl
B-18,-2.6003,OC(=O)c1ccc(Cl)cc1Cl
B-19,0.8235,OCC1OC(O)C(O)C(O)C1O
B-20,-4.3742,CCCCOCCOCCOCc1cc2OCOc2cc1CCC
B-21,-1.7701,[nH]1cnc2ccccc12
B-22,-2.3698,BrC1=CNC(=O)NC1=O
B-23,-0.482,CN1[C@@H]2CC(C[C@H]1C3OC23)OC(=O)[C@H](CO)c4ccccc4
B-24,0.0,CNC[C@H](O)c1ccc(O)c(O)c1.O[C@H]([C@@H](O)C(O)=O)C(O)=O
B-25,-3.0077,CNC[C@H](O)c1ccc(O)c(O)c1
B-26,-2.1504,CCCC1=CC(=O)NC(=S)N1
B-27,-1.0404,COc1ccc(NC(C)=O)cc1
B-28,-1.1141,CN(CCCl)CCCl
B-29,-4.8041,CC(=O)O[C@]1(CC[C@H]2[C@@H]3CCC4=CC(=O)CC[C@@H]4[C@H]3CC[C@]12C)C#C
B-30,-4.2773,CC(=O)S[C@@H]1CC2=CC(=O)CC[C@]2(C)[C@H]3CC[C@@]4(C)[C@@H](CC[C@@]45CCC(=O)O5)[C@H]13
B-31,0.0018,S=[P](N1CC1)(N2CC2)N3CC3
B-32,0.0969,OCC(Br)(CO)[N+]([O-])=O
B-33,-0.3315,CO[P](=O)(OC)C(O)C(Cl)(Cl)Cl
B-34,0.3597,NC(CS)C(O)=O
B-35,-3.9548,C[C@]12CC[C@H]3[C@@H](CCc4cc(O)ccc34)[C@@H]1CCC2=O
B-36,-6.5052,ClC(Cl)C(c1ccc(Cl)cc1)c2ccccc2Cl
B-37,-4.3839,C[C@]12CC[C@@H](O)C[C@@H]1CC[C@@H]3[C@@H]2CC[C@@]4(C)[C@H]3CCC4=O
B-38,-3.6576,C[C@]12CC[C@H]3[C@@H](CC=C4C[C@@H](O)CC[C@]34C)[C@@H]1CCC2=O
B-39,-5.5817,COc1ccc2n(c(C)c(CC(O)=O)c2c1)C(=O)c3ccc(Cl)cc3
B-40,0.7898,CN1CCC[C@H]1c2cccnc2
B-41,-0.1075,[Na+].Oc1ccccc1C([O-])=O
B-42,-2.2481,OCC1OC(CC1O)N2C=C(I)C(=O)NC2=O
B-43,-2.8006,NC(Nc1ccc(Cl)cc1)=NC(N)=NCCCCCCN=C(N)N=C(N)Nc2ccc(Cl)cc2
B-44,-5.7769,CN(C)c1ccc(cc1)N=Nc2cccc(C)c2
B-45,-1.0777,CC(C)O[P](F)(=O)OC(C)C
B-46,-2.4259,CC1=CC(=O)NC(=S)N1
B-47,1.1006,NCCCC(O)=O
B-48,-3.8156,C[C@@]12[C@H]3CC[C@H](O3)[C@]1(C)C(=O)OC2=O
B-49,-3.365,COc1ccc2nccc([C@H](O)[C@H]3C[C@@H]4CCN3C[C@@H]4C=C)c2c1
B-50,0.2948,Nc1ncnc2n(cnc12)C3OC(CO[P](O)(=O)O[P](O)(=O)O[P](O)(O)=O)C(O)C3O
B-51,-5.3835,CCO[P](=S)(OCC)Oc1ccc2C(=C(Cl)C(=O)Oc2c1)C
B-52,1.0358,OCC(O)CO
B-53,-1.395,NC(CC(O)=O)C(O)=O
B-54,-0.5488,N[C@@H](CCC(N)=O)C(O)=O
B-55,-1.2347,NC(CCC(O)=O)C(O)=O
B-56,0.8351,NCCCCC(N)C(O)=O
B-57,-3.102,N[C@@H](CSSC[C@H](N)C(O)=O)C(O)=O
B-58,0.7643,OCC(O)CO[P](O)(O)=O
B-59,-1.6953,C=CCN=C=S
B-60,-5.6781,CCCCCCCCCCCCCCCCCC(O)=O
B-61,1.2211,CN(C)N
B-62,-3.8967,O=C1NC(=O)C(N1)(c2ccccc2)c3ccccc3
B-63,-1.8861,CCOC(=O)C1(CCN(C)CC1)c2ccccc2
B-64,0.6353,OC[C@@H](O)[C@@H](O)[C@H](O)C(=O)CO
B-65,0.7878,OC[C@H]1O[C@H](O[C@]2(CO)O[C@H](CO)[C@@H](O)[C@@H]2O)[C@H](O)[C@@H](O)[C@@H]1O
B-66,1.1186,CC(O)CO
B-67,0.7105,O=C1CCO1
B-68,-4.4192,C[C@]12CC[C@H]3[C@@H](CCc4cc(O)ccc34)[C@@H]1CC[C@@]2(O)C#C
B-69,-1.9885,NC(N)=N[S](=O)(=O)c1ccc(N)cc1
B-70,-6.8644,ClC1CC2C(C1Cl)C3(Cl)C(=C(Cl)C2(Cl)C3(Cl)Cl)Cl
B-71,-5.3669,CCC(=O)O[C@H]1CC[C@H]2[C@@H]3CCC4=CC(=O)CC[C@]4(C)[C@H]3CC[C@]12C
B-72,-6.6096,CC(C)CCC[C@@H](C)[C@H]1CC[C@H]2[C@@H]3CC=C4C[C@@H](O)CC[C@]4(C)[C@H]3CC[C@]12C
B-73,-4.8441,C[C@]12CC[C@H]3[C@@H](CCc4cc(O)ccc34)[C@@H]1CC[C@H]2O
B-74,-2.1757,CN=C1CN(O)C(=C2C=C(Cl)C=CC2=N1)c3ccccc3
B-75,-4.3979,CN1CCN(CCCN2c3ccccc3Sc4ccc(Cl)cc24)CC1
B-76,0.0293,[H+].[Cl-].Cc1ncc(CO)c(CO)c1O
B-77,-1.2299,OCC1OC(C(O)C1O)n2cnc3C(=O)N=CNc23
B-78,0.5678,OC1COC(O)C(O)C1O
B-79,0.5788,OCC1OC(O)C(O)C(O)C1O
B-80,0.749,CCN(CC)C(=O)c1cccnc1
B-81,-2.1394,O=C1Nc2ccccc2C=C1
B-82,-4.6026,Nc1ccc(cc1)[S](=O)(=O)Nc2cnc3ccccc3n2
B-83,0.2207,[Cl-].Cc1ncc(C[n+]2csc(CCO)c2C)c(N)n1
B-84,-1.1887,Cc1ccccc1OCC(O)CO
B-85,-1.5704,Cc1cc(O)ccc1Cl
B-86,-0.6593,CSCCC(N)C(O)=O
B-87,-0.1547,OCC(S)CS
B-88,0.5848,OCC1OC(O[P](O)(O)=O)C(O)C(O)C1O
B-89,0.9351,O=NN1CCOCC1
B-90,-1.5959,NC(Cc1ccc(O)c(O)c1)C(O)=O
B-91,-2.4658,OC(=O)CN(CCN(CC(O)=O)CC(O)=O)CC(O)=O
B-92,-3.7898,Nc1ccc(cc1)N=Nc2ccccc2
B-93,-2.5778,NC(Cc1ccc(O)cc1)C(O)=O
B-94,1.1072,OCCS
B-95,0.5854,NCCCCCC(O)=O
B-96,1.3366,CNN
B-97,1.5808,CC(N)=O
B-98,-3.284,CN(C)[C@H]1[C@@H]2C[C@H]3C(=C(O)c4c(O)cccc4[C@@]3(C)O)C(=O)[C@]2(O)C(=O)\C(=C(N)/O)C1=O
B-99,-6.2908,ClC1=C(Cl)C2(Cl)C3C4CC(C5OC45)C3C1(Cl)C2(Cl)Cl
B-100,-4.2155,COc1ccc2Sc3ccccc3N(C[C@H](C)CN(C)C)c2c1
B-101,-1.5406,Nc1ncnc2n(cnc12)C3OC(CO[P](O)(O)=O)C(O)C3O
B-102,-4.0815,Cc1cccc(Nc2ccccc2C(O)=O)c1C
B-103,-0.8655,[Cl-].CN(C)c1ccc2nc3ccc(cc3[s+]c2c1)N(C)C
B-104,0.5225,Nc1[nH]ncn1
B-105,-0.7854,CC(C)CC(N)C(O)=O
B-106,-1.5235,[Cl-].COC(C[Hg+])CNC(N)=O
B-107,0.2453,CC(C)(N)C(O)=O
B-108,-3.0163,C/C=C(/C)C(=O)O[C@H]1CC[C@@]2(C)[C@@H]3CC[C@H]4[C@]5(O)C[C@H](O)[C@@]6(O)[C@@H](CN7C[C@@H](C)CC[C@H]7[C@@]6(C)O)[C@]5(O)C[C@]24O[C@]13O
B-109,-1.4413,CO[P](=O)(OC)OC=C(Cl)Cl
B-110,1.0452,[Na+].[O-]C(=O)CF
B-111,-0.2444,OCC1OC(OC2C(O)C(O)C(O)OC2CO)C(O)C(O)C1O
B-112,0.8091,COC(=O)C1=CCCN(C)C1
B-113,-0.7882,NC(Cc1ccccc1)C(O)=O
B-114,-3.3567,CNC(=O)Oc1cccc(c1)C(C)C
B-115,0.119,[Na+].[Na+].[Na+].[Na+].[O-]C(=O)CN(CCN(CC([O-])=O)CC([O-])=O)CC([O-])=O
B-116,1.3366,CCO
B-117,1.337,OC=O
B-118,1.2215,CC(O)=O
B-119,-1.0157,C[NH+]1CC[C@@]23C4Oc5c(O)ccc(C[C@H]1[C@H]2C=C[C@H]4O)c35.C[NH+]6CC[C@@]78C9Oc%10c(O)ccc(C[C@H]6[C@H]7C=C[C@H]9O)c8%10.[O-][S]([O-])(=O)=O
B-120,-2.366,CCC(C)C(C)(COC(N)=O)COC(N)=O
B-121,-0.9482,COC1=CC=C2C(=CC1=O)[C@H](CCc3cc(OC)c(OC)c(OC)c23)NC(C)=O
B-122,0.3901,[H+].[Cl-].Cc1ncc(CO)c(C=O)c1O
B-123,0.2055,CSCCC(NC(C)=O)C(O)=O
B-124,-2.8583,N[C@@H](Cc1cc(I)c(O)c(I)c1)C(O)=O
B-125,-1.826,c1cnc2c(c1)ccc3cccnc23
B-126,0.4758,Cc1ncc(CO)c(C=O)c1O
B-127,-3.4765,[O-][N+](=O)c1oc(cc1)/C=N/N2CC(=O)NC2=O
B-128,-2.5958,CC(=O)N/N=C/c1oc(cc1)[N+]([O-])=O
B-129,1.4943,CO
B-130,1.2211,CC(C)O
B-131,1.236,CC(C)=O
B-132,1.1072,C[S](C)=O
B-133,-3.6687,CN1C(=O)[C@]23CC4=CC=C[C@H](O)[C@H]4N2C(=O)[C@@]1(CO)SS3
B-134,1.0357,OC(=O)CS
B-135,-4.6271,C[C@]12CC[C@H]3[C@@H](CCC4=CC(=O)CC[C@H]34)[C@@H]1CC[C@@]2(O)C#C
B-136,-3.5119,Nc1ccc(cc1)[S](=O)(=O)Nc2ncccn2
B-137,-2.2888,O=C1N=CNc2nc[nH]c12
B-138,-1.539,CC1(C)S[C@@H]2[C@H](NC(=O)[C@H](N)c3ccccc3)C(=O)N2[C@H]1C(O)=O
B-139,0.0746,OCC(O)C(O)C(O)C(O)CO
B-140,0.3577,OCC1OC(OC2C(O)C(O)C(O)OC2CO)C(O)C(O)C1O
B-141,-3.4526,O=C1NC(=O)C2=C(N1)NC(=O)N2
B-142,-3.4634,Oc1c(Cl)cc(Cl)c(Cl)c1Cc2c(O)c(Cl)cc(Cl)c2Cl
B-143,-2.6677,[O-][N+](=O)c1ccc(F)c(c1)[N+]([O-])=O
B-144,-0.6525,NC(CC(N)=O)C(O)=O
B-145,-1.6695,CC(=O)N(O)CCCCCNC(=O)CCC(=O)N(O)CCCCCNC(=O)CCC(=O)N(O)CCCCCN
B-146,-0.5314,NC(Cc1[nH]cnc1)C(O)=O
B-147,1.2211,CCCO
B-148,-1.1426,NC1=CC=NC(=O)N1
B-149,-5.2926,C[C@H]1O[C@H](C[C@H](O)[C@@H]1O)O[C@H]2[C@@H](O)C[C@@H](O[C@@H]2C)O[C@H]3[C@@H](O)C[C@@H](O[C@@H]3C)O[C@H]4CC[C@@]5(C)[C@H](CC[C@@H]6[C@@H]5CC[C@]7(C)[C@H](CC[C@]67O)C8=CC(=O)OC8)C4
B-150,0.9505,[Na+].CC(O)C([O-])=O
B-151,-0.0892,CC(O)C(N)C(O)=O
B-152,-6.1829,ClC1=C(Cl)C2(Cl)C3C4CC(C5OC45)C3C1(Cl)C2(Cl)Cl
B-153,-6.5386,COc1ccc(cc1)C(c2ccc(OC)cc2)C(Cl)(Cl)Cl
B-154,-2.7785,Oc1ccc2C(=O)c3ccccc3C(=O)c2c1O
B-155,-6.4875,CCc1ccc(cc1)C(C(Cl)Cl)c2ccc(CC)cc2
B-156,-1.183,NC(Cc1c[nH]c2ccccc12)C(O)=O
B-157,-2.1179,Nc1ncnc2nc[nH]c12
B-158,-0.5813,CC[C@H](C)[C@H](N)C(O)=O
B-159,-3.5913,N[S](=O)(=O)c1cc2c(NC(Cc3ccccc3)N[S]2(=O)=O)cc1C(F)(F)F
B-160,-3.2859,CCC1NC(=O)c2cc(c(Cl)cc2N1)[S](N)(=O)=O
B-161,0.019,NC(CCCN=C(N)N)C(O)=O
B-162,-2.8629,C
B-163,-2.6985,CC
B-164,-2.3307,C=C
B-165,-1.3364,C#C
B-166,1.5413,CN
B-167,1.5682,C#N
B-168,-2.8492,CCC
B-169,-1.0417,CC#C
B-170,-0.8514,ClC=C
B-171,1.346,CCN
B-172,1.3867,CC#N
B-173,1.3464,NC=O
B-174,0.5768,ON=C
B-175,-0.4503,CSC
B-176,1.356,C1CO1
B-177,-1.9113,BrC(Br)Br
B-178,-1.5874,CC(C)Br
B-179,-1.7327,ClC(Cl)Br
B-180,-2.0843,CC(C)I
B-181,1.2283,CC(C)N
B-182,-3.5952,IC(I)I
B-183,1.2434,CC1CN1
B-184,1.1612,C[As](C)(O)=O
B-185,1.1359,CC(C)(C)N
B-186,1.13,CC(C)(C)O
B-187,-1.856,CC(F)(F)Cl
B-188,-3.6703,FC(F)(F)F
B-189,1.0173,C[S](O)(=O)=O
B-190,1.07,CC(C)(O)C#N
B-191,-1.1098,FC(F)(F)CCl
B-192,0.9998,OCC(F)(F)F
B-193,-0.1713,[O-]C(=O)C(Br)(Br)Br
B-194,-0.7219,CC(=O)C(C)(C)C
B-195,-0.6727,CC(C)(C)C(O)=O
B-196,0.5455,CC(Cl)(Cl)C(O)=O
B-197,-0.7574,CC(O)C(Cl)(Cl)Cl
B-198,-0.476,OC(=O)C(Cl)(Cl)Cl
B-199,0.8845,OC(=O)C(F)(F)Cl
B-200,0.943,OC(=O)C(F)(F)F
B-201,-3.3093,FC(F)(Cl)C(Cl)(Cl)Cl
B-202,-3.2301,FC(Cl)(Cl)C(F)(Cl)Cl
B-203,-3.4254,FC(F)(F)C(F)(F)Cl
B-204,-4.2489,FC(F)(F)C(F)(F)F
B-205,-1.9784,CC1(C)C2CCC1(C)C(=O)C2
B-206,-1.9942,OC1(C(=O)NC(=O)NC1=O)C2(O)C(=O)NC(=O)NC2=O
B-207,-4.3158,CC1(C)O[C@@H]2C[C@H]3[C@@H]4CCC5=CC(=O)C=C[C@]5(C)[C@@]4(F)[C@@H](O)C[C@]3(C)[C@@]2(O1)C(=O)CO
B-208,1.4681,CC(C)(CO)[N+]([O-])=O
B-209,-0.8666,CC(Cl)C(Cl)(Cl)C(O)O
B-210,-6.3168,ClC1C=CC2C1C3(Cl)C(=C(Cl)C2(Cl)C3(Cl)Cl)Cl
B-211,-1.522,COc1ccc2C[C@@H]3[C@@H]4C=C[C@H](O)[C@@H]5Oc1c2[C@]45CCN3C
B-212,-2.079,CCOc1ccc2C[C@@H]3[C@@H]4C=C[C@H](O)[C@@H]5Oc1c2[C@]45CCN3C
B-213,-3.0272,Cc1cc(ccc1N)C(O)(c2ccc(N)cc2)c3ccc(N)cc3
B-214,-2.2596,OC(c1ccccc1)(c2ccccc2)c3ccccc3
B-215,-2.4581,CC1(C(=O)NC(=O)NC1=O)c2ccccc2
B-216,-2.9008,Oc1ccc(cc1)C2(OC(=O)c3ccccc23)c4ccc(O)cc4
B-217,-2.1193,CC(C)CC1(CC=C)C(=O)NC(=O)NC1=O
B-218,-3.4507,N[S](=O)(=O)c1cc(ccc1Cl)C2(O)NC(=O)c3ccccc23
B-219,0.7724,CC(CO)(CO)[N+]([O-])=O
B-220,-0.38,CCC(C)(O)CC
B-221,0.0038,CCC(C)(O)C#C
B-222,-0.2186,CCO[P](=O)(C#N)N(C)C
B-223,0.6571,NC(CO)(CO)CO
B-224,-4.9058,CCCCOC(=O)CC(CC(=O)OCCCC)(OC(C)=O)C(=O)OCCCC
B-225,0.4887,OC(=O)CC(O)(CC(O)=O)C(O)=O
B-226,-0.6285,CCOC(=O)CC(O)(CC(=O)OCC)C(=O)OCC
B-227,0.8723,CCC(CO)(CO)CO
B-228,-3.8664,[O-][N+](=O)OCC(CO[N+]([O-])=O)(CO[N+]([O-])=O)CO[N+]([O-])=O
B-229,-1.5599,CCC(C)(CC)OC(N)=O
B-230,-6.0892,Cc1ccc(O[P](=O)(Oc2ccc(C)cc2)Oc3ccc(C)cc3)cc1
B-231,-2.9384,CCCC(C)(COC(N)=O)COC(=O)NC(C)C
B-232,-2.6995,CCCCO[P](=O)(CCCC)OCCCC
B-233,-2.559,CCCCOCCO[P](=O)(OCCOCCCC)OCCOCCCC
B-234,-3.069,CO[P](=S)(OC)SCc1nc(N)nc(N)n1
B-235,-1.0614,CC1=CC(=O)CC(C)(C)C1
B-236,-2.6713,CC(C)(N=NC(C)(C)C#N)C#N
B-237,-1.9871,CC(C)=CCCC(C)(O)C=C
B-238,-2.7272,BrCC(Br)Br
B-239,-2.1498,CC(Br)CBr
B-240,-3.177,CCC(C)C
B-241,-2.0257,CC(=C)C=C
B-242,1.1359,CC(C)CN
B-243,0.0914,CC(C)C=O
B-244,-0.1467,CC(=C)C=O
B-245,-1.9665,CCC(C)Cl
B-246,-1.6059,CC(Cl)CCl
B-247,-1.7128,ClCC(Cl)=C
B-248,-0.012,CC(=O)CCl
B-249,1.1243,CC(O)CN
B-250,-1.6217,CCC(Cl)Cl
B-251,1.1002,OC(=O)CBr
B-252,1.1423,OC(=O)C=C
B-253,1.1361,CNC(C)=O
B-254,-0.9588,NNC(N)=S
B-255,1.1189,CC(=O)OO
B-256,-2.7074,BrC(Br)C(Br)Br
B-257,0.8896,OC(=O)C(Cl)Cl
B-258,-0.7194,CC(C)[N+]([O-])=O
B-259,0.6591,CC(C)(CO)C(O)C(=O)NCCC(O)=O
B-260,-1.2449,CC1(C)OC(=O)C[C@@H]1C([O-])=O
B-261,-4.4715,CC1(C)C2CCC(C2)C1=C
B-262,-1.0394,CC(C)(OO)c1ccccc1
B-263,-3.4141,CC(C)c1sc(N[S](=O)(=O)c2ccc(N)cc2)nn1
B-264,-5.7692,CC(C)(OOC(C)(C)c1ccccc1)c2ccccc2
B-265,-2.9902,CCC(C)(C)c1ccc(O)cc1
B-266,-1.2362,CC(C)(O)C1CCC(C)(O)CC1
B-267,-4.7381,CC1=CCC2CC1C2(C)C
B-268,0.2272,CC(O)C(N)C(O)=O
B-269,-3.8202,CC(=O)C1CC[C@H]2[C@@H]3CCC4=CC(=O)CC[C@]4(C)[C@H]3[C@H](O)C[C@]12C
B-270,-2.0394,CN1C(c2ccc(Cl)cc2)[S](=O)(=O)CCC1=O
B-271,0.6877,CC(C)(CO)[C@@H](O)C(=O)NCCCO
B-272,-5.1901,CC(=O)c1c(C)c(c(c(c1C)[N+]([O-])=O)C(C)(C)C)[N+]([O-])=O
B-273,-3.3682,C[C@H](CCC(O)=O)[C@H]1CC[C@H]2[C@@H]3[C@H](O)C[C@@H]4C[C@H](O)CC[C@]4(C)[C@H]3C[C@H](O)[C@]12C
B-274,-4.6024,Oc1cc(O)c2C(=O)c3ccccc3C(=O)c2c1O
B-275,-4.2586,CC(=O)CC(c1ccccc1)C2=C(O)Oc3ccccc3C2=O
B-276,-5.836,CC(=O)CC(c1ccc(Cl)cc1)C2=C(O)Oc3ccccc3C2=O
B-277,-3.2626,Oc1ccc(cc1)C(c2ccc(O)cc2)c3ccccc3C(O)=O
B-278,-2.3979,COc1c2occc2c(OC)c3C(=O)C=C(C)Oc13
B-279,-5.8541,Cc1ccc2C(=O)c3ccccc3C(=O)c2c1N
B-280,1.2572,O[S](=O)(=O)c1cccc2C(=O)c3cccc(c3C(=O)c12)[S](O)(=O)=O
B-281,-1.6617,Oc1c(cc(c(O)c1[N+]([O-])=O)[N+]([O-])=O)[N+]([O-])=O
B-282,-2.4255,CN1CCN(CC1)C(c2ccccc2)c3ccccc3
B-283,0.5543,CN1N(c2ccccc2)C(=O)C(=C1C)N
B-284,-4.107,CC(C)(C)C(=O)C1C(=O)c2ccccc2C1=O
B-285,-3.4942,C[C@H]1C[C@H]2[C@@H]3CC[C@](O)(C(=O)CO)[C@@]3(C)C[C@H](O)[C@@H]2[C@@]4(C)C=CC(=O)C=C14
B-286,-3.9544,C[C@H](CCC(O)=O)[C@H]1CC[C@H]2[C@@H]3CC[C@@H]4C[C@H](O)CC[C@]4(C)[C@H]3C[C@H](O)[C@]12C
B-287,-0.9818,CN1C=CC(=O)c2ccccc12
B-288,-2.9871,Oc1cccc2c(O)cccc12
B-289,-6.2949,COc1cc2OC[C@H]3Oc4c5C[C@@H](Oc5ccc4C(=O)[C@H]3c2cc1OC)C(C)=C
B-290,0.1804,O[P](O)(=O)O[C@H]1[C@H](O[P](O)(O)=O)[C@@H](O[P](O)(O)=O)[C@H](O[P](O)(O)=O)[C@@H](O[P](O)(O)=O)[C@H]1O[P](O)(O)=O
B-291,-3.6478,Cc1cc2N=C3C(=O)NC(=O)N=C3N(CC(O)C(O)C(O)CO)c2cc1C
B-292,-5.2692,c1ccc(cc1)c2ccccc2c3ccccc3
B-293,-5.0313,COc1ccc2nccc(C(=O)C3CC4CCN3CC4C=C)c2c1
B-294,-5.8892,Oc1ccc2C(=O)c3cc(O)ccc3C(=O)c2c1
B-295,-4.917,O=C(OC1CCCCC1)c2ccccc2C(=O)OC3CCCCC3
B-296,-6.5891,O=C(Oc1ccccc1)c2ccccc2C(=O)Oc3ccccc3
B-297,-6.8254,CCCCCCOC(=O)c1ccccc1C(=O)OCCCCCC
B-298,-9.3076,CCCCCCCCCCOC(=O)c1ccccc1C(=O)OCCCCCCCCCC
B-299,-3.81,COc1c2C=CC(=O)Oc2cc3OC(C)(C)C=Cc13
B-300,-1.5075,CN1C(=O)N(C)c2nc(Cl)[nH]c2C1=O
B-301,-2.7171,OC(=O)c1ccccc1C(=O)c2ccc(Cl)cc2
B-302,-2.5835,OC(=O)c1ccccc1C(=O)c2ccc(O)cc2
B-303,-2.407,Cc1cccc(NC(=O)c2ccccc2C(O)=O)c1
B-304,-0.2592,Nc1ccc(c2cc(ccc12)[S](O)(=O)=O)[S](O)(=O)=O
B-305,-1.643,Nc1ccc(c2ccc(cc12)[S](O)(=O)=O)[S](O)(=O)=O
B-306,-3.9126,CCCCOc1cc(C(=O)NCCN(CC)CC)c2ccccc2n1
B-307,-2.9437,N#CC(c1ccccc1)c2ccccc2
B-308,-4.1814,CO[P](=S)(OC)SCN1N=Nc2ccccc2C1=O
B-309,-1.7447,OC(=O)c1cccc2cccnc12
B-310,-2.1195,COc1cc(C=O)cc(OC)c1OC
B-311,-3.1572,CC(C)CCOC(=O)c1ccccc1O
B-312,-1.1567,OCCOC(=O)c1ccccc1O
B-313,-2.3122,CC(=O)N[C@@H](Cc1c[nH]c2ccccc12)C([O-])=O
B-314,-1.4901,Clc1ncnc2nc[nH]c12
B-315,-2.0886,CN(C)C(=O)Oc1cc(C)nn1c2ccccc2
B-316,-1.1675,Cc1cccc(C)c1N
B-317,-0.7739,Cc1cccc(Cl)c1O
B-318,0.6043,Oc1cccc(O)c1O
B-319,0.5886,OC(C(O)C(O)=O)C(O)=O
B-320,-9.5374,Brc1c(Br)c(Br)c(Br)c(Br)c1Br
B-321,-1.2871,ClN1C(=O)N(Cl)C(=O)N(Cl)C1=O
B-322,0.6253,OCC(O)C(O)C(O)CO
B-323,-2.7969,Cc1cc(O)cc(C)c1Cl
B-324,-2.3924,Oc1c(Cl)cc(Cl)cc1Cl
B-325,-0.9549,CC(=O)c1sccc1
B-326,-2.3316,CC(C)(C)c1ccccc1O
B-327,-1.6172,Oc1ccc(c(c1)C(F)(F)F)[N+]([O-])=O
B-328,-2.0347,OC(=O)c1ccccc1Br
B-329,-3.6646,CCC(C)c1cc(cc(c1O)[N+]([O-])=O)[N+]([O-])=O
B-330,-1.2562,Oc1c(cc(cc1[N+]([O-])=O)[N+]([O-])=O)[N+]([O-])=O
B-331,-2.4371,NC(=O)c1ccccc1C(N)=O
B-332,-1.3772,OC(=O)c1ccccc1C(O)=O
B-333,-3.1167,COc1ccc(OC)c(c1)[N+]([O-])=O
B-334,-1.0515,OC(=O)Cc1ccccc1C(O)=O
B-335,-2.538,Nc1ccc(Cl)cc1[N+]([O-])=O
B-336,-3.0902,Oc1ccc(Cl)cc1[N+]([O-])=O
B-337,0.3348,OCC(O)C(O)C1OC(=O)C(O)C1O
B-338,-2.2664,CC(C)c1cc(Cl)c(C)cc1O
B-339,-2.5346,CC(C)[C@@H]1CC[C@@H](C)C[C@H]1O
B-340,-2.3506,CC(C)C1CCC(C)CC1=O
B-341,-1.426,OC(=O)c1ccc(O)cc1O
B-342,-0.9901,COc1ccccc1N
B-343,-4.3468,Brc1cccc2ccccc12
B-344,-1.8871,C1CCN2C[C@@H]3C[C@@H](CN4CCCC[C@H]34)[C@@H]2C1
B-345,-0.9299,COC(=CC(O)=O)C(=O)C(C)=C
B-346,0.5201,OCC1OC(=O)C(O)C(O)C1O
B-347,-2.8267,CN(C)c1ccc(cc1)C(=O)c2ccc(cc2)N(C)C
B-348,-2.5111,N#Cc1ccccc1C#N
B-349,-5.1918,C1CCC2CCCCC2C1
B-350,0.7051,c1ccc2nccnc2c1
B-351,-2.8795,Nc1ccc2ccccc2c1
B-352,-2.4942,Nc1nc(N)nc(n1)c2ccccc2
B-353,-2.6383,CN(C)CCN(Cc1sccc1)c2ccccn2
B-354,-2.0659,Oc1ccc(cc1O)c2ccccc2
B-355,-5.183,c1ccc(cc1)c2cccc(c2)c3ccccc3
B-356,-0.9034,[Cl-].CN(C)c1ccc2nc3cc(C)c(N)cc3[s+]c2c1
B-357,-2.7377,Oc1cc2ccccc2cc1O
B-358,-1.9171,CCN(CCO)c1ccccc1
B-359,0.3783,Nc1ccc2cc3ccc(N)cc3nc2c1
B-360,-3.3104,CC(=O)c1ccc(cc1)c2ccccc2
B-361,-5.2094,[O-][N+](=O)c1ccc(cc1)c2ccccc2
B-362,-2.3202,COc1ccc(OC)c(C=O)c1
B-363,-2.7964,CC(=O)c1ccc2ccccc2c1
B-364,-1.0911,OC(=O)c1ccc2ccccc2n1
B-365,-0.5982,COc1ccccc1OCC(O)CO
B-366,-2.552,COc1ccc(CC=C)cc1OC
B-367,-1.9424,Cc1ccc2ccc(C)nc2c1
B-368,-0.9452,ClCC(=O)N(CC=C)CC=C
B-369,-3.8294,OC(=O)CCCOc1cc(Cl)c(Cl)cc1Cl
B-370,-2.6268,CC(=O)CC(=O)c1ccccc1
B-371,-4.3546,O=C(OC(=O)c1ccccc1)c2ccccc2
B-372,-3.848,CC(C)OC(=O)COc1ccc(Cl)cc1Cl
B-373,-2.9437,CC(C)COC(=O)c1ccc(N)cc1
B-374,-2.7145,CCOc1ccc(cc1)C(=O)OCCN(CC)CC
B-375,-2.7611,CCCCOC(=O)c1ccc(N)cc1
B-376,-0.7405,[I-].CN1C=CC=C\C1=C/[NH+]=O
B-377,-3.78,CCCCOC(=O)COc1ccc(Cl)cc1Cl
B-378,-3.678,Cc1cc(Cl)ccc1OCCCC(O)=O
B-379,-3.8118,Clc1ccc(OCCOC(=O)c2ccccc2)c(Cl)c1
B-380,-0.5418,CCCC(O)C(CC)CO
B-381,-3.3498,CCN(CC)C(=S)SCC(Cl)=C
B-382,-3.2386,CCC(CC)C(=O)OCCOCCOCCOC(=O)C(CC)CC
B-383,-2.2868,C\C(NO)=C(/C)N=O
B-384,-1.5036,Cc1ccc(N)cc1C
B-385,-3.7919,Cc1ccc(Cl)c(Cl)c1
B-386,-1.2458,Oc1ccc(Cl)c(Cl)c1
B-387,-0.6085,CCOC(=O)C(=O)OCC
B-388,-2.2836,ClCC(Br)CBr
B-389,-0.6222,OCC(Br)CBr
B-390,-1.9255,ClCC(Cl)CCl
B-391,1.0499,CCC(N)CO
B-392,0.9565,OCC(O)CCl
B-393,0.0599,CC\C(C)=N\O
B-394,-0.3728,COC(=O)CCl
B-395,0.2069,CC1CCCO1
B-396,1.065,O=C1CCCO1
B-397,1.0552,O=C1OCCO1
B-398,-0.9383,CC(O[P](C)(F)=O)C(C)(C)C
B-399,-3.7705,CC(C)(C)c1ccc(O)c(c1)C(C)(C)C
B-400,-1.0829,CC(C)N(CCO)C(C)C
B-401,-0.3599,CC(C)[C@H](NC(C)=O)C(O)=O
B-402,-1.5465,CN1CCCCC1C(=O)Nc2c(C)cccc2C
B-403,-3.1465,COc1ccc(N)c(c1)[N+]([O-])=O
B-404,-4.9495,Oc1c(Cl)cc(Cl)cc1Sc2cc(Cl)cc(Cl)c2O
B-405,-4.5077,Cc1ccccc1N=Nc2ccc(N)c(C)c2
B-406,-1.4778,NC(=O)NC1NC(=O)NC1=O
B-407,-0.889,CCCC(C)C(O)=O
B-408,0.9276,CCOC(=O)C(C)O
B-409,-0.2289,OC(=O)CC(=C)C(O)=O
B-410,-2.159,CC(C)COC(=O)C(C)C
B-411,-1.4073,CCC(CC)CO
B-412,0.9908,OCC1CCCO1
B-413,1.0083,OCc1occc1
B-414,-1.4704,Nc1cccc(c1)C(F)(F)F
B-415,-1.9197,CC(C)(C)c1ccc(O)c(O)c1
B-416,-0.8997,COc1ccc(cc1N)[S](O)(=O)=O
B-417,-1.3157,Nc1cc(ccc1C(O)=O)[S](O)(=O)=O
B-418,-3.1939,CC(C)(C)C1CCC(O)CC1
B-419,-2.337,CC1=CC[C@@H](CC1)C(C)(C)O
B-420,-4.2686,Cl[S](=O)(=O)c1ccc(I)cc1
B-421,-0.4602,CC(N)c1ccccc1
B-422,-1.7969,CC(O)c1ccccc1
B-423,-2.809,ClC(Cl)c1ccccc1
B-424,0.892,OC(=O)c1ccccn1
B-425,-2.8925,OCc1ccccc1O[C@@H]2O[C@H](COC(=O)c3ccccc3)[C@@H](O)[C@H](O)[C@H]2O
B-426,-1.2399,COC(=O)c1cc(O)c(O)c(O)c1
B-427,-4.4709,Nc1c(Cl)cc(cc1Cl)[N+]([O-])=O
B-428,-1.1097,OC(=O)C1=CC(=O)C=C(O1)C(O)=O
B-429,-2.0628,CC(=C)C1CC=C(C)C(=O)C1
B-430,-2.2217,Nc1cc(ccc1O)[N+]([O-])=O
B-431,-3.165,COc1ccc(cc1N)[N+]([O-])=O
B-432,-2.1945,CCC(C)c1ccc(O)cc1
B-433,-5.6998,CC1CCC(CC1)C(C)C
B-434,-4.1958,CC(C)C1=CCC(=CC1)C
B-435,-1.0789,Oc1ccc(cc1)[N+]([O-])=O
B-436,-4.0444,OC(=O)c1ccc(cc1)C(O)=O
B-437,0.9311,CCN(CC)CCO
B-438,-3.3352,C=CC1CCC=CC1
B-439,0.97,NCc1ccccc1
B-440,-0.4154,N#Cc1ccncc1
B-441,0.1128,N#Cc1cccnc1
B-442,0.9621,OCc1cccnc1
B-443,-0.7984,ON=C1CCCCC1
B-444,0.9349,OCC1CCCCO1
B-445,0.9386,CCN1CCOCC1
B-446,-3.1232,Cc1cccc(C=C)c1
B-447,-2.2232,CC(Oc1cccc(Cl)c1)C(O)=O
B-448,-4.2838,Nc1ccc(Cc2ccc(N)c(Cl)c2)cc1Cl
B-449,-4.3704,ClCC#CCOC(=O)Nc1cccc(Cl)c1
B-450,-1.91,CN1[C@@H]2CC[C@H]1CC(C2)OC(=O)[C@H](CO)c3ccccc3
B-451,-3.4009,Oc1ccc(Cc2ccccc2)cc1
B-452,-2.2973,Nc1ccc(Cc2ccc(N)cc2)cc1
B-453,-2.3248,NC(Nc1ccccc1)=Nc2ccccc2
B-454,-3.1508,O=C(Nc1ccccc1)Nc2ccccc2
B-455,-7.0641,CCc1cc(CC)cc(CC)c1
B-456,-0.1995,CCN(CC)CN(CC)CC
B-457,0.534,CC(O)CN(CCN(CC(C)O)CC(C)O)CC(C)O
B-458,-1.7395,C=CCN(CC=C)CC=C
B-459,0.8263,OCCN(CCO)CCO
B-460,-1.6367,CCCCN(CCO)CCCC
B-461,-3.1157,CCCCN(CCCC)CCCC
B-462,-3.2655,CCCCC(CC)COC(=O)C=C
B-463,-5.6768,CCCCC(CC)COC(=O)CCCCC(=O)OCC(CC)CCCC
B-464,-3.6757,BrCCc1ccccc1
B-465,0.9166,CNCc1ccccc1
B-466,-1.7007,CCNc1ccccc1
B-467,-1.0518,CN(C)Cc1ccccc1
B-468,-2.0946,CC(=O)Nc1ccc(C)cc1
B-469,-1.9132,CC(=O)Nc1ccc(cc1)[N+]([O-])=O
B-470,-3.429,CC(=O)Nc1ccc(cc1)/C=N/NC(N)=S
B-471,0.5564,Cc1ccc(cc1)[S](O)(=O)=O
B-472,-2.6995,CCOCCOC(=O)/C=C/c1ccc(OC)cc1
B-473,-1.3067,OCC(O)COc1ccc(Cl)cc1
B-474,-4.498,CCCCCCCCCc1ccc(O)cc1
B-475,-3.1256,COc1ccc(\C=C\C)cc1
B-476,-7.959,CCCCCCCCCCc1ccccc1
B-477,-2.1702,CCCCC(CC)CO
B-478,0.8789,OCC1CCC(CO)O1
B-479,-1.7235,Cc1ccc(C=O)cc1
B-480,-1.0042,CCc1ccc(C)nc1
B-481,-0.7683,COc1ccc(N)cc1
B-482,-1.8394,COc1ccc(CO)cc1
B-483,-1.2312,CCCC(C)CO
B-484,-0.4121,CCCC(O)C#C
B-485,-0.8005,CCOC(=O)CCl
B-486,0.6341,COC(=O)CC(C)=O
B-487,-1.2727,CCC(C)OC(C)=O
B-488,-1.3749,CCCC(=O)OCC
B-489,-0.7525,CCOC(=O)CC#N
B-490,0.9239,CN(CCO)CCO
B-491,-2.6069,CCCC(=O)OCCOC(=O)CCC
B-492,-2.6595,CCCCOC(=O)\C=C/C(=O)OCCCC
B-493,-1.2665,COCCOC(=O)CCCCC(=O)OCCOC
B-494,-3.1882,CC(C)=CCC\C(C)=C\CO
B-495,-2.4631,CC(C)=CCC\C(C)=C/CO
B-496,-2.7369,CCCCCCC(=O)OCC
B-497,-3.3907,CCCCCCCC(=O)OCC
B-498,-1.7305,Oc1ccc(O)cc1.O=C2C=CC(=O)C=C2
B-499,-1.4242,CCCCC(=O)CC
B-500,-1.3406,CCCOC(=O)CC
B-501,-0.8312,O=C1CNC(=O)CN1
B-502,0.8723,CC(O)COC(C)CO
B-503,-0.7668,COC(=O)CCC(=O)OC
B-504,-1.693,CCCCCC(=O)CC
B-505,-1.9917,CCCCCC(=O)OC
B-506,-3.2831,COC(=O)CCCCCCCCC(=O)OC
B-507,0.1197,CCC1CO1
B-508,-0.9022,BrCC#C
B-509,-1.2753,CCC#C
B-510,-1.6021,CCCS
B-511,-1.3177,ClCCBr
B-512,-1.3562,ClCC=C
B-513,1.0941,OCCCl
B-514,-2.201,CC(C)I
B-515,1.2434,NCC=C
B-516,0.1221,ClCC#N
B-517,1.2211,NCCN
B-518,1.236,OCC=C
B-519,1.2513,OCC#C
B-520,1.2071,OCCO
B-521,1.2363,O=CC=O
B-522,-0.5879,COC=C
B-523,0.5832,COC=O
B-524,-0.1906,NCC[S](O)(=O)=O
B-525,0.8992,OCC[S](O)(=O)=O
B-526,0.9275,CC(O)CC(C)(C)O
B-527,0.8536,CC(C)O[P](C)(F)=O
B-528,-5.242,C[Si](C)(C)O[Si](C)(C)C
B-529,0.5373,CCO[P](=O)(OCC)O[P](=O)(OCC)OCC
B-530,-6.8424,C[Si](C)(C)O[Si](C)(C)O[Si](C)(C)C
B-531,-1.0874,CCCCO[P](O)(=O)OCCCC
B-532,-1.2843,NC(=O)OCC(Cl)(Cl)Cl
B-533,0.3326,COC(C)(C)CC(C)=O
B-534,-2.886,CC(C)CCBr
B-535,-3.7893,CCCC(C)C
B-536,1.0452,CC(O)CCO
B-537,1.055,CC(O)CC=O
B-538,0.1893,NC(=O)CC#N
B-539,-0.1669,CCCC(O)=O
B-540,0.0382,C/C=C/C(O)=O
B-541,0.7865,NCCC(O)=O
B-542,0.5273,CNCC(O)=O
B-543,1.0452,COCC(C)O
B-544,1.0499,CN(C)CCO
B-545,-4.2605,CC(C)CC(C)C
B-546,-0.7945,CC(C)CC(C)O
B-547,0.0363,CC(C)NC(C)C
B-548,-0.5192,CC(C)OC(C)=O
B-549,0.0702,CC(=O)OC(C)=O
B-550,-0.9827,C=C1OC(=O)C=C1
B-551,-2.3696,CCO[P](=O)(OCC)Oc1cc(C)[nH]n1
B-552,-3.5228,Cc1cccc(Cl)c1
B-553,-2.8997,CC1OC(C)OC(C)OC(C)O1
B-554,-1.8135,CCOC(=O)CC(C)C
B-555,-1.0754,Oc1cc(O)cc(O)c1
B-556,-0.5394,Cc1cc(C)nc(C)c1
B-557,-1.5916,Nc1nc(N)nc(N)n1
B-558,-1.8098,O=C1NC(=O)NC(=O)N1
B-559,-2.5108,CC(C)CC(O)CC(C)C
B-560,-1.7314,CC(C)CC(=O)CC(C)C
B-561,-2.0451,CC(C)CC(C)OC(C)=O
B-562,-3.8459,CC1CCCCC1
B-563,1.0309,Cc1ccncc1
B-564,1.0036,NC1CCCCC1
B-565,-2.1204,Sc1ccccc1
B-566,1.0309,Cc1cccnc1
B-567,0.995,CN1CCOCC1
B-568,1.0309,Cc1ccccn1
B-569,0.6378,CC1CNCCN1
B-570,1.0263,Cc1cnccn1
B-571,-2.4601,CCCCOC(=O)CCC
B-572,-3.8955,CCCCOC(=O)CCCCCCCCC(=O)OCCCC
B-573,-2.065,CCOCCOC(=O)CCCCC(=O)OCCOCC
B-574,-0.4121,CCC#CC(C)O
B-575,-1.5236,CC(C)COC=C
B-576,0.9906,CN(C)CCCN
B-577,0.9823,CC(C)OCCO
B-578,-2.0747,BrCCCBr
B-579,-2.6757,CCCC=C
B-580,-2.5384,CC\C=C/C
B-581,1.1359,CCCCN
B-582,1.1483,OCCC#N
B-583,-2.1792,CCCCS
B-584,1.1243,CNCCO
B-585,1.1186,NNCCO
B-586,1.1186,COCCO
B-587,1.1359,CCNCC
B-588,-0.9597,C=COC=C
B-589,1.142,C1CCOC1
B-590,-3.165,CC(C)(C)OOC(C)(C)C
B-591,0.5794,OC(=O)\C=C\C(O)=O
B-592,-1.2657,CC(C)COC(C)=O
B-593,-0.2674,CC(C)=NNC(N)=O
B-594,-4.1006,CCCCCCCCCC(=O)OCC
B-595,-3.5091,CCOC(=O)CCCCCCCCC(=O)OCC
B-596,-1.5206,CC(C)CCOC=O
B-597,0.9276,COCCOC(C)=O
B-598,-2.7902,BrCCCCBr
B-599,-0.92,ClCCCCCl
B-600,-2.1675,ClC/C=C/CCl
B-601,1.0597,CCCCCN
B-602,-0.867,CCCCC=O
B-603,1.0452,OCCCCO
B-604,0.6379,OCC#CCO
B-605,-2.8248,CCCCCS
B-606,1.0452,COCCOC
B-607,-2.3951,ClCCOC=C
B-608,1.0452,CCOCCO
B-609,1.0648,C1CNCCN1
B-610,1.1018,c1ccncc1
B-611,1.0599,C1COCCN1
B-612,1.0832,OC(=O)CCCC(O)=O
B-613,-1.769,CC[C@H](C)[NH2+][C@H](C)CC
B-614,0.81,CC(O)CNCC(C)O
B-615,0.4927,OC(=O)COCC(O)=O
B-616,-3.3904,CCCCCCCC(=O)OC
B-617,-1.6646,CCCCCCC(O)=O
B-618,0.2716,CCOCCOC(C)=O
B-619,-0.6807,OC(=O)CCSCCC(O)=O
B-620,-2.3059,OC(=O)CCCCCCCCC(O)=O
B-621,-1.561,[O-][N+](=O)OCCOCCOCCO[N+]([O-])=O
B-622,-1.5236,CCCCOC=C
B-623,0.9864,NCCNCCN
B-624,0.9823,NCCNCCO
B-625,0.9782,OCCNCCO
B-626,0.9742,OCCOCCO
B-627,0.913,OCCSCCO
B-628,0.234,C1CCCNCC1
B-629,0.0857,CC(=O)OCCOC(C)=O
B-630,-1.9607,CCCCCCC=O
B-631,0.9311,CCCCNCCO
B-632,0.9275,CCCCOCCO
B-633,0.9203,COCCOCCO
B-634,-5.7657,CCCCCCCCC
B-635,-4.4829,CCCCCCCCCl
B-636,-2.8104,CCCCCCCCN
B-637,0.8723,CCOCCOCCO
B-638,-1.3461,ClCCOCOCCCl
B-639,0.8723,COCCOCCOC
B-640,-1.2504,CCCCOCCOC(C)=O
B-641,0.754,CCOCCOCCOC(C)=O
B-642,1.5136,NCCNCCNCCN
B-643,-0.9955,ClCCOCCOCCCl
B-644,0.8234,OCCOCCOCCO
B-645,0.7899,CCCCOCCOCCO
B-646,0.7846,COCCOCCOCCO
B-647,0.7899,CCOCCOCCOCC
B-648,0.749,CCOCCOCCOCCO
B-649,1.5381,NCCNCCNCCNCCN
B-650,-1.049,CCCCCCOCCOCCO
B-651,0.7117,OCCOCCOCCOCCO
B-652,-6.0502,CCCCCCCCCCCCCCO
B-653,-7.3281,CCCCCCCCCCCCCCCCCCCCCC(O)=O
B-654,-8.3908,CCCCCCCCCCCCCCCCCCO
B-655,-8.1724,CCCCCCCCCCCCCCCCCCCC
B-656,-2.0512,CNC(=O)Oc1ccccc1OC(C)C
B-657,-2.3231,CC=C
B-658,1.0648,CC(C)(O)C=C
B-659,1.0751,CC(C)(O)C#C
B-660,-3.9276,FC1(F)C(F)(F)C(F)(F)C1(F)F
B-661,0.8121,CN(C)[P](F)(=O)N(C)C
B-662,-2.0457,OC(=O)C1C(C(O)=O)C2(Cl)C(=C(Cl)C1(Cl)C2(Cl)Cl)Cl
B-663,0.9782,CC(N)(CO)CO
B-664,0.9239,CCC(N)(CO)CO
B-665,0.1798,CCC(CC)(CO)CO
B-666,-0.2749,OCC(CO)(CO)CO
B-667,-6.4131,CCCCCCCCO[P](=O)(Oc1ccccc1)Oc2ccccc2
B-668,-2.1209,CO[P](=O)(Oc1ccccc1)Oc2ccccc2
B-669,-1.6105,ClCCO[P](=O)(OCCCl)OCCCl
B-670,-1.4567,CCNC(=O)CS[P](=S)(OC)OC
B-671,-1.4991,CNC(=O)O\N=C\C(C)(C)SC
B-672,1.1303,CC(=O)CO
B-673,1.142,COC(C)=C
B-674,-2.8001,FC(F)=C(F)F
B-675,0.8009,CC1(C)N(CO)C(=O)NC1=O
B-676,-6.6594,Clc1ccc(cc1)[S](=O)(=O)c2cc(Cl)c(Cl)cc2Cl
B-677,-0.3559,CCC(C)C(O)=O
B-678,-3.824,Nc1ccc(O)c2C(=O)c3ccccc3C(=O)c12
B-679,0.2572,O[S](=O)(=O)c1cccc2C(=O)c3c(cccc3[S](O)(=O)=O)C(=O)c12
B-680,-6.1366,Nc1ccc2C(=O)c3ccccc3C(=O)c2c1
B-681,-4.453,ClC1=C(Cl)C(=O)c2ccccc2C1=O
B-682,-1.5213,COCCOC(=O)c1ccccc1C(=O)OCCOC
B-683,-7.2493,CCCCCCCCOC(=O)c1ccccc1C(=O)OCCCCCCCC
B-684,-4.1065,COc1ccc2C(OC(=O)c2c1OC)C3N(C)CCc4cc5OCOc5cc34
B-685,-3.0887,O[C@H]([C@H]1C[C@@H]2CCN1C[C@@H]2C=C)c3ccnc4ccccc34
B-686,-3.1922,CCNc1cccc2ccccc12
B-687,-2.5955,CC1(C)N(Cl)C(=O)N(Cl)C1=O
B-688,-3.1548,Oc1ccccc1C(=O)Oc2ccccc2
B-689,-2.9928,ClC1=C(Cl)C(=O)C(=C(Cl)C1=O)Cl
B-690,-3.3533,[O-][N+](=O)c1ccc(Cl)cc1C(F)(F)F
B-691,-3.5319,CCO[P](=S)(OCC)OC1=NN(C(=O)C=C1)c2ccccc2
B-692,-5.444,Oc1ccc(Nc2ccc(cc2[N+]([O-])=O)[N+]([O-])=O)cc1
B-693,-1.9763,Oc1cc(cc2ccc(Nc3ccccc3)cc12)[S](O)(=O)=O
B-694,0.6752,CC(C)n1nc(C)cc1OC(=O)N(C)C
B-695,-7.2311,Cc1cc(Cc2cc(C)cc(c2O)C(C)(C)C)c(O)c(c1)C(C)(C)C
B-696,0.0985,CCCCN(CCN(CCCC)C(=O)N1CCOCC1)C(=O)N2CCOCC2
B-697,-2.8497,OC(c1ccccc1)C(=O)c2ccccc2
B-698,-3.4886,OC(c1ccccc1)c2ccc(Cl)cc2
B-699,-3.4492,C1CCc2ccccc2C1
B-700,-2.8784,CNc1ccccc1C(O)=O
B-701,-2.213,Cc1cc(ccc1N)c2ccc(N)c(C)c2
B-702,-0.7345,OCCN(CCO)c1ccccc1
B-703,-1.4199,COc1ccc(C=O)cc1OC
B-704,-2.1913,CCOc1ccc(C=O)cc1OC
B-705,-3.1666,Oc1ccc(Cl)cc1Cc2ccccc2
B-706,-4.0095,COC(=O)c1ccc(cc1)C(=O)OC
B-707,0.6194,[nH]1cnc2ncncc12
B-708,-4.5218,S(Sc1sc2ccccc2n1)c3sc4ccccc4n3
B-709,-6.2155,CC(C)=C[C@@H]1[C@@H](C(=O)O[C@H]2CC(=O)C(=C2C)C\C=C/C=C)C1(C)C
B-710,-4.6168,COC(=O)C(/C)=C/[C@@H]1[C@@H](C(=O)O[C@H]2CC(=O)C(=C2C)C\C=C/C=C)C1(C)C
B-711,-1.7703,CCOc1cc(C=O)ccc1O
B-712,-1.2051,Nc1ccc(cc1)[S](O)(=O)=O
B-713,-1.7827,CCCOC(=O)c1cc(O)c(O)c(O)c1
B-714,-3.5706,[O-][N+](=O)N1CN(CN(C1)[N+]([O-])=O)[N+]([O-])=O
B-715,-0.8477,CN(C)C(=O)OC1=CC(=O)CC(C)(C)C1
B-716,0.6374,CC(O)CN(CC(C)O)CC(C)O
B-717,-1.7964,C1OC1COc2ccccc2
B-718,-2.921,N(Nc1ccccc1)c2ccccc2
B-719,-0.4745,OCCNc1ccccc1
B-720,-3.1723,CCCCC(CC)CCl
B-721,-2.5059,CCCCC(CC)C=O
B-722,-1.3774,CCCC(C)C=O
B-723,-1.5525,CCCC(=O)CCC
B-724,-0.8471,OC(=O)CCC(=O)OOC(=O)CCC(O)=O
B-725,-3.8007,CCCCCCCCC(=O)OCC
B-726,-4.3861,CC(C)=CCCC(=C)C=C
B-727,1.2286,CNC=O
B-728,0.9349,CC(=O)CC(C)(C)O
B-729,0.2962,O=C1CCC(=O)N1
B-730,-2.3607,CCCCCC(=O)OCC
B-731,-5.6768,CCCCCCCCOC(=O)CCCCC(=O)OCCCCCCCC
B-732,0.9275,CC(O)CNCCN
B-733,1.055,C1COCCO1
B-734,-1.8135,CC(C)CCOC(C)=O
B-735,0.4255,OC(=O)CSCC(O)=O
B-736,-2.3598,CCCCCCCC=O
B-737,-0.8188,CCCCOCCOCCOC(C)=O
B-738,-6.4372,CCCCCCCCCC
B-739,-3.1708,CCCCCCCCC=O
B-740,-3.3759,CCCCCCCCCCCCN
B-741,-1.8873,ClC(Br)Br
B-742,0.2622,C[As](O)(O)=O
B-743,0.322,[Cl-].OC[P+](CO)(CO)CO
B-744,1.0499,CC(C)(N)CO
B-745,-4.9376,FC(F)(Br)C(F)(F)Br
B-746,-1.4207,CC1(C)[C@H](CC[C@@]1(C)C([O-])=O)C([O-])=O
B-747,-2.1672,CC(=C)[C@@H]1C2OC(=O)C1[C@]3(O)CC4O[C@]45C(=O)O[C@H]2[C@]35C.CC(C)(O)[C@@H]6C7OC(=O)C6[C@]8(O)C[C@H]9O[C@]9%10C(=O)O[C@H]7[C@]8%10C
B-748,1.1631,OCC(CO)(CO)[N+]([O-])=O
B-749,-2.8726,CC(=O)OC[C@H]1O[C@H](O[C@]2(COC(C)=O)O[C@H](COC(C)=O)[C@@H](OC(C)=O)[C@@H]2OC(C)=O)[C@H](OC(C)=O)[C@@H](OC(C)=O)[C@@H]1OC(C)=O
B-750,-1.8253,NC(=O)OC1(CCCCC1)C#C
B-751,-1.9582,OCC(CO)(CO)COCC(CO)(CO)CO
B-752,-4.9405,BrCC(Br)CO[P](=O)(OCC(Br)CBr)OCC(Br)CBr
B-753,-2.1112,CCO[P](=O)(OCC)SCCSCC
B-754,-1.5276,CC1(C)CC(=O)CC(=O)C1
B-755,-1.1745,CCCC1OC1(CC)C(N)=O
B-756,1.1189,NC(=O)NO
B-757,1.0552,CC(=O)C(O)=O
B-758,-3.2587,CC(=O)/C=C/C1C(=CCCC1(C)C)C
B-759,-0.4568,CN1C(=O)OC(C)(C)C1=O
B-760,-2.9501,Nc1ccc(cc1)[S](=O)(=O)NC(=O)c2ccccc2
B-761,-3.1168,Cc1ccnc(N[S](=O)(=O)c2ccc(N)cc2)n1
B-762,-0.4702,[Ag+].CC([O-])C(O)=O
B-763,-1.0831,BrN1C(=O)CCC1=O
B-764,-0.9702,ClN1C(=O)CCC1=O
B-765,-4.2929,C[C@H](CCC(O)=O)[C@H]1CC[C@H]2[C@@H]3[C@@H](O)C[C@@H]4C[C@H](O)CC[C@]4(C)[C@H]3CC[C@]12C
B-766,-5.565,Cc1cc(c(O)c(c1)C(C)(C)C)C(C)(C)C
B-767,-4.9166,CC(C)(C)c1cccc(c1O)C(C)(C)C
B-768,-3.1393,COc1ccc2[C@H](OC(=O)c2c1OC)[C@@H]3N(C)CCc4cc5OCOc5c(OC)c34
B-769,-4.4213,Oc1cccc2C(=O)c3ccccc3C(=O)c12
B-770,-1.0977,OC(=O)c1c(cc(cc1[N+]([O-])=O)[N+]([O-])=O)[N+]([O-])=O
B-771,-3.9756,Oc1ccc(Cl)c2cccnc12
B-772,-4.2492,Oc1c(cc(cc1[N+]([O-])=O)[N+]([O-])=O)C2CCCCC2
B-773,-3.1926,OC(=O)c1cc(nc2ccccc12)c3ccccc3
B-774,-3.1633,OC(=O)c1ccccc1C(=O)Nc2cccc3ccccc23
B-775,-1.9493,Oc1cc(O)c2ccccc2c1
B-776,-4.7704,ClC(Cl)(Cl)SN1C(=O)C2CC=CCC2C1=O
B-777,-5.569,ClC(Cl)(Cl)SN1C(=O)c2ccccc2C1=O
B-778,-2.9101,OC(=O)CCCc1c[nH]c2ccccc12
B-779,0.1561,OC(C(O)C(O)=O)C(O)=O
B-780,-2.9801,Cc1cc(O)c(Cl)c(C)c1Cl
B-781,-3.307,OC(=O)c1cc(I)cc(I)c1O
B-782,-1.7246,COC(=O)c1ccccc1N
B-783,-4.1077,CC(=O)Oc1ccccc1C(=O)Oc2ccccc2
B-784,-3.0431,N[S](=O)(=O)c1cc2c(NCN[S]2(=O)=O)cc1C(F)(F)F
B-785,-4.6383,Nc1ccc(cc1)c2ccc(Cl)cc2
B-786,-2.596,N(N=Nc1ccccc1)c2ccccc2
B-787,-3.2113,CCOc1ccc(cc1N)[N+]([O-])=O
B-788,-1.9549,Cc1cc(C)c(N)cc1C
B-789,0.7164,[Na+].CCC([O-])=O
B-790,0.7473,[Na+].CNC([S-])=S
B-791,0.3159,[H+].[Cl-].NC(CCC(O)=O)C(O)=O
B-792,-0.5629,CCCCOC(=O)C(C)O
B-793,-0.8275,NNc1cccc(c1)[S](O)(=O)=O
B-794,0.321,NCc1ccc(cc1)[S](N)(=O)=O
B-795,-0.8547,OC[C@H]1O[C@@H](Oc2ccccc2CO)[C@H](O)[C@@H](O)[C@@H]1O
B-796,-0.0648,OC1CC(=CC(O)C1O)C(O)=O
B-797,-4.2552,CC(=C)C1CCC(=CC1)C
B-798,-0.5101,OC(=O)CN(CC(O)=O)CC(O)=O
B-799,-1.3402,Oc1ccc(C=O)cc1O
B-800,-0.8356,NC(Cc1sccc1)C(O)=O
B-801,0.8755,CC[NH+](CCO)CCO
B-802,-2.6359,[O-][N+](=O)c1oc(cc1)/C=N/N2CC(CN3CCOCC3)OC2=O
B-803,-2.8578,CCNC(=O)Nc1sc(cn1)[N+]([O-])=O
B-804,-1.7865,C(CNCc1ccccc1)NCc2ccccc2
B-805,-3.0687,N#CCc1ccccc1
B-806,-1.0991,[Na+].CN(C)c1ccc(cc1)N=N[S]([O-])(=O)=O
B-807,-2.9209,COc1ccc(CC=C)cc1
B-808,-1.7691,OC(=O)CCC1CCCC1
B-809,-3.5321,CCCCC(CC)COC(=O)\C=C\C(=O)OCC(CC)CCCC
B-810,-3.0006,CCCCOC(=O)CCC(=O)OCCCC
B-811,-1.0899,CCOC(=O)\C=C/C(=O)OCC
B-812,-1.6795,CCOC(=O)CCCCC(=O)OCC
B-813,1.2141,NCCO
B-814,0.8049,[Na+].[O-]C=O
B-815,-7.6637,C[Si](C)(C)O[Si](C)(C)O[Si](C)(C)O[Si](C)(C)C
B-816,0.6249,CO[P](=O)(OC)OC(/C)=C/C(=O)N(C)C
B-817,-0.43,OC(=O)CCI
B-818,-0.531,CC(C)=CC(C)=O
B-819,0.8652,OC(=O)CC(O)=O
B-820,-1.7723,O=C1CSC(=S)N1
B-821,-2.2573,O=C1NC(=S)NC=C1
B-822,1.0218,O=C1NC=CC=C1
B-823,0.9867,CC(=O)NCCO
B-824,-2.1049,C1CC=CC1
B-825,-1.7965,NC(=S)NNC(N)=S
B-826,0.3573,[Na+].NC(CCC(O)=O)C([O-])=O
B-827,-0.1078,[Na+].[Na+].[S-]C(=S)NCCNC([S-])=S
B-828,0.4112,[H+].[H+].[Cl-].[Cl-].C1CNCCN1
B-829,-2.451,CCCCCCOC(C)=O
B-830,-4.6196,CCCCCCCCCCCC(O)=O
B-831,-3.1574,CCCCCCNCCCCCC
B-832,0.6855,CCCCOCCOCCOCCO
B-833,-5.2594,ClC1(Cl)C2(Cl)C3(Cl)C4(Cl)C(=O)C5(Cl)C3(Cl)C1(Cl)C5(Cl)C24Cl
B-834,0.1528,[Na+].CCC(C)C1(CC)C(=O)NC(=O)[N-]C1=O
B-835,-0.611,OC(=O)CC1(CC(O)=O)OCOC1=O
B-836,-0.8863,CC(C)C(O)C(C)(C)CO
B-837,0.3711,[Na+].[Na+].C[As]([O-])([O-])=O
B-838,1.1077,OC(=O)CF
B-839,0.388,OC(=O)C(O)=O
B-840,-2.9686,Nc1ccc(cc1)[S](=O)(=O)Nc2ccccn2
B-841,0.067,CC(O)C(N)C(O)=O
B-842,0.8236,O[C@@H]([C@H](O)C(O)=O)C(O)=O
B-843,0.5718,OC(C(O)C(O)=O)C(O)=O
B-844,0.5225,OC1COC(O)C(O)C1O
B-845,-2.3525,Cc1c(cc(cc1[N+]([O-])=O)[N+]([O-])=O)C(N)=O
B-846,-0.8186,N[S](=O)(=O)c1cc2c(NC=N[S]2(=O)=O)cc1C(F)(F)F
B-847,-3.6048,[nH]1c2ccccc2nc1c3cscn3
B-848,-0.0601,O[S](=O)(=O)OCCOc1ccc(Cl)cc1Cl
B-849,-1.1552,OC(=O)c1cc(O)c(O)c(O)c1
B-850,-2.173,CCOc1ccc(NC(N)=O)cc1
B-851,0.0914,[Na+].[Na+].[O-]C(=O)CCC([O-])=O
B-852,1.0436,[K+].[C-]#N
B-853,1.3658,C1CN1
B-854,0.5433,CN(C)[P](=O)(O[P](=O)(N(C)C)N(C)C)N(C)C
B-855,-1.4832,NC1=NC(=O)C(=C(N)N1)O[C@@H]2O[C@H](CO)[C@@H](O)[C@H](O)[C@H]2O
B-856,-1.7285,ClCCNC(=O)N(CCCl)N=O
B-857,-0.3991,OC(=O)Cc1ccc(O)cc1
B-858,-0.1078,C1COC2(C1)CCCO2
B-859,-9.3315,c1cc2ccc3ccc4ccc5ccc6ccc1c7c2c3c4c5c67
B-860,-7.6026,c1ccc2c(c1)c3cccc4ccc5cccc2c5c34
B-861,-9.1627,c1ccc2c(c1)c3ccc4ccc5cccc6cc2c3c4c56
B-862,-6.6277,[nH]1c2ccc3ccccc3c2c4c1ccc5ccccc45
B-863,-7.8207,c1ccc2c(c1)ccc3ccc4ccccc4c23
B-864,-8.4806,c1ccc2c(c1)ccc3c2cc4cccc5c6ccccc6c3c45
B-865,-5.2379,C1c2cccc3ccc4cccc1c4c23
B-866,-8.004,c1ccc2c(c1)ccc3c4cccc5cccc(c45)c23
B-867,-8.2259,c1ccc2c(c1)cc3c4ccccc4c5cccc2c35
B-868,-8.4989,c1ccc2cc3c4cccc5cccc(c3cc2c1)c45
B-869,-7.8097,c1ccc2c(c1)ccc3c2ccc4c5ccccc5ccc34
B-870,-7.9081,N1c2c(Sc3ccc4ccccc4c13)ccc5ccccc25
B-871,-6.8786,N1c2ccc3ccccc3c2Sc4c1ccc5ccccc45
B-872,-5.8957,N1c2ccccc2Sc3ccc4ccccc4c13
B-873,-6.5727,N1c2ccccc2Sc3c1ccc4ccccc34
B-874,-6.2447,c1ccc2c(c1)ccc3nc4c(ccc5ccccc45)cc23
B-875,-2.7763,c1ccc2c(c1)cnc3ccccc23
B-876,-0.2319,[nH]1nc2cncnc2n1
B-877,0.6033,C1CN2CCN1CC2
B-878,-0.5452,[nH]1cccn1
B-879,0.3827,o1cccn1
B-880,1.0964,c1ccnnc1
B-881,1.0964,c1cncnc1
B-882,-3.5149,C1CCCCCC1
B-883,-2.338,CCO[P](=S)(OCC)Oc1cnccn1
B-884,0.5233,CCN(CC)C(=O)/C(Cl)=C(/C)O[P](=O)(OC)OC
B-885,0.6495,COC(=O)\C=C(/C)O[P](=O)(OC)OC
B-886,-3.634,CCO[P](=S)(OCC)OCCSCC
B-887,1.065,C1OC1C2CO2
B-888,-3.3242,NC(=O)N1c2ccccc2C=Cc3ccccc13
B-889,-2.6914,C1CN(CCN1C\C=C\c2ccccc2)C(c3ccccc3)c4ccccc4
B-890,-3.6576,COc1c2occc2cc3C=CC(=O)Oc13
B-891,-1.9281,N[C@@H](Cc1cc(Br)c(O)c(Br)c1)C(O)=O
B-892,-2.8441,N[C@@H](Cc1cc(I)c(O)c(I)c1)C(O)=O
B-893,0.6086,CC[S](=O)CCS[P](=O)(OC)OC
B-894,1.4942,NN
B-895,0.6807,OC(O)C(Cl)(Cl)Cl
B-896,-3.3187,CCN1C[C@]2(COC)[C@H](O)C[C@H](OC)[C@@]34[C@@H]5C[C@]6(O)[C@@H](OC)[C@H](O)[C@](OC(C)=O)([C@@H]([C@H](OC)[C@H]23)C14)[C@H]5[C@H]6OC(=O)c7ccccc7
B-897,-0.9456,CCC(C)(OC(N)=O)C#C
B-898,0.2703,CC(N)C(O)=O
B-899,-0.4217,NC(CO)C(O)=O
B-900,0.3984,[Na+].[K+].O[C@H]([C@@H](O)C([O-])=O)C([O-])=O
B-901,-1.8623,FC(F)(F)C(Cl)Cl
B-902,-7.3317,ClC1=C(Cl)C2(Cl)C3C4CC(C=C4)C3C1(Cl)C2(Cl)Cl
B-903,-1.3316,CCO[P](=O)(OCC)O\C=C\Cl
B-904,0.5395,NC(CO)C(O)=O
B-905,-2.5057,CCC(C)N1C(=O)NC(=C(Br)C1=O)C
B-906,-2.0604,CC(C)N1C(=O)NC(=C(Br)C1=O)C
B-907,-3.3469,CNC(=O)Oc1cc(C)c(N(C)C)c(C)c1
B-908,-0.5033,CCC(C)C(N)C(O)=O
B-909,-1.237,OC(=O)c1cc(Cl)ccc1O
B-910,-3.4527,Fc1cccc2ccccc12
B-911,-1.3593,CC(=O)Nc1ccc(F)cc1C
B-912,-1.7403,CC(=O)Nc1ccc(C)cc1F
B-913,-2.3757,Fc1cc(F)c(F)cc1F
B-914,-1.0387,CCCC[C@H](N)C(O)=O
B-915,-0.9473,O[C@@H]1C[C@](O)(C[C@@H](OC(=O)\C=C\c2ccc(O)c(O)c2)[C@@H]1O)C(O)=O
B-916,-1.0456,CC(C)CC(N)C(O)=O
B-917,-1.6875,C[P](F)(=O)OC1CCCCC1
B-918,0.2674,CC(N)C(O)=O
B-919,-2.541,Fc1ccccc1CCl
B-920,-2.4157,Fc1ccccc1Cl
B-921,-3.1257,Fc1ccc(I)cc1
B-922,-1.4596,CCSCC
B-923,-1.3477,CCF
B-924,-1.0004,Fc1ccccc1F
B-925,0.0727,Cn1cncc1C[C@H](N)C(O)=O
B-926,-1.4438,F[P-](F)(F)(F)(F)F.N#[N+]c1ccccc1
B-927,1.1934,OCCF
B-928,-0.3574,CC(C)N[P](F)(=O)NC(C)C
B-929,-1.362,CCOC(=O)CC(=O)C(F)(F)F
B-930,0.3094,CC(O)C(F)(F)F
B-931,-3.0961,FC(F)(F)C(F)(Cl)Cl
B-932,1.0176,OC(=O)C(F)F
B-933,-3.4843,C[C@]12CC(=O)[C@H]3[C@@H](CCC4=CC(=O)CC[C@]34C)[C@@H]1CCC2=O
B-934,-3.3659,CCN1C=C(C(O)=O)C(=O)c2ccc(C)nc12
B-935,-1.887,CCCc1cc(F)ccc1O
B-936,-2.6852,NC(=O)N(CCO)/N=C/c1oc(cc1)[N+]([O-])=O
B-937,1.0753,NC#N
B-938,-1.5978,OC(=O)c1ccccc1C(F)(F)F
B-939,-5.6576,C[C@]12CCC(=O)C=C1CC[C@@H]3[C@@H]2CC[C@@]4(C)[C@H]3CC[C@@]4(O)C#C
B-940,-6.0,C[C@H](CCC(O)=O)[C@H]1CC[C@H]2[C@@H]3CC[C@@H]4C[C@H](O)CC[C@]4(C)[C@H]3CC[C@]12C
B-941,-1.9484,C[C@]12CC[C@H]3[C@@H](CCC4=CC(=O)CC[C@H]34)[C@@H]1CC[C@@H]2O
B-942,-1.945,C[C@H]1C[C@H]2OC(=O)[C@@H](C)[C@H]2[C@H](O)C3=C(C)C(=O)C[C@H]13
B-943,-3.2259,CCC(=O)N(C1CCN(CC1)CCc2ccccc2)c3ccccc3
B-944,-2.3208,CC(=O)NCc1c(I)c(NC(C)=O)c(I)c(C(O)=O)c1I
B-945,-0.7875,CC[C@H](C)[C@@H](N)C(O)=O
B-946,0.7037,OC(=O)Cc1cc(O)ccc1O
B-947,-1.21,Nc1ncc2[nH]cnc2n1
B-948,1.055,OC1CCOC1
B-949,-1.5809,OC(=O)c1ccc(F)c(c1)[N+]([O-])=O
B-950,-2.5436,Fc1cccc(CCl)c1
B-951,-0.8493,CCC[C@H]1CCCCN1
B-952,-0.2836,COCC(F)F
B-953,-0.3087,NC(N)=NC#N
B-954,1.0263,Nc1cccnc1
B-955,-0.5809,NC(=O)NCC(O)=O
B-956,-0.8014,NC(=O)NCCC(O)=O
B-957,-2.319,CC1(C)C2CCC1(C)[C@@H](O)C2
B-958,-3.1825,CC1(C)[C@H]2CC[C@@]1(C)C(=O)C2
B-959,-2.6706,O[C@@]12CCO[C@@]1(Nc3ccccc23)[C@@H]4C[C@@H]5CCN4C[C@@H]5C=C
B-960,-1.3269,CC[C@@]12CCCN3CC[C@@]4([C@@H](CC1)N(C(C)=O)c5c(OC)cccc45)[C@@H]23
B-961,-1.9657,OC(=O)[C@@]1(O)c2ccccc2c3ccccc13
B-962,-5.0097,CCC(=O)O[C@@](Cc1ccccc1)([C@H](C)CN(C)C)c2ccccc2
B-963,-1.6442,CC12CCC(CC1)C(C)(C)O2
B-964,-1.5031,ClCC[S](=O)(=O)CCCl
B-965,-1.6135,CN=C(N)N
B-966,-2.805,Nc1ccc(cc1)[S](=O)(=O)c2sc(N)nc2
B-967,-3.466,Cc1ccc(cc1)[S](=O)(=O)N(Cl)Cl
B-968,-0.5752,CC(=O)C1CC(CC(O)=O)C1(C)C
B-969,-3.6402,C[C@H](CCC(O)=O)[C@H]1CC[C@H]2[C@@H]3[C@H](O)C[C@@H]4C[C@H](O)CC[C@]4(C)[C@H]3CC[C@]12C
B-970,-5.2795,C[C@]12CC[C@H]3C(=CCc4cc(O)ccc34)[C@@H]1CCC2=O
B-971,-2.6994,Oc1ccc2c(OCC3(O)CC4=CC(=O)C(=CC4=C23)O)c1O
B-972,-5.1495,C[C@H](CCC(=O)NCC(O)=O)[C@H]1CC[C@H]2[C@@H]3[C@H](O)C[C@@H]4C[C@H](O)CC[C@]4(C)[C@H]3C[C@H](O)[C@]12C
B-973,-3.6174,COc1cc(cc(OC)c1OC)[C@H]2[C@H]3[C@H](COC3=O)[C@@H](O)c4cc5OCOc5cc24
B-974,-0.8462,[Cl-].Cc1cc2nc3c(C)c(N)ccc3[n+](c4ccccc4)c2cc1N
B-975,0.1172,CN1C(=O)N(C)c2ncn(CC(O)CO)c2C1=O
B-976,-7.8613,C1Cc2c3ccc4ccccc4c3cc5cccc1c25
B-977,-2.2698,Nc1cccc2cccc(N)c12
B-978,-3.5889,CN(c1c(cc(cc1[N+]([O-])=O)[N+]([O-])=O)[N+]([O-])=O)[N+]([O-])=O
B-979,0.0119,OC[C@H]1O[C@@H](O[C@@H]2OC=C[C@H]3[C@H](O)C=C(CO)[C@@H]23)[C@H](O)[C@@H](O)[C@@H]1O
B-980,-3.0824,Oc1ccc(c(O)c1)C2=C(O)C(=O)c3c(O)cc(O)cc3O2
B-981,-2.3566,Cc1cc(C)c(c(C)c1)C(O)=O
B-982,-2.0496,Cc1cc(O)c(C(O)=O)c(O)c1
B-983,-2.284,[O-][N+](=O)C1C(=O)NC(=O)NC1=O
B-984,-3.0905,C[C@H]1[C@@H]2CC[C@@]3(C)C=CC(=O)C(=C3[C@H]2OC1=O)C
B-985,-4.1577,C[C@]12CC[C@H](O)C[C@@H]1CC[C@@H]3[C@@H]2CC[C@@]4(C)[C@H]3CCC4=O
B-986,-0.0173,CN1C2CCC1[C@H]([C@@H](O)C2)C(O)=O
B-987,-1.9849,CN1C(=O)N(C)c2nncnc2C1=O
B-988,-4.3087,COc1ccc2C=CC(=O)Oc2c1CC=C(C)C
B-989,-5.5083,CCC(C)c1cc(cc(c1OC(=O)C=C(C)C)[N+]([O-])=O)[N+]([O-])=O
B-990,-1.9249,CC1CCC2C(C)C(=O)OCC12
B-991,-3.1679,OC(C1CC2CCN1CC2C=C)c3ccnc4ccccc34
B-992,-2.106,O[C@H]1CCN2C(=O)c3ccccc3N=C12
B-993,0.6484,CN1C[C@@H]2C[C@@H](C1)C3=CC=CC(=O)N3C2
B-994,-2.1183,O=C1NC(=O)c2nccnc2N1
B-995,-0.6608,CC1=C(CCC(O)=O)C(=O)NC1=O
B-996,-0.1739,O[C@@H]1C[C@@H](O)[C@H](O)C(O)[C@H]1O
B-997,-5.4752,CC(C)c1ccc(C)c2ccc(C)c2c1
B-998,-0.7418,COC(=O)c1ccccc1OC2OC(COC3OCC(O)C(O)C3O)C(O)C(O)C2O
B-999,-2.4842,O=C1NC=Cc2ccccc12
B-1000,-3.0585,Cc1cc(O)c2c(O)c3c(O)cccc3cc2c1
B-1001,-5.1655,NC1=NC(=O)C2=C(N1)NC(=O)C(=O)N2
B-1002,-2.0568,OC(=O)C(=C)c1ccccc1
B-1003,-0.8786,C[C@H](N)[C@@H](O)c1ccccc1
B-1004,0.4433,OC[C@H]1O[C@H](O)[C@H](O)[C@@H](O)[C@@H]1O
B-1005,-2.5113,OC1=CC(=O)C[C@@H](C1)c2ccccc2
B-1006,0.7898,C1CC[C@H](NC1)c2cccnc2
B-1007,0.8534,OCc1cc(O)ccc1O
B-1008,-4.6835,O=Nc1ccc(NNC(=O)c2ccccc2)cc1
B-1009,-3.6835,O=C(NN\C=C/1C=CC=CC1=O)c2ccncc2
B-1010,-1.0427,C1Cc2ccccc2N1
B-1011,-0.527,C\C=C(/C)C=O
B-1012,0.8789,CC1OCCO1
B-1013,-1.7565,O=C1CC2CCC1C2
B-1014,-1.377,OC(O)=C1OC(=CC(=O)C1=O)C(O)=O
B-1015,-1.5216,COc1cc(ccc1O)C(C)=O
B-1016,-0.0687,CCC[C@@H](N)C(O)=O
B-1017,0.7795,C\C(=C\C(O)=O)C(O)=O
B-1018,-2.0798,CC(C)c1ccc(C)c(O)c1
B-1019,-1.922,CC1CC(CC(C)(C)N1)OC(=O)c2ccccc2
B-1020,-1.3019,OC(=O)C(=O)Nc1ccccc1
B-1021,-3.2959,ClCCC(=O)NCc1ccccc1
B-1022,-1.9202,NC(=O)NC(=O)C=CC(O)=O
B-1023,-4.9432,CCOC(=S)SSC(=S)OCC
B-1024,-2.5935,CCCCC(=O)CCCC
B-1025,1.236,C1COC1
B-1026,1.1446,O[S](=O)(=O)C[S](O)(=O)=O
B-1027,1.065,C\C=C/C(O)=O
B-1028,-0.3996,CC(C)CC(O)=O
B-1029,-0.0529,Nc1ccncc1
B-1030,0.9757,Nc1ccccn1
B-1031,-1.6029,C1CSCCS1
B-1032,-1.1673,OC(=O)CCCCCCC(O)=O
B-1033,-2.2119,OC(=O)CCCCCCCCCCCC(O)=O
B-1034,-2.3666,ClCCSCCCl
B-1035,-2.8516,OC(=O)\C=C/C=C\C(O)=O
B-1036,-0.6333,IC#N
B-1037,-2.3586,CC(C)(C)Br
B-1038,-2.3202,CC1(C)C2CCC1(C)C(O)C2
B-1039,-0.111,CC(C)(C(O)=O)C(C)(CC(O)=O)C(O)=O
B-1040,-5.5111,CC(C)(C)CC(=O)OCC(=O)C1(O)CCC2C3CCC4=CC(=O)CCC4(C)C3C(O)CC12C
B-1041,-2.3381,[O-][N+](=O)C([N+]([O-])=O)([N+]([O-])=O)[N+]([O-])=O
B-1042,-1.2994,CN1CC[C@]23[C@H]4Oc5c(OCCN6CCOCC6)ccc(C[C@@H]1C2C=C[C@@H]4O)c35
B-1043,-2.1562,CCC1(N2CCCCC2)C(=O)NC(=O)NC1=O
B-1044,-4.3982,CCOC(=O)C(O)(c1ccc(Cl)cc1)c2ccc(Cl)cc2
B-1045,-7.3166,C[C@@H]1CC[C@@]2(OC1)O[C@H]3C[C@H]4[C@@H]5CC=C6C[C@@H](O)CC[C@]6(C)[C@H]5CC[C@]4(C)[C@H]3[C@@H]2C
B-1046,-0.3962,OC[C@H]1O[C@H](OC[C@H]2O[C@H](O[C@]3(CO)O[C@H](CO)[C@@H](O)[C@@H]3O)[C@H](O)[C@@H](O)[C@@H]2O)[C@H](O)[C@@H](O)[C@H]1O
B-1047,-1.5412,CCCO[P](=O)(OCCC)OCCC
B-1048,-2.5604,CC=C(C)C
B-1049,-1.9569,CC(C)=CCl
B-1050,0.4298,CC(=C)CO
B-1051,-1.8346,CCC(C)S
B-1052,-2.4014,CC(=C)C(C)=C
B-1053,1.0452,C[C@@H](O)[C@H](C)O
B-1054,1.055,CC(O)C(C)=O
B-1055,-3.7959,CC(C)C1=CC2=CC[C@@H]3[C@](C)(CCC[C@@]3(C)C(O)=O)[C@H]2CC1
B-1056,-3.5932,CC12CC[C@H](O)CC1CCC3C4CCC(=O)C4(C)CC(O)C23
B-1057,-0.8949,CC(O)(C(O)=O)c1ccccc1
B-1058,-2.1293,Cc1csc(N[S](=O)(=O)c2ccc(N)cc2)n1
B-1059,-2.2364,Cc1cc(N[S](=O)(=O)c2ccc(N)cc2)nc(C)n1
B-1060,0.7597,CC(C(O)=O)C(O)=O
B-1061,-0.1971,CC(C)C(N)C(O)=O
B-1062,-5.2436,CC12CCc3c(ccc4cc(O)ccc34)C1CCC2=O
B-1063,0.1934,CC(=O)C1CCOC1=O
B-1064,-4.5035,COc1cc(cc(OC)c1OC)[C@H]2[C@@H]3[C@H](COC3=O)Cc4c(O)c5OCOc5cc24
B-1065,-3.8226,Oc1ccc2c(Oc3cc(O)ccc3C24OC(=O)c5ccccc45)c1
B-1066,-1.9247,COc1ccc(C=O)c(C(O)=O)c1OC
B-1067,-0.5345,CN(C)C(=O)C(=O)N(N(C)C(C)=O)c1ccccc1
B-1068,0.2571,C[C@]12CC[C@H]3[C@@H](CC[C@H]4CC(=O)CC[C@]34C)[C@@H]1CC[C@@H]2O
B-1069,-4.1938,Oc1c(Br)cc(Br)c2cccnc12
B-1070,-3.0514,CCC1CN2CCC1CC2C(O)c3ccnc4ccc(OC)cc34
B-1071,0.5402,O[S](=O)(=O)c1ccc2c(cccc2[S](O)(=O)=O)c1
B-1072,-3.6202,CC(C)NCC(O)COc1cccc2ccccc12
B-1073,-1.4091,NC(Cc1[nH]nc2ccccc12)C(O)=O
B-1074,-1.4271,Cc1cccc(O)c1C
B-1075,0.2148,OC(C(O)C(O)=O)C(O)=O
B-1076,-0.3225,O[C@H]([C@H](O)[C@H](O)C(O)=O)[C@@H](O)C(O)=O
B-1077,0.4321,[Na+].OCC(O)C(O)C(O)C(O)C([O-])=O
B-1078,-0.1798,[Cu++].OC[C@@H](O)[C@@H](O)[C@H](O)[C@@H](O)C([O-])=O.OC[C@@H](O)[C@@H](O)[C@H](O)[C@@H](O)C([O-])=O
B-1079,-1.2327,OC(=O)c1sccc1
B-1080,-3.7606,CC(C)c1ccccc1C
B-1081,-3.5214,Oc1ccc(cc1C(=O)C(=O)c2cc(ccc2O)[N+]([O-])=O)[N+]([O-])=O
B-1082,-2.0216,CC(=O)c1ccc(O)c(O)c1O
B-1083,-1.0003,OC(=O)c1ccc(C(O)=O)c(c1)C(O)=O
B-1084,-1.5005,OC(=O)c1ccc(c(c1)[N+]([O-])=O)[N+]([O-])=O
B-1085,-2.7469,CC(C)C(CC=C)C(=O)NC(N)=O
B-1086,-1.366,O=C1C=CNc2ccccc12
B-1087,-4.7329,Oc1c2ccccc2cc3ccccc13
B-1088,-4.4363,C=C(c1ccccc1)c2ccccc2
B-1089,-4.4906,OC(=O)c1ccccc1Nc2cccc(c2)C(F)(F)F
B-1090,-1.4249,ONC1=C(CCCCC1)N=O
B-1091,-3.1221,COc1ccc2C=CC(=O)Oc2c1
B-1092,-1.5251,COc1ccccc1OCC(O)COC(N)=O
B-1093,0.5864,[Na+].[O-]C(=O)c1ccccc1
B-1094,-4.0947,[H+].[Cl-].Nc1ccc(N=Nc2ccccc2)c(N)c1
B-1095,-3.3503,CCOC(=O)COc1ccc(Cl)cc1Cl
B-1096,-1.9548,CCCCCc1ccc(O)cc1O
B-1097,-0.5946,CCN(CC)C(=O)CC(C)C
B-1098,-1.7331,CN1CSC(=S)N(C)C1
B-1099,-1.3971,OC(CI)CI
B-1100,0.9823,CNC(=S)NC
B-1101,1.0452,COC(C)OC
B-1102,0.4369,CCCCC(C(O)=O)C(O)=O
B-1103,-3.4994,CC(C)c1cccc(C)c1
B-1104,-1.2615,CN(C)c1cc(C)nc(Cl)n1
B-1105,-2.8092,OC(=O)c1cc(O)c(O)c(OC(=O)c2cc(O)c(O)c(O)c2)c1
B-1106,-0.0006,CCc1ccncc1
B-1107,-2.1593,CN1C2CCC1CC(C2)OC(=O)c3ccccc3
B-1108,-3.7068,ClN=C1C=C(Br)C(=O)C(=C1)Br
B-1109,-2.1325,CN[C@@H](Cc1ccc(O)cc1)C(O)=O
B-1110,-3.0265,CCN(CCCl)CCCl
B-1111,-1.6112,CCCCOC(=O)/C=C/c1ccccc1
B-1112,-1.6098,COCc1ccccc1
B-1113,-4.594,CN(C)c1ccc(cc1)N=Nc2ccc(N)cc2
B-1114,-1.8392,OC(=O)/C=C/c1occc1
B-1115,-1.7706,CCCCC(=O)OCC
B-1116,-3.4212,CCCCCOC(=O)CCC
B-1117,-1.8841,CCC(=O)OCC(C)C
B-1118,-0.1176,COC1CC1
B-1119,-1.3195,Br\C=C/Br
B-1120,0.9032,OCCBr
B-1121,-0.0799,CCOC
B-1122,1.2211,CNNC
B-1123,-4.6704,CC(C)CC(C)(C)C
B-1124,-1.1443,CC(=O)OC(C)(C)C
B-1125,-7.9407,C[Si]1(C)O[Si](C)(C)O[Si](C)(C)O[Si](C)(C)O[Si](C)(C)O[Si](C)(C)O1
B-1126,-7.3387,C[Si]1(C)O[Si](C)(C)O[Si](C)(C)O[Si](C)(C)O[Si](C)(C)O1
B-1127,-2.6177,Cl/C=C/[As](Cl)Cl
B-1128,-2.4036,CCCC(Cl)Cl
B-1129,-0.0557,[Ba++].[O-]C=O.[O-]C=O
B-1130,0.9867,CC(N)CC(O)=O
B-1131,0.991,CC(=O)CC(O)=O
B-1132,-1.6996,NC(=S)NC(N)=S
B-1133,-1.1185,CC1=CC(=O)CC(=O)O1
B-1134,-2.3752,ClC1CCCCC1
B-1135,-1.8648,NC(CCCC(O)=O)C(O)=O
B-1136,-1.0006,CC(C)COC=O
B-1137,-2.9587,CCCCI
B-1138,-1.598,ClC\C=C/Cl
B-1139,-0.7181,ClCOCCl
B-1140,-1.565,C1C=CC=C1
B-1141,-0.6321,NC(N)=NCC[S](O)(=O)=O
B-1142,-1.9521,CC(C)CO[N+]([O-])=O
B-1143,-2.7324,CCCCCCl
B-1144,0.1948,[Ba++].CC([O-])=O.CC([O-])=O
B-1145,-1.4403,CC(C)CCOC(N)=O
B-1146,-2.4809,CC(C)CCO[N+]([O-])=O
B-1147,0.1446,[Sr++].CC([O-])=O.CC([O-])=O
B-1148,-2.8984,CC(C)CCOCCC(C)C
B-1149,-3.1224,CCCCCCCl
B-1150,1.0263,N#CCCCC#N
B-1151,-8.4007,CCCCCCCCCCCCCCCC
B-1152,-2.7592,Nc1ccc(cc1)[S](=O)(=O)Nc2ccc(cc2)[S](N)(=O)=O
B-1153,0.9825,COC(=O)C(C)O
B-1154,0.1844,C=C1CCOC1=O
B-1155,-4.3465,C[C@H](CCC(O)=O)[C@H]1CC[C@H]2[C@@H]3[C@H](O)[C@H](O)[C@@H]4C[C@H](O)CC[C@]4(C)[C@H]3CC[C@]12C
B-1156,-3.4264,CCOC(=O)C(C1=C(O)Oc2ccccc2C1=O)C3=C(O)Oc4ccccc4C3=O
B-1157,-3.2883,CC(C)c1ccc(C)c(C(O)=O)c1O
B-1158,-1.5924,COc1ccc2nccc(C(O)C3CC4CCN3CC4C=C)c2c1.O[S](O)(=O)=O
B-1159,-0.9895,CN1C(=O)C=C(N)N(CC(C)=C)C1=O
B-1160,-0.4018,OC[C@H]1O[C@H]([C@H](O)[C@@H]1O)n2cnc3cncnc23
B-1161,-2.9758,Oc1ccc2ccccc2c1[N+]([O-])=O
B-1162,-3.2761,Cc1c(Cl)cc(Cl)c(O)c1Cl
B-1163,-0.9195,OCC(C(O)=O)c1ccccc1
B-1164,0.4167,CN1C2CCCC1CC(=O)C2
B-1165,-0.1372,NNC(=O)c1cccnc1
B-1166,-3.1592,CCCOc1ccc(cc1N)[N+]([O-])=O
B-1167,-0.2919,COC(=O)C(=O)OC
B-1168,-0.5595,CC1=C(N)NC(=O)N=C1
B-1169,-1.8293,CN1N=C(SC1=NC(C)=O)[S](N)(=O)=O
B-1170,-1.013,Oc1cccc(c1)[N+]([O-])=O
B-1171,-0.9026,OC(=O)c1cc(cc(c1)C(O)=O)C(O)=O
B-1172,-1.3247,C[C@](N)(Cc1ccc(O)c(O)c1)C(O)=O
B-1173,-2.2815,OC(=O)\C=C/C(=O)Nc1ccccc1
B-1174,-3.3572,[O-][N+](=O)c1oc(cc1)\C=N\N2CCNC2=O
B-1175,-2.6049,N[C@H](Cc1ccc(O)cc1)C(O)=O
B-1176,-2.6561,NC(Cc1ccc(O)cc1)C(O)=O
B-1177,-0.5097,NCC(=O)NCC(=O)NCC(O)=O
B-1178,-1.2722,[Zn++].CCCCC([O-])=O.CCCCC([O-])=O
B-1179,1.1303,OCC1CO1
B-1180,-0.9832,CN=C=S
B-1181,-7.7732,C[Si]1(C)O[Si](C)(C)O[Si](C)(C)O[Si](C)(C)O1
B-1182,-1.3739,NC(N)=N[N+]([O-])=O
B-1183,0.6749,O=C1NC=CC=N1
B-1184,-0.3857,CCCOC
B-1185,-1.335,CCCC(=O)OCC(O)CO
B-1186,0.2179,[Zn++].CC([O-])=O.CC([O-])=O
B-1187,-0.0206,C=CCOCC=C
B-1188,-0.4755,[Zn++].[O-]C=O.[O-]C=O
B-1189,-3.1404,BrC(Br)(Br)Br
B-1190,-0.5145,C[S](F)(=O)=O
B-1191,-0.0946,CC1(C)CO1
B-1192,0.1602,CC(C)(O)CCl
B-1193,-1.7705,[O-][N+](=O)C(Br)([N+]([O-])=O)[N+]([O-])=O
B-1194,-2.7894,CN1CC[C@]23[C@H]4Oc5c(OC(C)=O)ccc(C[C@@H]1[C@@H]2C=C[C@@H]4OC(C)=O)c35
B-1195,-4.2286,CCC(C)(C)CC
B-1196,-5.2838,CCO[P](=S)(OCC)SCS[P](=S)(OCC)OCC
B-1197,-2.732,CC(C)C=C
B-1198,-2.7307,CCC(C)=C
B-1199,-1.8108,CC(=C)CCl
B-1200,-1.6138,C\C(Cl)=C\Cl
B-1201,-0.2122,CC(O)C(C)Cl
B-1202,1.065,C1O[C@@H]1[C@H]2CO2
B-1203,-4.6776,CCC(C)C(C)(C)C
B-1204,-2.2362,CC(C)(O)C1CCC(C)(O)CC1
B-1205,-4.2808,CCC(C)C(C)C
B-1206,-0.7216,CCC(C)C(C)O
B-1207,-0.6805,CCC(C)C(C)=O
B-1208,-0.7062,CCC(O)C(C)C
B-1209,-0.8106,CCC(=O)C(C)C
B-1210,-0.8229,NCC(O)C(O)=O
B-1211,-1.103,CC(C)C(Br)C(O)=O
B-1212,-4.6961,CC(C)C(C)C(C)C
B-1213,-1.3018,CC(C)C(=O)C(C)C
B-1214,-0.3535,CC(N)C(O)C(O)=O
B-1215,-4.1254,COc1cc(cc(OC)c1O)[C@H]2[C@@H]3[C@H](COC3=O)Cc4c(O)c5OCOc5cc24
B-1216,-1.8903,COc1ccc2COC(=O)c2c1OC
B-1217,-2.4944,OC(=O)c1[nH]cnc1C(O)=O
B-1218,0.1076,OC1C(O)C(O)C(O[P](O)(O)=O)C(O)C1O
B-1219,-2.3,COCOC(=O)c1ccccc1O
B-1220,-3.0133,OC(=O)COc1c(Cl)cc(Cl)cc1Cl
B-1221,-0.5395,OC(=O)C1CCNCC1C(O)=O
B-1222,-4.222,Nc1cccc2nc3ccccc3cc12
B-1223,-1.933,OC(C(O)c1ccccc1)c2ccccc2
B-1224,-2.8497,OC(c1ccccc1)C(=O)c2ccccc2
B-1225,-2.3478,CCc1cccc(CC)c1N
B-1226,-4.4001,Brc1ccc2ccccc2c1
B-1227,-2.3925,Oc1cnc2ccccc2c1
B-1228,-2.5038,[O-]c1ccc2ccc[nH+]c2c1
B-1229,-4.4112,CCN(CC)c1nc(Cl)nc(n1)N(CC)CC
B-1230,0.7953,C1N[C@@H](CC=C1)c2cccnc2
B-1231,-0.5916,c1ccc(nc1)c2cccnc2
B-1232,-2.5243,S=C1Nc2cncnc2N1
B-1233,0.1773,[K+].[K+].[O-]C(=O)C([O-])=O
B-1234,-4.2719,CC1CCCCC1C
B-1235,1.0452,CCC(O)CO
B-1236,-4.8179,CC(C)=CC1C(C(=O)OC2CC(=O)C(=C2C)CC=C)C1(C)C
B-1237,-0.7845,C[C@H](NC(N)=O)C(O)=O
B-1238,-1.8614,CC(C)(C)c1cccc(O)c1
B-1239,-1.3054,[O-][N+](=O)c1cccc(Br)c1
B-1240,0.3612,OC(=O)C\C(=C/C(O)=O)C(O)=O
B-1241,0.2872,OCC(O)C(O)C(OC1OC(CO)C(O)C(O)C1O)C(O)CO
B-1242,0.4656,OCC1OC(OCC2OC(O)C(O)C(O)C2O)C(O)C(O)C1O
B-1243,-1.663,Oc1cc(cc(c1)[N+]([O-])=O)[N+]([O-])=O
B-1244,-2.1339,OC(=O)c1ccc(C(O)=O)c(Br)c1
B-1245,-4.1566,CC(C)=C1CCC(=CC1)C
B-1246,0.9621,OCc1ccncc1
B-1247,-1.3605,NC(=O)OC(CCl)CCl
B-1248,-0.388,Cc1cccc(CO)c1
B-1249,-2.3617,OC(=O)COc1cc(Cl)cc(Cl)c1
B-1250,-2.1954,OC(=O)COc1cccc(Cl)c1
B-1251,-5.7905,c1ccc(cc1)\C=C\c2ccccc2
B-1252,-0.3861,OCc1ccc(CO)cc1
B-1253,-4.3063,CCCC(C)CC
B-1254,-1.3759,CCC(C)CCO
B-1255,-0.8334,CCCC(=O)CC
B-1256,-5.1591,CCCCC(C)CC
B-1257,-4.5601,Brc1ccc(I)cc1
B-1258,-4.4657,CC1CCC(C)CC1
B-1259,-1.9385,CCCCOC(=O)CC
B-1260,-2.7813,I\C=C/I
B-1261,-3.2767,I\C=C\I
B-1262,0.9288,[K+].[O-]C=O
B-1263,-4.3575,CCCC(C)(C)C
B-1264,-0.4988,CCCC(C)(C)O
B-1265,0.5021,[Cl-].CC(C[N+](C)(C)C)OC(N)=O
B-1266,-5.7568,CCCCC(C)(C)C
B-1267,-0.7891,CC(C)CC=O
B-1268,-0.7814,NC(N)=NC(N)=O.NC(N)=NC(N)=O.O[S](O)(=O)=O
B-1269,-1.8738,CC1CCCC(=O)C1
B-1270,-3.2671,CC1=CCCCC1
B-1271,-4.5961,CCCCC(C)C
B-1272,-0.5534,CC(=O)OCC=C
B-1273,-1.9569,C/C=C/CCl
B-1274,-3.816,CCCC\C=C\C
B-1275,-1.1307,CCCCOC=O
B-1276,-7.6275,CCCCCCCCCCCCCCCCCC
B-1277,-0.8202,FCCl
B-1278,-0.6502,C[Se]C
B-1279,-2.5106,CCC(C)(C)Cl
B-1280,-1.2668,NC(=O)C(Br)(Br)Br
B-1281,-0.3708,CC(C)C(C)(C)O
B-1282,-1.0966,NC(=O)C(Cl)(Cl)Cl
B-1283,-1.7603,CC(Cl)(Cl)[N+]([O-])=O
B-1284,-0.8504,CCC(C)(O)C(C)C
B-1285,-1.4996,CCC(Cl)(Cl)[N+]([O-])=O
B-1286,0.8264,CCC(CO)(CO)[N+]([O-])=O
B-1287,-0.3279,CC(C)(CO)C=O
B-1288,-0.1822,CC(O)(CCl)CCl
B-1289,-0.8399,CCC(O)(CC)CC
B-1290,-1.5686,CC(=O)OCC(COC(C)=O)(COC(C)=O)COC(C)=O
B-1291,-0.9897,CCCC(C)(O)CC
B-1292,-1.5867,CCCC(C)(O)CCC
B-1293,-1.6028,CCCCC(C)(O)CC
B-1294,-0.5504,CC1(CCl)CO1
B-1295,-2.5546,ClC(Br)CBr
B-1296,1.1303,CNC(N)=O
B-1297,-0.057,COC(C)C
B-1298,-1.0574,NC(=O)C(Br)Br
B-1299,-1.8898,CC(Cl)C(Cl)Cl
B-1300,0.9645,CC(Cl)C(O)=O
B-1301,1.0454,CC(O)C(O)=O
B-1302,-1.4374,CC(Cl)[N+]([O-])=O
B-1303,-3.9417,Cc1ccc(cc1)[S](=O)(=O)Oc2ccccc2C
B-1304,-1.6464,CCOC(OCC)C(Cl)(Cl)Cl
B-1305,-1.1887,CCC(Cl)[N+]([O-])=O
B-1306,-1.2201,CC(C)C(O)C(C)C
B-1307,0.7315,CCC(C(O)=O)C(O)=O
B-1308,-5.3403,[O-][N+](=O)c1ccc2CCc3cccc1c23
B-1309,-0.4188,OC(=O)c1c(Br)c(O)c(O)c(O)c1Br
B-1310,-2.0434,Cc1c(cc(c(O)c1[N+]([O-])=O)[N+]([O-])=O)[N+]([O-])=O
B-1311,0.623,CC(O)Cn1cnc2N(C)C(=O)N(C)C(=O)c12
B-1312,-1.0214,OC(=O)c1cccc(c1C(O)=O)[N+]([O-])=O
B-1313,-2.3837,Oc1ccc(cc1)C(c2ccc(O)cc2)=C3C=CC(=O)C=C3
B-1314,-3.4053,CCOC(=O)c1ccccc1C(=O)c2ccccc2
B-1315,-5.3093,Oc1ccc2C(=O)c3ccccc3C(=O)c2c1
B-1316,-3.4776,COC(=O)c1ccccc1C(=O)c2ccccc2
B-1317,-3.2057,[O-][N+](=O)c1cc2C(=O)NC(=O)Nc2c(c1)[N+]([O-])=O
B-1318,-1.0466,CN1C(=O)C=Cc2ccccc12
B-1319,-1.2019,CC1=CC(=O)c2ccccc2N1
B-1320,-5.0402,Brc1cccc(Br)c1Br
B-1321,0.3264,Cc1c(O)cccc1O
B-1322,0.1999,O[C@H]([C@H](O)[C@H](O)C(O)=O)[C@H](O)C(O)=O
B-1323,-4.5605,ClC1C(Cl)C(Cl)C(Cl)C(Cl)C1Cl
B-1324,0.5117,CCOC(=O)C(=O)C(=O)OCC
B-1325,-0.3436,CCC(CO)[N+]([O-])=O
B-1326,-4.0876,Oc1c(Cl)cc(Cl)cc1[N+]([O-])=O
B-1327,-2.4423,OC(=O)c1cccc(C=O)c1O
B-1328,-1.0665,OC(=O)c1ccc(cc1[N+]([O-])=O)[N+]([O-])=O
B-1329,-5.8541,Cc1cccc2cc3ccccc3cc12
B-1330,-2.6511,[O-][N+](=O)c1ccc2COC(=O)c2c1
B-1331,-0.1417,O[C@@H](C(O)=O)c1ccccc1
B-1332,0.0545,OC(C(O)=O)c1ccccc1
B-1333,0.0569,OCc1ccccc1CO
B-1334,-1.5508,OCc1ccccc1C(O)=O
B-1335,-2.7993,CCc1ccccc1[N+]([O-])=O
B-1336,-1.4861,OCc1ccccc1[N+]([O-])=O
B-1337,-5.1722,Nc1ccc2cc3ccccc3cc2c1
B-1338,-0.4313,CCOC(=O)c1cccnc1
B-1339,-3.54,Clc1ccccc1I
B-1340,-4.2399,Ic1ccccc1I
B-1341,-0.5528,CCOC(=O)N(C)N=O
B-1342,-4.808,Brc1ccc(Br)c(Br)c1
B-1343,-1.0453,CCCCC(N)C(O)=O
B-1344,-2.6307,CCC(Cl)CC
B-1345,0.0193,CCC(O)C=C
B-1346,1.07,O=C1CCCN1
B-1347,1.0856,Cn1ccnc1
B-1348,0.6803,CCCC(C(O)=O)C(O)=O
B-1349,-3.4086,Oc1cc(O)c(cc1[N+]([O-])=O)[N+]([O-])=O
B-1350,-2.6354,OC(=O)c1cc(C=O)ccc1O
B-1351,0.5921,CCCCCC(C(O)=O)C(O)=O
B-1352,-1.3093,CCCC(O)C(C)C
B-1353,-1.2125,NC(CC(O)=O)C(O)=O
B-1354,0.8726,OC(CC(O)=O)C(O)=O
B-1355,-0.8551,NC(CCC(O)=O)C(O)=O
B-1356,1.0127,NCc1occc1
B-1357,0.2983,CN(C)c1cccc(c1)[S](O)(=O)=O
B-1358,-1.7188,[O-]C(=O)c1oc(Cl)cc1
B-1359,-1.1985,OC[C@H]1O[C@@H](Oc2ccccc2C=O)[C@H](O)[C@@H](O)[C@@H]1O
B-1360,-3.0653,Cc1ccc(cc1C)C([O-])=O
B-1361,-2.4142,OCc1cccc(c1)[N+]([O-])=O
B-1362,-2.0885,OC(=O)c1ccc(cc1)C#N
B-1363,-1.8841,OCc1ccc(cc1)[N+]([O-])=O
B-1364,-3.3979,CN(C)c1ccc(cc1)C(O)=O
B-1365,-0.2678,OCc1cccc(O)c1
B-1366,-2.7275,O=C(CC#N)Nc1ccccc1
B-1367,0.8177,OC(=O)Cc1cccc(O)c1
B-1368,-4.0326,CCCCCN(CCCCC)CCCCC
B-1369,-4.7213,Cc1ccc(cc1)N=C=S
B-1370,-3.1232,Cc1ccc(C=C)cc1
B-1371,-1.2678,OCc1ccc(O)cc1
B-1372,-2.7793,COc1ccc(Cl)cc1
B-1373,-2.8265,O=Cc1ccc(C=O)cc1
B-1374,-0.8331,CCCC(=O)OC
B-1375,-0.2046,CC(COC(C)=O)OC(C)=O
B-1376,-3.1972,CCOCCOC(=O)CCCCCCCCC(=O)OCCOCC
B-1377,-2.99,CCOC(=O)CCCCCCCC(=O)OCC
B-1378,-1.3606,CCCCC(=O)OC
B-1379,-5.3723,Ic1ccc(I)cc1
B-1380,-0.2557,COC(=O)\C=C/C(=O)OC
B-1381,-2.6608,CCCCCCC(O)CC
B-1382,-2.2505,CCCCCOC(=O)CC
B-1383,-3.2196,ICCI
B-1384,-1.1308,CC(C)(C)CCO
B-1385,-0.9307,CC(C)CC(C)(C)O
B-1386,-1.0142,CCC(C)(C)NC(N)=O
B-1387,-1.0784,CCCCC(C)(C)O
B-1388,-1.7168,CCCCCC(C)(C)O
B-1389,-2.3603,CCCC(C)Cl
B-1390,-0.9007,COCC(C)C
B-1391,1.0454,COCC(O)=O
B-1392,1.0406,OCC[N+]([O-])=O
B-1393,-0.5607,CCOC(C)C
B-1394,-0.6301,CC(C)OC=O
B-1395,-3.55,Clc1cccc(I)c1
B-1396,-4.57,Ic1cccc(I)c1
B-1397,-1.2498,OC1=CC(=O)C=CN1
B-1398,-0.2328,OCc1cccc(CO)c1
B-1399,-1.2557,CC1=CC(=O)NC(=O)N1
B-1400,1.0218,O=C1C=CNC=C1
B-1401,-1.3662,CC(C)CCOCC(O)COCCC(C)C
B-1402,-0.3602,CCOC(=O)CCCCC(O)=O
B-1403,-1.1286,CC(C)CCCO
B-1404,-0.2019,CC\C=C/C(O)=O
B-1405,-1.3373,CCCOC(C)C
B-1406,-1.5044,CCCO[N+]([O-])=O
B-1407,0.0093,OCCCBr
B-1408,-2.5384,CC\C=C/C
B-1409,0.4223,OCCCCl
B-1410,-0.0725,COCCCl
B-1411,-1.375,CC(C)CCC(C)O
B-1412,-1.2101,CC(C)CCOCC(O)CO
B-1413,-1.4629,COC(=O)CCCCC(=O)OC
B-1414,-0.9907,CCCCOC
B-1415,-0.6806,CCCOCC
B-1416,-1.8841,CCCCCOC(C)=O
B-1417,-0.2046,CC(=O)OCCCOC(C)=O
B-1418,-3.0099,CCCCCC#C
B-1419,-3.1635,C1CCC=CCC1
B-1420,-3.662,CCCCCCC#C
B-1421,-7.5936,CCCCCCCCCCCCC
B-1422,-7.9551,CCCCCCCCCCCCCC
B-1423,-9.4464,CCCCCCCCCCCCCCC
B-1424,-6.3476,CCCCCCCCCCCCCCCO
B-1425,-8.3339,CCCCCCCCCCCCCCCCCCCCCCCCCC
B-1426,-8.4746,CCCCCCCCCCCCCCCCCCCCCCCCCCCCCCCCCCCC
B-1427,-2.1955,ClCC(Cl)(Cl)Cl
B-1428,-2.1702,CCC1(NC(=O)NC1=O)c2ccccc2
B-1429,0.9861,OC(=O)C(Br)Br
B-1430,-1.0762,Cc1cc(N[S](=O)(=O)c2ccc(N)cc2)sn1
B-1431,-0.8369,NCC(O)C(O)=O
B-1432,0.9349,CN(C)C(=O)N(C)C
B-1433,-1.9264,OC(=O)c1c(Cl)c(Cl)c(Cl)c(Cl)c1C(O)=O
B-1434,-4.8127,CC1=C(C=C)/C(NC1=O)=C/c2[nH]c(Cc3[nH]c(\C=C\4NC(=O)C(=C4C)C=C)c(C)c3CCC(O)=O)c(CCC(O)=O)c2C
B-1435,-1.0277,Oc1ccc2N=C3C=CC(=O)C=C3Oc2c1
B-1436,-2.4461,CC1=CNC(=S)NC1=O
B-1437,-2.7833,OC(=O)c1ccc(O)c(c1)C(O)=O
B-1438,0.4143,CC(CC(O)=O)C(O)=O
B-1439,0.4331,OC(CC(O)=O)C(O)=O
B-1440,-1.2558,OC(=O)C1=CCCCC1
B-1441,-1.5462,Oc1ccc(cc1)N=O
B-1442,-1.2906,CCC(=O)OC(C)C
B-1443,-3.54,Clc1ccc(I)cc1
B-1444,-0.9302,CCOC(C)(C)C
B-1445,-1.3679,CC1NC(C)SC(C)S1
B-1446,-0.3137,CC(=O)NC(=O)NC(C)=O
B-1447,-3.8126,CCCCCCCCCCCCC(O)=O
B-1448,-3.0905,CCSCCS[P](=S)(OC)OC
B-1449,1.1132,NC(=O)CF
B-1450,-5.1546,C[C@H](CCC(=O)NCC(O)=O)[C@H]1CC[C@H]2[C@@H]3[C@H](O)C[C@@H]4C[C@H](O)CC[C@]4(C)[C@H]3CC[C@]12C
B-1451,-2.4502,CC(=O)OOC(=O)c1ccccc1
B-1452,-2.0276,CCCc1ccc(O)cc1
B-1453,-2.3332,CCC\C=C(/CC)C=O
B-1454,-3.2291,NC1=NC(=O)N=C(N)N1
B-1455,-2.5384,CC\C=C\C
B-1456,1.1303,C1COCO1
B-1457,0.9313,NCCCCC(O)=O
B-1458,0.924,N[C@@H](CCO)C(O)=O
B-1459,-1.7898,CCNc1nc(NCC)nc(OC)n1
B-1460,0.7467,CN(C)[P](=O)(N(C)C)N(C)C
B-1461,-1.109,CCS[S](=O)(=O)CC
B-1462,-3.5188,CCCC[Sn](Cl)(Cl)CCCC
B-1463,-2.5644,ClC(Br)C(Cl)Br
B-1464,-0.2558,NC(=O)C(Cl)Cl
B-1465,-0.8548,CN(N=O)C(N)=O
B-1466,0.1139,CCOC(=O)N[C@@H](C=O)[C@@H](O)[C@H](O)[C@H](O)CO
B-1467,-1.4648,C=CC#C
B-1468,-3.2439,CC(C)CC=C
B-1469,-1.7015,[O-][N+](=O)OCCOCCO[N+]([O-])=O
B-1470,-3.7603,OC(=O)CCCCCCCCCCC(O)=O
B-1471,-3.63,Clc1ccccc1Br
B-1472,0.9621,CN1C=CC=CC1=O
B-1473,-1.8416,O=[I](=O)c1ccccc1
B-1474,-2.05,CNc1cccc(C)c1
B-1475,-2.2522,Cc1cc(C)c(C)c(O)c1
B-1476,-1.7696,CCc1cc(C)cc(O)c1
B-1477,-2.7505,Cc1ccc(c(O)c1)[N+]([O-])=O
B-1478,-1.4716,O=C1N=CNc2nccnc12
B-1479,-2.2979,Nc1ncc2nccnc2n1
B-1480,-6.5362,ClC1=C(Cl)C(Cl)(Cl)C(Cl)(Cl)C1(Cl)Cl
B-1481,-1.5614,CN1C(=O)NC2=C(NC(=O)N2)C1=O
B-1482,-1.4499,NC(=S)Nc1cccc(c1)[N+]([O-])=O
B-1483,-3.7355,Cc1nn(c2ccccc2)c(C)c1N=O
B-1484,-3.4174,OC(=O)c1c2ccccc2cc3ccccc13
B-1485,-2.2025,Cc1oc(N[S](=O)(=O)c2ccc(N)cc2)nc1C
B-1486,-5.5864,CN(C)[S](=O)(=O)N(SC(F)(Cl)Cl)c1ccc(C)cc1
B-1487,-4.1141,CO[P](=S)(OC)SCN1C(=O)c2ccccc2C1=O
B-1488,-3.875,CC(C)(C)c1cc(c(O)c(c1)C(C)(C)C)C(C)(C)C
B-1489,-4.2014,CC(C)O[P](=S)(OC(C)C)SCCN[S](=O)(=O)c1ccccc1
B-1490,-1.0407,C[Sn](C)(Cl)Cl
B-1491,0.9063,CO[P](C)(=O)OC
B-1492,0.2956,CCO[P](=O)(OCC)O[P](=O)(OCC)O[P](=O)(OCC)O[P](=O)(OCC)OCC
B-1493,-0.9547,CCN(N=O)C(N)=O
B-1494,-2.4737,ClCC(Cl)C=C
B-1495,-2.0411,CCCCCCCC(C(O)=O)C(O)=O
B-1496,-2.92,CCCCCCCCC(C(O)=O)C(O)=O
B-1497,-0.1448,CCCC(N)C(O)=O
B-1498,-0.5291,FCCCl
B-1499,-3.033,CCCC(C)=C
B-1500,-0.4206,CCOCCC(=O)OCC
B-1501,-3.537,CC(C)=CC=C(C)C
B-1502,-2.3335,ClC/C=C/CCl
B-1503,1.1423,O=CC1CO1
B-1504,-2.4639,COc1ccccc1Cl
B-1505,-0.4884,Cc1cc(C)nc(N)n1
B-1506,-1.0831,C1CC[C@@H]2NCCC[C@H]2C1
B-1507,-1.141,CC(O)COc1ccccc1
B-1508,-4.6347,C1Cc2ccccc2c3ccccc13
B-1509,-1.5883,O=C(NNC(=O)c1ccccc1)c2ccccc2
B-1510,-6.6202,Clc1ccc(cc1)C(c2ccccc2Cl)C(Cl)(Cl)Cl
B-1511,0.4063,CCCO[P](=O)(OCC)OCC
B-1512,-0.5932,CCCC[P](=O)(CCCC)CCCC
B-1513,-1.3297,CCOC(=O)CCCC(=O)OCC
B-1514,0.9351,OCCOC(=O)C=C
B-1515,0.1255,[Ca++].[O-][S](=O)(=O)C[S]([O-])(=O)=O
B-1516,-0.1793,OCCCC=C
B-1517,0.7899,CC(O)CCOCCC(C)O
B-1518,-3.1112,OC(=O)CCCCCCCCCCCCC(O)=O
B-1519,-0.0651,CC(C)C1OCCO1
B-1520,-0.402,CSc1ncccn1
B-1521,0.759,CC1CC(OC(C)O1)OC(C)=O
B-1522,-0.7276,CN1C(=O)N(C)c2nc(C)[nH]c2C1=O
B-1523,-1.4493,CN1C(=O)N(C)c2nc(C)n(C)c2C1=O
B-1524,-1.8586,CCOC(=O)[C@H](Cc1ccc(O)cc1)NC(C)=O
B-1525,-2.9284,COCCCNc1nc(NC(C)C)nc(SC)n1
B-1526,-3.4792,COCCCNc1nc(NCCCOC)nc(SC)n1
B-1527,-3.6036,OC1N=C(c2ccccc2Cl)c3cc(Cl)ccc3NC1=O
B-1528,-4.4584,CC(=O)O[C@H]1CC[C@]2(C)[C@H]3CC[C@@]4(C)[C@@H](CCC4=O)[C@@H]3CC=C2C1
B-1529,-3.2676,CC(=O)CCC1C(=O)N(N(C1=O)c2ccccc2)c3ccccc3
B-1530,-1.7541,CCO[P](=O)(OCC)C(Cl)(Cl)Cl
B-1531,0.2962,[K+].[K+].[K+].OC(CC([O-])=O)(CC([O-])=O)C([O-])=O
B-1532,-1.2449,CC(=O)OC(OC(C)=O)C=C
B-1533,0.6755,CC(=O)NCCNC(C)=O
B-1534,-5.3911,CCCCCCCCC=C
B-1535,1.0038,CN1CCCC1=O
B-1536,-1.9295,OCc1ccc(Br)cc1
B-1537,-1.7561,OCc1ccc(Cl)cc1
B-1538,-0.3895,[K+].OC(=O)c1ccccc1C([O-])=O
B-1539,-1.4838,CCOc1nc(OCC)nc(OCC)n1
B-1540,-7.1031,[O-][N+](=O)c1ccc2c3ccccc3c4cccc1c24
B-1541,-1.768,CN(C)[C@H]1[C@@H]2[C@@H](O)[C@@H]3C(=C)c4cccc(O)c4C(=C3C(=O)[C@]2(O)C(=O)\C(=C(N)/O)C1=O)O
B-1542,-1.1356,COCCNC(=O)CS[P](=S)(OC)OC
B-1543,-1.8438,CCSCCS[P](=O)(OC)OC
B-1544,-2.4631,CCOC(C)(C)CC
B-1545,-1.5265,CC(C(O)=O)C(C)(C)CCC(O)=O
B-1546,0.8101,OCNC(=O)C=C
B-1547,-0.6222,CCCC(=O)NCCNC(=O)CCC
B-1548,-3.5322,CCCCCC(=O)CCCCC
B-1549,-2.0268,CCCCO[N+]([O-])=O
B-1550,-2.1675,CCC#CCC
B-1551,0.9995,O=NN1CCCC1
B-1552,-1.0006,O=NN1CCCCCC1
B-1553,-2.6422,Oc1c(Cl)ccc(Cl)c1Cl
B-1554,-0.3829,Cc1[nH]c2cncnc2n1
B-1555,0.6329,O=C1CCCCCCCN1
B-1556,-1.5208,O=[S]1(=O)NCc2ccccc12
B-1557,0.0571,Cc1cnc2cncnc2n1
B-1558,-1.5224,CN(Cc1ccccc1)N=O
B-1559,-1.6533,BrC1=CC(=O)Oc2ccccc12
B-1560,-5.2605,COc1cc(Cl)c(Cl)c(Cl)c1Cl
B-1561,-2.1414,Cc1ccc(OCC(O)=O)cc1
B-1562,-1.9573,COc1ccc(\C=C\C(O)=O)cc1
B-1563,-5.2394,COc1c(Cl)c(Cl)c(Cl)c(Cl)c1OC
B-1564,-2.5941,CCO[P](=O)(OCC)N=C1SCCS1
B-1565,-2.8328,O=C1CCCCCCCCCCCN1
B-1566,-3.6744,CCO[P](=O)(OCC)N=C1SCC(C)S1
B-1567,-3.2086,COC1=NN(CS[P](=S)(OC)OC)C(=O)S1
B-1568,-2.964,CN(C)C(=O)C(c1ccccc1)c2ccccc2
B-1569,-5.2721,CC(=O)C1(C)CCC2C3C=C(C)C4=CC(=O)CCC4(C)C3CCC12C
B-1570,-0.6813,C[P](O)(O)=O
B-1571,1.0597,CC(C)N(C)C
B-1572,-1.7111,CCOC(=O)CO[N+]([O-])=O
B-1573,-0.2435,CCOC(=O)CNC(=O)OCC
B-1574,0.8856,CC(O)COC(=O)C=C
B-1575,-0.3463,NC(=O)NCO
B-1576,-2.568,CCCCCO[N+]([O-])=O
B-1577,0.0723,CC1CCC(C)O1
B-1578,0.9621,Cc1cc[n+]([O-])cc1
B-1579,0.9621,CC1=CC=C[NH++]([O-])[CH-]1
B-1580,-2.4135,CCNc1nc(N)nc(Cl)n1
B-1581,-1.8862,O=C1CCCCCCCCCN1
B-1582,-2.5656,CNc1nc(NC(C)C)nc(SC)n1
B-1583,-1.8069,CCCCn1cnc2N(C)C(=O)N(C)C(=O)c12
B-1584,-4.6084,O=C1OC(=Nc2ccccc12)c3ccccc3
B-1585,-6.2893,ClC1C2OC2C3C1C4(Cl)C(=C(Cl)C3(Cl)C4(Cl)Cl)Cl
B-1586,-3.0709,CN(C)[P](=O)(N(C)C)n1nc(nc1N)c2ccccc2
B-1587,-2.3922,OC(=O)CNc1c(cc(cc1[N+]([O-])=O)[N+]([O-])=O)[N+]([O-])=O
B-1588,-3.8945,CCCCCCCCOC(=O)c1cc(O)c(O)c(O)c1
B-1589,1.0354,C[Si](C)(O)O
B-1590,-4.7672,CCCC[Sn++]CCCC.CC([O-])=O.CC([O-])=O
B-1591,-1.2069,OC(=O)CNC[P](O)(O)=O
B-1592,-0.7552,S=C1NNC(=S)S1
B-1593,-2.6958,Fc1ccccc1Br
B-1594,-1.9616,Oc1cnn(c1)c2ccccc2
B-1595,-5.5959,CCCCCCCc1ccccc1
B-1596,-3.949,CCCCCCOC(=O)c1ccc(O)cc1
B-1597,-4.0725,CCCCCCCOC(=O)c1ccc(O)cc1
B-1598,-5.4088,CN(C)[S](=O)(=O)N(SC(F)(Cl)Cl)c1ccccc1
B-1599,-4.5835,CC(C)(C)C(=O)OCC(=O)C1(O)CCC2C3CCC4=CC(=O)C=CC4(C)C3C(O)CC12C
B-1600,0.6712,CNC(=O)CS[P](=O)(OC)OC
B-1601,-3.3082,CCCCN(CC)C(=O)SCCC
B-1602,-0.3216,CSCC[C@@H](NC(C)=O)C([O-])=O
B-1603,-0.94,CCCCCC(N)C(O)=O
B-1604,0.8724,OCCN(CCO)N=O
B-1605,-6.8496,CCCCCCCCN(CCCCCCCC)CCCCCCCC
B-1606,-0.7306,CC(C)(C)NC(N)=O
B-1607,-0.1796,C[Si](C)(O)O[Si](C)(C)O
B-1608,-0.4337,COC(=O)CCCC(=O)OC
B-1609,-0.1944,OC(=O)CCSSCCC(O)=O
B-1610,-2.7695,CCCCC#CC
B-1611,-7.5505,CCCCCCCCCCC
B-1612,-0.7824,Cc1cc(C)c(C)cn1
B-1613,-0.2062,CN(C)c1cc[nH+]cc1
B-1614,-0.8234,CCc1cccc(C)n1
B-1615,-0.3328,OC(=O)C1(O)CCCCC1
B-1616,-1.6763,Cc1cc(Cl)cc(C)c1O
B-1617,-1.1247,Clc1cnc2ncncc2n1
B-1618,-0.8749,Clc1cnc2cncnc2n1
B-1619,-0.7787,Oc1ccc(CC=C)cc1O
B-1620,-0.9376,Cc1cc(N)n(n1)c2ccccc2
B-1621,-3.468,Oc1ccc(cc1)C2CCCCC2
B-1622,-3.4037,CCSC(=O)N(CC)C1CCCCC1
B-1623,-3.8373,Cl[Sn](Cl)(c1ccccc1)c2ccccc2
B-1624,-1.6252,CCCCN1C(=O)N(C)c2ncn(C)c2C1=O
B-1625,-3.6778,Cc1ccc(cc1)[S](=O)(=O)NC(=O)NN2CCCCCC2
B-1626,-3.1373,COC1[C@H](O)C(C)O[C@H](O[C@H]2CC[C@@]3(C=O)[C@H](CCC4C3CC[C@]5(C)[C@H](CC[C@]45O)C6=CC(=O)OC6)C2)C1O
B-1627,-1.1286,CCC(C)(C)CO
B-1628,-0.8608,CCC(C(CC)C(O)=O)C(O)=O
B-1629,-0.8271,N[C@@H]([C@@H](O)C(O)=O)C(O)=O
B-1630,-0.6341,CCN(CC)C(=O)N(CC)CC
B-1631,-1.3301,CC(C)C[C@H](NC(C)=O)C(O)=O
B-1632,-1.6516,OC1=CC(=O)NC=N1
B-1633,-1.0004,Oc1ccc(O)c(C=O)c1
B-1634,0.0255,NCC1CCC(CC1)C(O)=O
B-1635,-1.9424,Cc1cc(C)c2ccccc2n1
B-1636,-4.9629,Oc1c(O)c(Cl)c(Cl)c(Cl)c1Cl
B-1637,-1.6839,CC(NC(=O)c1ccccc1)C(O)=O
B-1638,-1.0556,COC(=O)CNC(=O)c1ccccc1
B-1639,-5.5934,CN1c2ccccc2Sc3ccccc13
B-1640,-3.5745,C(Nc1ncnc2nc[nH]c12)c3ccccc3
B-1641,-4.2224,CCCCCCCCOC(=O)c1ccc(O)cc1
B-1642,-5.1693,CC1COCc2cc3c(cc12)C(C)(C)C(C)C3(C)C
B-1643,-1.2948,[Br-].CC[n+]1c2cc(N)ccc2c3ccc(N)cc3c1c4ccccc4
B-1644,-5.2804,CCCCC(CC)CO[P](=O)(Oc1ccccc1)Oc2ccccc2
B-1645,-2.9549,CN1N(C(=O)C(=C1C)CC2=C(C)N(C)N(C2=O)c3ccccc3)c4ccccc4
B-1646,-2.5784,Cc1c(C(O)=O)c(O)cc2C(=O)c3c(O)c(O)c([C@H]4O[C@H](CO)[C@@H](O)[C@H](O)[C@H]4O)c(O)c3C(=O)c12
B-1647,-3.755,Cc1cccc2ccccc12
B-1648,-3.0007,Cc1cccc(C)c1
B-1649,-6.01,Cc1ccc(O[P](=O)(Oc2ccc(C)cc2)Oc3ccc(C)cc3)cc1
B-1650,-2.2756,CC(C)C(C)C(C)C(O)C#CC(C)C(C)O
B-1651,-2.5784,Cc1c(C(O)=O)c(O)cc2C(=O)c3c(O)c(O)c(C4OC(CO)C(O)C(O)C4O)c(O)c3C(=O)c12
B-1652,-1.7025,OC[C@H]1O[C@H]([C@H](O)[C@@H](O)[C@@H]1O)[C@@H]2c3cccc(O)c3C(=O)c4c(O)cc(CO)cc24
B-1653,-3.5891,NCCO.Oc1ccc(Cl)cc1C(=O)Nc2ccc(cc2Cl)[N+]([O-])=O
B-1654,-7.2168,C1CN(CCO1)C(c2ccccc2)(c3ccccc3)c4ccccc4
B-1655,-4.7274,CC(C)(C)c1cc(cc(c1O)[N+]([O-])=O)[N+]([O-])=O
B-1656,-4.796,[O-][N+](=O)c1ccc(NN=C2C=CC(=O)C=C2)cc1
B-1657,0.1685,NC(=O)c1ccccn1
B-1658,-7.506,CCCCCCCCCCCCCCCCCO
B-1659,-0.0655,CC1CN(CC(C)O1)N=O
B-1660,-2.8258,COC(=O)c1cccc(c1)C(=O)OC
B-1661,-0.5893,Cc1ccc(C)c(C)n1
B-1662,1.065,C1OC1C2CO2
B-1663,-1.3285,Oc1ccc2CCCc2c1
B-1664,-2.3333,ClC\C=C/CCl
B-1665,-0.3463,CC[C@@H]1CCCCN1
B-1666,-2.5706,CC(C)C1CCC(C)CC1O
B-1667,-2.774,O=C1CCCCC1C2=CCCCC2
B-1668,-2.5895,CC(=O)Oc1ccc(Br)cc1C(O)=O
B-1669,0.2055,CSCCC(NC(C)=O)C(O)=O
B-1670,-0.9205,CC(O)c1ccccc1
B-1671,-0.7937,CCN(CC)C(=O)CCC(O)=O
B-1672,-2.8398,CNC(=O)Oc1cccc2CC(C)(C)Oc12
B-1673,-1.5917,COc1ccc(NC(N)=O)cc1
B-1674,-2.8409,COc1ccc(O)c(c1)[N+]([O-])=O
B-1675,0.9275,CCCOCC(C)O
B-1676,0.0152,C/C=C/C(C)O
B-1677,-1.552,Cc1cc(Cl)ccc1O
B-1678,-2.0439,Cc1cc(Cl)cc(Cl)c1O
B-1679,-2.1554,NC(=O)c1cccc(c1)[S](N)(=O)=O
B-1680,-0.8358,OC(=O)C=C(Br)Br
B-1681,-6.2606,CCCN(CCC)c1c(cc(cc1[N+]([O-])=O)C(F)(F)F)[N+]([O-])=O
B-1682,-0.5916,CC(NC(N)=O)NC(N)=O
B-1683,-1.4127,NC(=O)NN=C1CCCCC1
B-1684,-3.8533,OC(=O)CCC(=O)c1ccc2ccccc2c1
B-1685,-0.2046,CN(C)NC(=O)CCC(O)=O
B-1686,-1.585,OCC(CO[N+]([O-])=O)(CO[N+]([O-])=O)CO[N+]([O-])=O
B-1687,-2.0696,CCNc1nc(NC(C)C)nc(OC)n1
B-1688,-0.7221,C=C\C=C/C#N
B-1689,-3.4993,[O-][N+](=O)c1ccc2NC(=O)CN=C(c3ccccc3Cl)c2c1
B-1690,-1.873,CN(C)C1CSSC1
B-1691,-1.6223,CCOC(=O)CC(S[P](=O)(OC)OC)C(=O)OCC
B-1692,-4.1549,CCCCCCCS
B-1693,-0.8673,CNC(=O)O\N=C\C(C)(C)[S](C)=O
B-1694,-1.3469,CNC(=O)O\N=C\C(C)(C)[S](C)(=O)=O
B-1695,-2.2007,FC(F)(Cl)CCl
B-1696,-2.9418,CCCCCCCCCC(C)O
B-1697,-2.3038,CC(C)CCCCCO
B-1698,-5.1939,Cc1cnc2c(ccc3c(C)c(C)cnc23)c1C
B-1699,-3.9469,CN(C)CC\C=C1/c2ccccc2COc3ccccc13
B-1700,-4.2507,CCC1CCCCC1
B-1701,-2.5937,CC1(C)C2CC3OC3(C)C1C2
B-1702,-1.8684,CC1(C)OC(=O)c2ccccc12
B-1703,-3.3429,O=C1C=CC(C=C1)=NNc2ccccc2
B-1704,-3.8703,Oc1c(I)cc(cc1I)C#N
B-1705,-3.3284,Oc1c(Br)cc(cc1Br)C#N
B-1706,-6.7023,CCCCCCCC(=O)Oc1c(Br)cc(cc1Br)C#N
B-1707,-3.3822,ClC1=C(Cl)C(=O)N(N=C1)c2ccccc2
B-1708,-2.7436,NC1=C(Cl)C(=O)N(N=C1)c2ccccc2
B-1709,-1.3884,OC(=O)c1nc(Cl)ccc1Cl
B-1710,-6.5715,Cc1cc2c3ccccc3ccc2c4ccccc14
B-1711,-1.4593,CC(C)O[N+]([O-])=O
B-1712,-2.4448,CC(F)(Cl)Cl
B-1713,-4.9787,COc1ccc2Nc3cc(Cl)ccc3Sc2c1
B-1714,-4.6582,CC(C)c1ccc2c(CC[C@H]3[C@@](C)(CCC[C@]23C)C(O)=O)c1
B-1715,-0.0128,C1NNCN2CNNCN12
B-1716,-3.093,O=C(Nc1ccccc1)c2cccnc2
B-1717,-1.3045,Nc1ccc2snnc2c1
B-1718,0.9178,[NH4+].[S-]C#N
B-1719,-2.248,OCc1ccc(Cl)cc1Cl
B-1720,-0.281,[O-][N+](=O)CCl
B-1721,-0.3462,C\C(NO)=C/N=O
B-1722,-2.0439,OCc1ccc(Cl)c(Cl)c1
B-1723,-1.4249,CCCCO[P+](=O)OCCCC
B-1724,-5.716,Clc1cccc2c(Cl)cccc12
B-1725,-5.3576,Clc1ccc(Cl)c2ccccc12
B-1726,-1.7156,CCN(CC)C(=O)CSc1ccc(Cl)nn1
B-1727,-5.4535,[O-][N+](=O)c1ccc(Oc2ccc(Cl)cc2Cl)cc1
B-1728,-5.6201,[O-][N+](=O)c1ccc(Oc2c(Cl)cc(Cl)cc2Cl)cc1
B-1729,-1.8406,CCCC(O)C(C)CC
B-1730,-4.6772,Fc1ccc(cc1)C(CCCN2CCC3(CC2)N(CNC3=O)c4ccccc4)c5ccc(F)cc5
B-1731,-1.6274,OC(=O)CCCCCCCCCC(O)=O
B-1732,-5.8221,COC(=O)c1c(Cl)c(Cl)c(c(Cl)c1Cl)C(=O)OC
B-1733,-6.5254,CCCCN(CC)c1c(cc(cc1[N+]([O-])=O)C(F)(F)F)[N+]([O-])=O
B-1734,-3.5673,CC(O)COCc1c(Cl)ccc(Cl)c1Cl
B-1735,-0.137,[H+].[Cl-].CNC1(CCCCC1=O)c2ccccc2Cl
B-1736,-4.3009,Cc1cc(O)c(Cc2ccccc2)c(C)c1Cl
B-1737,-0.1124,OCCNC(=O)C(=O)NCCO
B-1738,-1.5701,Nc1ncnc2n(cnc12)[C@]3(CO)O[C@H](CO)[C@@H](O)[C@H]3O
B-1739,-2.4424,Cc1ccccc1OCC(O)=O
B-1740,-2.016,OC(=O)COc1ccccc1[N+]([O-])=O
B-1741,-1.2177,CC(C)(C)[S](=O)(=O)C(C)(C)C
B-1742,-4.1651,ClC(Cl)=C(Cl)C(Cl)(Cl)Cl
B-1743,-1.544,Brc1oc(C=O)cc1
B-1744,-3.7849,CCN(CC)c1nc(Cl)nc(NC(C)C)n1
B-1745,-0.8243,Cc1oc(cc1)C(O)=O
B-1746,-0.4992,COCc1oc(C=O)cc1
B-1747,-1.4249,COc1c(Cl)ccc(Cl)c1C(O)=O
B-1748,-2.7494,Nc1c(Cl)c(Cl)nc(C(O)=O)c1Cl
B-1749,-2.9663,CCCN(CCC)c1c(cc(C)cc1[N+]([O-])=O)[N+]([O-])=O
B-1750,-4.598,CNC(=O)Oc1c(cc(C)cc1C(C)(C)C)C(C)(C)C
B-1751,0.924,N[C@@H](CCO)C(O)=O
B-1752,-2.5748,Oc1ccc2Nc3ccccc3Sc2c1
B-1753,-2.9596,COC(=O)COc1ccc(Cl)cc1Cl
B-1754,-4.8493,CCOC(=O)COc1cc(Cl)c(Cl)cc1Cl
B-1755,-7.0217,CCCCCCCCOC(=O)COc1ccc(Cl)cc1Cl
B-1756,-4.2502,CCCOC(=O)COc1ccc(Cl)cc1Cl
B-1757,-2.2144,COc1ccc(CCC(O)=O)cc1
B-1758,-4.4276,CCCCOCCOC(=O)COc1ccc(Cl)cc1Cl
B-1759,-3.354,CCCSC(=O)N(CCC)CCC
B-1760,-3.5061,Clc1cccc(n1)C(Cl)(Cl)Cl
B-1761,-4.2373,CNC(=O)Nc1sc2ccccc2n1
B-1762,-1.9259,[O-][N+](=O)C(Cl)([N+]([O-])=O)[N+]([O-])=O
B-1763,-0.2311,CC(=C)C1CCC(C)(O)C(O)C1
B-1764,-0.9199,CCCS[S](=O)CCC
B-1765,-2.2926,COc1c(cccc1C(O)=O)C(O)=O
B-1766,-3.8925,CCC(=O)Oc1ccc(cc1)[N+]([O-])=O
B-1767,-4.3945,CCCCC(=O)Oc1ccc(cc1)[N+]([O-])=O
B-1768,-5.4669,CCCCOC(=O)c1ccc(cc1)C(=O)OCCCC
B-1769,0.4579,CC(C)C(NC(=O)CN)C(O)=O
B-1770,0.4121,OCCNC(=O)CCCCC(=O)NCCO
B-1771,-3.1389,CNC(=O)OCc1ccc(Cl)c(Cl)c1
B-1772,-2.6172,CC(OC(=O)Nc1cccc(Cl)c1)C#C
B-1773,-1.6336,NC(=O)Nc1ccc(Br)cc1
B-1774,-3.6702,CCc1ccccc1Br
B-1775,-4.8953,CN(C)C(=O)Nc1ccc(Oc2ccc(Cl)cc2)cc1
B-1776,-4.1108,CC1CCCCC1NC(=O)Nc2ccccc2
B-1777,-3.309,COc1cccc(Cl)c1Cl
B-1778,-3.1019,COc1c(Cl)cccc1Cl
B-1779,-1.2837,NC(=O)C=Cc1ccccc1[N+]([O-])=O
B-1780,0.1735,Cc1ncnc2nc[nH]c12
B-1781,-3.684,CCSC(=O)N(CC(C)C)CC(C)C
B-1782,-3.2425,O=C1CNC(=S)N1c2ccccc2
B-1783,-2.4564,CCCCCCCCCCN
B-1784,-2.9086,CCOC(=O)CCc1ccccc1
B-1785,-0.9348,NC1=C(F)C=NC(=O)N1
B-1786,-2.3572,CNC(=O)Oc1ccc(N(C)C)c(C)c1
B-1787,-3.9214,CNC(=O)Oc1cc(C)c(SC)c(C)c1
B-1788,-4.7404,CCCC1CCCC1
B-1789,0.9435,CC(O)C(N)=O
B-1790,-4.1498,CCC(C)(C)c1ccccc1
B-1791,-2.0408,CCOC(=O)CCCCCC(=O)OCC
B-1792,-2.5304,CCOC(=O)CCCCCCC(=O)OCC
B-1793,-6.1611,Clc1ccc2ccccc2c1Cl
B-1794,-5.7963,Clc1cccc2cccc(Cl)c12
B-1795,-6.3566,Clc1cc2ccccc2cc1Cl
B-1796,-3.0299,OC/1=CC(=O)C=CC1=N/Nc2ccccc2
B-1797,0.4853,COC(C)C(N)C(O)=O
B-1798,0.4979,COC(C)C(N)C(O)=O
B-1799,-3.3674,CC(C)CC(c1ccc(O)cc1)c2ccc(O)cc2
B-1800,-0.4564,C[C@@H](C[C@@H](C)C([O-])=O)C([O-])=O
B-1801,-4.3128,N[S](=O)(=O)c1cc2c(CN(C3CCCCC3)C2=O)cc1Cl
B-1802,-4.0851,Brc1cccc(c1)N=C=S
B-1803,-5.6133,C[C@@H]1C[C@H]2[C@@H]3C[C@H](F)C4=CC(=O)C=C[C@]4(C)[C@@]3(F)[C@@H](O)C[C@]2(C)[C@@]1(O)C(=O)CO
B-1804,-2.5763,Oc1ccc(C2CCCCC2)c(O)c1
B-1805,-3.0802,OCC1C(CO)C2(Cl)C(=C(Cl)C1(Cl)C2(Cl)Cl)Cl
B-1806,-3.0074,OC(=O)c1ccccc1C(=O)c2ccc(Br)cc2
B-1807,-4.5241,CCNC1=NC(=O)N=C(NC(C)C)N1
B-1808,-2.2182,CN(C)C(=O)NC1CCCCCCC1
B-1809,0.554,[Na+].C[As](O)([O-])=O
B-1810,-4.5916,O=C1NC2=C(CCC2)C(=O)N1C3CCCCC3
B-1811,-4.4325,CC(=C)C(=O)Nc1ccc(Cl)c(Cl)c1
B-1812,-3.1727,CCC(C)OC(=O)Nc1cccc(Cl)c1
B-1813,-5.2117,CC(C)COc1ccc2ccccc2c1
B-1814,-2.0798,CCCCN1CCCCC1C(=O)Nc2c(C)cccc2C
B-1815,-5.9217,Clc1ccc2ccc(Cl)cc2c1
B-1816,-2.6212,CCOC(=O)c1[nH]c(C)cc1C
B-1817,-3.1165,COc1ccc(cc1C(O)=O)C(O)=O
B-1818,-4.2719,C[C@H]1CCCC[C@H]1C
B-1819,-4.4657,CC1CCC(C)CC1
B-1820,-2.3541,C[C@@H](Cl)[C@@H](C)Cl
B-1821,-2.7501,OC(=O)c1cccc2cccc(c12)[N+]([O-])=O
B-1822,-6.0474,CCCCC(C)CCC
B-1823,-2.5037,CC(C)[C@@H]1CC[C@@H](C)C[C@H]1O
B-1824,-4.1992,COc1cccc2ccccc12
B-1825,-2.2702,CC1(C)[C@@H]2CC[C@@](C)(C2)[C@@H]1O
B-1826,-2.0625,CCC(CC)([S](=O)(=O)CC)[S](=O)(=O)CC
B-1827,-7.0335,Clc1ccc(Sc2cc(Cl)c(Cl)cc2Cl)cc1
B-1828,-7.2784,ClC1=C(Cl)C(Cl)(C(=C1Cl)Cl)C2(Cl)C(=C(Cl)C(=C2Cl)Cl)Cl
B-1829,-0.9667,O\N=C/1CCCC=C1
B-1830,-9.703,Clc1c(Cl)c(Cl)c2c(Cl)c(Cl)c(Cl)c(Cl)c2c1Cl
B-1831,-1.1693,Nc1cccc(c1)C#N
B-1832,-3.2987,CCCCCCCCC#N
B-1833,-2.6194,Nc1cccc2c(N)cccc12
B-1834,-3.1714,S=C=NCCc1ccccc1
B-1835,-0.4659,[O-]C(=O)C(Cl)=C(Cl)Cl
B-1836,-0.4505,FC(F)(F)c1[nH]c2cncnc2n1
B-1837,-2.4657,OC(=O)CCCCc1ccccc1
B-1838,-1.1522,Cn1cnc2nc(Cl)nc(Cl)c12
B-1839,-3.4066,CO[P](=O)(OC)OC(=C\Cl)/c1ccc(Cl)cc1Cl
B-1840,-2.0575,CCO[P](=S)(OCC)SCC(=O)NC(C)C
B-1841,0.5416,CNC(=O)CCSCCS[P](=O)(OC)OC
B-1842,-3.1284,OC(=O)c1c(O)ccc2ccccc12
B-1843,-4.2856,CC(C)N(C(C)C)C(=O)SC\C(Cl)=C\Cl
B-1844,-4.8818,CC(C)N(C(C)C)C(=O)SCC(Cl)=C(Cl)Cl
B-1845,-1.935,OC(=O)C1CCCCC1C(O)=O
B-1846,-1.7136,O=C1Nc2nc[nH]c2C=N1
B-1847,-0.9527,CN1C(=O)N(C)C2=C(N(C)C(=O)N2C)C1=O
B-1848,-5.0813,CCO[P](=S)(OCC)SCN1C(=O)Oc2cc(Cl)ccc12
B-1849,-3.8885,CCCCOC(=O)C1(O)c2ccccc2c3ccccc13
B-1850,-0.243,CCN(CC)C(=O)CCl
B-1851,-2.6701,CCCOC(=O)c1ccccc1
B-1852,-0.2072,OCc1cc(Br)ccc1O
B-1853,-0.4073,CC(C)C(CC(O)=O)C(O)=O
B-1854,-1.7557,CCOC(=O)[C@H](Cc1ccccc1)NC(C)=O
B-1855,-2.3057,Fc1cc(F)c(F)c(F)c1
B-1856,-1.4391,CCCC(C)(C)CO
B-1857,-3.8523,OC(=O)\C=C/c1ccc2OCOc2c1
B-1858,-1.6885,CCC1(CC=C)C(=O)NC(=O)NC1=O
B-1859,-6.644,Cc1ccc2cc3ccc4ccccc4c3cc2c1
B-1860,-6.8162,Cc1ccc2cc3c(ccc4ccccc34)cc2c1
B-1861,-8.5234,Cc1c2ccccc2c3ccc4cccc5ccc1c3c45
B-1862,-2.1795,S=C1Nc2ccccc2O1
B-1863,-6.8074,ClC1(Cl)C2(Cl)C3(Cl)C4(Cl)C(Cl)(Cl)C5(Cl)C3(Cl)C1(Cl)C5(Cl)C24Cl
B-1864,-3.9507,Clc1cccc(c1)N=C=S
B-1865,-2.983,C#CCCCCCC#C
B-1866,-1.2983,OC(=O)C1=C[NH++]([O-])[CH-]C=C1
B-1867,-1.5687,CCCCO[P](=O)(CC)OCCCC
B-1868,-1.4155,CCCCO[P](C)(=O)OCCCC
B-1869,-3.2286,Oc1ccccc1Oc2ccccc2
B-1870,-0.5229,CCC(O)CN(CC(O)CC)CC(O)CC
B-1871,-6.5648,Cc1c2ccccc2cc3ccc4ccccc4c13
B-1872,-5.3968,ClC(Cl)C(Cl)(Cl)SN1C(=O)C2CC=CCC2C1=O
B-1873,-0.8135,CCCCOCC1CO1
B-1874,-1.4202,Cc1cc(Cl)c(O)c(Cl)c1
B-1875,-0.1191,Cc1ncc2nccnc2n1
B-1876,-0.4658,Cc1ncnc2nccnc12
B-1877,-2.3039,NCCCCCCCCCCC(O)=O
B-1878,-5.3698,Cc1ccc2nc3SC(=O)Sc3nc2c1
B-1879,-2.6592,CCCCCCCCCCCCN=C(N)N.CC(O)=O
B-1880,-1.7815,COc1ccccc1C(N)=O
B-1881,-0.0256,OC(=O)CN(C[P](O)(O)=O)C[P](O)(O)=O
B-1882,-1.805,Nc1ccc(CC(=O)c2ccccc2)cc1
B-1883,-4.7999,Clc1ccc(Oc2ccc(Cl)cc2)cc1
B-1884,-1.6774,O.CC(C)(O)C1CCC(C)(O)CC1
B-1885,-4.0777,OC(=O)C1(O)c2ccccc2c3ccc(Cl)cc13
B-1886,-6.9515,Nc1ccc(N)c2C(=O)c3c(N)ccc(N)c3C(=O)c12
B-1887,-4.4717,CC(=O)Oc1c(cc(c(C)c1C(C)(C)C)[N+]([O-])=O)[N+]([O-])=O
B-1888,0.2672,OC(=O)CNC=O
B-1889,-1.5008,Oc1ccc(cc1)C(=O)Cc2ccccc2
B-1890,-2.5403,CCO[P](=S)(OCC)SCC[S](=O)(=O)CC
B-1891,-7.31,Cc1c2ccccc2cc3c1cc(F)c4ccccc34
B-1892,-6.644,Cc1cccc2ccc3cc4ccccc4cc3c12
B-1893,-1.319,OC(=O)c1cc(Cl)ccc1[N+]([O-])=O
B-1894,-3.4746,CCCCO[P](=O)(OCCCC)Oc1ccccc1
B-1895,-4.1836,COC(=O)C1(O)c2ccccc2c3ccc(Cl)cc13
B-1896,-4.7949,COc1c(O)c(Cl)c(Cl)c(Cl)c1Cl
B-1897,-1.9954,CO[P](=S)(OC)SCC(=O)N(C)C=O
B-1898,-7.31,Cc1c2ccccc2cc3c4ccccc4cc(F)c13
B-1899,-7.343,Cc1c2ccccc2cc3c4ccccc4ccc13
B-1900,-0.9574,OC(=O)CCCCCCCC=O
B-1901,-3.3555,ClC(Cl)C(=O)Nc1ccccc1
B-1902,0.2919,CCC1OCCO1
B-1903,-0.7773,N\C(NO)=C(/N)N=O
B-1904,-2.1103,Cc1cc(O)ccc1[N+]([O-])=O
B-1905,-7.5229,[O-][N+](=O)c1ccc(cc1)N=Nc2ccc(Nc3ccccc3)cc2
B-1906,-2.4412,NC(N)=Nc1sc2ccccc2n1
B-1907,-1.2045,OC(=O)CCC=CC(O)=O
B-1908,-1.5384,CCO[P](=S)(OCC)SC[S](=O)CC
B-1909,-2.5309,CCO[P](=S)(OCC)SC[S](=O)(=O)CC
B-1910,-3.3254,CCOc1snc(n1)C(Cl)(Cl)Cl
B-1911,-2.5177,CCOC(=O)N(C)C(=O)CS[P](=S)(OCC)OCC
B-1912,-4.4643,CCOC(=O)C(S[P](=S)(OC)OC)c1ccccc1
B-1913,-0.0821,C[Hg]C#N
B-1914,-2.809,Cc1nc(C)c(cc1C(O)=O)C(O)=O
B-1915,-0.8783,[Na+].[Na+].[Na+].[O-][S](=O)(=O)c1cc2C=CC(=O)\C(=N/Nc3ccc(c4ccccc34)[S]([O-])(=O)=O)c2c(c1)[S]([O-])(=O)=O
B-1916,-1.9076,CC(=O)Nc1ccc(OC(C)=O)cc1
B-1917,-1.3429,CN1C(=O)N(C)c2nc(C)c(C)nc2C1=O
B-1918,-3.9404,CCCC(=O)Oc1ccc(cc1)[N+]([O-])=O
B-1919,-2.9374,Oc1ccc2ccccc2c1N=O
B-1920,-2.0083,C[C@@](CCC([O-])=O)(N=N[C@](C)(CCC([O-])=O)C#N)C#N
B-1921,-4.5171,CCO[P](=S)(OCC)SCN1N=Nc2ccccc2C1=O
B-1922,-6.1958,Nc1cc2c3ccccc3ccc2c4ccccc14
B-1923,-4.2445,CNC(=O)Oc1cc(cc(c1)C(C)(C)C)C(C)(C)C
B-1924,-4.413,COc1cc(Cl)c(OC)cc1Cl
B-1925,-0.0543,CNCCC(O)=O
B-1926,-4.7796,Clc1ccccc1Oc2ccccc2
B-1927,-1.1466,CCCCO[P](=O)(OCC)OCC
B-1928,-0.5606,CCOC(=O)[C@@H](N)CC(C)C
B-1929,-1.833,OC(=O)C(CSSCC(NC(=O)Cc1ccccc1)C(O)=O)NC(=O)Cc2ccccc2
B-1930,-3.425,C1C[n+]2ccccc2c3cccc[n+]13
B-1931,-3.4588,COc1cc(Cl)c(Cl)cc1OC
B-1932,0.7286,COC1=COC(=CC1=O)CS[P](=O)(OC)OC
B-1933,0.5249,CC(O)([P](O)(O)=O)[P](O)(O)=O
B-1934,-2.1082,CCC(C)c1cc(cc(c1OC(C)=O)[N+]([O-])=O)[N+]([O-])=O
B-1935,0.4864,C[C@H]1C[NH2+][C@H](C)C[NH2+]1
B-1936,-0.2332,CC(=O)C=CC(O)=O
B-1937,-3.699,OC(=O)CCCCCCCCCCBr
B-1938,0.2868,CCC(N)C(O)=O
B-1939,-1.959,FC(Cl)C(F)(F)F
B-1940,-2.783,COc1cccc(Cl)c1
B-1941,-5.4956,CCO[P](=S)(OCC)Oc1nc(Cl)c(Cl)cc1Cl
B-1942,-0.3567,O=C1CCCC1C#N
B-1943,-1.6917,CCSC(=O)N(CC)CC
B-1944,-2.8999,C=CCO[P](=O)(OCC=C)c1ccccc1
B-1945,-1.7166,CCCCO[P](=O)(CCCC)CCCC
B-1946,-4.2834,CC1=C(Cl)C(=O)C(=C(C)N1)Cl
B-1947,-2.1794,Oc1ccc(C=O)cc1Br
B-1948,-6.4001,Clc1ccc(cc1)c2cccc(Cl)c2
B-1949,-2.8097,OC(=O)COc1cccc(Cl)c1Cl
B-1950,-0.6994,CCOC(=O)C(C)OC(C)=O
B-1951,-2.6015,Nc1ccc(SC#N)cc1
B-1952,-3.1346,Nc1nc2nc[nH]c2c(n1)C(F)(F)F
B-1953,-4.889,CCN(CC)c1nc(NC(C)C)nc(OC)n1
B-1954,-2.8896,CNc1nc(Cl)nc(NC(C)C)n1
B-1955,-2.9512,Oc1ccc(C=O)cc1[N+]([O-])=O
B-1956,-1.8476,CC(Br)CCl
B-1957,-1.7509,CNc1nc(NC(C)C)nc(OC)n1
B-1958,-3.124,NC1=C(Br)C(=O)N(N=C1)c2ccccc2
B-1959,0.1899,CC(CCC(O)=O)CC(O)=O
B-1960,-0.5146,CN[C@@H](CC(C)C)C(O)=O
B-1961,-0.6325,CC(C)C(NC(C)=O)C(O)=O
B-1962,-3.3396,C=CCCCC=C
B-1963,-4.8532,CC1CCCC(C)(C)C1
B-1964,0.3237,OC(=O)CNCCC#N
B-1965,-0.3895,CC[C@@H](C)[C@H](N)C(O)=O
B-1966,-4.1183,OC1(CCN(CCCC(=O)c2ccc(F)cc2)CC1)c3ccccc3
B-1967,-1.5402,CC(C)(C)CCCO
B-1968,-0.511,NC(=O)C[C@H](NC(N)=O)C(O)=O
B-1969,-4.3238,CN(C)C(=O)N(c1ccc(Cl)c(Cl)c1)C(=O)c2ccccc2
B-1970,0.3256,NC(=O)NCl
B-1971,0.2124,CC(C)C[C@H](N)C(=O)NCC(=O)NCC(O)=O
B-1972,-0.3226,OCC(O)C(O)C(O)C(O)C(O)C=O
B-1973,-3.0559,OC(=O)C1=C/C(C=CC1=O)=N/Nc2ccccc2
B-1974,-1.0632,COc1ccc(cc1)C(=O)CCC(O)=O
B-1975,-0.8608,CCC(NC=NN)C(O)=O
B-1976,-3.5629,OC1=CC=C(Br)C=CC1=O
B-1977,-7.8728,BrC1CCC(Br)C(Br)CCC(Br)C(Br)CCC1Br
B-1978,-0.7276,CC(C)COC(=O)C(C)(C)O
B-1979,-1.7037,Oc1ccccc1C(=O)N2CCOCC2
B-1980,-3.4881,[O-][N+](=O)c1cccc(Cl)c1Cl
B-1981,-5.3844,BrCC(CBr)(CBr)CBr
B-1982,-4.1009,CCCO[P](=S)(OCCC)O[P](=S)(OCCC)OCCC
B-1983,-3.9686,Cc1ccnc2c1ccc3c(C)ccnc23
B-1984,-0.9634,CCC(=O)OOC(=O)CC
B-1985,-4.4155,CCC(COC(=O)C(C)=C)(COC(=O)C(C)=C)COC(=O)C(C)=C
B-1986,-0.8384,OCC(CO)(CBr)CBr
B-1987,-2.1351,CC(Oc1ccc(Cl)cc1)C(O)=O
B-1988,-1.7306,CN(C)C(N)=N
B-1989,-2.7939,OC(=O)C1=CCCc2ccccc12
B-1990,0.3722,OCC(O)C(O)C(O)C(O)C(O)CO
B-1991,-0.7034,O/N=C/1CCCC=C1
B-1992,-4.4617,Oc1cc(Cl)ccc1Oc2ccc(Cl)cc2Cl
B-1993,-2.391,C=CCCN=C=S
B-1994,-0.796,N[C@@H](Cc1cc(Cl)c(O)c(Cl)c1)C(O)=O
B-1995,-2.3849,Nc1nc(N)nc(Cl)n1
B-1996,0.3746,CCC(=O)NCCNC(=O)CC
B-1997,-6.3563,Clc1ccc(cc1)C(=C(Cl)Cl)c2ccccc2Cl
B-1998,-2.2994,CN1C(=O)N(C)c2n[se]nc2C1=O
B-1999,-1.1841,OC(=O)c1occ(Br)c1
B-2000,-4.2405,CCCCCCCC#C
B-2001,-4.2178,CC1CCCCN1CCCOC(=O)c2ccc(Cl)c(Cl)c2
B-2002,-5.428,Clc1c(Cl)c(Cl)c2nccnc2c1Cl
B-2003,-5.0474,CC(C)CCC(C)(C)C
B-2004,-1.0651,CCOC(=O)N(CC)CC
B-2005,-1.8708,Oc1cc(O)c(c(O)c1)C(=O)c2ccccc2
B-2006,-0.0058,OC[C@H]1OC2(COC3(CO2)O[C@H](CO)[C@@H](O)[C@@H]3O)[C@@H](O)[C@@H]1O
B-2007,-3.8226,CC(C)Cc1sc(N[S](=O)(=O)c2ccc(N)cc2)nn1
B-2008,-1.9733,CN(Cc1cc(Br)cc(Br)c1N)C2CCCCC2
B-2009,-5.1241,OCCN(Cc1ccc(Oc2ccc(cc2)[N+]([O-])=O)cc1)C(=O)C(Cl)Cl
B-2010,-3.3016,CCCCCCCCCC(C(O)=O)C(O)=O
B-2011,-3.5677,FC(F)(F)c1[nH]c2ccc(Cl)c(Cl)c2n1
B-2012,-2.7696,CCC1(C(=O)NC(=O)NC1=O)C2=CC3CCC(C3)C2
B-2013,0.6311,C[C@H](CC(O)=O)C(O)=O
B-2014,-0.859,NC(C(O)C(O)C(O)CO)C(O)=O
B-2015,-2.7229,C(Cc1ccccc1)NCc2ccccc2
B-2016,-2.1453,CCc1ccc(NC(C)=O)cc1
B-2017,-2.7039,OCCCCCCCCCCC([O-])=O
B-2018,-3.699,COc1cc(OC)c2C(=O)C3(Oc2c1)C(C)CC(=O)C=C3OC
B-2019,-0.1554,CCOC(C)C(=O)C=O
B-2020,-3.5738,Clc1ccc(cc1)C(C(=O)C2C(=O)c3ccccc3C2=O)c4ccccc4
B-2021,-6.592,Cc1cc2ccccc2c3ccc4ccccc4c13
B-2022,-7.0109,Cc1c(C)c2c3ccccc3ccc2c4ccccc14
B-2023,-6.796,CCc1c2ccccc2cc3c1ccc4ccccc34
B-2024,-2.1693,N[S](=O)(=O)c1cccc(c1)[S](N)(=O)=O
B-2025,0.9095,Cc1cc(C)c[n+]([O-])c1
B-2026,0.966,NCc1ccccn1
B-2027,0.966,NCc1ccncc1
B-2028,-0.6237,CCO[P](=O)(OCC)SCC(=O)NC(C)(C)C#N
B-2029,-2.826,CCO[P](=S)(OCC)Oc1ccc(N)cc1
B-2030,-4.9544,Clc1cc(Cl)nc(n1)c2ccccc2
B-2031,-6.0863,CCCCCC1CCCC1
B-2032,-4.1254,Cc1cc(ccc1N=Nc2ccccc2)N(CCO)CCO
B-2033,-2.543,COc1cc(N[S](=O)(=O)c2ccc(N)cc2)nc(C)n1
B-2034,-2.6087,OC(=O)CN1C(=O)Sc2cccc(Cl)c12
B-2035,-0.121,NNC(=O)CC(=O)NN
B-2036,-0.9694,OCC(O)COC(=O)c1ccccc1Nc2ccnc3cc(Cl)ccc23
B-2037,0.9861,C[C@H]([NH3+])C(C)(C)C
B-2038,0.8027,COCCC(=O)OC
B-2039,-0.4985,NNC(=O)C(O)C(O)C(O)C(O)CO
B-2040,-3.414,[nH]1c2ccccc2nc1c3occc3
B-2041,-6.1119,Brc1ccc2Nc3ccccc3Sc2c1
B-2042,-6.9278,Ic1ccc2Nc3ccccc3Sc2c1
B-2043,-1.4486,ClCC[S](=O)(=O)CC[S](=O)(=O)CCCl
B-2044,-1.8077,OC(=O)CN(CC(O)=O)Cc1cc2C(=O)c3ccccc3C(=O)c2c(O)c1O
B-2045,-2.873,COC(=O)c1ccc(O)c(Cl)c1
B-2046,-1.1514,CCC(O)C(C)(C)C
B-2047,-0.7953,OC(=O)C[C@@H](Cl)C(O)=O
B-2048,-1.6566,CCCCCCC(C(O)=O)C(O)=O
B-2049,-2.6198,OC(=O)COc1c(Cl)ccc(Cl)c1Cl
B-2050,-0.7616,COCC(=O)c1ccccc1
B-2051,0.0829,[Cl-].Cl/C=C/C[N+]12CN3CN(CN(C3)C1)C2
B-2052,0.3621,C\C=C/CO
B-2053,-0.2586,[O-][N+](=O)C(CCl)([N+]([O-])=O)[N+]([O-])=O
B-2054,-2.9644,CCC(CC)(C(O)=O)C(CC)(CC)C(O)=O
B-2055,-1.2909,CCCCOCCC(=O)OC
B-2056,-2.0355,CCCCCCC(C)O
B-2057,-4.2031,CCSc1nc(NC(C)C)nc(NC(C)C)n1
B-2058,0.412,C\C=C/C=O
B-2059,-3.9588,CC(C)C(=O)Oc1ccc(cc1)[N+]([O-])=O
B-2060,-1.2135,CCCCOC(=O)CCOC
B-2061,0.2047,OC(=O)C[C@@H](Cl)C(O)=O
B-2062,-3.9172,[O-][N+](=O)c1cc2cccnc2c3ncccc13
B-2063,-1.9424,CCC1=CNC(=O)NC1=O
B-2064,-0.7544,CNC(CC(O)=O)C(O)=O
B-2065,-2.791,OC(=O)c1ccccc1CC(=O)c2ccccc2C(O)=O
B-2066,-1.3391,OC(=O)c1ccc(c(c1)C(O)=O)[N+]([O-])=O
B-2067,-5.7023,Clc1ccc(cc1)N=Nc2ccccc2
B-2068,-3.4757,[O-][N+](=O)c1oc(cc1)\C=N\N2CCCOC2=O
B-2069,-2.7078,O=C1Cc2c(O1)ccc3ccccc23
B-2070,-2.8266,CC[C@@H]1[C@@H](O)N2[C@H]3C[C@@H]1C4C(O)[C@@]5(C[C@H]24)[C@H]3N(C)c6ccccc56
B-2071,-3.99,CCCCCCCCCCC(C(O)=O)C(O)=O
B-2072,-0.3143,Cc1ccc(O)c(CO)c1
B-2073,-2.7186,CCOC(=O)c1[nH]c(C=O)c(CC)c1C
B-2074,-4.1718,OC(=O)c1cccnc1Nc2cccc(c2)C(F)(F)F
B-2075,-0.4509,CC(=O)CC1CCCCN1
B-2076,-1.5022,COC(C)CCOC(C)=O
B-2077,-2.5525,CC\C(NO)=C(\CC)N=O
B-2078,0.2984,O=[P](N1CCOCC1)(N2CCOCC2)N3CCOCC3
B-2079,-3.1435,Cc1cnc(N[S](=O)(=O)c2ccc(N)cc2)nc1C
B-2080,-4.4784,CC1CCC(C)(C)C1
B-2081,0.2903,CC1NC(=O)CNC1=O
B-2082,-0.4579,CN(C=C)N=O
B-2083,0.586,O=C1NC=NC=C1
B-2084,-2.4352,OC1=C(Br)C=CC=CC1=O
B-2085,0.3797,CC(=O)C1(C)CO1
B-2086,-1.0882,CCSC(=S)NCC(O)=O
B-2087,0.3487,OC[C@H]1O[C@@H](O[C@@H]2[C@@H](CO)O[C@](O)(CO)[C@H]2O)[C@H](O)[C@@H](O)[C@H]1O
B-2088,-0.2918,CCN(CC)C(=O)OC
B-2089,-3.4833,OC(=O)CCC(=O)c1cccc2ccccc12
B-2090,-3.6124,CSc1nc(NC(C)C)nc(N=[N+]=[N-])n1
B-2091,-1.8507,CC1(C)[C@@H]2CC[C@@](C)(C2)C1=O
B-2092,-1.1482,N[P](N)(=O)c1ccccc1
B-2093,-1.6543,NCCCNc1ccccc1
B-2094,-5.7601,CCCN(CCC)c1c(cc(cc1[N+]([O-])=O)[S](C)(=O)=O)[N+]([O-])=O
B-2095,-4.0814,OC(=O)c1ccccc1C(=O)Nc2ccccc2
B-2096,-2.6816,[I-].CCN1C=CC(=CC=Cc2cc[n+](CC)c3ccccc23)c4ccccc14
B-2097,-0.4471,CC(=O)Nc1ccccc1O
B-2098,-2.6323,[O-]C(=O)c1cccc(Cl)c1[N+]([O-])=O
B-2099,0.524,CCOC[C@H](N)C(O)=O
B-2100,-0.9301,OC(=O)CCSSCCC(O)=O
B-2101,-0.4287,C/C=C/C#N
B-2102,-0.5993,CCCC(O)C=C
B-2103,-0.515,CC(C)C(O)C=C
B-2104,-0.4198,CCC(O)\C=C\C
B-2105,-2.3354,OC(=O)C(=O)C(c1ccccc1)c2ccccc2
B-2106,-2.9342,CN(C)C(=O)Nc1cccc(OC(=O)NC(C)(C)C)c1
B-2107,0.3925,O=[P](Oc1ccccc1)(N2CCOCC2)N3CCOCC3
B-2108,-1.2899,CCCCOC(=O)CCO
B-2109,-0.8707,CCC(C)C(C)(C)O
B-2110,-0.4908,OC(=O)CC(SC(CC(O)=O)C(O)=O)C(O)=O
B-2111,-1.64,Cc1cccc(O)c1[N+]([O-])=O
B-2112,-2.2304,ClCC(=O)NC(=O)CCl
B-2113,-6.7886,C1CCC(CC1)N(Sc2sc3ccccc3n2)C4CCCCC4
B-2114,-0.7543,COc1cc(C([O-])=O)c(cc1OC)[N+]([O-])=O
B-2115,-4.1949,CC(=O)Nc1ccc(OC(=O)c2ccccc2OC(C)=O)cc1
B-2116,-2.5365,O=[S](=O)(N1CCCCC1)c2ccccc2
B-2117,-0.9738,CCN(CC)C(C#N)c1ccccc1
B-2118,-6.8644,ClC1CC2C(C1Cl)C3(Cl)C(=C(Cl)C2(Cl)C3(Cl)Cl)Cl
B-2119,-6.8644,ClC1CC2C(C1Cl)C3(Cl)C(=C(Cl)C2(Cl)C3(Cl)Cl)Cl
B-2120,-4.4848,CC(C(O)=O)c1ccc(c(F)c1)c2ccccc2
B-2121,-2.0545,[O-][N+](=O)Cc1ccc2ccccc2n1
B-2122,-3.3522,CCO[P](=S)(OCC)N1C(=O)c2ccccc2C1=O
B-2123,-2.4758,OC(=O)C(S)CCC(S)C(O)=O
B-2124,-1.3863,CCSC(=S)N[C@@H](CC(O)=O)C(O)=O
B-2125,-1.9408,ClCC[S](=O)(=O)CCOCC[S](=O)(=O)CCCl
B-2126,-1.9916,COc1cc(ccc1C(O)=O)C(O)=O
B-2127,-1.061,CCCCC(N)C(O)=O
B-2128,-2.3097,CC(=O)Nc1ccc(Cl)cc1C
B-2129,-2.2416,CCCCC1=C(C)NC(=NC1=O)N(C)C
B-2130,-1.5675,CN1C2CCC1CC(C2)OC(=O)C(CO[S](O)(=O)=O)c3ccccc3
B-2131,-3.2043,CC1=C(SCCO1)C(=O)Nc2ccccc2
B-2132,-2.2809,CC1=C(C(=O)Nc2ccccc2)[S](=O)(=O)CCO1
B-2133,-1.6935,OC(=O)CC1CCCCC1
B-2134,-3.6512,CCCCCCCCCCCCCCCCNC(=O)C(C)O
B-2135,-0.3825,CCCCCNC(=O)C(C)O
B-2136,-1.5537,OCC(O)C1OC(Oc2ccccc2)C(O)C(O)C1O
B-2137,0.6835,O[P](O)(=O)c1cccc(c1)[N+]([O-])=O
B-2138,-3.1901,CCCCCCCCCCOC(=O)c1cccnc1
B-2139,-0.7328,CC(C)CC(NC=O)C(O)=O
B-2140,1.0452,C[C@@H](O)[C@H](C)O
B-2141,0.0402,C[S](=O)(=O)N[S](C)(=O)=O
B-2142,-0.6598,CCCOC(=O)CCOC
B-2143,0.055,COC(OC)\C=C/C(OC)OC
B-2144,0.1265,CN1CCC=C1C
B-2145,-1.7701,CC1(C)C(CCC1(C)C(O)=O)C(O)=O
B-2146,-1.425,NN[P](=S)(NN)c1ccccc1
B-2147,-2.3527,Cc1cc(C)cc(OCC(O)=O)c1
B-2148,-7.2135,Clc1ccc2oc3ccc(Cl)cc3c2c1
B-2149,-0.9487,CCCCCCNC(=O)C(C)O
B-2150,-0.7536,CCCCOC(=O)C(C)OC(C)=O
B-2151,-1.5687,CCc1nc2N(C)C(=O)N(C)C(=O)c2n1C
B-2152,-2.5497,NC(N)=NC(N)=Nc1ccc2ccccc2c1
B-2153,-1.1517,OC(=O)CC1NC(=O)NC1=O
B-2154,-2.1851,Cc1ccc(cc1O)[N+]([O-])=O
B-2155,-1.3228,NC(=O)SCC(=O)Nc1ccccc1
B-2156,-2.1908,CCOC(=O)C(CC(O)=O)=C(c1ccccc1)c2ccccc2
B-2157,-1.1427,Cn1cnc2nc(Cl)nc(NN)c12
B-2158,-1.5255,CCOC(=O)C1=C(C)OC(=C(C(=O)OCC)C1=O)C
B-2159,-4.4216,Nc1cc(ccc1I)[N+]([O-])=O
B-2160,-0.2275,OC(=O)CCC(N(CCC#N)CCC#N)C(O)=O
B-2161,-1.3279,CSCCC(N(CCC#N)CCC#N)C(O)=O
B-2162,-1.2726,CCCCCCCCOC(=O)C(C)O
B-2163,-2.5716,O=C1COc2ccccc2N1
B-2164,-1.1538,CCC\C(=C/C(O)=O)C(O)=O
B-2165,-0.7288,CCOC(=O)N1CCN(CC1)C(=O)OCC
B-2166,-5.0593,CC[C@@H](C)c1cccc([C@@H](C)CC)c1O
B-2167,-7.3213,[O-][N+](=O)c1ccc2ccc3cccc4ccc1c2c34
B-2168,-2.9395,CCN(/N=C/c1oc(cc1)[N+]([O-])=O)C(N)=O
B-2169,-2.6026,OC(=O)CCCCCc1ccccc1
B-2170,-1.7356,CCCCC(C)(O)CC
B-2171,-2.8871,CC1=C(CCC1(C)C)C(O)=O
B-2172,-4.831,CO[P](=S)(OC)Oc1nc(Cl)c(Cl)cc1Cl
B-2173,-5.1244,CC(C)(C)CC(=O)OCC(=O)[C@@]12OC(C)(C)O[C@@H]1C[C@H]3[C@@H]4CCC5=CC(=O)C=C[C@]5(C)[C@@]4(F)[C@@H](O)C[C@]23C
B-2174,-0.6407,CCOC1CC1
B-2175,-1.3769,Cn1cnc2N(C)C(=O)N(CC([O-])=O)C(=O)c12
B-2176,-0.1528,C[C@@H]1NC(=O)[C@@H](C)NC1=O
B-2177,-1.3278,O=C1CCC(N1)C(=O)Nc2ccccc2
B-2178,-2.7745,Oc1ccc(Sc2ccccc2)cc1
B-2179,-0.1277,CCOCOCOCC
B-2180,-3.3062,O=C1OCc2ccc3ccccc3c12
B-2181,-0.7272,OC(=O)CNC(=O)c1occc1
B-2182,-2.8741,Nc1ccc(cc1)[S](=O)(=O)Nc2sc(cn2)C(O)=O
B-2183,-1.4774,O[C@H]([C@H](O)[C@H](O)C(O)=O)[C@H](O)C(O)=O
B-2184,-0.7962,CCC(CC)(CC(O)=O)C(O)=O
B-2185,-0.3063,OC(C(O)c1ccccc1)C(O)=O
B-2186,-2.5648,CC=C(Cc1ccccc1)C(O)=O
B-2187,-3.0832,OC(=O)c1ccc(NC(=O)c2cccnc2)cc1
B-2188,-0.2059,CCOC(OCC)C(C)=O
B-2189,-1.5959,NC(Cc1ccc(O)c(O)c1)C(O)=O
B-2190,-2.8126,O=C1CCCCCNC(=O)CCCCCNC(=O)CCCCCNC(=O)CCCCCN1
B-2191,-5.3544,CC(C)OC(=O)C(O)(c1ccc(Cl)cc1)c2ccc(Cl)cc2
B-2192,-4.8638,OC1=C(C2CCCc3ccccc23)C(=O)c4ccccc4O1
B-2193,-1.5,CC(=O)OCCS
B-2194,-2.4845,CC1=C(Cl)C(=O)N(C(=O)N1)C(C)(C)C
B-2195,-4.3981,CO[P](=S)(OC)SS[P](=S)(OC)OC
B-2196,-0.1288,NC(=O)NN=C[C@H](O)[C@@H](O)[C@H](O)CO
B-2197,0.5007,OC(=O)CC[P](O)(O)=O
B-2198,-0.8167,OC[C@H]1O[C@@H](O[C@H]2[C@H](O)[C@@H](O)[C@H](O)O[C@@H]2CO)[C@H](O)[C@@H](O)[C@H]1O
B-2199,-3.9944,CC(=C)[C@@H]1CCC(=CC1)C
B-2200,-2.3663,CCN(CC)CCSCCN(CC)CC
B-2201,-3.9729,COc1ccc2C(OC(=O)c2c1OC)C3N(C)CCc4cc5OCOc5c(OC)c34
B-2202,-1.4463,CC(=O)CC(CC(O)=O)c1ccccc1
B-2203,-3.7007,CCN(c1c(cc(cc1[N+]([O-])=O)[N+]([O-])=O)[N+]([O-])=O)[N+]([O-])=O
B-2204,-2.4326,Nc1ccc(cc1)C#Cc2ccc(N)cc2
B-2205,-2.3428,OC(=O)c1ccccc1C(=O)c2ccccc2O
B-2206,-3.5782,[O-][N+](=O)C(COC(=O)c1ccccc1C(=O)OCC([N+]([O-])=O)([N+]([O-])=O)[N+]([O-])=O)([N+]([O-])=O)[N+]([O-])=O
B-2207,-0.9481,CCC(O)C(Cl)(Cl)Cl
B-2208,1.142,C\C=C/CO
B-2209,-0.3695,CC(C)CC1OCCO1
B-2210,-1.0737,O=C1CCCCCCCCN1
B-2211,0.2806,CNCl
B-2212,-2.8624,CN(C)C=Nc1ccc(Cl)cc1C
B-2213,-2.0075,CCCCCCC(C)O
B-2214,-0.2374,OC(=O)C(S)CS
B-2215,-2.1934,O/N=C/c1oc(cc1)[N+]([O-])=O
B-2216,-2.1667,O=C1CCCCCN1C(=O)c2ccccc2
B-2217,-6.0092,O=C1C=CC(C=C1)=NNc2ccc(N=Nc3ccccc3)c4ccccc24
B-2218,-1.5961,CC1(C)C2CCC1(C)C(N)(C2)C(O)=O
B-2219,0.8123,[Br-].CC[NH2+]CC
B-2220,-1.9169,Cc1ccc(cc1N)[S](N)(=O)=O
B-2221,-2.2827,CCCCCCCCNC(=O)C(C)O
B-2222,-3.3605,CCCCCCCCCCNC(=O)C(C)O
B-2223,-0.6826,CC(O)C(=O)OC(C)C(=O)OCC=C
B-2224,0.4084,CNCC(O)C(O)C(O)C(O)CO
B-2225,-0.2617,COC(=O)C(C)OC(C)=O
B-2226,0.4578,OC(=O)CN(CCC#N)CCC#N
B-2227,-1.7102,COc1cc2nccnc2c(N)c1OC
B-2228,-0.423,CN(C(N)=O)c1ccc(C)cc1
B-2229,-1.6007,CC(C)CC(C)CO
B-2230,-2.3015,NC(=O)c1ccc(cc1)[S](N)(=O)=O
B-2231,-2.2558,CC1=CN(Cc2ccccc2)C(=O)NC1=O
B-2232,0.188,Cc1[nH]cnc1[S](O)(=O)=O
B-2233,-3.0418,Cc1ccc2NC(=O)C(=O)Nc2c1
B-2234,-2.9677,OC(=O)c1ccc(Br)c(c1)[N+]([O-])=O
B-2235,-3.9031,CN1c2ccccc2C(O)(c3ccccc3)c4ccccc14
B-2236,-1.9642,CC1(CCCC=C1C(O)=O)C(O)=O
B-2237,-1.5337,OC(=O)CC(N(CCC#N)CCC#N)C(O)=O
B-2238,0.5083,CN(C)C(=O)c1ccccc1C(=O)N(C)C
B-2239,-2.2786,COc1cc(CC=C)ccc1OCC([O-])=O
B-2240,-2.9196,C\C=C/C(=O)O[C@@H]1C[C@H]2O[C@@H]3C=C(C)C(=O)C[C@]3(C)[C@]1(C)[C@@]24CO4
B-2241,-1.2047,CCCCCOC(=O)C(C)O
B-2242,-2.0347,OCc1cc(Cl)ccc1OCC(O)=O
B-2243,-3.5932,CNC(=O)Oc1cc(C)c(N(CC=C)CC=C)c(C)c1
B-2244,-4.2107,Clc1cccc(Oc2ccccc2)c1
B-2245,-2.0608,CC(=C)[C@@H]1CC=C(C)C(=O)C1
B-2246,-5.122,Oc1ccc(cc1C(=O)Nc2ccc(Cl)cc2)[N+]([O-])=O
B-2247,-4.5452,Oc1c(cccc1[N+]([O-])=O)C(=O)Nc2ccc(Cl)cc2
B-2248,-0.4825,CC(C)C(Br)C(=O)NC(C)C(O)=O
B-2249,-0.558,Cn1cnc2N(C)C(=O)N(CCCCC(C)=O)C(=O)c12
B-2250,-3.8135,CCCCCOC(=O)c1ccc(O)cc1
B-2251,-5.2567,CC[C@]12CC[C@H]3[C@@H](CCC4=CC(=O)CC[C@H]34)[C@@H]1CC[C@@]2(O)C#C
B-2252,-1.96,O=CCc1ccc2OCOc2c1
B-2253,-2.1031,OC(=O)C1CC(=O)c2ccccc2C1
B-2254,-2.9374,CCNc1nc(Cl)nc(NCC(=O)OCC)n1
B-2255,-0.5847,NC(CO)C(=O)NC(CO)C(O)=O
B-2256,-1.9937,ONC1=C(CCC1)N=O
B-2257,-0.8457,CC1CCC(=O)N1c2ccccc2
B-2258,-5.7025,CC1CC(C)(C)CC(C1)(OOC(C)(C)C)OOC(C)(C)C
B-2259,-2.0853,COC(=O)c1c(cccc1[N+]([O-])=O)C(O)=O
B-2260,-2.3466,CC(C)OC(=O)c1cccc(c1C([O-])=O)[N+]([O-])=O
B-2261,-2.4897,CC(C)OC(=O)c1c(cccc1[N+]([O-])=O)C([O-])=O
B-2262,-3.0467,CC(C)(C)OC(=O)c1cccc(c1C([O-])=O)[N+]([O-])=O
B-2263,-3.0689,CC(C)CCOC(=O)c1cccc(c1C([O-])=O)[N+]([O-])=O
B-2264,-2.7896,Cc1cc(C)c(c(C)c1)[PH](O)=O
B-2265,-0.7306,CCC(C)OC
B-2266,0.481,OCC(CO)OCC=C
B-2267,-0.6104,CN(C(/N)=N/[N+]([O-])=O)[N+]([O-])=O
B-2268,-2.7193,CCC(C)OC(=O)c1cccc(c1C([O-])=O)[N+]([O-])=O
B-2269,-4.7701,Clc1ccc(Oc2cccc(Cl)c2)cc1
B-2270,-4.3341,C[C@H]1CCCC[C@@H]1C
B-2271,-1.2194,NC(CCC(O)=O)C(O)=O
B-2272,-0.3861,N[C@@H](CO)C(O)=O
B-2273,-0.9916,NC(CCC(O)=O)C(O)=O
B-2274,-5.52,Clc1ccc(Oc2ccccc2Cl)cc1
B-2275,-1.3144,CC(=O)NC(NC(C)=O)c1ccccc1
B-2276,0.8726,OC(CC(O)=O)C(O)=O
B-2277,0.6514,CNC(=O)\C=C(/C)O[P](=O)(OC)OC
B-2278,-5.1307,COc1c(Cl)c(Cl)cc(Cl)c1Cl
B-2279,-0.4257,NC(=O)N\N=C\C(O)C(O)C(O)C(O)CO
B-2280,-1.8367,CCCCOC(=O)c1cccnc1
B-2281,-1.2558,OCCCOC(=O)c1ccccc1
B-2282,-2.365,CSc1ncnc2nccnc12
B-2283,-1.5706,CNC(=O)Oc1ccccc1C2OCCO2
B-2284,-0.6525,CCC(C)C(N)C(O)=O
B-2285,-4.7925,Clc1ccc(Oc2ccccc2)cc1
B-2286,-0.8755,NC(CC(N)=O)C(O)=O
B-2287,-4.1898,CC(C)c1ccccc1Br
B-2288,-2.466,CC(Oc1ccc(Cl)cc1C)C(O)=O
B-2289,-1.2005,CCCC[P](=O)(CCCC)OCC
B-2290,-4.3901,Cc1cc(O)c(cc1Cl)[N+]([O-])=O
B-2291,-4.3635,COc1cc(cc(Cl)n1)C(Cl)(Cl)Cl
B-2292,-1.947,CCOc1ccc(cc1)N(C(C)=O)C(C)=O
B-2293,-1.8456,CCCCO[P](=O)(OCC)OCCCC
B-2294,-1.4995,CCCCO[P](=O)(OC)OCCCC
B-2295,-2.6774,OC(=O)c1cccc2ncccc12
B-2296,-3.2634,COC(=O)c1cc(Cl)cc(N)c1Cl
B-2297,-1.2708,CCC(C)(O)C(C)(C)C
B-2298,0.5035,CN(C)C(=O)CCC(=O)N(C)C
B-2299,-2.2681,OC(=O)CC[Se][Se]CCC(O)=O
B-2300,-0.4168,OCN1CC(=O)N(CO)CC1=O
B-2301,-1.4556,CC(C)C1C(=O)NC(=O)NC1=O
B-2302,-2.1425,O=[P](Oc1ccccc1)(Oc2ccccc2)N3CCOCC3
B-2303,-0.7684,CN(N=O)C(C)=O
B-2304,-7.2006,ClC1(Cl)C2(Cl)C3C(CC4C3C1(Cl)C5(Cl)C4C25Cl)C=O
B-2305,0.2235,O=[S]=O
B-2306,-3.4085,CCNc1c(cc(cc1[N+]([O-])=O)[N+]([O-])=O)[N+]([O-])=O
B-2307,-1.9196,Nc1sc2cccc(O)c2n1
B-2308,0.8412,CC1(CCOC1=O)C(O)=O
B-2309,-2.8141,OC(=O)c1ccc2C(=O)c3ccccc3C(=O)c2c1C(O)=O
B-2310,-0.4416,NC1=NC(=O)N(C=C1)[C@H]2CC[C@@H](CO)O2
B-2311,-1.246,COC1(C)COC(C)(CO1)OC
B-2312,-1.5826,COc1cc(\C=C\C)ccc1OCC([O-])=O
B-2313,-2.626,O=C1CCCCCCCCCCCCN1
B-2314,-3.0948,OCc1cc(Cl)c(Cl)c(Cl)c1
B-2315,-2.886,II
B-2316,-2.0361,Oc1cccc2cncnc12
B-2317,-2.2886,CCCCS[S](=O)CCCC
B-2318,-0.4764,NCC(O)c1ccccc1
B-2319,-2.3541,CC(Cl)C(C)Cl
B-2320,-3.194,ON(C(=O)c1occc1)c2ccccc2
B-2321,1.6988,[H+].[F-]
B-2322,1.0084,O[S](O)(=O)=O
B-2323,-1.2403,CCCOC(=O)c1cccnc1
B-2324,-1.8433,Cn1c(COC(N)=O)ncc1[N+]([O-])=O
B-2325,-0.6823,CCCCC(NC(C)=O)C(O)=O
B-2326,-5.2579,CC(C)=C[C@@H]1[C@@H](C(=O)OCN2C(=O)C3=C(CCCC3)C2=O)C1(C)C
B-2327,-2.4973,CO[P](=O)(OC)OC(/C)=C/C(=O)OC(C)c1ccccc1
B-2328,-2.3152,OC(=O)c1c(Cl)ccc2ccccc12
B-2329,-3.795,CCCOCCN(C(=O)CCl)c1c(CC)cccc1CC
B-2330,-0.5141,[Na+].[Na+].[Na+].[Na+].[O-][P]([O-])(=O)O[P]([O-])([O-])=O
B-2331,-0.1901,N#N
B-2332,-0.8922,O.O.O.O.O.[Cu++].[O-][S]([O-])(=O)=O
B-2333,0.6187,O[As](O)(O)=O
B-2334,0.0691,O=O
B-2335,-1.0513,ClCl
B-2336,-0.9596,S
B-2337,0.4276,COC(=O)\C=C(/C)O[P](=O)(OC)OC
B-2338,-1.8898,CCC(Cl)(Cl)Cl
B-2339,-1.8916,CC1=CCC(CC1)C(C)(C)O
B-2340,-3.9351,CCO[P](=O)(OCC)SCCSCC.CCO[P](=S)(OCC)OCCSCC
B-2341,-3.947,CCCC(C)c1cccc(OC(=O)NC)c1.CCC(CC)c2cccc(OC(=O)NC)c2
B-2342,-2.125,CCCCCCCCOCCO
B-2343,0.3048,CC(C)[C@@H](O)C#N
B-2344,-1.3528,CCC(CC)COC(C)=O
B-2345,-1.7067,ClC\C=C/Cl
B-2346,-1.598,ClC/C=C/Cl
B-2347,0.8412,CC1CC1(C(O)=O)C(O)=O
B-2348,-2.4318,OC(=O)CC(C(O)=O)(c1ccccc1)c2ccccc2
B-2349,-1.2075,NC(=O)C(Br)(Br)C#N
B-2350,-5.0917,COc1ccc(Cl)cc1C(=O)NCCc2ccc(cc2)[S](=O)(=O)NC(=O)NC3CCCCC3
B-2351,0.8504,CO[P](N)(=O)SC
B-2352,-6.3401,CCO[P](=S)(OCC)SC(CCl)N1C(=O)c2ccccc2C1=O
B-2353,-0.7089,CC(C)CN1CCOCC1
B-2354,-2.183,CC(=O)N[C@@H](Cc1cc(Br)c(O)c(Br)c1)C(O)=O
B-2355,-0.0456,OC(=O)c1ccc2ncccc2c1
B-2356,-2.319,O=C(NC1CCCCC1)c2cccnc2
B-2357,-0.9249,CC1(C)C2CCC1(C)C(=O)C2O
B-2358,-3.5583,Nc1cc(ccc1Br)[N+]([O-])=O
B-2359,-1.9208,CCCCCCCCOCC(O)CO
B-2360,-4.4095,CCOC(=O)CCCOc1ccc(Cl)cc1C
B-2361,-6.9509,CC(C)=CC1C(C(=O)OCc2coc(Cc3ccccc3)c2)C1(C)C
B-2362,-3.6693,OC1(CCN(CCCC(=O)c2ccc(F)cc2)CC1)c3ccc(Br)cc3
B-2363,-4.6021,Cc1c(Cl)c(O)c(Cl)c(Cl)c1Cl
B-2364,0.5112,CCO[P](=O)(OC)OC
B-2365,-2.4421,CCO[P](=S)(OCC)SC[S](=O)C(C)(C)C
B-2366,-5.0389,CC(C)OC(=O)c1cc(cc(c1)[N+]([O-])=O)C(=O)OC(C)C
B-2367,-6.8803,Clc1cccc(c1Cl)c2ccc(Cl)c(Cl)c2Cl
B-2368,-3.4428,COC(=O)[C@@]1(O)OC[C@@]23[C@H](C[C@@H](OC(C)=O)[C@]4(CO[C@@H]([C@@H](O)[C@](C)([C@H]12)[C@]56O[C@@]5(C)[C@H]7C[C@@H]6O[C@@H]8OC=C[C@]78O)[C@H]34)C(=O)OC)OC(=O)C(/C)=C/C
B-2369,0.8401,O[P](O)(=O)CCCl
B-2370,-3.8762,[Mn].C[c-]1cccc1.[C-]#[O+].[C-]#[O+].[C-]#[O+]
B-2371,-8.8336,CCOc1cc(N=Nc2cc(cc(c2Br)[N+]([O-])=O)[N+]([O-])=O)c(NC(C)=O)cc1N(CCOC(C)=O)CCOC(C)=O
B-2372,-1.9851,CNC(=O)Oc1cc(C)cc(C)c1C
B-2373,-1.4932,OC(=O)CC[Ge](=O)O[Ge](=O)CCC(O)=O
B-2374,-2.5959,COc1ccc(cc1)C(O)(C2CC2)c3cncnc3
B-2375,0.0549,CC(C)OCC(O)COC(C)C
B-2376,-2.2304,CC(=O)c1ccc(O)c(c1)C([O-])=O
B-2377,-2.5785,ClCC(Cl)(Cl)CCl
B-2378,-1.94,COC1[C@H](O)C(CO[C@@H]2C(O)C[C@@H](O)OC2C)O[C@@H](O[C@H]3CC[C@]4(C)C5CC[C@]6(C)[C@H](CC[C@]6(O)C5CC[C@]4(O)C3)C7=CC(=O)OC7)C1O
B-2379,0.2656,CN(C)C(=O)c1ccc(cc1)C(=O)N(C)C
B-2380,-2.9771,O=C(Nc1ccccn1)c2cccnc2
B-2381,0.5233,CCN(CC)C(=O)\C(Cl)=C(/C)O[P](=O)(OC)OC
B-2382,-6.6637,[O-][N+](=O)c1ccc(ONC=C2C=C(Br)C(=O)C(=C2)Br)c(c1)[N+]([O-])=O
B-2383,-2.5094,CCCS[P](=O)(OCC)SCCC
B-2384,-1.5141,O=C1Nc2cncnc2N1
B-2385,0.9278,CN(CC(O)=O)N=O
B-2386,-2.3151,NC(=N)NC(=N)Nc1cccc2ccccc12
B-2387,-2.4155,CCO[P](=O)(OCC)SCc1ccccc1
B-2388,0.1956,Nc1c(cc(Nc2ccc(c(Nc3nc(Cl)nc(Cl)n3)c2)[S](O)(=O)=O)c4C(=O)c5ccccc5C(=O)c14)[S](O)(=O)=O
B-2389,-1.1559,OC(=O)CSC(C(O)=O)c1ccccc1
B-2390,-0.4405,CCCCNCC
B-2391,-1.4598,CN1C(=O)N(C)c2nccnc2C1=O
B-2392,-3.2068,CC1(C)Cc2cccc(c2O1)[N+]([O-])=O
B-2393,0.0901,CC1CCOC1
B-2394,-2.8868,CC(=O)N[C@@H](CSc1ccc(Cl)c(Cl)c1)C(O)=O
B-2395,-4.9489,CCOC(=O)c1cn2nc(O[P](=S)(OCC)OCC)cc2nc1C
B-2396,-1.7423,IC1=CNC(=O)C=C1
B-2397,0.3322,NC(N)=NCCCCCCCCNCCCCCCCCN=C(N)N
B-2398,-2.9987,CCNc1nc(OC)nc(n1)N(CC)CC
B-2399,-1.3752,CCCCOC(=O)C(C)OC(=O)C(C)O
B-2400,-0.6525,NC(=O)NCNC(N)=O
B-2401,1.0499,CCC(O)CN
B-2402,-13.1719,ClC1=C(Cl)C2(Cl)C3CCC4C(CCC3C1(Cl)C2(Cl)Cl)C5(Cl)C(=C(Cl)C4(Cl)C5(Cl)Cl)Cl
B-2403,-4.1322,CCO[P](=S)(OCC)Oc1cnc2ccccc2n1
B-2404,-1.102,OC(=O)c1cc[n+]([O-])cc1
B-2405,-1.011,CCCC1CCCNC1
B-2406,-2.4361,CC(CCl)O[P](=O)(OC(C)CCl)OC(C)CCl
B-2407,-4.7893,ClCC(CCl)O[P](=O)(OC(CCl)CCl)OC(CCl)CCl
B-2408,-4.6325,CCOC(=O)Nc1cccc(OC(=O)Nc2ccccc2)c1
B-2409,-4.8055,COC(=O)Nc1cccc(OC(=O)Nc2cccc(C)c2)c1
B-2410,-4.9453,CC(=O)OC1(CCC2C3C=C(Cl)C4=CC(=O)C=CC4(C)C3CCC12C)C(C)=O
B-2411,-1.1692,OC[C@@H](NC(=O)CN=[N+]=[N-])[C@H](O)c1ccc(cc1)[N+]([O-])=O
B-2412,0.1851,CCC(C)N
B-2413,-0.7403,OC(=O)\C=C\CBr
B-2414,-3.9422,CN1c2ccccc2Sc3ccc(CC(O)=O)cc13
B-2415,-2.1973,C/C=C/CC1(C\C=C\C)C(=O)NC(=O)NC1=O
B-2416,-1.2774,Cc1oc(cc1C([O-])=O)[C@H](O)[C@H](O)[C@H](O)CO
B-2417,-2.4921,CC(C)[C@@H]1CC[C@@H](C)CC1=O
B-2418,-1.0216,CN(C)c1ncnc2nccnc12
B-2419,-0.0719,CCOCCC(=O)OC
B-2420,-1.6391,CCCCOC(=O)CCOCC
B-2421,-2.1956,CCCCCOC(=O)CCOCC
B-2422,-2.8289,CCCCCCOC(=O)CCOCC
B-2423,-0.6334,CCCOCCC(=O)OC
B-2424,-1.6848,CCCOCCC(=O)OCCC
B-2425,-2.4029,CCCCOCCC(=O)OCCCC
B-2426,-0.6988,Clc1ncc2nccnc2n1
B-2427,-4.6935,C1COc2ccccc2OCCOCCOc3ccccc3OCCO1
B-2428,-4.1558,COc1ccc(Oc2ccc(NC(=O)N(C)C)cc2)cc1
B-2429,-4.4603,FC(F)(F)c1nc2cc(Cl)c(Cl)cc2n1C(=O)Oc3ccccc3
B-2430,-3.7866,Cc1cccc(C)c1NC(=O)c2cc(c(Cl)cc2O)[S](N)(=O)=O
B-2431,0.4579,CC(C)C(N)C(=O)NCC(O)=O
B-2432,0.487,CN(C)C(=O)c1cccc(c1)C(=O)N(C)C
B-2433,-2.2471,OC(=O)CCC[Se][Se]CCCC(O)=O
B-2434,-2.4206,CCOC(=O)COc1ccc(Cl)cc1
B-2435,-3.7655,COC(=O)C(Cl)Cc1ccc(Cl)cc1
B-2436,-1.969,Cc1ccccc1Oc2cccnn2
B-2437,-2.9804,CN1C(=O)NN(C1=O)c2ccccc2
B-2438,-2.2273,NC(=O)c1ccccc1OCC=C
B-2439,-3.8298,CCCC\C=C\C
B-2440,-4.9119,CCN1C=C(C(O)=O)C(=O)c2cc3OCOc3cc12
B-2441,-0.8926,CC(C)C1NC(=O)CNC1=O
B-2442,-3.0561,CC(=O)/C=C/C1=C(C)CCCC1(C)C
B-2443,-1.9636,CCCC(C)C(O)CC
B-2444,-1.9644,CC1(C)CCC2(CCC(C)(C)O2)O1
B-2445,-3.3192,Oc1ccccc1[S](=O)(=O)c2ccccc2O
B-2446,-1.4939,[O-]C(=O)[C@H](Cc1ccccc1)[NH2+]CCC#N
B-2447,-2.7223,ClC(Cl)C(Cl)C(Cl)Cl
B-2448,-1.7546,NC(Cc1cc(Cl)c(O)c(Cl)c1)C(O)=O
B-2449,-0.4874,OC(=O)CC(O)(CC(O)=O)C(=O)Nc1ccccc1
B-2450,-3.3138,COC(=O)c1ccc(O)c(I)c1
B-2451,-3.4924,CCOC(=O)c1ccc(O)c(I)c1
B-2452,-3.6865,CCCOC(=O)c1ccc(O)c(I)c1
B-2453,-3.9033,CCCCOC(=O)c1ccc(O)c(I)c1
B-2454,-2.6003,C[C@@H](Oc1ccc(Cl)cc1Cl)C(O)=O
B-2455,-2.0822,CNC(=O)O\N=C1/[C@@H](Cl)C2C[C@H](C#N)C1C2
B-2456,-3.5702,CCN(CC)C(=O)C(C)Oc1cccc2ccccc12
B-2457,-5.0968,OC(=O)Cc1ccccc1Nc2c(Cl)cccc2Cl
B-2458,-4.2084,Ic1ccccc1C(=O)Nc2ccccc2
B-2459,-3.0643,OCc1c2OCOc2ccc1[N+]([O-])=O
B-2460,-5.2151,[O-][N+](=O)c1ccc(Oc2ccc(cc2[N+]([O-])=O)C(F)(F)F)cc1
B-2461,-0.0798,CN[S]#CNCO
B-2462,0.2475,CC(OC(C)=O)C#N
B-2463,-2.0741,N.N.[Cl-].[Cl-].[Pt++]
B-2464,-3.9923,CC(C)Cc1ccc(cc1)C(C)C(O)=O
B-2465,-2.812,O=C1Nc2ccccc2NC1=O
B-2466,-4.8108,CCCCC(C)(C)CCC
B-2467,0.227,CCC(C)O
B-2468,-1.452,OC(=O)CSSSSCC(O)=O
B-2469,-0.5084,CCCCOCCOC(N)=O
B-2470,-5.1467,OCc1c(Cl)c(Cl)c(Cl)c(Cl)c1Cl
B-2471,-1.1638,[Zn++].CC(O)C([O-])=O.CC(O)C([O-])=O
B-2472,0.0767,OC(=O)CC(Cl)C(O)=O
B-2473,-1.8293,CCNC(=O)[C@H](C)OC(=O)Nc1ccccc1
B-2474,-2.5687,CCCCCC[P](=O)(OCC)OCC
B-2475,-3.3015,Oc1cc2ccccc2cc1C3=NCCN3
B-2476,-2.4662,Cc1ccc(O)c(I)c1
B-2477,-3.1559,CC(=O)Oc1ccccc1\C=C\C(O)=O
B-2478,-4.1305,C\C=C1/CC2CC1C=C2
B-2479,-3.2232,CCOC(=O)c1ccc(O)c(Cl)c1
B-2480,-0.8969,CC(C)C[C@H](N)C(=O)N[C@@H](CCC(O)=O)C(O)=O
B-2481,-1.5347,CCCC(=O)N(C)N=O
B-2482,-2.3972,C[C@@H](Oc1ccc(Cl)cc1C)C(O)=O
B-2483,-0.2104,NC(=O)C(Cl)=C
B-2484,-1.1001,C=COC1CC1
B-2485,-0.8213,CC1(CCN2CCCCC2)NC(=O)NC1=O
B-2486,-1.5229,CC(=O)O[C@H]1[C@H](O[C@@H]2OC(C)(C)O[C@H]12)[C@H]3COC(C)(C)O3
B-2487,-0.6787,NNC(=O)c1sccn1
B-2488,-0.4466,CNC(=O)O\N=C(/C)SC
B-2489,-4.3701,COc1cc(Cl)c(Cl)c(Cl)c1OC
B-2490,-1.5013,COc1cc(Cl)ccc1O
B-2491,-2.8684,Nc1ccc(cc1)[S](=O)(=O)Nc2scnn2
B-2492,-0.7472,CCOC(=O)CC1(C)CCC(=O)O1
B-2493,-2.3256,CCC(C(C(O)=O)c1ccccc1)C(O)=O
B-2494,-3.6723,ON(c1ccccc1)C(=O)c2ccc(Cl)cc2Cl
B-2495,-1.7561,CSc1ncc2nccnc2n1
B-2496,-2.2088,CC(C)C1(Br)C(=O)NC(=O)NC1=O
B-2497,-2.5283,N[S](=O)(=O)c1ccc(cc1)[S](N)(=O)=O
B-2498,-2.8756,CCCCC1(CCCC)C(=O)NC(=O)NC1=O
B-2499,-2.4089,Oc1cccc2ccnnc12
B-2500,-2.6783,Cc1cnnc2c(O)cccc12
B-2501,-1.3468,Oc1cccc2nccnc12
B-2502,-1.6576,Oc1cncc2cccnc12
B-2503,-1.3505,NC(=O)NCC(=O)NCC(=O)NCC(O)=O
B-2504,-0.4189,CCNC(CC)C(O)=O
B-2505,0.1592,O[C@H](C(O)=O)c1ccccc1
B-2506,-0.8996,NC(=O)NCC(=O)NCC(O)=O
B-2507,-2.3662,CC(C)OC(C)(C)C
B-2508,-1.5125,N[C@@H](Cc1cc(c(O)c(c1)[N+]([O-])=O)[N+]([O-])=O)C(O)=O
B-2509,-3.5952,CC(C)=NNC(=O)Nc1ccc(cc1)[N+]([O-])=O
B-2510,-1.5354,COc1c(cc(cc1C(O)=O)C(O)=O)C(O)=O
B-2511,-1.747,CCC1OC(=O)c2ccccc12
B-2512,-3.783,CC1Nc2cc(Cl)c(cc2C(=O)N1c3ccccc3C)[S](N)(=O)=O
B-2513,-1.0939,Cc1nnc(N)nc1C
B-2514,-5.76,CN(C)C(CS[S](=O)(=O)c1ccccc1)CS[S](=O)(=O)c2ccccc2
B-2515,-0.6916,CCC(CC#N)C#N
B-2516,-2.4904,CC1OC(CCC1OC2OC(C)C(C(O)C2O)N(C)C)N3C=CC(=NC3=O)NC(=O)c4ccc(NC(=O)C(C)(N)CO)cc4
B-2517,-1.4825,OCCOC(=O)c1ccccc1C(O)=O
B-2518,-4.8831,CCCCNC(=O)n1c(NC(=O)OC)nc2ccccc12
B-2519,-0.3606,CC(C)C(NC(C)=O)C(O)=O
B-2520,-2.3853,Nc1cc(c(O)c(c1)[N+]([O-])=O)[N+]([O-])=O
B-2521,-4.9644,OC(=O)Cc1sc(nc1c2ccc(Cl)cc2)c3ccccc3
B-2522,-2.9004,C=CCCCN=C=S
B-2523,-3.8557,Oc1cc(ccc1[N+]([O-])=O)c2ccccc2
B-2524,-1.3755,COc1c(C)c(C=O)ccc1O
B-2525,-2.6099,CC(C)OC(=O)c1ccc(N)cc1
B-2526,-6.6316,CC(C)OC(=O)C(O)(c1ccc(Br)cc1)c2ccc(Br)cc2
B-2527,-1.9509,C[Si](C)(C)CCCN
B-2528,-1.6458,NNC(=N)N[N+]([O-])=O
B-2529,-2.746,OCc1ccc(I)cc1
B-2530,-1.5916,CC1CCCC(=NO)C1=NO
B-2531,-1.6622,CC1CCC(=C(C1)NO)N=O
B-2532,-2.3903,CC(C)C1CCC(=NO)C(C1)=NO
B-2533,-0.9656,C[C@H](NC(N)=O)C([O-])=O
B-2534,-7.9743,Cc1cccc2c3cc4ccccc4cc3cc(C)c12
B-2535,-2.5813,ON=C1CCCCCCCCC1=NO
B-2536,-0.5911,COC(=O)C1=CO[C@@H](O[C@@H]2O[C@H](CO)[C@@H](O)[C@H](O)[C@H]2O)[C@@H]3[C@@H](C)[C@@H](O)C[C@H]13
B-2537,-3.1709,CN(C)C(=O)NC1CC2CC1C3CCCC23
B-2538,-0.0993,CCS[S](=O)CC
B-2539,-1.2298,CC(C)(C)NCC(O)c1ccc(O)c(CO)c1
B-2540,-0.5921,COC1CCCC(C)O1
B-2541,-0.9249,CC1(C)OC2(C)CCC1CC2=O
B-2542,-3.5741,CNC(=O)N(C)c1sc2ccccc2n1
B-2543,-1.8122,CCCCC(O)C(C)C
B-2544,-1.8602,CCC(C)CC(O)CC
B-2545,-1.9272,CCC(O)CCC(C)C
B-2546,-0.545,OC(=O)C1CCC([Se]1)C(O)=O
B-2547,-5.2172,CCO[P](=S)(OCC)Oc1cc(on1)c2ccccc2
B-2548,-4.3945,CC(C)CC(=O)Oc1ccc(cc1)[N+]([O-])=O
B-2549,-2.158,OCc1ccccc1Br
B-2550,-5.1416,CCCN(CCC)c1c(cc(cc1[N+]([O-])=O)[S](N)(=O)=O)[N+]([O-])=O
B-2551,-3.7162,CC(=O)Nc1ccc(cc1)[S](=O)(=O)Nc2ccccn2
B-2552,-3.2671,CCc1nc2nc(N)nc(N)c2nc1CC
B-2553,-1.7124,CNc1ncc2nccnc2n1
B-2554,-4.4461,COc1cc(NC(=O)c2cccnc2)c3ncccc3c1
B-2555,0.2946,N[C@@H]([C@H](O)[C@@H](O)COC(N)=O)C(=O)N[C@@H]([C@H]1O[C@H](C(O)C1O)N2C=C(CO)C(=O)NC2=O)C(O)=O
B-2556,-2.8747,COc1cc(C=O)cc(Cl)c1O
B-2557,-2.6472,Brc1ccc2COC(=O)c2c1
B-2558,-2.5108,CCC(C)C(O)C(C)CC
B-2559,-0.3699,CC(C)C(C)CO
B-2560,-4.6399,Oc1c(Cl)cc(Cl)cc1Cc2ccccc2
B-2561,-2.4817,Clc1ccc2COC(=O)c2c1
B-2562,-5.693,CC(C)Oc1cc(N2N=C(OC2=O)C(C)(C)C)c(Cl)cc1Cl
B-2563,-4.1122,CCOc1ccc(C(O)=O)c2ccccc12
B-2564,-1.7244,CCC(C)(O)C(O)c1ccccc1
B-2565,-1.3301,CC(C)C[C@@H](NC(C)=O)C(O)=O
B-2566,-0.6205,CCC(C)C(NC(C)=O)C(O)=O
B-2567,0.6524,COC[C@H](N)C(O)=O
B-2568,-0.4471,BrC1=CN=CNC1=O
B-2569,-1.2319,OC1=C(C#N)C(=O)C=C(Cl)N1
B-2570,-2.2436,CC(CO)C(=O)O[C@H]1CC(=C/CCC(=C/[C@H]2OC(=O)C(=C)[C@H]12)/CO)/C
B-2571,1.0597,CCNC(C)C
B-2572,-7.7954,Clc1c(Cl)c(Cl)c2ccccc2c1Cl
B-2573,-7.8,CCCCCCCCCCCCOC(=O)c1ccc(N)cc1
B-2574,-2.8971,CCCCCN(N=Cc1oc(cc1)[N+]([O-])=O)C(N)=O
B-2575,-4.2822,ClC(Cl)(Cl)CC(=C)c1ccccc1
B-2576,-5.5433,COc1ccc2n(c(C)c(CC(O)=O)c2c1)C(=O)\C=C\c3ccccc3
B-2577,-1.4757,CCCCCO[P](=O)(OCC)OCC
B-2578,-0.5981,CCC(C)C(NC(C)=O)C(O)=O
B-2579,-0.6238,CC(O)C(C)(C)C
B-2580,-2.0171,CCCCCC(O)CC
B-2581,-2.5415,CC[S](=O)(=O)CCS[P](=S)(OC)OC
B-2582,0.6855,COCC(C)OCC(C)OCC(C)O
B-2583,-5.2407,CN1C(=O)ON(C1=O)c2ccc(Cl)c(Cl)c2
B-2584,-3.0557,CCCOc1ccc(NC(C)=O)cc1
B-2585,-0.215,CC1(C)C2CCC1(C)C(=O)C2CO
B-2586,-0.4032,CN(C(N)=O)c1ccccc1C
B-2587,-3.1265,CCCCCCO[N+]([O-])=O
B-2588,-0.2096,CCN(C(N)=O)c1ccccc1C
B-2589,-1.6287,OC(=O)CC1=CNC(=O)NC1=O
B-2590,-2.648,CCCC(O)(CCC)C(O)c1ccccc1
B-2591,-3.2225,CCCCC(O)(CCCC)C(O)c1ccccc1
B-2592,-1.3069,Cc1cc(C)c(C)c(C)n1
B-2593,-4.0811,C[C@H]1O[C@H](C[C@H](O)[C@@H]1O)O[C@H]2[C@@H](O)C[C@@H](O[C@@H]2C)O[C@H]3[C@@H](O)C[C@@H](O[C@@H]3C)O[C@H]4CC[C@@]5(C)[C@H](CC[C@@H]6[C@@H]5C[C@@H](O)[C@]7(C)[C@H](CC[C@]67O)C8=CC(=O)OC8)C4
B-2594,-3.3228,Clc1ccc(NC(NC=O)C(Cl)(Cl)Cl)cc1Cl
B-2595,-1.7618,S=C1NSC(=S)N1
B-2596,-2.3098,CSC1=NN=C(C(=O)N1N)C(C)(C)C
B-2597,-5.3154,CC1CC(C)(C)c2cc(C(C)=O)c(C)cc2C1(C)C
B-2598,-1.9901,OC(=O)c1cccc(C(O)=O)c1[N+]([O-])=O
B-2599,-2.6468,CC(C#C)N(C(=O)CCl)c1ccccc1
B-2600,-0.2926,CC(Cl)C(C)(C)O
B-2601,-4.4611,Oc1cc(c2ccccc2)c(cc1[N+]([O-])=O)[N+]([O-])=O
B-2602,-0.6835,CCO[P](=O)(OCC)N=C1SCS1
B-2603,-3.2803,N#CSCSc1sc2ccccc2n1
B-2604,-1.9079,CCCC(O)CC(C)C
B-2605,-1.952,[O-]C(=O)c1cc(Br)ccc1Cl
B-2606,-2.1445,CN1C(=O)COc2ccccc12
B-2607,-3.8279,CC(=O)OC(c1ccc(Cl)c(Cl)c1)C(Cl)(Cl)Cl
B-2608,0.7925,CCC(O)CNCC(O)CC
B-2609,-2.4809,CCCC(C)O[N+]([O-])=O
B-2610,-0.1364,[Cl-].C[NH+](C)C(CSC(N)=O)CSC(N)=O
B-2611,-0.4598,Cc1snnc1C(O)=O
B-2612,-2.5301,CC(O)C(O)c1cnc2NC(=NC(=O)c2n1)N
B-2613,-4.2627,CCOC(=O)C(C)N(C(=O)c1ccccc1)c2ccc(Cl)c(Cl)c2
B-2614,-4.5221,CO[P](=O)(OC)OC(=C/Cl)/c1cc(Cl)c(Cl)cc1Cl
B-2615,-2.1058,CCOc1ccc(NC(=O)CO)cc1
B-2616,-2.4998,OC(=O)C(c1ccccc1C(O)=O)c2ccccc2C(O)=O
B-2617,-5.1485,C[S](=O)(=O)N(SC(Cl)(Cl)C(F)(Cl)Cl)c1ccccc1
B-2618,-1.8434,OC(=O)CC(=O)c1ccccc1[N+]([O-])=O
B-2619,-2.9338,CNC(=O)Oc1cccc2OC(C)(C)Oc12
B-2620,-1.6075,COc1ccc(C[C@@H]2NC[C@@H](O)[C@@H]2OC(C)=O)cc1
B-2621,-0.8829,[Na+].[O-]C(=O)C(F)(F)C(F)F
B-2622,-3.7082,CCNc1nc(NC(C)C(C)C)nc(SC)n1
B-2623,-3.5185,CC(C)Nc1nc(Cl)nc(NC2CC2)n1
B-2624,-4.5746,CC(C)=C[C@H]1[C@H](C(=O)OC2CC(=O)C(=C2C)CC#C)C1(C)C
B-2625,-0.7544,CCn1cnc2N(C)C(=O)N(C)C(=O)c12
B-2626,-1.9457,CN(C)C(=O)Oc1nc(nc(C)c1C)N(C)C
B-2627,0.1062,CNC(=O)O\N=C(SC)\C(=O)N(C)C
B-2628,-0.1551,CN1C(=O)N(C)c2ncn(CCCO)c2C1=O
B-2629,-0.9836,CCC(CO)(CO)COCC(CC)(CO)CO
B-2630,0.5037,[H+].[Cl-].CNC(=O)Oc1cccc(c1)N=CN(C)C
B-2631,-4.9242,CCO[P](=S)(OCC)Oc1cc(C)nc(n1)N(CC)CC
B-2632,-2.0011,CO[P](=O)(OC)OC1=C(Cl)C2C=CCC12
B-2633,-4.1097,COC(=O)NC(=S)Nc1ccccc1NC(=S)NC(=O)OC
B-2634,-3.1319,CC(C)(CCC(C)(C)CC(O)=O)CC(O)=O
B-2635,-2.6538,CCCCCCOC(=O)c1cccnc1
B-2636,-1.5161,O[P](O)(=O)CN(CCCCCCN(C[P](O)(O)=O)C[P](O)(O)=O)C[P](O)(O)=O
B-2637,-1.3885,CN(C)c1[nH]c2cncnc2n1
B-2638,-1.1442,Cc1ncc2nc(C)c(C)nc2n1
B-2639,-1.0041,NC(=O)NN=C[C@H](O)[C@@H](O)[C@H](O)[C@H](O)CO
B-2640,-1.9381,OC(=O)C1=CNC(=O)NC1=O
B-2641,-4.2324,CC(C)(NC(=O)c1cc(Cl)cc(Cl)c1)C#C
B-2642,-3.9049,CCO[P](=S)(OCC)Oc1ncn(n1)c2ccccc2
B-2643,-2.9844,CC1(C)OC(=O)c2cc3ccccc3cc12
B-2644,-1.756,CC(=O)Nc1ccc(Br)cc1C
B-2645,-3.6822,CC(C)COCN(C(=O)CCl)c1c(C)cccc1C
B-2646,-3.3037,Cc1occc1C(=O)Nc2ccccc2
B-2647,-1.3974,CCCCC(CCC(O)=O)CC(O)=O
B-2648,-1.0549,CN1C=Nc2nccnc2C1=O
B-2649,-2.9076,CCCCCC1C(CCC1=O)CC(=O)OC
B-2650,-3.1766,O=C1N=CNc2nc(c3ccccc3)c(nc12)c4ccccc4
B-2651,-1.8378,Cc1cccc(I)c1O
B-2652,-4.9703,Clc1ccc(Cl)c(Oc2ccccc2)c1
B-2653,-5.5201,Clc1ccc(Oc2cc(Cl)cc(Cl)c2)cc1
B-2654,-3.5924,CCO[P](=S)(OCC)SCCl
B-2655,-3.762,CCOC(=O)CN1C(=O)Sc2cccc(Cl)c12
B-2656,-1.9369,OC(=O)COc1ccc(cc1[N+]([O-])=O)[N+]([O-])=O
B-2657,-3.7595,CC(C)c1ccccc1C
B-2658,-7.0122,CCCCC(CC)COC(=O)COc1ccc(Cl)cc1Cl
B-2659,-3.2262,CCC\C=C\C
B-2660,0.8723,CCC(O)OC(O)CC
B-2661,-0.9801,N[S](=O)(=O)c1ccc(NC2O[C@H](CO)[C@@H](O)[C@H](O)[C@@H]2O)cc1
B-2662,-5.027,CCSC(=O)COc1ccc(Cl)cc1C
B-2663,-2.3676,CC(=O)C(=N\O)/c1ccccc1
B-2664,-2.0584,CNC(=O)N(C)c1sc(nn1)C(F)(F)F
B-2665,-1.7415,Br\C=C\Br
B-2666,-2.099,OC(=O)\C=C/c1cccc(O)c1
B-2667,0.6855,COCC(C)OCC(C)OC(C)CO
B-2668,-5.5147,CC(C)c1ccc(cc1)c2ccccc2
B-2669,0.7693,[NH4+].CCO[P]([O-])(=O)C(N)=O
B-2670,-7.5579,CC(C)=CC1C(C(=O)OCc2cccc(Oc3ccccc3)c2)C1(C)C
B-2671,-4.4651,CSC1=CC(=O)c2ccccc2C1=O
B-2672,-3.7579,CCOC1Oc2ccc(O[S](C)(=O)=O)cc2C1(C)C
B-2673,-2.5604,CCNc1nc(NC(C)CC)nc(OC)n1
B-2674,-6.5407,CCCN(CC1CC1)c2c(cc(cc2[N+]([O-])=O)C(F)(F)F)[N+]([O-])=O
B-2675,-2.3698,CNC(=O)O/N=C/C1(C)SCC(C)S1
B-2676,-6.1517,Cc1ccc(O[P](=O)(Oc2ccccc2)Oc3ccccc3)cc1
B-2677,-6.3733,Cc1ccc(O[P](=O)(Oc2ccccc2)Oc3ccccc3C)cc1
B-2678,-2.6301,CCCCCCCCN1SC=CC1=O
B-2679,-8.0133,Clc1ccccc1c2c(Cl)c(Cl)c(Cl)c(Cl)c2Cl
B-2680,-1.1765,CCO[P](=O)(OCC)OCC(C)C
B-2681,-1.6111,CC(=O)C(CC(O)=O)=Cc1ccccc1
B-2682,0.6495,COC(=O)\C=C(/C)O[P](=O)(OC)OC
B-2683,-3.4792,BrC1=CNC(=NC1=O)c2ccccc2
B-2684,-6.8026,Clc1cc(c2ccccc2)c(Cl)c(Cl)c1Cl
B-2685,-2.3085,CC(C)CCCCCO
B-2686,-1.5598,CCCC(=O)OCCOCCOCCOC(=O)CCC
B-2687,-3.3825,O=C(NC(=O)c1cccnc1)Nc2ccccc2
B-2688,-4.3584,O=C(OCCCOCCCOC(=O)c1ccccc1)c2ccccc2
B-2689,-4.9408,ClC1CC(Cl)(Cl)C(Cl)C(Cl)C1Cl.ClC2CCC(Cl)(Cl)C(Cl)C2(Cl)Cl.ClC3C(Cl)C(Cl)C(Cl)C(Cl)C3Cl
B-2690,-9.9867,CC(C)CCCCCCCOC(=O)CCCCC(=O)OCCCCCCCC(C)C
B-2691,-5.837,CCCCCCCCCCC(O)CCC
B-2692,-3.9548,CNC1=C(Cl)C(=O)N(N=C1)c2cccc(c2)C(F)(F)F
B-2693,-5.0365,Clc1c(Cl)c(Cl)c2C(=O)OCc2c1Cl
B-2694,-3.0256,CCOC(=O)Cc1[nH]nc2ccc(Cl)cc12
B-2695,-5.0261,ClC(Cl)C(=O)NC1=C(Cl)C(=O)c2ccccc2C1=O
B-2696,-6.6375,CC(C)CCCCCOC(=O)c1ccccc1C(=O)OCCCCCC(C)C
B-2697,-3.1727,C=CCOC1=N[S](=O)(=O)c2ccccc12
B-2698,-0.1707,CCOC(C)C(=O)C(O)O
B-2699,-9.351,Brc1ccc(c(Br)c1Br)c2c(Br)c(Br)c(Br)c(Br)c2Br
B-2700,-5.2239,CC(C)c1ccccc1O[P](=O)(Oc2ccccc2)Oc3ccccc3
B-2701,-2.5803,S=C1Nc2nc[nH]c2C=N1
B-2702,-3.7164,Oc1ccc(c(c2ccccc2)c1[N+]([O-])=O)[N+]([O-])=O
B-2703,-3.6604,CN(C)C(=S)Nc1ccc(Cl)cc1C
B-2704,-5.0605,Clc1cccc(Cl)c1Oc2ccccc2
B-2705,-6.0524,CC(C)=CC1C(C(=O)OCc2coc(Cc3ccccc3)c2)C1(C)C
B-2706,-1.1709,OC(=O)[C@@H]1CC[C@@H](SS1)C(O)=O
B-2707,-1.9977,CN1C=C(C(=O)NC1=O)[N+]([O-])=O
B-2708,-6.3208,CC(C)CCCCCCOC(=O)c1ccccc1C(=O)OCCCCCCC(C)C
B-2709,-2.3468,CCCCCC(O)CC
B-2710,-5.4668,CCN(CC)c1c(cc(c(N)c1[N+]([O-])=O)C(F)(F)F)[N+]([O-])=O
B-2711,-7.4305,CCCN(CCC)c1c(cc(c(N)c1[N+]([O-])=O)C(F)(F)F)[N+]([O-])=O
B-2712,-4.0837,CCN(OC(=O)c1ccccc1)C(=O)c2c(OC)ccc(Cl)c2OC
B-2713,-1.3016,CC(C)NCC(O)COc1ccc(CC(N)=O)cc1
B-2714,-1.1992,CCC(CC)(C(N)=O)C(N)=O
B-2715,-1.9563,COC(=O)N(C)C(=O)CS[P](C)(=S)OC
B-2716,-4.5503,CCN(CC)c1nc(C)cc(O[P](=S)(OC)OC)n1
B-2717,-6.7708,CCCCCCCCCCCCC(O)CCC
B-2718,-3.9433,ON(c1ccccc1)C(=O)c2cccc3ccccc23
B-2719,-3.3065,ON(C(=O)c1ccccc1)c2cccc3ccccc23
B-2720,-3.6367,ON(c1ccccc1)C(=O)c2cc(cc(c2)[N+]([O-])=O)[N+]([O-])=O
B-2721,-0.7482,NC(=S)SCC(O)=O
B-2722,-1.3011,OC(=O)CNC(=S)SCC(O)=O
B-2723,-0.634,O=C(NCCc1c[nH]cn1)c2ccccc2
B-2724,-5.7165,CC(C)CCCCCCCO[P](=O)(Oc1ccccc1)Oc2ccccc2
B-2725,-0.0701,CCCOCC(C)OCC(C)O
B-2726,-0.6262,CCCCOCC(C)OCC(C)O
B-2727,-2.0927,CCSCc1ccccc1OC(=O)NC
B-2728,1.065,C1O[C@@H]1[C@@H]2CO2
B-2729,-1.945,CC[S](=O)(=O)c1sc(nn1)N(C)C(=O)NC
B-2730,-3.1295,C[C@@H](Oc1cc(Cl)c(Cl)cc1Cl)C(O)=O
B-2731,-0.0651,CCC1CCC(O)O1
B-2732,1.065,C1O[C@H]1[C@H]2CO2
B-2733,-0.4487,CC1CCC2(CCC(C)O2)O1
B-2734,-1.1221,CC1=CN([C@H]2C[C@H](N=[N+]=[N-])[C@@H](CO)O2)C(=O)NC1=O
B-2735,-5.3633,OCCOCCOC(=O)c1ccccc1Nc2cccc(c2)C(F)(F)F
B-2736,-1.113,COc1ncnc2nccnc12
B-2737,-5.1905,CCO[P](=S)(OCC)SCN1C(=O)Oc2ccccc12
B-2738,-6.678,C1c2ccccc2c3ccc4ccccc4c13
B-2739,-8.0318,C1c2ccccc2c3cc4ccccc4cc13
B-2740,-2.7785,COC(=O)C(/C)=C/O[P](=S)(OC)OC
B-2741,-0.6488,CN(CCO)c1nc2N(C)C(=O)N(C)C(=O)c2n1C
B-2742,-2.1538,CC(C)CNC(=O)N1CCNC1=O
B-2743,-1.9632,CC1=CSC(=S)N1CC(O)=O
B-2744,-0.1982,CN(C(C)=O)c1c(I)c(NC(C)=O)c(I)c(C(=O)NC2[C@@H](O)OC(CO)[C@@H](O)C2O)c1I
B-2745,-3.4078,CCN[P](=S)(OC)OC(/C)=C\C(=O)OC(C)C
B-2746,-2.0578,CCCCC(C)C(C)O
B-2747,-3.6172,COC(=O)Nc1[nH]c2cc(ccc2n1)C(=O)c3ccccc3
B-2748,-8.5224,Cc1cc2cccc3ccc4c5ccccc5cc1c4c23
B-2749,-1.5376,CC(C)(O)CCCC1=CCC(CC1)C=O
B-2750,-8.775,Clc1cc(Cl)c2c(Cl)c(Cl)c(Cl)c(Cl)c2c1Cl
B-2751,-1.6978,NC1N=C(N)NC(=O)C1=O
B-2752,-2.2193,OC(=O)c1oc(Cl)c(Cl)c1Cl
B-2753,-0.5781,CCCCCCC(C\C=C/CCCCCCCC(O)=O)O[S](O)(=O)=O
B-2754,-3.1104,COc1ccc2NC(=O)C=C(C([O-])=O)c2c1
B-2755,0.1641,O[C@@H](C=O)[C@H]1OC(=O)[C@@H](O)[C@H]1O
B-2756,-2.0887,OC(=O)c1occ(Br)c1Br
B-2757,-1.1494,NC(C(O)C(O)=O)C(N)=O
B-2758,-1.0197,CCC1=CNC(=O)N=C1N
B-2759,-6.5058,Clc1ccc(cc1)c2c(Cl)cc(Cl)cc2Cl
B-2760,-7.9823,Clc1ccc(cc1Cl)c2ccc(Cl)c(Cl)c2Cl
B-2761,-1.5241,OC(=O)[C@H]1CC[C@@H](SS1)C(O)=O
B-2762,-8.8498,Clc1cc(cc(Cl)c1Cl)c2cc(Cl)c(Cl)c(Cl)c2
B-2763,-4.8003,CC12CC1(C)C(=O)N(C2=O)c3cc(Cl)cc(Cl)c3
B-2764,-2.636,OC(=O)/C=C/c1cccc(Br)c1
B-2765,-5.4675,CN(C=Nc1ccc(C)cc1C)C=Nc2ccc(C)cc2C
B-2766,-9.1,Clc1cc(Cl)c(c(Cl)c1Cl)c2c(Cl)cc(Cl)c(Cl)c2Cl
B-2767,-1.5906,CCc1ccccc1NC(C)=O
B-2768,-5.9563,ClC1=C(Cl)C2(Cl)[C@@H]3CO[S](=O)OC[C@@H]3[C@@]1(Cl)C2(Cl)Cl
B-2769,-5.5968,CCCN(CCCl)c1c(cc(cc1[N+]([O-])=O)C(F)(F)F)[N+]([O-])=O
B-2770,-8.3748,Clc1cc(Cl)cc(c1)c2cc(Cl)cc(Cl)c2
B-2771,-7.25,Clc1cc(Cl)c(Cl)c(c2ccccc2)c1Cl
B-2772,-1.2011,CCC(C)C(NC(C)=O)C(O)=O
B-2773,-5.4703,CCC(C)Nc1c(cc(cc1[N+]([O-])=O)C(C)(C)C)[N+]([O-])=O
B-2774,-1.4711,CC(=O)c1cc(O)c(O)c(O)c1
B-2775,-6.4491,CCCN(CCC)c1c(cc(cc1[N+]([O-])=O)C(C)C)[N+]([O-])=O
B-2776,-2.2373,NN[P](=O)(Oc1ccccc1)Oc2ccccc2
B-2777,-1.9606,CNC(=O)N(C)c1sc(nn1)C(C)(C)C
B-2778,-1.1406,COC(=O)C[S](=O)(=O)c1ccccc1
B-2779,-0.9613,CCSC(=S)N[C@@H](C)C(O)=O
B-2780,-1.4481,OC(=O)c1cc(Br)cc(C(O)=O)c1C(O)=O
B-2781,-4.5446,COc1ccc(cc1)C(C(C)[N+]([O-])=O)c2ccc(OC)cc2
B-2782,-4.3258,CN(C)C(=O)Nc1ccc(N2N=C(OC2=O)C(C)(C)C)c(Cl)c1
B-2783,-6.8485,CC(C)c1cc(O[P](=O)(Oc2ccccc2)Oc3ccccc3)cc(c1)c4ccccc4
B-2784,-4.7168,Clc1cc(Br)c(OC(=O)C=C)c2ncccc12
B-2785,-10.99,Clc1cc2Oc3c(Cl)c(Cl)c(Cl)c(Cl)c3Oc2cc1Cl
B-2786,0.8292,COC(C)COC(C)CO
B-2787,-4.031,CCN(CC)C(=O)SCc1ccccc1Cl
B-2788,-6.693,CCCS[P](=S)(OCC)Oc1ccc(Cl)cc1Cl
B-2789,-0.7353,CNC(=O)O\N=C(\C)C(C)SC
B-2790,-0.0267,CNC(=O)O\N=C(/C)C(C)[S](C)(=O)=O
B-2791,-2.0566,CO[P](=O)(OC)OC1=C(Cl)CC2C=CC12
B-2792,-1.4243,OC(=O)CSC(SCC(O)=O)SCC(O)=O
B-2793,-8.0115,Clc1cc(Cl)c(cc1Cl)c2cc(Cl)c(Cl)c(Cl)c2Cl
B-2794,-8.0566,Clc1ccc(c(Cl)c1Cl)c2cc(Cl)c(Cl)c(Cl)c2Cl
B-2795,-2.3271,CC(Nc1ccccc1Cl)C(O)=O
B-2796,-2.4704,CC(C)N(Cc1ccccc1)C(=O)C(C)(C)C
B-2797,-1.2025,OC(=O)CCCNC(=O)c1ccccc1
B-2798,-6.5892,Fc1cccc(F)c1C(=O)NC(=O)Nc2ccc(Cl)cc2
B-2799,-1.4557,CCC(C(CC)C(O)=O)C(O)=O
B-2800,-6.0171,CCCS[P](=S)(OCC)Oc1ccc(SC)cc1
B-2801,-3.1248,Cc1cc(O)c(cc1Cl)C(O)=O
B-2802,-3.2178,Clc1ccc(C(Cn2ccnc2)OCC=C)c(Cl)c1
B-2803,0.4904,C[C@H](NC(=O)[C@H](C)NC(=O)[C@@H](N)CC[P](C)(O)=O)C(O)=O
B-2804,-9.1987,Clc1cc(c(Cl)c(Cl)c1Cl)c2cc(Cl)c(Cl)c(Cl)c2Cl
B-2805,-11.2485,Clc1cc2Oc3c(Cl)c(Cl)c(Cl)c(Cl)c3Oc2c(Cl)c1Cl
B-2806,-4.1586,CN1C(=C(/O)Nc2ccccn2)/C(=O)c3ccccc3[S]1(=O)=O
B-2807,-5.0609,OC(=O)CCC(=O)c1ccc(cc1)c2ccccc2
B-2808,-4.7299,CCO[P](=S)(NC(C)CC)Oc1cc(C)ccc1[N+]([O-])=O
B-2809,-8.1979,Brc1cc(Br)c(Oc2cc(Br)cc(Br)c2Br)c(Br)c1
B-2810,-5.774,CCO[P](=O)(Oc1ccc(Cl)cc1Cl)Oc2ccc(Cl)cc2Cl
B-2811,-6.6813,Clc1ccc(c(Cl)c1)c2cccc(Cl)c2Cl
B-2812,-2.7448,CCC#CC(C)C
B-2813,-3.4288,CO[P](=S)(OC)SCCSC(C)C
B-2814,-0.5781,CCCCCCC(CC=CCCCCCCCC(O)=O)O[S](O)(=O)=O
B-2815,-6.7697,CCCCCCCCCCCCCCCCO
B-2816,-4.3757,CC(C)NC(=O)N1CC(=O)N(C1=O)c2cc(Cl)cc(Cl)c2
B-2817,-5.0484,CCC(C)N(C(C)CC)C(=O)SCc1ccccc1
B-2818,-2.0814,NC(=O)c1cc(Cl)cc(Cl)c1N
B-2819,-0.2355,NC(=O)c1ncn(n1)[C@@H]2O[C@H](CO)[C@@H](O)[C@H]2O
B-2820,-3.4482,CC(CCc1ccccc1)NCC(O)c2ccc(O)c(c2)C(N)=O
B-2821,-6.0,CCCCCCCCCOC(=O)c1ccc(N)cc1
B-2822,0.3032,OC[C@H]1C[C@H](N[C@H]2C=C(CO)[C@@H](O)[C@H](O)[C@H]2O)[C@H](O)[C@@H](O)[C@@H]1O[C@@H]3O[C@H](CO)[C@@H](O)[C@H](O)[C@H]3O
B-2823,-1.1992,COCCc1ccc(OCC(O)CNC(C)C)cc1
B-2824,-3.5304,ON(c1ccccc1)C(=O)c2ccccc2I
B-2825,-0.5004,NCC[C@H](O)C(=O)N[C@@H]1C[C@H](N)[C@@H](O[C@H]2O[C@H](CN)[C@@H](O)[C@H](O)[C@H]2O)[C@H](O)[C@H]1O[C@H]3O[C@H](CO)[C@@H](O)[C@H](N)[C@H]3O
B-2826,-2.0958,NC(=O)N[C@@H](Cc1ccccc1)C([O-])=O
B-2827,-2.0656,O=C1N=CNc2cccnc12
B-2828,-6.2999,Clc1cc(Cl)cc(c1)c2ccccc2Cl
B-2829,-1.6193,ClC(Cl)C(=O)N(CC=C)CC=C
B-2830,-1.1887,C[C@@H](CCl)[N+]([O-])=O
B-2831,-6.5363,Brc1cc(Br)c(OCCOc2c(Br)cc(Br)cc2Br)c(Br)c1
B-2832,-11.4795,Clc1cc2Oc3c(Cl)c(Cl)c(Cl)c(Cl)c3Oc2c(Cl)c1Cl
B-2833,-1.1029,COCCO[Si](CCCl)(OCCOC)OCCOC
B-2834,-3.8009,Cc1cc(ccc1N[S](=O)(=O)C(F)(F)F)[S](=O)(=O)c2ccccc2
B-2835,-2.0985,CCOC(=O)C1=CNC(=S)NC1=O
B-2836,-1.5687,CC(C)C[C@H](N)C(=O)N[C@H](CCC(N)=O)C(O)=O
B-2837,-0.1971,CC(O)(CO)C(O)[C@@]12NC(=O)[C@@](O)(NC1=O)C(=C)CCO2
B-2838,-3.1234,Cc1cc(C)c(OCC(O)=O)c(Br)c1
B-2839,-3.8638,CCOc1cc(O[P](=S)(OC)OC)nc(CC)n1
B-2840,-1.9782,NC1=CC(=NC(=N)N1O)N2CCCCC2
B-2841,-1.6195,CC(C)(C)NC[C@@H](O)COc1ccccc1C2CCCC2
B-2842,-7.93,Clc1ccc(Cl)c(c1Cl)c2cc(Cl)c(Cl)cc2Cl
B-2843,-7.65,Clc1ccc(c(Cl)c1Cl)c2c(Cl)ccc(Cl)c2Cl
B-2844,-7.8306,Clc1ccc(cc1Cl)c2cc(Cl)c(Cl)c(Cl)c2Cl
B-2845,-8.5901,Clc1ccc(Cl)c(c1Cl)c2cc(Cl)c(Cl)c(Cl)c2Cl
B-2846,-6.8245,Clc1cccc(c1)c2c(Cl)cccc2Cl
B-2847,-3.9598,Cc1ccc2c(ccc(O)c2n1)[N+]([O-])=O
B-2848,-1.4188,CC([S](C)(=O)=O)[S](C)(=O)=O
B-2849,-1.1648,CC(C)(NC(N)=O)C(O)=O
B-2850,-2.5234,CCOc1ccccc1\C=C/C(O)=O
B-2851,-6.2856,CC(C)c1ccc2ccccc2c1C(C)C
B-2852,0.6629,CC(C)N.OC(=O)CNC[P](O)(O)=O
B-2853,-3.4727,CCOC(=O)CN(C(=O)CCl)c1c(CC)cccc1CC
B-2854,-0.823,CC(C)S[S](=O)C(C)C
B-2855,-3.2419,CC(C)(O)CC(C)(O)c1cccc2ccccc12
B-2856,-7.1806,Clc1ccc2Oc3ccc(Cl)cc3Oc2c1
B-2857,-11.5827,Clc1c(Cl)c(Cl)c2c(oc3c(Cl)c(Cl)c(Cl)c(Cl)c23)c1Cl
B-2858,-1.2118,OC(=O)C(I)=CBr
B-2859,-1.6231,CNC(=O)O\N=C(\CSC)C(C)(C)C
B-2860,-4.9595,C/C=C/C(=O)Oc1c(cc(cc1C(C)(C)CC(C)(C)C)[N+]([O-])=O)[N+]([O-])=O
B-2861,-7.66,Clc1ccc(c(Cl)c1)c2c(Cl)cc(Cl)cc2Cl
B-2862,-7.5746,CC(C)=CC1C(C(=O)OC(C#N)c2cccc(Oc3ccccc3)c2)C1(C)C
B-2863,-6.0248,CC1(C)C(C(=O)OC(C#N)c2cccc(Oc3ccccc3)c2)C1(C)C
B-2864,-0.451,CCC(CCC(O)=O)C(C)=O
B-2865,0.1709,CNC(=O)N(C)C(=O)CC#N
B-2866,-8.7202,Clc1cc(cc(Cl)c1Cl)c2cc(Cl)c(Cl)c(Cl)c2Cl
B-2867,-1.5678,CC(=O)NCC(=O)Nc1ccccc1
B-2868,-5.9648,CC(C)(C)C1=NN(C(=O)O1)c2cc(OCC#C)c(Cl)cc2Cl
B-2869,-0.719,CCN1C(=O)N(C)c2ncn(C)c2C1=O
B-2870,-3.3483,CCOC(=O)C(NC=O)=CC=Cc1ccccc1
B-2871,-3.6344,ClCCC(Cl)O[P](=O)(OC(Cl)CCCl)OC(Cl)CCCl
B-2872,-8.68,Clc1cc(Cl)c(Cl)c(c1)c2c(Cl)cc(Cl)c(Cl)c2Cl
B-2873,-9.1999,Clc1cc(Cl)c(c(Cl)c1Cl)c2c(Cl)c(Cl)cc(Cl)c2Cl
B-2874,-10.2688,Clc1cc(c(Cl)c(Cl)c1Cl)c2c(Cl)c(Cl)c(Cl)c(Cl)c2Cl
B-2875,-5.9721,CCC(CC)Nc1c(cc(C)c(C)c1[N+]([O-])=O)[N+]([O-])=O
B-2876,-5.3459,COC(C)(C)CCCC(C)C\C=C\C(C)=C\C(=O)OC(C)C
B-2877,0.3586,CN(C)c1ncc2nccnc2n1
B-2878,-5.1246,CCOC(=O)\C=C(C)\C=C\CC(C)CCCC(C)C
B-2879,-5.1246,CCOC(=O)\C=C(C)\C=C\CC(C)CCCC(C)C
B-2880,-4.6442,Fc1ccc(cc1)N2C(=O)C(=C(Cl)C2=O)Cl
B-2881,-5.0797,COc1ccc(cc1C)C(=O)c2cccc(C)c2
B-2882,-0.53,NC(=O)NN=C[C@@H](O)[C@@H](O)[C@H](O)[C@H](O)CO
B-2883,-2.0506,CC1=NN=C(c2ccccc2)C(=O)N1N
B-2884,-6.7879,Clc1ccc(Cl)c(c1)c2c(Cl)cccc2Cl
B-2885,-7.0199,Clc1ccc(cc1Cl)c2c(Cl)cccc2Cl
B-2886,-6.3001,Clc1ccc(Cl)c(c1Cl)c2ccccc2Cl
B-2887,-4.1579,CCCCc1c(C)nc(NCC)nc1O[S](=O)(=O)N(C)C
B-2888,-1.839,CCOc1ccc(NC(C)=O)c(C)c1
B-2889,-2.0729,Cc1cccc2sc3nncn3c12
B-2890,-2.7435,COc1cc(C=O)c(C)cc1O
B-2891,-1.5699,CC(C)(C)NCC(O)COc1cccc2C[C@@H](O)[C@@H](O)Cc12
B-2892,-2.9501,COc1ccc(cc1)[C@@H]2Sc3ccccc3N(CCN(C)C)C(=O)[C@@H]2OC(C)=O
B-2893,-3.6577,CCO[P](=S)(OCC)Oc1nn(C(C)C)c(Cl)n1
B-2894,-5.9343,COC(=O)c1cc(Oc2ccc(Cl)cc2Cl)ccc1[N+]([O-])=O
B-2895,-4.7239,CC(C)CCCC(C)C\C=C\C(C)=C\C(=O)OCC#C
B-2896,-5.3495,Cc1ccc(NC(=O)NC(C)(C)c2ccccc2)cc1
B-2897,-3.3495,CN(C(=O)NC(C)(C)c1ccccc1)c2ccccc2
B-2898,-9.42,Clc1cc(Cl)c(c(Cl)c1Cl)c2cc(Cl)c(Cl)c(Cl)c2Cl
B-2899,-6.4939,CCOc1cc(Oc2ccc(cc2Cl)C(F)(F)F)ccc1[N+]([O-])=O
B-2900,-0.3431,CCCOCC(O)COCCC
B-2901,-3.6137,CC(C)(C)C(=O)C(Oc1ccc(Cl)cc1)n2cncn2
B-2902,-1.3676,CC(=O)C(=O)Nc1ccccc1
B-2903,-1.5585,CN(CCCCC(O)=O)[S](=O)(=O)c1ccccc1
B-2904,-2.3776,CCCCCOC(=O)c1cccnc1
B-2905,-1.3399,NCCc1ccc(O)c(c1)[N+]([O-])=O
B-2906,-2.1129,CN1C(=O)NC(=O)c2nc(C)c(C)nc12
B-2907,-5.0416,CC1(OC(=O)N(C1=O)c2cc(Cl)cc(Cl)c2)C=C
B-2908,-3.7306,CC(C)OC(=O)C(C(=O)OC(C)C)=C1SCCS1
B-2909,-2.0461,COCCN(C(=O)CCl)c1c(C)cccc1C
B-2910,-3.4791,OC(=O)c1cc(Oc2ccc(cc2Cl)C(F)(F)F)ccc1[N+]([O-])=O
B-2911,-6.69,CC(C)(C)c1ccc(cc1)C(O)CCCN2CCC(CC2)C(O)(c3ccccc3)c4ccccc4
B-2912,-2.874,O=C1CCCCCCCCCCCCCCN1
B-2913,-0.95,CCO[P](C)(=O)SCCN(C(C)C)C(C)C
B-2914,-3.1079,CCCCCC(=O)NCCNC(=O)CCCCC
B-2915,-1.2313,CC(=O)O[C@@H](C(O)=O)c1ccccc1
B-2916,-0.0575,CC1OC1C2OC2C
B-2917,-1.8184,Cn1c2ccccc2c(C(N)=O)c1C(N)=O
B-2918,0.6087,OC(=O)c1ccc(c(c1)C(O)=O)[S](O)(=O)=O
B-2919,-1.6704,Cc1nn(c2ccccc2)c(N)c1C
B-2920,-2.7287,CCc1cccc(C)c1N(C(C)COC)C(=O)CCl
B-2921,-0.8834,CN(C)C1=NC(=O)N(C2CCCCC2)C(=O)N1C
B-2922,-3.3105,CCCCNC1(CCCCC1)[P](=O)(OCCCC)OCCCC
B-2923,-5.5712,CCCCSC(SCc1ccc(cc1)C(C)(C)C)=Nc2cccnc2
B-2924,-5.6299,COC(=O)C(C)Oc1ccc(Oc2ccc(Cl)cc2Cl)cc1
B-2925,-1.8678,COC(CN(C)C(=O)Nc1sc(nn1)C(C)(C)C)OC
B-2926,-1.4298,CN=C(NCCSCc1nc[nH]c1C)NC#N
B-2927,-2.3005,CNC(=O)Oc1ccccc1OC(CCl)OC
B-2928,-5.7787,C[C@@H]/1CC(=C/CC2C[C@@H](C[C@]3(CC[C@H](C)C(C)O3)O2)OC(=O)[C@@H]4C=C(C)[C@@H](O)[C@H]5OCC(=C\C=C1)/[C@@]45O)/C
B-2929,-4.8772,CCC1O[C@]2(CCC1C)C[C@@H]3C[C@@H](C\C=C(/C)CC(C)/C=C/C=C/4CO[C@@H]5[C@H](O)C(=C[C@@H](C(=O)O3)[C@]45O)C)O2
B-2930,-4.0419,O=C(Nc1snnc1)Nc2ccccc2
B-2931,-4.6304,Clc1ccc(Oc2ccccc2)c(Cl)c1
B-2932,-8.5801,Clc1cc(Cl)c(Cl)c(c1)c2cc(Cl)c(Cl)cc2Cl
B-2933,-2.974,CCN1C=C(C(O)=O)C(=O)c2cnc(nc12)N3CCNCC3
B-2934,0.586,O=C1CC=NC=N1
B-2935,-4.0097,NC(=O)C1(CCCCC1)N2C(=O)c3cccc(Cl)c3C2=O
B-2936,-1.3381,OC(=O)CSC1CCCCC1
B-2937,0.0203,CCC1(C)OC(=O)NC1=O
B-2938,-5.5894,CC(Oc1ccc2ccccc2c1)C(=O)Nc3ccccc3
B-2939,-7.8144,CC1(C)[C@@H](C=C(Cl)Cl)[C@H]1C(=O)OCc2cccc(Oc3ccccc3)c2
B-2940,-7.0502,Clc1cccc(c1Cl)c2ccc(Cl)c(Cl)c2Cl
B-2941,-7.4254,Clc1ccc(Cl)c(c1)c2c(Cl)c(Cl)cc(Cl)c2Cl
B-2942,-7.94,Clc1ccc(Cl)c(c1Cl)c2c(Cl)c(Cl)cc(Cl)c2Cl
B-2943,-8.1501,Clc1ccc(Cl)c(c1Cl)c2c(Cl)cc(Cl)c(Cl)c2Cl
B-2944,-8.5901,Clc1cc(Cl)c(Cl)c(c1)c2c(Cl)c(Cl)cc(Cl)c2Cl
B-2945,-7.9428,Clc1cc(Cl)c(cc1Cl)c2c(Cl)c(Cl)cc(Cl)c2Cl
B-2946,-7.9068,Clc1cc(Cl)c(cc1Cl)c2c(Cl)cc(Cl)c(Cl)c2Cl
B-2947,-8.42,Clc1ccc(c(Cl)c1Cl)c2c(Cl)c(Cl)cc(Cl)c2Cl
B-2948,-8.2605,Clc1ccc(c(Cl)c1Cl)c2c(Cl)cc(Cl)c(Cl)c2Cl
B-2949,-8.21,Clc1cc(Cl)c(cc1Cl)c2cc(Cl)c(Cl)c(Cl)c2
B-2950,-9.1,Clc1ccc(Cl)c(c1Cl)c2c(Cl)c(Cl)c(Cl)c(Cl)c2Cl
B-2951,-9.1,Clc1cc(Cl)c(Cl)c(c1)c2cc(Cl)c(Cl)c(Cl)c2Cl
B-2952,-9.29,Clc1cc(c(Cl)c(Cl)c1Cl)c2c(Cl)c(Cl)cc(Cl)c2Cl
B-2953,-9.5,Clc1cc(Cl)c(cc1Cl)c2c(Cl)c(Cl)c(Cl)c(Cl)c2Cl
B-2954,-10.4115,Clc1cc(Cl)c(Cl)c(c1Cl)c2c(Cl)c(Cl)c(Cl)c(Cl)c2Cl
B-2955,-9.29,Clc1ccc(c(Cl)c1Cl)c2c(Cl)c(Cl)c(Cl)c(Cl)c2Cl
B-2956,-10.1035,Clc1cc(Cl)c(c(Cl)c1Cl)c2c(Cl)c(Cl)c(Cl)c(Cl)c2Cl
B-2957,-8.6036,Clc1cccc(c1Cl)c2c(Cl)c(Cl)cc(Cl)c2Cl
B-2958,-7.6794,Clc1ccc(Cl)c(c1)c2cc(Cl)c(Cl)c(Cl)c2Cl
B-2959,-7.8598,Clc1ccc(Cl)c(c1)c2c(Cl)c(Cl)c(Cl)c(Cl)c2Cl
B-2960,-4.3056,CC(C)OC(=O)C(C)N(C(=O)c1ccccc1)c2ccc(F)c(Cl)c2
B-2961,-3.982,COC(=O)C(C)N(C(=O)c1ccccc1)c2ccc(F)c(Cl)c2
B-2962,-4.2798,CCCN(CCC)C(=O)SCc1ccccc1
B-2963,-8.4024,CC1(C)[C@@H](C=C(Br)Br)[C@H]1C(=O)O[C@H](C#N)c2cccc(Oc3ccccc3)c2
B-2964,-3.5716,CCCCC(O)CN(\N=C/c1oc(cc1)[N+]([O-])=O)C(N)=O
B-2965,-3.2166,Cc1cc(C)nc(Nc2ccccc2)n1
B-2966,-6.0229,Clc1ccc(c(Cl)c1)c2ccc(Cl)cc2Cl
B-2967,-7.8566,Clc1cccc2c(Cl)c(Cl)c(Cl)cc12
B-2968,-7.8228,Clc1cc(Cl)c2cc(Cl)cc(Cl)c2c1
B-2969,-3.044,CC(C)Cc1ccc(cc1)C(C)C(=O)NO
B-2970,-0.0738,O[S](=O)(=O)c1[nH]ccn1
B-2971,-3.2365,CC(=O)Nc1cc(N[S](=O)(=O)C(F)(F)F)c(C)cc1C
B-2972,-2.101,COCCOc1c(OC)cc(Cc2cnc(N)nc2N)cc1OC
B-2973,-3.2109,Ic1ccc2COC(=O)c2c1
B-2974,0.9189,C\C=C(/Cl)C(O)=O
B-2975,-1.5656,N[C@@H](C(=O)N[C@H]1[C@H]2SCC(=C(N2C1=O)C(O)=O)Cl)c3ccccc3
B-2976,-1.6154,CC(C)(NC(=O)c1ccccc1)C(N)=O
B-2977,-4.2918,COc1ccc(Cl)c(Cl)c1Cl
B-2978,-6.3931,CC\C=C(/C)C(OC(=O)C1C(C=C(C)C)C1(C)C)C#C
B-2979,-1.8145,CCCCC(=O)NCCNC(=O)CCCC
B-2980,-5.5263,CCO[P](=S)(OCC)OC(Cl)C(Cl)(Cl)Cl
B-2981,0.0523,O=NN1CCCC1=O
B-2982,-0.5912,CC[C@H](C)[C@@H](NC(C)=O)C(O)=O
B-2983,-1.7957,CSc1cc(O)cc(O)c1
B-2984,-2.5191,CCCCSc1cc(O)cc(O)c1
B-2985,-0.3443,CCCCC(NC(C)=O)C(O)=O
B-2986,-4.8292,CC(C)(C)C(O)C(Oc1ccc(cc1)c2ccccc2)n3cncn3
B-2987,-7.4346,Clc1ccccc1c2c(Cl)cc(Cl)c(Cl)c2Cl
B-2988,-3.3918,CC(C)(C)C(O)C(Oc1ccc(Cl)cc1)n2cncn2
B-2989,-0.9811,CCCn1cnc2N(C)C(=O)N(CCCCC(C)=O)C(=O)c12
B-2990,-2.8927,O=C1CN(CC2N1CCc3ccccc23)C(=O)C4CCCCC4
B-2991,-6.0457,CCN(CC(C)=C)c1c(cc(cc1[N+]([O-])=O)C(F)(F)F)[N+]([O-])=O
B-2992,-1.66,CC1=C(C)[S](=O)(=O)CC[S]1(=O)=O
B-2993,-7.5226,Clc1ccccc1c2cc(Cl)c(Cl)c(Cl)c2Cl
B-2994,-0.9802,CCCO[P](=O)(OCC)OCCC
B-2995,-2.7656,OC(=O)COc1nc(Cl)c(Cl)cc1Cl
B-2996,-1.8773,CN1CC(O)N(C1=O)c2sc(nn2)C(C)(C)C
B-2997,-5.4025,CCCCCCCCSC(=O)Oc1cc(Cl)nnc1c2ccccc2
B-2998,-4.7206,Clc1ccc(Oc2ccccc2)cc1Cl
B-2999,-6.4902,Clc1ccc(Cl)c(c2ccccc2)c1Cl
B-3000,-6.1799,Clc1ccc(c2ccccc2)c(Cl)c1Cl
B-3001,-6.5557,Clc1ccc2cc(Cl)cc(Cl)c2c1
B-3002,-7.1419,Clc1ccc2cc(Cl)c(Cl)cc2c1
B-3003,-7.5163,Clc1ccc(Cl)c2cc(Cl)c(Cl)cc12
B-3004,-4.3265,CC(C)Oc1cccc(NC(=O)c2ccccc2C)c1
B-3005,-2.4272,CN(C)C(=O)Nc1cc(on1)C(C)(C)C
B-3006,-3.7064,CCC(=O)N(c1ccccc1)C2(CCN(CCc3sccc3)CC2)COC
B-3007,-7.4721,Clc1ccc(c(Cl)c1)c2c(Cl)cc(Cl)c(Cl)c2Cl
B-3008,-1.8779,CCCC(C)CC(C)O
B-3009,-3.4377,CC(C)C(O)(c1ccc(OC(F)(F)F)cc1)c2cncnc2
B-3010,-2.1707,O=CC(=O)Cc1ccccc1
B-3011,-7.316,Clc1cc(Cl)c(c(Cl)c1)c2c(Cl)cccc2Cl
B-3012,-7.91,Clc1cc(Cl)c(c(Cl)c1)c2ccc(Cl)c(Cl)c2
B-3013,-7.92,Clc1cc(Cl)c(c(Cl)c1)c2cc(Cl)cc(Cl)c2
B-3014,-1.6184,FC1=CN(C(=O)NC1=O)C(=O)Nc2ccccc2
B-3015,-2.4798,CNC(=O)N1C=C(F)C(=O)NC1=O
B-3016,-5.0774,CC(C)(C)c1ccc(O[P](=O)(Oc2ccccc2)Oc3ccccc3)cc1
B-3017,-5.4374,CO[P](=S)(OC)Oc1c(Cl)cc(C)cc1Cl
B-3018,-4.4288,CSC1=NN=C(C(=O)N1\N=C\C(C)C)C(C)(C)C
B-3019,-2.8712,COc1c(O)cc(Cl)c(Cl)c1Cl
B-3020,-9.1609,Clc1cc2oc3c(Cl)c(Cl)c(Cl)cc3c2cc1Cl
B-3021,-2.0414,Nc1ccc2COC(=O)c2c1
B-3022,-1.6365,O=C1CCc2cccc3CCN1c23
B-3023,-5.0574,CCN(C(=O)Oc1cccc(NC(=O)OC(C)C)c1)c2ccccc2
B-3024,-8.403,FC(F)(F)c1cccc(c1)C(n2cncn2)(c3ccccc3)c4ccccc4
B-3025,-0.8494,CN(CCOC(=O)c1ccccc1)C(C)=O
B-3026,-3.1173,COC(=O)C(C)N(C(=O)c1occc1)c2c(C)cccc2C
B-3027,-1.5219,COCC(=O)N(C(C)C(=O)OC)c1c(C)cccc1C
B-3028,-2.3477,CCNC(=O)NC(=O)\C(=N\OC)C#N
B-3029,-4.4817,CC(C)OC(=O)[C@H](C)N(C(=O)c1ccccc1)c2ccc(F)c(Cl)c2
B-3030,-3.9031,Cc1ccc(cc1)N=Nc2cc(C)ccc2N
B-3031,-1.3967,CCC1(CC)C(=NC(=O)NC1=O)N
B-3032,-2.6157,CC1OC(=O)c2cc(ccc12)[N+]([O-])=O
B-3033,-5.9592,Cc1cc(ccc1N=Nc2c(Cl)cc(cc2Cl)[N+]([O-])=O)N(CCO)CCO
B-3034,-0.4888,Nc1c(Br)cc(Br)c(c1Br)[S](O)(=O)=O
B-3035,-4.2474,CC(N(c1ccc(F)c(Cl)c1)C(=O)c2ccccc2)C(O)=O
B-3036,-3.2855,Cc1cccc(C)c1N(C2CCOC2=O)C(=O)CCl
B-3037,-1.5613,COC1OC(CNC(=O)N(CCCl)N=O)C(O)C(O)C1O
B-3038,-6.2196,Clc1ccc(Oc2ccc(Cl)cc2Cl)cc1
B-3039,0.4733,CCCO[P](=O)(OC)OC
B-3040,-2.1431,NC1=NC(=O)c2ncn(COCCO)c2N1
B-3041,-8.2399,Clc1cc(Cl)c(c(Cl)c1)c2ccc(Cl)c(Cl)c2Cl
B-3042,-1.1487,CC(C)C=CCC(O)=O
B-3043,-4.0055,CSC(/C)=N/OC(=O)N(C)SN(C)C(=O)O\N=C(/C)SC
B-3044,-4.4384,CN1C=C(c2ccccc2)C(=O)C(=C1)c3cccc(c3)C(F)(F)F
B-3045,-3.3248,CCOc1ccccc1\C=C\C([O-])=O
B-3046,-7.47,Clc1ccc(Cl)c(c1)c2c(Cl)cc(Cl)cc2Cl
B-3047,-8.1199,Clc1cc(Cl)c(c(Cl)c1)c2cc(Cl)c(Cl)cc2Cl
B-3048,-8.68,Clc1cc(Cl)c(c(Cl)c1)c2cc(Cl)c(Cl)c(Cl)c2Cl
B-3049,-1.4504,CC(C)([S](C)(=O)=O)[S](C)(=O)=O
B-3050,-0.0094,CN1C=C(I)C=CC1=O
B-3051,-0.7443,C[C@H](O)C(=O)Nc1c(I)c(C(=O)NC(CO)CO)c(I)c(C(=O)NC(CO)CO)c1I
B-3052,-4.374,OC(c1ccc(Cl)cc1)(c2cncnc2)c3ccccc3Cl
B-3053,-3.0031,Clc1ccc(c(Cl)c1)C2(Cn3cncn3)OCCO2
B-3054,-3.4929,CCCC1COC(Cn2cncn2)(O1)c3ccc(Cl)cc3Cl
B-3055,-3.613,CCC1COC(Cn2cncn2)(O1)c3ccc(Cl)cc3Cl
B-3056,-7.1547,Clc1cccc(c1)c2c(Cl)cc(Cl)cc2Cl
B-3057,-7.3999,Clc1cc(Cl)c(c(Cl)c1)c2cccc(Cl)c2Cl
B-3058,-6.0807,CCO[P](=S)(OCC)Oc1cc(Cl)c(Cl)c(SC)c1
B-3059,-2.1053,OC(=O)[C@H]1CC[C@@H]([Se][Se]1)C(O)=O
B-3060,-1.5686,CCSC(C(O)=O)c1ccccc1
B-3061,-5.9231,CON(C1CCCCC1)C(=O)c2cc(C)oc2C
B-3062,0.1304,O[S](=O)(=O)c1c[nH]cn1
B-3063,-0.9642,CC(Br)C(=O)NCC(=O)NCC(O)=O
B-3064,-3.949,FC(F)(F)c1cccc(c1)N2CC(CCl)C(Cl)C2=O
B-3065,-0.0049,NC(=S)NC#N
B-3066,-5.199,Clc1ccc(Oc2ccccc2Cl)cc1Cl
B-3067,-0.8622,CCC(=O)OC(C)C(=O)OC
B-3068,-4.1196,CC(C)(SC(=O)N1CCCCC1)c2ccccc2
B-3069,-1.0488,CC(C)Cc1[nH]ccn1
B-3070,-3.163,CN1C=CSC1=Nc2ccc(C)cc2C
B-3071,-0.4401,CSC(=NC)N(C)C
B-3072,-8.48,Clc1cccc(c1Cl)c2c(Cl)cc(Cl)c(Cl)c2Cl
B-3073,-0.5436,OCCNC(=O)c1cc(O)ccc1O
B-3074,-0.3188,Nc1c2cc(ccc2c(cc1[S](O)(=O)=O)[S](O)(=O)=O)[S](O)(=O)=O
B-3075,-3.1389,CNC(=O)OCc1cccc(Cl)c1Cl
B-3076,-2.7785,COC(=O)C(/C)=C/O[P](=S)(OC)OC
B-3077,-1.2971,CCCCN(C(N)=O)c1ccccc1
B-3078,-6.65,Clc1cc(Cl)c(c(Cl)c1)c2ccccc2Cl
B-3079,-3.9266,CN(C)C(=O)SCCCCOc1ccccc1
B-3080,-5.5375,Cc1c(Cl)cc(cc1Cl)C2=NNC(=O)C=C2
B-3081,-6.7799,CCN(Cc1c(F)cccc1Cl)c2c(cc(cc2[N+]([O-])=O)C(F)(F)F)[N+]([O-])=O
B-3082,-3.2899,N#CCO/N=C(C#N)/c1ccccc1
B-3083,-4.083,OC(c1ccc(F)cc1)(c2cncnc2)c3ccccc3Cl
B-3084,-5.6603,Clc1ccc(Oc2ccc(Cl)c(Cl)c2)cc1
B-3085,-1.8281,CCCC(Br)(CCC)C(N)=O
B-3086,-4.3219,COC(=O)[C@@H](C)N(C(=O)c1ccccc1)c2ccc(F)c(Cl)c2
B-3087,-4.4817,CC(C)OC(=O)[C@@H](C)N(C(=O)c1ccccc1)c2ccc(F)c(Cl)c2
B-3088,-4.7874,CC[C@H]1OC[C@@H](COc2ccc(Oc3ccccc3)cc2)O1
B-3089,-1.2082,CCCN1C(=O)N(C)c2ncn(C)c2C1=O
B-3090,-1.9203,ClCCN(Cl)CCCl
B-3091,-6.7243,CCOc1ccc(cc1)C2(CC2(Cl)Cl)C(=O)OC(C#N)c3cccc(Oc4ccccc4)c3
B-3092,-0.8443,CCOC(=O)N1CCN(CC1)CN2CCN(CC2)C(=O)OCC
B-3093,-2.4464,CCCCNC(=O)N1C=C(F)C(=O)NC1=O
B-3094,-4.4321,CO[P](=S)(OC)SCC(=O)N(C(C)C)c1ccc(Cl)cc1
B-3095,-7.3941,CC1(C)C(C(=O)OC(C#N)c2cccc(Oc3ccccc3)c2)C1(C)C
B-3096,-5.5225,C[C@H](CCC(=O)NCC(O)=O)[C@H]1CCC2C3[C@@H](O)C[C@@H]4C[C@H](O)CC[C@]4(C)C3CC[C@]12C
B-3097,-2.7353,CCSC1=NN=C(C(=O)N1N)C(C)(C)C
B-3098,-7.1568,FC(F)(F)Oc1ccc(NC(=O)NC(=O)c2ccccc2Cl)cc1
B-3099,-1.6405,NC(=O)COC(=O)c1ccccc1
B-3100,-2.2373,CCNC(=O)COC(=O)c1ccccc1
B-3101,-2.0706,CCN(CC)C(=O)COC(=O)c1ccccc1
B-3102,0.6522,CCNC(C)C(O)=O
B-3103,-1.117,CN1C(=O)C(N)C(=S)N(C)C1=O
B-3104,-7.62,Clc1ccc(c(Cl)c1)c2ccc(Cl)c(Cl)c2Cl
B-3105,-2.6471,S=C1N=CNc2nccnc12
B-3106,-3.972,CC(=O)OCC(C(OC(C)=O)c1ccccc1)[N+]([O-])=O
B-3107,-3.972,CC(=O)OC[C@H]([C@@H](OC(C)=O)c1ccccc1)[N+]([O-])=O
B-3108,-6.0399,Clc1ccc(CN(C2CCCC2)C(=O)Nc3ccccc3)cc1
B-3109,-8.3221,CC(C)[C@@H](C(=O)O[C@@H](C#N)c1cccc(Oc2ccccc2)c1)c3ccc(Cl)cc3
B-3110,-3.5903,CCCC(Cn1cncn1)c2ccc(Cl)cc2Cl
B-3111,-4.6947,CC(C)Oc1cccc(NC(=O)c2ccccc2C(F)(F)F)c1
B-3112,-5.6042,CCOC(=O)C(C)Oc1ccc(Oc2oc3cc(Cl)ccc3n2)cc1
B-3113,-5.437,Clc1cccc(Oc2ccc(Cl)c(Cl)c2)c1
B-3114,-6.9197,CC1(C)[C@@H](C(Br)C(Br)(Br)Br)[C@H]1C(=O)O[C@H](C#N)c2cccc(Oc3ccccc3)c2
B-3115,-1.4278,CCCC(Br)C(=O)NC(N)=O
B-3116,-1.6004,CN(C)C1CCCC=CCC1
B-3117,-2.7359,CNC(=O)Sc1ccc(O[S](C)(=O)=O)cc1
B-3118,0.9095,CC1(CCCC1=O)C#N
B-3119,-2.8102,Cc1cccc(C)c1N(Cn2cccn2)C(=O)CCl
B-3120,-1.8191,CCC(CC)(CC)NC(N)=O
B-3121,-2.4821,CC(CN1CC(C)OC(C)C1)Cc2ccc(cc2)C(C)(C)C
B-3122,-7.6194,CC1(C)[C@@H](C=C(Cl)Cl)[C@H]1C(=O)OC(C#N)c2cccc(Oc3ccccc3)c2
B-3123,-7.916,CC1(C)CNC(=NC1)N\N=C(/C=C/c2ccc(cc2)C(F)(F)F)\C=C\c3ccc(cc3)C(F)(F)F
B-3124,-11.4817,Clc1cc2c(oc3c(Cl)c(Cl)c(Cl)c(Cl)c23)c(Cl)c1Cl
B-3125,-4.8487,CC(CN1C[C@H](C)O[C@H](C)C1)Cc2ccc(cc2)C(C)(C)C
B-3126,-6.8395,Brc1cc2oc3cc(Br)c(Br)cc3c2cc1Br
B-3127,-4.0445,CCCN(CCOc1c(Cl)cc(Cl)cc1Cl)C(=O)n2ccnc2
B-3128,0.7566,CCOC(=O)CN(N=O)C(N)=O
B-3129,-9.7256,Brc1ccc(Br)c(c1)c2cc(Br)c(Br)cc2Br
B-3130,-0.5993,CCCC(O)C=C
B-3131,-1.1428,O=C1NC=Cc2cccnc12
B-3132,-4.3251,Clc1cc(Cl)c(cc1OCC#C)N2N=C3CCCCN3C2=O
B-3133,-7.9541,CC1(C)C(\C=C(/Cl)C(F)(F)F)C1C(=O)OC(C#N)c2cccc(Oc3ccccc3)c2
B-3134,-5.8031,CC(=O)OCCN(CCC#N)c1ccc(cc1)N=Nc2sc3cc(ccc3n2)[N+]([O-])=O
B-3135,-3.8028,Clc1cc(NC(=O)Nc2ccccc2)ccn1
B-3136,-6.65,Clc1ccc(c(Cl)c1)c2c(Cl)cccc2Cl
B-3137,-7.1694,Clc1ccc(c(Cl)c1)c2c(Cl)ccc(Cl)c2Cl
B-3138,-7.82,Clc1ccc(c(Cl)c1)c2cc(Cl)cc(Cl)c2Cl
B-3139,-7.95,Clc1cc(Cl)cc(c1)c2c(Cl)ccc(Cl)c2Cl
B-3140,-7.88,Clc1ccc(cc1)c2c(Cl)c(Cl)cc(Cl)c2Cl
B-3141,-7.47,Clc1cc(Cl)cc(c1)c2cc(Cl)c(Cl)cc2Cl
B-3142,-8.01,Clc1ccc(Cl)c(c1)c2c(Cl)cc(Cl)c(Cl)c2Cl
B-3143,-8.13,Clc1cc(c(Cl)c(Cl)c1Cl)c2c(Cl)cccc2Cl
B-3144,-9.42,Clc1cc(Cl)c(Cl)c(c1)c2c(Cl)c(Cl)c(Cl)c(Cl)c2Cl
B-3145,-2.5622,CCOC(=O)CNc1nc(Cl)nc(NC(C)C)n1
B-3146,-2.7345,COc1ccc(NC(=N)Nc2ccc(OC)cc2)cc1
B-3147,-8.1607,CC1(C)C(C=C(Cl)Cl)C1C(=O)OC(C#N)c2ccc(F)c(Oc3ccccc3)c2
B-3148,-2.9921,CC[S](=O)(=O)Oc1ccc2OCC(C)(C)c2c1
B-3149,-2.4003,CC(=O)NC(=O)COC(=O)c1ccccc1
B-3150,-1.4419,CCCOCC(=Nc1ccc(Cl)cc1C(F)(F)F)n2ccnc2
B-3151,-4.9499,Clc1ccc(Oc2ccccc2Cl)c(Cl)c1
B-3152,-5.5307,CC(C)N1C(=O)N(CSC1=NC(C)(C)C)c2ccccc2
B-3153,-3.4475,Nc1c(Cl)c(F)nc(OCC(O)=O)c1Cl
B-3154,-8.0025,CC(C)C(Nc1ccc(cc1Cl)C(F)(F)F)C(=O)OC(C#N)c2cccc(Oc3ccccc3)c2
B-3155,-0.4424,OCC(Cl)(Cl)Br
B-3156,-2.6878,Clc1cccc(c1)N(C2CCOC2=O)C(=O)C3CC3
B-3157,-0.1086,CC(CC(C)(C(O)=O)C(O)=O)C(O)=O
B-3158,-1.8263,OC(=O)c1occ(Cl)c1Cl
B-3159,-9.1,Clc1cc(Cl)cc(c1)c2c(Cl)c(Cl)c(Cl)c(Cl)c2Cl
B-3160,-4.6064,COC(=O)C(C)Oc1ccc(Oc2ncc(cc2Cl)C(F)(F)F)cc1
B-3161,-5.5836,CCCCOC(=O)C(C)Oc1ccc(Oc2ccc(cn2)C(F)(F)F)cc1
B-3162,-2.53,COC(=O)c1ccc(C)cc1C2=NC(C)(C(C)C)C(=O)N2
B-3163,-2.3262,COC(=O)c1cc(C)ccc1C2=NC(C)(C(C)C)C(=O)N2
B-3164,-6.8765,CC(C)C(C(=O)OC(C#N)c1cccc(Oc2ccccc2)c1)c3ccc(OC(F)F)cc3
B-3165,-3.0929,CCCCCCCCOC(=O)c1cccnc1
B-3166,-6.3001,Clc1ccc(Cl)c(c1Cl)c2ccccc2Cl
B-3167,-6.2301,Clc1ccc(Cl)c(c1)c2cccc(Cl)c2Cl
B-3168,-7.2505,Clc1ccccc1c2cc(Cl)c(Cl)cc2Cl
B-3169,-6.9069,Clc1ccccc1c2cc(Cl)c(Cl)c(Cl)c2
B-3170,-7.3149,Clc1ccc(Cl)c(c1)c2cc(Cl)c(Cl)c(Cl)c2
B-3171,-1.8388,[H+].[H+].[Cl-].[Cl-].OCCNCCNc1ccc(NCCNCCO)c2C(=O)c3c(O)ccc(O)c3C(=O)c12
B-3172,-1.2343,CCSC(=S)NC(C)C(O)=O
B-3173,-0.9624,ClCCN(CCCl)[P]1(=O)NCCCCO1
B-3174,-3.3075,CCCc1sc(N[S](=O)(=O)c2ccc(N)cc2)nn1
B-3175,-5.6042,CCOC(=O)[C@@H](C)Oc1ccc(Oc2oc3cc(Cl)ccc3n2)cc1
B-3176,-2.6514,Cn1nc(C)c(C(=O)c2ccc(Cl)cc2Cl)c1OCC(=O)c3ccccc3
B-3177,-3.9442,COC(=O)C(C)N(C(=O)Cc1ccccc1)c2c(C)cccc2C
B-3178,-6.5587,CC1(C)C(C=C(Cl)Cl)C1C(=O)OC(C#N)c2cccc(Oc3ccccc3)c2
B-3179,-0.0384,NC(=O)C(=NO)C(N)=O
B-3180,-1.3593,OC(=O)C(Br)=C(Br)Br
B-3181,-1.0197,OC(=O)C(Br)=C(Br)I
B-3182,0.5413,CC[S](=O)(=O)N[S](=O)(=O)CC
B-3183,-4.0162,CCOC(=O)C1(C)OC(=O)N(C1=O)c2cc(Cl)cc(Cl)c2
B-3184,-3.8624,[O-][n+]1nc(nc2ccc(Cl)cc12)n3ccnc3
B-3185,-4.7009,CCOC(=O)NCCOc1ccc(Oc2ccccc2)cc1
B-3186,-8.8809,CCCCN(CCOC(C)=O)c1ccc(N=Nc2c(cc(cc2C#N)[N+]([O-])=O)C#N)c(C)c1
B-3187,-5.8085,FC(F)(F)c1nc(Cl)sc1C(=O)OCc2ccccc2
B-3188,-1.3505,CC=Cc1ccc(O)c(O)c1
B-3189,-3.5321,CC(C)=CC1C(C(=O)OCN2C(=O)CN(CC#C)C2=O)C1(C)C
B-3190,-4.8727,CN(C(=O)COc1sc2ccccc2n1)c3ccccc3
B-3191,-7.1299,Clc1cccc(c1)c2cc(Cl)c(Cl)cc2Cl
B-3192,-7.3999,Clc1ccccc1c2c(Cl)c(Cl)cc(Cl)c2Cl
B-3193,-6.7798,Clc1ccc(c(Cl)c1Cl)c2c(Cl)cccc2Cl
B-3194,-2.4884,CCCCCCOC(=O)C(C)OC(=O)C(C)O
B-3195,0.1216,Cc1cc(C)nc(n1)C(N)=O
B-3196,-4.5971,Fc1ccc(cc1)C(=O)C2CCN(CC2)CCN3C(=O)Nc4ccccc4C3=O
B-3197,-5.0248,Nc1c(Cl)c(Oc2ccccc2)ccc1[N+]([O-])=O
B-3198,-1.6471,CCOc1ccc(NC(=O)NN)cc1
B-3199,-5.4817,Clc1ccccc1c2nnc(nn2)c3ccccc3Cl
B-3200,-3.1742,COC(=O)c1ccccc1[S](=O)(=O)NC(=O)Nc2nc(C)cc(C)n2
B-3201,-6.77,Clc1cccc(c1)c2ccc(Cl)c(Cl)c2Cl
B-3202,-6.77,Clc1ccc(cc1)c2cc(Cl)cc(Cl)c2Cl
B-3203,-7.76,Clc1cccc(c1)c2c(Cl)c(Cl)cc(Cl)c2Cl
B-3204,-7.3102,Clc1ccc(cc1)c2cc(Cl)c(Cl)c(Cl)c2Cl
B-3205,-7.95,Clc1ccc(cc1)c2c(Cl)cc(Cl)c(Cl)c2Cl
B-3206,-7.6505,Clc1ccc(cc1Cl)c2c(Cl)cc(Cl)c(Cl)c2Cl
B-3207,-8.48,Clc1ccc(cc1Cl)c2c(Cl)c(Cl)cc(Cl)c2Cl
B-3208,-8.27,Clc1ccc(Cl)c(c2cc(Cl)c(Cl)c(Cl)c2)c1Cl
B-3209,-8.2696,Clc1cc(Cl)cc(c1)c2c(Cl)c(Cl)cc(Cl)c2Cl
B-3210,-8.9706,Clc1ccc(c(Cl)c1)c2c(Cl)c(Cl)c(Cl)c(Cl)c2Cl
B-3211,-9.1,Clc1cc(Cl)c(c2cc(Cl)c(Cl)c(Cl)c2)c(Cl)c1Cl
B-3212,-9.1,Clc1cc(Cl)cc(c1)c2c(Cl)c(Cl)c(Cl)c(Cl)c2Cl
B-3213,-9.48,Clc1cc(Cl)c(c(Cl)c1)c2c(Cl)c(Cl)c(Cl)c(Cl)c2Cl
B-3214,-9.6997,Clc1cc(cc(Cl)c1Cl)c2c(Cl)c(Cl)c(Cl)c(Cl)c2Cl
B-3215,-8.4901,Clc1cc(Cl)c(c(Cl)c1)c2c(Cl)c(Cl)cc(Cl)c2Cl
B-3216,-3.8003,Brc1ccc(Br)c(C=O)c1
B-3217,0.6765,O[S](=O)(=O)C(Cl)[S](O)(=O)=O
B-3218,-4.9455,CC(C)(C)C(Br)C(=O)NC(C)(C)c1ccccc1
B-3219,-4.6937,Clc1cccc(c1Cl)c2c[nH]cc2C#N
B-3220,-4.0649,N#CC(=N\OCC1OCCO1)/c2ccccc2
B-3221,-4.5619,CC(C)(C)C(O)C(Cc1ccc(Cl)cc1Cl)n2cncn2
B-3222,-1.3609,CCOC(=O)[C@H](CCc1ccccc1)N[C@@H](C)C(=O)N2CCC[C@H]2C(O)=O
B-3223,-4.0017,CCO[P](=O)(Cc1ccc(cc1)c2sc3ccccc3n2)OCC
B-3224,-0.165,CCN1CC(=O)N=C1N
B-3225,-4.5051,OC(=O)c1c(Cl)c(Cl)c(Cl)c(Cl)c1C(=O)Nc2cccc(Cl)c2Cl
B-3226,0.5366,O[S](=O)(=O)C(Cl)([S](O)(=O)=O)[S](O)(=O)=O
B-3227,-0.4628,CCOC(=O)[C@H](C)NC(=O)CCl
B-3228,-2.6404,CSCOC(=O)c1ccccc1OC(C)=O
B-3229,-1.7824,CC(=O)Oc1ccccc1C(=O)OC[S](C)=O
B-3230,-3.3936,CC(=O)Oc1ccccc1C(=O)OC[S](C)(=O)=O
B-3231,-2.2232,CC(Oc1ccccc1Cl)C(O)=O
B-3232,-6.0604,CC(Oc1ccc(Oc2cnc3cc(Cl)ccc3n2)cc1)C(O)=O
B-3233,-6.0944,CCOC(=O)C(C)Oc1ccc(Oc2cnc3cc(Cl)ccc3n2)cc1
B-3234,-3.3651,OC(Cn1cncn1)(c2ccc(F)cc2)c3ccccc3F
B-3235,-7.4052,Clc1cccc(c2cc(Cl)c(Cl)c(Cl)c2)c1Cl
B-3236,0.8397,[NH4+].C[P](O)(=O)CCC(N)C([O-])=O
B-3237,-0.8953,CC(C)C[C@H](N)C(=O)N[C@@H](C)C(=O)NCC(O)=O
B-3238,-0.4189,CCOC(=O)N(C)CC
B-3239,-4.0388,CCCS[P](=O)(OCC)Oc1cnn(c1)c2ccc(Cl)cc2
B-3240,-6.6644,CCOC(=O)C(C)OC(=O)c1cc(Oc2ccc(cc2Cl)C(F)(F)F)ccc1[N+]([O-])=O
B-3241,-5.8729,CCOC(=O)COC(=O)c1cc(Oc2ccc(cc2Cl)C(F)(F)F)ccc1[N+]([O-])=O
B-3242,0.0909,CCOC(CC(C)O)OCC
B-3243,-1.8632,NN=C1N=CNc2nccnc12
B-3244,-1.913,COCC(=O)N(N1CCOC1=O)c2c(C)cccc2C
B-3245,-2.5221,CCCCCCNC(=O)c1cccnc1
B-3246,-1.7872,CCC1(C(=O)NC(=O)N(CC(O)CO)C1=O)c2ccccc2
B-3247,-5.8487,C[C@H]1C(SC(=O)N1C(=O)NC2CCCCC2)c3ccc(Cl)cc3
B-3248,-4.7009,CCOC(=O)NCCOc1ccc(Oc2ccccc2)cc1
B-3249,-5.2826,CCCCOC(=O)[C@@H](C)Oc1ccc(Oc2ccc(cn2)C(F)(F)F)cc1
B-3250,-2.2379,COC(=O)c1sccc1[S](=O)(=O)NC(=O)Nc2nc(C)nc(OC)n2
B-3251,-7.3209,Cc1c(F)c(F)c(COC(=O)C2C(\C=C(/Cl)C(F)(F)F)C2(C)C)c(F)c1F
B-3252,-1.0876,CCC(CC)C(=O)N(CC)CC
B-3253,-7.1447,CCC(C)(C)C(=O)O[C@H]1C[C@@H](C)C=C2C=C[C@H](C)[C@H](CC[C@@H]3C[C@@H](O)CC(=O)O3)[C@@H]12
B-3254,-4.2668,CCCCC(O)(Cn1cncn1)c2ccc(Cl)cc2Cl
B-3255,-6.8068,CC(C)c1cc(Oc2ccccc2)cc(C(C)C)c1NC(=S)NC(C)(C)C
B-3256,-8.5758,CCOc1ccc(cc1)C(C)(C)COCc2cccc(Oc3ccccc3)c2
B-3257,-1.364,CC(C)C1(C)N=C(NC1=O)c2ncccc2C(O)=O
B-3258,-3.539,CC(C)C1(C)N=C(NC1=O)c2nc3ccccc3cc2C(O)=O
B-3259,-2.3153,CCc1cnc(C2=NC(C)(C(C)C)C(=O)N2)c(c1)C(O)=O
B-3260,-2.4599,COC(=O)c1ccc(C)cc1C2=NC(C)(C(C)C)C(=O)N2
B-3261,-6.6107,CCCCCCC(C)OC(=O)COc1nc(F)c(Cl)c(N)c1Cl
B-3262,-3.0081,CCCCCCCCNC(=O)c1cccnc1
B-3263,-3.1398,CCCCCCCCCNC(=O)c1cccnc1
B-3264,-3.0765,CCCCCCCCCCNC(=O)c1cccnc1
B-3265,-3.0266,CCCCCCCCCCCNC(=O)c1cccnc1
B-3266,-3.2078,CCCCCCCCCCCCNC(=O)c1cccnc1
B-3267,-2.3383,CC1(C)CON(Cc2ccccc2Cl)C1=O
B-3268,-4.0989,COc1nc(C)nc(NC(=O)N[S](=O)(=O)c2ccccc2OCCCl)n1
B-3269,-5.6042,CCOC(=O)C(C)Oc1ccc(Oc2oc3cc(Cl)ccc3n2)cc1
B-3270,-3.7998,ON=C1C=CC(=NO)c2ncccc12
B-3271,-3.9524,CC(C)(C)[C@H](O)[C@H](Oc1ccc(Cl)cc1)n2cncn2
B-3272,-5.5299,OC(c1ccccc1)c2cc(Cl)ccc2NC(=O)c3ccncc3
B-3273,-5.3694,CCC(C)(CC)c1cc(NC(=O)c2c(OC)cccc2OC)on1
B-3274,-0.3736,CCOC(C)CCO
B-3275,-6.6262,Cc1c(COC(=O)C2C(\C=C(/Cl)C(F)(F)F)C2(C)C)cccc1c3ccccc3
B-3276,-6.5209,Cn1nc(C)c(C(=O)c2ccc(Cl)c(C)c2Cl)c1OCC(=O)c3ccc(C)cc3
B-3277,-3.534,COC(=O)c1ccccc1C[S](=O)(=O)NC(=O)Nc2nc(OC)cc(OC)n2
B-3278,-7.3023,Fc1cccc(F)c1C(=O)NC(=O)Nc2cc(Cl)c(F)c(Cl)c2F
B-3279,-4.3005,CCOC(=O)CCN(Cc1ccccc1)SN(C)C(=O)O\N=C(\C)SC
B-3280,-6.8969,Fc1ccc(NC(=O)c2cccnc2Oc3cccc(c3)C(F)(F)F)c(F)c1
B-3281,-1.2891,OC(=O)C(I)=C(Br)I
B-3282,-4.5403,CC(C)(C)[C@H](O)\C(=C/c1ccc(Cl)cc1)n2cncn2
B-3283,-4.5403,CC(C)(C)C(O)\C(=C/c1ccc(Cl)cc1)n2cncn2
B-3284,-4.9115,CC(C)(C)C(O)\C(=C/c1ccc(Cl)cc1Cl)n2cncn2
B-3285,-5.204,CCCC(=O)N(CS[P](=S)(OC)OC)c1ccccc1Cl
B-3286,-3.1656,OC(=O)c1ccc(c2cccnc12)[N+]([O-])=O
B-3287,-5.2203,CCOC(=O)C1(C)OC(=O)N(C1=O)c2cc(Cl)cc(Cl)c2
B-3288,-1.0775,Nc1ncc2ncn(COCCO)c2n1
B-3289,-7.0057,CC(Oc1ccc(Cl)c(C)c1Cl)C(=O)Nc2ccccc2
B-3290,-3.1711,CCCCCS[S](=O)CCCCC
B-3291,0.4574,COCCCCC=O
B-3292,-3.0665,CCC(=O)OCc1ccc(Cl)cc1Cl
B-3293,-3.7665,C[Si](Cn1cncn1)(c2ccc(F)cc2)c3ccc(F)cc3
B-3294,-1.0432,OC(=O)C1=CN(C2CC2)c3cc(N4CCNCC4)c(F)cc3C1=O
B-3295,-4.7337,CCN(C(C)C(C)C)C(=O)SCc1ccccc1
B-3296,-5.152,COC(=O)c1ccccc1[S](=O)(=O)NC(=O)Nc2nc(OC(F)F)cc(OC(F)F)n2
B-3297,-5.3842,Clc1ccc(CSC(Cn2cncn2)=Nc3ccc(Cl)cc3Cl)cc1
B-3298,-3.1882,CCc1cccc(C)c1N(COC(C)C)C(=O)CCl
B-3299,-7.4033,Fc1cccc(F)c1C(=O)NC(=O)Nc2ccc(Cl)c(Oc3ncc(cc3Cl)C(F)(F)F)c2
B-3300,-4.0022,CCOc1ccc(NC(=O)OC(C)C)cc1OCC
B-3301,-5.8739,CCOCCOC(=O)C(C)Oc1ccc(Oc2ncc(cc2Cl)C(F)(F)F)cc1
B-3302,-4.0287,CCc1cccc(CC)c1N(COC\C=C/C)C(=O)CCl
B-3303,-6.3508,CCCCCOC(=O)COc1cc(N2C(=O)C3=C(CCCC3)C2=O)c(F)cc1Cl
B-3304,-2.3614,COCC(C)N(C(=O)CCl)c1c(C)scc1C
B-3305,-4.5922,CC(Oc1ccc(Oc2ncc(Cl)cc2Cl)cc1)C(=O)N3CCCO3
B-3306,-3.6391,CC(C)C12CCC(C)(O1)C(C2)OCc3ccccc3C
B-3307,-4.0138,FC(F)(F)C(=N/OCC1OCCO1)/c2ccc(Cl)cc2
B-3308,-1.0071,OC(=O)C(Br)=C(Cl)Br
B-3309,-0.6873,OC(=O)C(Cl)=C(Br)Br
B-3310,0.0085,CCC(OCCCOC)OC(C)=O
B-3311,0.0789,CC(O)C([N+]([O-])=O)[N+]([O-])=O
B-3312,-3.1959,Cc1cc(C)nc(N\N=C(\C)c2ccccc2C)n1
B-3313,-0.794,CN1C(=O)N=CC2=C1NC(=O)N2
B-3314,-3.6786,CC(C)(C)[C@@H](O)[C@H](Oc1ccc(Cl)cc1)n2cncn2
B-3315,-1.0732,C[C@@H](CCO)CCC=O
B-3316,-0.9089,CN1C=C2N=CC=NC2=NC1=O
B-3317,-2.7021,O=C1OCc2ccc(cc12)C#N
B-3318,-0.1653,CC[S](=O)(=O)C(C)(CO)[S](=O)(=O)CC
B-3319,-0.2232,COc1c(N)c(C=O)ccc1O
B-3320,-2.0558,COC(=O)c1ccc(cc1C([O-])=O)[N+]([O-])=O
B-3321,-1.3015,OC(=O)CC[C@H](NCCC#N)C(O)=O
B-3322,-0.7661,CCC1(CC(C)=O)C(=O)NC(=O)NC1=O
B-3323,-1.5469,CCCCCCC(O)C(O)C(O)=O
B-3324,-2.9973,Cc1cnc2c(ccc(Cl)c2C(O)=O)c1
B-3325,-0.9818,CC[C@H](C)[C@H](NCCC#N)C(O)=O
B-3326,-2.2644,CCc1nc2cnc(O)nc2nc1CC
B-3327,-1.0798,CC(C)(OC1CCCCC1)C(O)=O
B-3328,-1.6952,COC(CC(O)=O)c1ccccc1
B-3329,-1.6688,[O-][N+](=O)C1C(=O)CC(CC1=O)c2ccccc2
B-3330,-2.4568,OC(O)(C(=O)Nc1ccccc1)C(=O)Nc2ccccc2
B-3331,-1.5445,CC=CCC1(C)C(=O)NC(=O)N(C)C1=O
B-3332,0.3627,CCOC(=O)C(O)C=C
B-3333,-1.1083,CC1CCCC(O1)OC2CCCC(C)O2
B-3334,-0.6592,CCCO[P](=O)(OC)OCCC
B-3335,-1.985,CN1C=NC2=C(N(C)C(=O)N(C)C2=O)C1=O
B-3336,-2.8497,[O-]C(=O)CN[S](=O)(=O)c1ccc2ccccc2c1
B-3337,-7.5245,CCCCc1c2ccccc2cc3ccc4ccccc4c13
B-3338,-0.8722,CCC(Br)(Br)C(O)=O
B-3339,-4.4561,CCOC(=O)c1cnn(C)c1[S](=O)(=O)NC(=O)Nc2nc(OC)cc(OC)n2
B-3340,-2.6954,OC(=O)CNC(=O)CN[S](=O)(=O)c1ccc2ccccc2c1
B-3341,-3.3189,CC(C1CC1)C(O)(Cn2cncn2)c3ccc(Cl)cc3
B-3342,-3.3189,CC(C1CC1)C(O)(Cn2cncn2)c3ccc(Cl)cc3
B-3343,-3.5372,COCCOc1ccccc1[S](=O)(=O)NC(=O)Nc2nc(OC)nc(OC)n2
B-3344,-3.0376,CCO[P](=O)(SC(C)CC)SC(C)CC
B-3345,-0.8471,OC(=O)COC1CCCC1
B-3346,-4.7626,CCO[P](=S)(OC(C)C)Oc1cnc(nc1)C(C)(C)C
B-3347,-7.483,CC(C)(C)N1N=CC(=C(Cl)C1=O)SCc2ccc(cc2)C(C)(C)C
B-3348,-4.4689,COc1ccsc1CN(C(=O)CCl)c2c(C)cccc2C
B-3349,-3.9788,CNC1=C(C(=O)C(O1)c2ccccc2)c3cccc(c3)C(F)(F)F
B-3350,-3.9784,CCCCCCCCCCCCCCNC(=O)C(C)O
B-3351,-2.2601,COC(=O)C1(CC1)[S](=O)(=O)c2ccccc2
B-3352,-1.0397,ClC(Cl)C(=O)N(CC=C)CC(=O)NCC=C
B-3353,-5.3828,CCOc1nc(NC)nc(NC(=O)N[S](=O)(=O)c2ccccc2C(=O)OC)n1
B-3354,-5.4575,CSC(=O)c1c(CC(C)C)c(C(=O)SC)c(nc1C(F)F)C(F)(F)F
B-3355,-1.2427,COc1nsc(N)n1
B-3356,-0.6514,CCOc1nsc(N)n1
B-3357,-1.2208,CC(=O)OCC(S)CS
B-3358,-1.3717,CCCCC(=CC)C(N)=O
B-3359,-0.3036,O=C(Nc1ncccn1)c2cnccn2
B-3360,-4.1141,CC1COc2ccccc2N1C(=O)C(Cl)Cl
B-3361,-3.0958,CCCCCCCCCOC(=O)c1cccnc1
B-3362,-1.4589,CCO[P](=O)(SC(C)CC)N1CCSC1=O
B-3363,-3.8248,Cc1ccn2nc(nc2n1)[S](=O)(=O)Nc3c(F)cccc3F
B-3364,-0.7308,Cc1ccnc(NC(=O)c2cnccn2)n1
B-3365,-3.2994,C[S](=O)(=O)c1ccc(c(Cl)c1)C(=O)C2C(=O)CCCC2=O
B-3366,-3.0516,CC1(C)OC(=O)c2cc(ccc12)[N+]([O-])=O
B-3367,-2.55,CCC1OC(=O)c2cc(ccc12)[N+]([O-])=O
B-3368,-0.4906,CC(O)C(C)C=O
B-3369,-2.6025,Cc1ncnc2c(O)cccc12
B-3370,-1.489,CN1C(=O)C(=Nc2cncnc12)C
B-3371,-5.7553,CCCCCC(C)OC(=O)COc1ccc(Cl)c2cccnc12
B-3372,0.2893,NC(=O)C1CCCC(N1)C(N)=O
B-3373,-3.9652,CCC(C)(C)C1CCC(=NO)C(C1)=NO
B-3374,-2.9206,CCCc1ncnc2c(O)cccc12
B-3375,-1.5902,[NH3+][C@H](CC([O-])=O)c1cccc2ccccc12
B-3376,-2.7429,CCCCCCCOC(=O)c1cccnc1
B-3377,-5.9694,CCOC(=O)[C@@H](C)Oc1ccc(Oc2cnc3cc(Cl)ccc3n2)cc1
B-3378,-4.4642,COC(=O)c1c(Cl)nn(C)c1[S](=O)(=O)NC(=O)Nc2nc(OC)cc(OC)n2
B-3379,-1.5171,CCOc1ccc(NC(C)=O)c2cccnc12
B-3380,-2.6468,CCCCO[P](=O)(OCCCC)OCCCCOCC
B-3381,-7.4325,CC1(C)[C@@H](\C=C/C(=O)OC(C(F)(F)F)C(F)(F)F)[C@H]1C(=O)O[C@H](C#N)c2cccc(Oc3ccccc3)c2
B-3382,-3.8981,COC(=O)c1ccccc1[S](=O)(=O)NC(=O)N(C)c2nc(C)nc(OC)n2
B-3383,-0.5831,OC(=O)C(Cl)(Cl)CCCl
B-3384,-8.5073,Fc1cc(Oc2ccc(cc2Cl)C(F)(F)F)ccc1NC(=O)NC(=O)c3c(F)cccc3F
B-3385,-1.721,COC(=O)c1cc(ccc1C([O-])=O)[N+]([O-])=O
B-3386,-2.3017,NCCCCCCNCCCCCCCCCCC(O)=O
B-3387,-2.8919,CCC(N(Cc1occc1)C(=O)n2ccnc2)C(=O)OCCCC=C
B-3388,-0.9089,CN1C(=O)C=Nc2cncnc12
B-3389,-1.113,COc1ncc2nccnc2n1
B-3390,-1.3713,CN1C(=O)N=Cc2nccnc12
B-3391,-2.7883,CCCC\C(=C\C)C(=O)NC(N)=O
B-3392,-1.9986,COC(C)C(C)Cl
B-3393,-3.9311,COc1cc(Br)c2COC(=O)c2c1OC
B-3394,-1.9122,CCc1nc2ncnc(O)c2nc1CC
B-3395,-5.6516,CCOC(=O)c1nn(c2ccc(Cl)cc2Cl)c(n1)C(Cl)(Cl)Cl
B-3396,-5.2966,Fc1cc2OCC(=O)N(CC#C)c2cc1N3C(=O)C4=C(CCCC4)C3=O
B-3397,-3.1737,OC(=O)CCCC(C(O)=O)(c1ccccc1)c2ccccc2
B-3398,-2.0911,CC(C)C1(C)N=C(NC1=O)c2ncc(C)cc2C(O)=O
B-3399,-2.8857,COc1c(oc2ccccc12)C(O)=O
B-3400,-5.6783,COC/C(=N/OCC(=O)OC)c1cc(Oc2ccc(cc2Cl)C(F)(F)F)ccc1[N+]([O-])=O
B-3401,-8.6113,CCOc1ccc(cc1)[Si](C)(C)CCCc2ccc(F)c(Oc3ccccc3)c2
B-3402,-4.9417,C[C@@H](Oc1ccc(Oc2ncc(Cl)cc2F)cc1)C(=O)OCC#C
B-3403,-5.2409,CCOCCc1ccc(OCCNc2ncnc(CC)c2Cl)c(C)c1C
B-3404,-1.6917,CC(CCC(O)=O)NC(=O)c1ccccc1
B-3405,-1.7914,Cc1nc(Br)[nH]c1[N+]([O-])=O
B-3406,-1.7178,CNC(=O)COC(=O)c1ccccc1
B-3407,-2.5387,CCCNC(=O)COC(=O)c1ccccc1
B-3408,-2.8665,CC(C)(C)NC(=O)COC(=O)c1ccccc1
B-3409,-1.4983,NC(=O)CNC(=O)COC(=O)c1ccccc1
B-3410,-1.372,CN(C)C(=O)COC(=O)c1ccccc1
B-3411,-2.3791,CCCN(CCC)C(=O)COC(=O)c1ccccc1
B-3412,-3.5614,CCCCN(CCCC)C(=O)COC(=O)c1ccccc1
B-3413,-2.5626,C=CCN(CC=C)C(=O)COC(=O)c1ccccc1
B-3414,-2.254,CN(CC(O)=O)C(=O)COC(=O)c1ccccc1
B-3415,-2.5011,O=C(COC(=O)c1ccccc1)N2CCCCC2
B-3416,-1.7734,O=C(COC(=O)c1ccccc1)N2CCOCC2
B-3417,-0.5918,CCC(NC=O)C(O)=O
B-3418,-3.932,CC(C)(C)C(O)(CCc1ccc(Cl)cc1)Cn2cncn2
B-3419,-1.8239,N[S](=O)(=O)c1ccc(SCCO)cc1
B-3420,-2.2472,N[S](=O)(=O)c1ccc(SCCCO)cc1
B-3421,-2.6618,N[S](=O)(=O)c1ccc(SCCCCCO)cc1
B-3422,-0.8372,CC(O)(CCC(C)(O)C(O)=O)C(O)=O
B-3423,-2.5132,CCCc1nc(N)c(CC)c(CCC)n1
B-3424,-3.7248,C\C(=N/NC(=O)Nc1cc(F)cc(F)c1)c2ncccc2C(O)=O
B-3425,-3.1042,OC(=O)c1ccccc1C2OC(=O)c3ccccc23
B-3426,-2.8474,O=C1CCCCCCCCCCCCCCCCCN1
B-3427,-4.8575,CC#Cc1cc(C)nc(Nc2ccccc2)n1
B-3428,-5.8479,CC(Oc1ccc(Oc2cnc3cc(Cl)ccc3n2)cc1)C(=O)OCCON=C(C)C
B-3429,-7.4604,Cn1nc(C)c(\C=N\OCc2ccc(cc2)C(=O)OC(C)(C)C)c1Oc3ccccc3
B-3430,-9.9799,CC(C)(COCc1cccc(Oc2ccccc2)c1)c3ccc(OC(F)(F)Br)cc3
B-3431,-2.861,CCOC(=O)CSc1nc(nn1C(=O)N(C)C)C(C)(C)C
B-3432,-4.4404,CC(C)(C)N(NC(=O)c1ccc(Cl)cc1)C(=O)c2ccccc2
B-3433,-5.6281,CCc1ccc(cc1)C(=O)NN(C(=O)c2cc(C)cc(C)c2)C(C)(C)C
B-3434,-3.8697,OC(=O)C1CC1C(=O)Nc2ccc(Cl)cc2Cl
B-3435,-3.092,CC(Oc1ccc(Oc2oc3cc(Cl)ccc3n2)cc1)C(O)=O
B-3436,-1.84,COCc1cnc(C2=NC(C)(C(C)C)C(=O)N2)c(c1)C(O)=O
B-3437,-6.2264,Clc1ccc(CCC(Cn2cncn2)(C#N)c3ccccc3)cc1
B-3438,-0.6665,CC[C@H]1[C@H](C)OC1=O
B-3439,-1.6085,O=C(COC(=O)c1ccccc1)N2CCC2
B-3440,-2.5421,O=C(COC(=O)c1ccccc1)N2CCCCCC2
B-3441,-1.3486,OC1CCN(CC1)C(=O)COC(=O)c2ccccc2
B-3442,-1.5917,OC(=O)[C@@H]1CCCN1C(=O)COC(=O)c2ccccc2
B-3443,-2.0841,COC(=O)[C@@H]1CCCN1C(=O)COC(=O)c2ccccc2
B-3444,-1.0994,CN(C)C(=O)CCOC(=O)c1ccccc1
B-3445,-1.2286,CN(C)C(=O)CCCOC(=O)c1ccccc1
B-3446,-2.8664,CN(C(C)=O)C(=O)COC(=O)c1ccccc1
B-3447,-2.7321,CC(C)NC(=O)COC(=O)c1ccccc1
B-3448,-2.7588,CCCCNC(=O)COC(=O)c1ccccc1
B-3449,-3.902,CCCCCCNC(=O)COC(=O)c1ccccc1
B-3450,-2.7172,CC(NC(=O)COC(=O)c1ccccc1)C(N)=O
B-3451,-3.8775,Clc1ccc(c(Cl)c1)C2(CC(Br)CO2)Cn3cncn3
B-3452,-6.9675,FC(OC(F)(F)F)C(F)(F)Oc1ccc(NC(=O)NC(=O)c2c(F)cccc2F)cc1Cl
B-3453,-0.21,CCNC(C)CC
B-3454,-2.2845,NCCCCC(NC(=O)c1ccccc1)C(O)=O
B-3455,-5.6768,COC(=O)CSc1cc(N=C2SC(=O)N3CCCCN23)c(F)cc1Cl
B-3456,0.1999,O[C@@H]([C@@H](O)[C@@H](O)C(O)=O)[C@@H](O)C(O)=O
B-3457,-5.2002,COC(=O)c1c(CC(C)C)c(C2=NCCS2)c(nc1C(F)F)C(F)(F)F
B-3458,-2.8014,CCCN(CC)CC1COC2(CCC(CC2)C(C)(C)C)O1
B-3459,-1.1556,OCCc1ccc(O)c(c1)[N+]([O-])=O
B-3460,-1.7891,CC1OC(=O)c2cc(N)ccc12
B-3461,-6.8137,CC1(C)[C@H](C=C(Cl)Cl)[C@H]1C(=O)OCc2c(F)c(F)cc(F)c2F
B-3462,-4.4733,COc1ccc(cc1)C(=O)c2csc(c2)[S](N)(=O)=O
B-3463,-2.8612,N[S](=O)(=O)c1scc(c1)C(=O)c2ccc(O)cc2
B-3464,-4.1481,COc1ccc(cc1)C(=O)c2coc(c2)[S](N)(=O)=O
B-3465,-4.4492,Cc1ccc(cc1)C(=O)c2csc(c2)[S](N)(=O)=O
B-3466,-5.6635,NC(=O)c1nn(c2ccc(Cl)c(COCC(F)(F)C(F)(F)F)c2)c(n1)c3ccccc3
B-3467,-5.1086,CCc1nn(C)c(C(=O)NCc2ccc(cc2)C(C)(C)C)c1Cl
B-3468,-4.4327,CC1COC(Cn2cncn2)(O1)c3ccc(Oc4ccc(Cl)cc4)cc3Cl
B-3469,-5.0303,CC(Oc1ccc(Oc2cnc3cc(Cl)ccc3n2)cc1)C(=O)OCC4CCCO4
B-3470,-5.3619,Nc1n(nc(C#N)c1[S](=O)C(F)(F)F)c2c(Cl)cc(cc2Cl)C(F)(F)F
B-3471,-2.6066,COc1cc(OC)nc(NC(=O)N[S](=O)(=O)c2n(C)ncc2c3nnn(C)n3)n1
B-3472,0.4918,CCN(Cc1ccc(Cl)nc1)\C(NC)=C\[N+]([O-])=O
B-3473,-6.1439,CC(C)(C)c1ccc(CCOc2ncnc3ccccc23)cc1
B-3474,-0.295,COc1ccc(NCC(O)CO)cc1
B-3475,-4.2388,Cc1cc(nc(Nc2ccccc2)n1)C3CC3
B-3476,-3.1498,CC1(C)OC(CN1C(=O)C(Cl)Cl)c2occc2
B-3477,-5.708,CCCCOC(=O)C(C)Oc1ccc(Oc2ccc(cc2F)C#N)cc1
B-3478,-4.7886,COc1cc(OC)nc(NC(=O)N[S](=O)(=O)c2n3ccccc3nc2Cl)n1
B-3479,-0.3193,NC(=O)C[C@H](NC(=O)CCl)C(O)=O
B-3480,-4.6349,CC[S](=O)(=O)c1cccnc1[S](=O)(=O)NC(=O)Nc2nc(OC)cc(OC)n2
B-3481,-2.8745,CC1=NNC(=O)N(C1)\N=C\c2cccnc2
B-3482,-0.463,C[C@@H](O)CCCC=O
B-3483,-2.253,CCOC(=O)c1ccc(OC)c(OC)c1C([O-])=O
B-3484,-6.4243,Fc1ccc(Oc2ccnc3cc(Cl)cc(Cl)c23)cc1
B-3485,-4.3288,CC1(C)CCC(Cc2ccc(Cl)cc2)C1(O)Cn3cncn3
B-3486,-4.6828,CC(C)C1CCC(Cc2ccc(Cl)cc2)C1(O)Cn3cncn3
B-3487,-5.1467,CCN(CC)C(=O)n1cnc(n1)[S](=O)(=O)c2c(C)cc(C)cc2C
B-3488,-2.6464,CC=CC(=O)Nc1ccc(O)cc1
B-3489,-1.564,CCC(CC)(C#N)C(=O)NC(N)=O
B-3490,-4.1853,CCOc1ccccc1O[S](=O)(=O)NC(=O)Nc2nc(OC)cc(OC)n2
B-3491,-4.2727,CCOC(=O)C(Cl)Cc1cc(N2N=C(C)N(C(F)F)C2=O)c(F)cc1Cl
B-3492,0.4,CCC1=C(C(O)=O)C(=O)C=NN1c2ccc(Cl)cc2
B-3493,-3.3681,OC1(CCCCCC1n2cncn2)c3ccc(Cl)cc3
B-3494,-5.6161,CCOC(=O)COc1cc(c(F)cc1Cl)c2nn(C)c(OC(F)F)c2Cl
B-3495,-5.5186,Cc1sc(C(=O)Nc2c(Br)cc(OC(F)(F)F)cc2Br)c(n1)C(F)(F)F
B-3496,-5.1395,FC1(F)Oc2cccc(c2O1)c3c[nH]cc3C#N
B-3497,-6.8573,CC1(OC(=O)N(Nc2ccccc2)C1=O)c3ccc(Oc4ccccc4)cc3
B-3498,-4.8276,CO\C=C(C(=O)OC)/c1ccccc1Oc2cc(Oc3ccccc3C#N)ncn2
B-3499,-3.3466,CNC(=O)C(=N/OC)\c1ccccc1Oc2ccccc2
B-3500,-4.4363,CSC(=O)c1cccc2nnsc12
B-3501,-1.7244,CN(Cc1ccc(Cl)nc1)C(C)=NC#N
B-3502,-4.271,CCOC(=O)C1=NN(c2ccc(Cl)cc2Cl)C(C)(C1)C(=O)OCC
B-3503,-2.5141,N[S](=O)(=O)c1ccc(SCCCCO)cc1
B-3504,-1.032,N[S](=O)(=O)c1ccc(CCCO)cc1
B-3505,-1.1931,N[S](=O)(=O)c1ccc(CCCCO)cc1
B-3506,-1.9712,N[S](=O)(=O)c1ccc(CCCCCO)cc1
B-3507,-5.6798,CN(C)c1nc(NC(=O)N[S](=O)(=O)c2c(C)cccc2C(O)=O)nc(OCC(F)(F)F)n1
B-3508,-3.6037,CO\N=C(/C)c1cccc(Oc2nc(OC)cc(OC)n2)c1C(=O)OC
B-3509,-5.5754,Fc1ccc2N=C(n3cncn3)N(C(=O)c2c1)c4ccc(Cl)cc4Cl
B-3510,-6.3943,COc1cc(OC)nc(NC(=O)N[S](=O)(=O)Nc2ccccc2C(=O)C3CC3)n1
B-3511,-2.6223,[O-][N+](=O)NC1=NCCN1Cc2ccc(Cl)nc2
B-3512,-3.3204,COc1cc(OC)n2nc(nc2n1)[S](=O)(=O)Nc3c(Cl)ccc(C)c3Cl
B-3513,-4.7631,C[S](=O)(=O)c1cc(ccc1C(=O)c2cnoc2C3CC3)C(F)(F)F
B-3514,-4.4191,CC[S](=O)(=O)c1nc2ccccn2c1[S](=O)(=O)NC(=O)Nc3nc(OC)cc(OC)n3
B-3515,-3.8121,CC(C)N(C(=O)COc1sc(nn1)C(F)(F)F)c2ccc(F)cc2
B-3516,-5.195,CO\N=C(C(=O)OC)/c1ccccc1COc2ccccc2C
B-3517,-3.893,Cc1cc(C)nc(NC(=O)N[S](=O)(=O)c2ccccc2C(=O)OC3COC3)n1
B-3518,-2.8803,COC(=O)C1(CC1)[S](=O)(=O)c2ccc(C)cc2
B-3519,-3.0104,CCOC(=O)C1(CC1)[S](=O)(=O)c2ccc(C)cc2
B-3520,-3.2307,CC(C)OC(=O)C1(CC1)[S](=O)(=O)c2ccc(C)cc2
B-3521,-3.3086,COC(=O)C1(CC1)[S](=O)(=O)c2ccc(Cl)cc2
B-3522,-3.5401,CC(C)OC(=O)C1(CC1)[S](=O)(=O)c2ccc(Cl)cc2
B-3523,-4.1206,CC(C)(C)OC(=O)C1(CC1)[S](=O)(=O)c2ccc(Cl)cc2
B-3524,-3.6703,COC(=O)C1(CC1)[S](=O)(=O)c2ccc(Br)cc2
B-3525,-3.3797,COC(=O)C1(CC1)[S](=O)(=O)c2ccc(cc2)[N+]([O-])=O
B-3526,-4.2605,CC(C)OC(=O)C1(CC1)[S](=O)(=O)c2ccc(cc2)[N+]([O-])=O
B-3527,-4.5296,NC1[C@H]2CN(C[C@@H]12)c3nc4N(C=C(C(O)=O)C(=O)c4cc3F)c5ccc(F)cc5F
B-3528,-4.4292,CCOc1nc(F)cc2nc(nn12)[S](=O)(=O)Nc3c(Cl)cccc3C(=O)OC
B-3529,-4.9025,COc1ccc(cc1NNC(=O)OC(C)C)c2ccccc2
B-3530,-6.6782,CCOc1cc(ccc1C2COC(=N2)c3c(F)cccc3F)C(C)(C)C
B-3531,-5.1821,CCN(C1CCCCC1)C(=O)N2N=NN(C2=O)c3ccccc3Cl
B-3532,-3.7599,CC(C)OC(=O)C1(CCC1)[S](=O)(=O)c2ccc(cc2)[N+]([O-])=O
B-3533,-4.8796,CC(C)OC(=O)C1(CCCCC1)[S](=O)(=O)c2ccc(cc2)[N+]([O-])=O
B-3534,-5.0706,CC(C)OC(=O)C1(CCCCCC1)[S](=O)(=O)c2ccc(cc2)[N+]([O-])=O
B-3535,-3.55,COC(=O)C1(CCC1)[S](=O)(=O)c2ccc(Br)cc2
B-3536,-4.0104,COC(=O)C1(CCCC1)[S](=O)(=O)c2ccc(Br)cc2
B-3537,-4.4786,COC(=O)C1(CCCCC1)[S](=O)(=O)c2ccc(Br)cc2
B-3538,-2.9996,COC(=O)C1(CCC1)[S](=O)(=O)c2ccc(Cl)cc2
B-3539,-4.6498,CC(C)OC(=O)C1(CCCC1)[S](=O)(=O)c2ccc(Cl)cc2
B-3540,-2.9594,CCOC(=O)C1(CCC1)[S](=O)(=O)c2ccc(C)cc2
B-3541,-3.0005,COC(=O)C1(CCC1)[S](=O)(=O)c2ccccc2
B-3542,-2.5501,COC(=O)C1(CCCC1)[S](=O)(=O)c2ccccc2
B-3543,-2.8498,COC(=O)C1(CCCCC1)[S](=O)(=O)c2ccccc2
B-3544,-8.1731,CC(C)C(C(=O)OC(C#N)c1cccc(Oc2ccc(Br)cc2)c1)c3ccc(OC(F)F)cc3
B-3545,-5.5664,COc1cccc(C(=O)NN(C(=O)c2cc(C)cc(C)c2)C(C)(C)C)c1C
B-3546,-6.9227,CC(C)OC(=O)c1cc(c(F)cc1Cl)c2nn(C)c(c2Br)C(F)(F)F
B-3547,-2.7477,CCOC(=O)C(NC=O)=Cc1cocc1
B-3548,-3.0759,CC(C)C
B-3549,-3.6706,CCC(C)(C)C
B-3550,-3.5832,CC(C)C(C)C
B-3551,-3.6826,CCC(C)CC
B-3552,-3.3019,CC1CCCC1
B-3553,-2.9776,CCCC
B-3554,-3.2785,CCCCC
B-3555,-3.9577,CCCCCC
B-3556,-3.1847,C1CCCCC1
B-3557,-5.2382,CCCCCCCC
B-3558,-7.6631,CCCCCCCCCCCC
B-3559,-4.4694,CCCCCCC
B-3560,-2.6528,C1CCCC1
B-3561,-4.1524,C1CCCCCCC1
B-3562,-3.3371,CC(C)(C)C
B-3563,-8.1924,c1ccc2c(c1)cc3ccc4cccc5ccc2c3c45
B-3564,-8.6679,c1ccc2c(c1)ccc3cc4c(ccc5ccccc45)cc23
B-3565,-7.9663,Cc1ccc2cc3c(ccc4ccccc34)c5CCc1c25
B-3566,-7.3854,c1ccc2cc3c(ccc4ccccc34)cc2c1
B-3567,-7.0109,Cc1c2ccccc2c(C)c3c4ccccc4ccc13
B-3568,-4.597,C1Cc2cccc3cccc1c23
B-3569,-5.1903,c1ccc2c(c1)ccc3ccccc23
B-3570,-4.9442,C1c2ccccc2c3ccccc13
B-3571,-4.968,[nH]1c2ccccc2c3ccccc13
B-3572,-8.1795,c1ccc2cc3cc4ccccc4cc3cc2c1
B-3573,-6.6135,c1ccc2cc3ccccc3cc2c1
B-3574,-6.1756,c1cc2ccc3cccc4ccc(c1)c2c34
B-3575,-5.0981,s1c2ccccc2c3ccccc13
B-3576,-9.0265,c1cc2ccc3ccc4ccc5cccc6c(c1)c2c3c4c56
B-3577,-8.7999,c1cc2cccc3c4cccc5cccc(c(c1)c23)c45
B-3578,-5.992,c1ccc2c(c1)c3cccc4cccc2c34
B-3579,-3.9756,c1cc2cccc3C=Cc(c1)c23
B-3580,-8.2405,c1ccc2cc3c4ccccc4c5ccccc5c3cc2c1
B-3581,-6.7447,c1ccc2c(c1)c3ccccc3c4ccccc24
B-3582,-8.0575,c1ccc2c(c1)ccc3c4ccccc4ccc23
B-3583,-8.4318,c1ccc2c(c1)ccc3cc4ccc5ccccc5c4cc23
B-3584,-6.678,C1c2ccccc2c3ccc4ccccc4c13
B-3585,-7.733,C1c2ccccc2c3cc4ccccc4cc13
B-3586,-6.2918,[O-][N+](=O)c1c2ccccc2cc3ccccc13
B-3587,-5.9903,[O-][N+](=O)c1ccc2c(Cc3ccccc23)c1
B-3588,-6.9555,Cc1ccc2cc3ccccc3cc2c1
B-3589,-5.8672,Cc1c2ccccc2cc3ccccc13
B-3590,-6.5663,Cc1c2ccccc2c(C)c3ccccc13
B-3591,-5.8541,Cc1cccc2c1ccc3ccccc23
B-3592,-5.2184,Cc1cccc2c1Cc3ccccc23
B-3593,-5.8367,Cc1ccc2c(ccc3ccccc23)c1
B-3594,-6.8863,CCc1ccc2cc3ccccc3cc2c1
B-3595,-1.6399,c1ccccc1
B-3596,-2.7756,Cc1ccccc1C
B-3597,-3.324,Cc1ccc(C)c(C)c1
B-3598,-3.658,CC(C)(C)c1ccccc1
B-3599,-3.2924,CC(C)c1ccccc1
B-3600,-3.0081,CC(=C)c1ccccc1
B-3601,-3.7586,CC(C)c1ccc(C)cc1
B-3602,-2.7981,CCc1ccccc1
B-3603,-2.5263,C=Cc1ccccc1
B-3604,-4.0767,C(c1ccccc1)c2ccccc2
B-3605,-4.6272,C(Cc1ccccc1)c2ccccc2
B-3606,-3.3622,CCCc1ccccc1
B-3607,-4.0559,CCCCc1ccccc1
B-3608,-3.7334,CCc1ccc(CC)cc1
B-3609,-2.8165,Cc1ccc(C)cc1
B-3610,-2.8192,Cc1cccc(C)c1
B-3611,-3.3969,Cc1cc(C)cc(C)c1
B-3612,-2.2435,Cc1ccccc1
B-3613,-3.2759,CCc1ccccc1CC
B-3614,-3.8823,CCC(C)c1ccccc1
B-3615,-3.7476,CCc1cccc(CC)c1
B-3616,-3.2037,Cc1cccc(C)c1C
B-3617,-2.3502,C#Cc1ccccc1
B-3618,-4.6434,CCCCCc1ccccc1
B-3619,-4.1235,CC(C)Cc1ccccc1
B-3620,-3.2072,CCc1ccccc1C
B-3621,-6.0177,Cc1ccc(cc1)c2ccc(C)cc2
B-3622,-3.1026,CCc1ccc(C)cc1
B-3623,-3.9807,Cc1cc(C)c(C)c(C)c1C
B-3624,-5.2551,CCCCCCc1ccccc1
B-3625,-6.46,CCCCCCCCc1ccccc1
B-3626,-5.8269,[O-][N+](=O)c1c(Cl)c(Cl)c(Cl)c(Cl)c1Cl
B-3627,-4.3253,COc1c(Cl)cc(Cl)cc1Cl
B-3628,-4.0035,Clc1cccc(Cl)c1Cl
B-3629,-2.8964,[O-][N+](=O)c1ccccc1Cl
B-3630,-4.1372,[O-][N+](=O)c1cc(Cl)ccc1Cl
B-3631,-3.8866,[O-][N+](=O)c1cc(Cl)c(Cl)cc1Cl
B-3632,-2.5295,Cc1ccccc1Cl
B-3633,-2.9742,Clc1ccccc1Cl
B-3634,-3.2005,[O-][N+](=O)c1ccc(Cl)c(Cl)c1
B-3635,-2.8453,[O-][N+](=O)c1ccc(Cl)cc1
B-3636,-4.0717,Brc1ccc(Br)cc1
B-3637,-3.1917,Cc1ccc(Br)cc1
B-3638,-3.6298,Clc1ccc(Br)cc1
B-3639,-3.0771,Cc1ccc(Cl)cc1
B-3640,-3.2572,Clc1ccc(Cl)cc1
B-3641,-3.5435,Brc1cccc(Br)c1
B-3642,-3.2102,Clc1cccc(Br)c1
B-3643,-4.4799,Clc1cc(Cl)cc(Cl)c1
B-3644,-2.5466,Brc1ccccc1
B-3645,-2.3542,Clc1ccccc1
B-3646,-5.0963,[O-][N+](=O)c1c(Cl)c(Cl)cc(Cl)c1Cl
B-3647,-3.5686,Clc1ccc(Cl)c(Cl)c1
B-3648,-2.7613,[O-][N+](=O)c1cccc(Cl)c1
B-3649,-2.5442,Fc1ccc(CCl)cc1
B-3650,-2.0004,Fc1cccc(F)c1
B-3651,-1.7952,Fc1ccccc1
B-3652,-1.9709,Fc1ccc(F)cc1
B-3653,-3.0704,Clc1cccc(Cl)c1
B-3654,-3.5,Brc1ccccc1Br
B-3655,-3.523,Cc1cccc(Br)c1
B-3656,-2.7782,Ic1ccccc1
B-3657,-5.4789,Clc1cc(Cl)c(Cl)c(Cl)c1Cl
B-3658,-2.3457,Fc1cccc(Cl)c1
B-3659,-4.5619,Clc1ccc(Cl)c(Cl)c1Cl
B-3660,-4.6267,Clc1cc(Cl)c(Cl)c(Cl)c1
B-3661,-4.5531,[O-][N+](=O)c1cc(Cl)c(Cl)c(Cl)c1Cl
B-3662,-2.6656,Fc1cccc(Br)c1
B-3663,-3.94,[O-][N+](=O)c1ccc(Cl)c(Cl)c1Cl
B-3664,-4.5591,[O-][N+](=O)c1c(Cl)cc(Cl)cc1Cl
B-3665,1.1777,CN(C)C
B-3666,-2.2823,CCCN(CCC)CCC
B-3667,-1.7135,CCCCC(CC)CN
B-3668,-0.926,CCCCCCN
B-3669,-1.4393,CCCCNCCCC
B-3670,-0.1377,CCN(CC)CC
B-3671,-0.053,C=CCNCC=C
B-3672,-0.2372,CCCNCCC
B-3673,-0.4128,Nc1ccccc1
B-3674,-3.0278,CCN(CC)c1ccccc1
B-3675,-1.1941,Nc1ccccc1Cl
B-3676,-0.8099,Cc1ccccc1N
B-3677,-1.2803,CNc1ccccc1
B-3678,-1.5147,Nc1ccc(Cl)cc1
B-3679,-1.2171,Cc1ccc(N)cc1
B-3680,-1.3734,Nc1cccc(Cl)c1
B-3681,-0.8539,Cc1cccc(N)c1
B-3682,-1.9221,CN(C)c1ccccc1
B-3683,-3.5042,N(c1ccccc1)c2ccccc2
B-3684,-1.5016,COc1ccc(C=O)cc1
B-3685,-2.4172,Nc1ccc(Cl)cc1Cl
B-3686,-2.3153,Nc1cc(Cl)cc(Cl)c1
B-3687,-1.9334,Oc1c(Cl)cccc1Cl
B-3688,-4.2793,Oc1c(Cl)c(Cl)c(Cl)c(Cl)c1Cl
B-3689,-2.2225,CC(C)c1ccc(C)cc1O
B-3690,-1.3594,CCc1ccccc1O
B-3691,-0.8221,COc1ccccc1O
B-3692,-2.3859,Oc1ccccc1c2ccccc2
B-3693,-0.9525,COc1cccc(OC)c1O
B-3694,-3.4812,Oc1ccc(cc1)c2ccccc2
B-3695,-0.6207,Cc1ccccc1O
B-3696,-1.056,Oc1ccccc1Cl
B-3697,-1.4094,Cc1ccc(O)cc1C
B-3698,-1.538,Cc1ccc(C)c(O)c1
B-3699,-2.2163,Oc1cc(Cl)c(Cl)cc1Cl
B-3700,-2.4133,CC(C)(C)c1ccc(O)cc1
B-3701,-1.191,Cc1ccc(O)c(C)c1
B-3702,-1.092,Oc1ccc(Br)cc1
B-3703,-0.7015,Cc1ccc(O)cc1
B-3704,-0.7289,Oc1ccc(Cl)cc1
B-3705,-0.678,Cc1cccc(O)c1
B-3706,-0.6941,Oc1cccc(Cl)c1
B-3707,-1.3985,Cc1cc(C)cc(O)c1
B-3708,-0.0556,Oc1ccccc1
B-3709,-1.559,Oc1ccc(Cl)cc1Cl
B-3710,-1.4752,CCc1ccc(O)cc1
B-3711,-0.4919,COc1ccc(O)cc1
B-3712,-2.055,Cc1cc(C)c(O)c(C)c1
B-3713,-1.6559,Oc1cccc(Cl)c1Cl
B-3714,-1.3052,Cc1cccc(C)c1O
B-3715,-1.9112,Oc1cc(Cl)ccc1Cl
B-3716,-0.8764,Oc1cccc(Br)c1
B-3717,-1.559,Oc1cc(Cl)cc(Cl)c1
B-3718,-2.1225,Oc1ccc(Br)cc1Br
B-3719,-1.9355,Cc1ccc(C)c(O)c1C
B-3720,-6.8069,CCCCCCCCCCCCCCCC(O)=O
B-3721,-2.2092,OC(=O)C(O)(c1ccccc1)c2ccccc2
B-3722,-1.8406,CC12[C@@H](O)C=C[C@@]3(OC1=O)[C@@H]4CC[C@]5(O)C[C@]4(CC5=C)[C@H]([C@H]23)C(O)=O
B-3723,0.9277,OC(=O)CCl
B-3724,0.2777,CC(C)C(O)=O
B-3725,0.0144,CC(=C)C(O)=O
B-3726,-0.3776,CCC(Br)C(O)=O
B-3727,-2.6468,OC(=O)Cc1cccc2ccccc12
B-3728,-2.0674,OC(=O)Cc1c[nH]c2ccccc12
B-3729,-0.8098,CCC(CC)C(O)=O
B-3730,0.0754,OC(C(O)=O)c1ccccc1
B-3731,-2.503,Cc1cc(Cl)ccc1OCC(O)=O
B-3732,-1.445,OC(=O)C1CCCCC1
B-3733,-1.858,CCCC(CCC)C(O)=O
B-3734,-0.9139,OC(=O)Cc1ccccc1
B-3735,-0.4159,CCCCC(O)=O
B-3736,-1.6518,C/C=C/C=C/C(O)=O
B-3737,-0.5056,OC(=O)CCCCCC(O)=O
B-3738,-2.746,CCCCCCCCC(O)=O
B-3739,-3.5525,CCCCCCCCCCC(O)=O
B-3740,-3.398,OC(=O)CCCCCCCCC=C
B-3741,-3.223,OC(=O)C(c1ccccc1)c2ccccc2
B-3742,-1.1031,OC(=O)COc1ccccc1
B-3743,-2.29,OC(=O)COc1ccc(Cl)cc1
B-3744,-2.2619,CCCCCCCC(O)=O
B-3745,-2.4335,OC(=O)\C=C\c1ccccc1
B-3746,-1.0522,CCCCCC(O)=O
B-3747,-1.858,CCCCC(CC)C(O)=O
B-3748,-3.4452,CCCCCCCCCC(O)=O
B-3749,-1.4058,OC(=O)CCc1ccccc1
B-3750,-5.3293,CCCCCCCCCCCCCC(O)=O
B-3751,-2.6846,OC(=O)COc1ccc(Cl)c(Cl)c1
B-3752,-2.1637,OC(=O)COc1ccccc1Cl
B-3753,-2.4149,OC(=O)\C=C\c1ccccc1
B-3754,-2.3984,COc1ccc(\C=C\C(O)=O)cc1
B-3755,-0.0005,C/C=C/C(O)=O
B-3756,-1.5929,CC(=O)Oc1ccccc1C(O)=O
B-3757,-3.1137,OC(=O)c1cc(Cl)cc(Cl)c1
B-3758,-3.495,OC(=O)c1ccc(Cl)c(Cl)c1
B-3759,-2.922,OC(=O)c1ccc(cc1)[N+]([O-])=O
B-3760,-1.5553,OC(=O)c1ccccc1
B-3761,-3.3374,OC(=O)c1ccc(Cl)cc1
B-3762,-3.3015,OC(=O)c1cccc2ccccc12
B-3763,-1.4743,OC(=O)c1cscc1
B-3764,-0.4802,OC(=O)c1occc1
B-3765,-2.7308,OC(=O)c1ccccc1I
B-3766,-3.5639,OC(=O)c1ccc2ccccc2c1
B-3767,-3.8038,CC(C)(C)c1ccc(cc1)C(O)=O
B-3768,-2.1428,Cc1cccc(c1)C(O)=O
B-3769,-2.1962,OC(=O)c1cc(cc(c1)[N+]([O-])=O)[N+]([O-])=O
B-3770,-2.6025,Cc1ccc(cc1)C(O)=O
B-3771,-2.458,COc1ccc(cc1)C(O)=O
B-3772,-2.0621,Cc1ccccc1C(O)=O
B-3773,-1.8746,OC(=O)c1ccccc1Cl
B-3774,-1.6691,OC(=O)c1cccc(c1)[N+]([O-])=O
B-3775,-1.2892,OC(=O)c1ccccc1F
B-3776,-1.9704,OC(=O)c1cccc(F)c1
B-3777,-2.0673,OC(=O)c1ccc(F)cc1
B-3778,-2.5415,OC(=O)c1cccc(Cl)c1
B-3779,-3.0364,CC(C)c1ccc(cc1)C(O)=O
B-3780,-1.3282,OC(=O)c1ccccc1[N+]([O-])=O
B-3781,-1.4833,COc1ccccc1C(O)=O
B-3782,-2.699,OC(=O)c1cccc(Br)c1
B-3783,-3.5251,OC(=O)c1ccc(Br)cc1
B-3784,-3.2706,OC(=O)c1cccc(I)c1
B-3785,-3.9631,OC(=O)c1ccc(I)cc1
B-3786,-0.7406,OCCc1ccccc1
B-3787,-0.0692,CCCCO
B-3788,-0.6028,CCCCCO
B-3789,-0.4012,CC(C)(C)CO
B-3790,0.0962,CCC(C)(C)O
B-3791,0.0595,CC(C)CO
B-3792,0.3877,CCC(C)O
B-3793,-2.5494,OC(c1ccccc1)c2ccccc2
B-3794,-0.4319,OCc1ccccc1
B-3795,-0.3774,OC1CCCCC1
B-3796,-1.2385,CCCCCCO
B-3797,-1.8425,CCCCCCCO
B-3798,-2.3823,CCCCCCCCO
B-3799,-3.6313,CCCCCCCCCCO
B-3800,-4.6682,CCCCCCCCCCCCO
B-3801,-1.3798,OCCCc1ccccc1
B-3802,-0.7139,OCCOc1ccccc1
B-3803,-0.5187,CC(C)CCO
B-3804,-2.0655,CCCCCCC(C)O
B-3805,-0.4725,CCC(C)CO
B-3806,-3.013,CCCCCCCCCO
B-3807,-0.6238,CC(O)C(C)(C)C
B-3808,-1.5507,CCCCCC(C)O
B-3809,-0.2334,CCC(O)CC
B-3810,-1.1999,Cc1ccc(CO)cc1
B-3811,-1.3931,CCCC(O)CCC
B-3812,-1.4631,CCCCC(O)CC
B-3813,-0.8815,CC1CCC(O)CC1
B-3814,-0.197,CC(C)C(C)O
B-3815,-0.8025,CCCC(O)CC
B-3816,-0.8726,CCCCC(C)O
B-3817,-0.2959,CCCC(C)O
B-3818,-2.1019,OCc1c(Cl)cccc1Cl
B-3819,-2.2877,ClC(Cl)(Cl)Cl
B-3820,-4.6003,ClC1C(Cl)C(Cl)C(Cl)C(Cl)C1Cl
B-3821,-1.1766,ClC(Cl)Cl
B-3822,-3.6753,ClC(Cl)(Cl)C(Cl)(Cl)Cl
B-3823,-1.952,CC(Cl)(Cl)Cl
B-3824,-0.7956,CBr
B-3825,-0.9773,CCl
B-3826,-1.0122,CI
B-3827,-1.1646,BrCBr
B-3828,-1.086,CCBr
B-3829,-0.8892,ClCBr
B-3830,-1.0553,CCCl
B-3831,-1.6009,CCI
B-3832,-0.8151,ClCCl
B-3833,-2.3345,ICI
B-3834,-1.4037,CC(C)Cl
B-3835,-1.2913,CC(Cl)Cl
B-3836,-1.3147,CC(F)F
B-3837,-0.7383,FC(Cl)Cl
B-3838,-1.4944,FC(F)Cl
B-3839,-1.2334,FC(F)F
B-3840,-2.0965,FC(Cl)(Cl)Cl
B-3841,-2.6248,ClC(Cl)C(Cl)(Cl)Cl
B-3842,-3.0423,FC(F)(Cl)C(F)(Cl)Cl
B-3843,-3.1188,FC(F)(Cl)C(F)(F)Cl
B-3844,-1.4798,ClCC(Cl)Cl
B-3845,-1.7536,ClC(Cl)C(Cl)Cl
B-3846,-1.6558,BrCCBr
B-3847,-1.7007,CCCBr
B-3848,-1.065,ClCCCl
B-3849,-2.2943,BrC1CCCCC1
B-3850,-2.1978,CCCCBr
B-3851,-1.9251,CCCCCl
B-3852,-1.8469,ClCCCBr
B-3853,-3.0753,CCCCCBr
B-3854,-3.8078,CCCCCCBr
B-3855,-1.6137,ClCCCCl
B-3856,-5.1626,ClC1C(Cl)C(Cl)C(Cl)C(Cl)C1Cl
B-3857,-4.4636,ClC1C(Cl)C(Cl)C(Cl)C(Cl)C1Cl
B-3858,-1.4605,CCCCl
B-3859,-0.1758,CF
B-3860,-4.431,CCCCCCCBr
B-3861,-3.9957,CCCCCCCCl
B-3862,-4.8102,CCCCCCCI
B-3863,-1.2494,CCCCCC=O
B-3864,-0.6913,ClC(Cl)(Cl)C=O
B-3865,-0.0962,O=Cc1occc1
B-3866,-1.9671,[O-][N+](=O)c1cccc(C=O)c1
B-3867,-1.2083,O=Cc1ccccc1
B-3868,-1.9688,O=C/C=C/c1ccccc1
B-3869,0.5777,C=CC=O
B-3870,-1.6324,O=Cc1ccc2OCOc2c1
B-3871,0.7217,CCC=O
B-3872,-0.0067,CCCC=O
B-3873,-1.8138,[O-][N+](=O)c1ccccc1C=O
B-3874,-1.8101,[O-][N+](=O)c1ccc(C=O)cc1
B-3875,0.5159,COC(C)=O
B-3876,-0.8244,COC(=O)C(C)=C
B-3877,-2.3134,CCOC(=O)c1ccccc1C(=O)OCC
B-3878,-4.6522,CC(C)COC(=O)c1ccccc1C(=O)OCC(C)C
B-3879,-4.3954,CCCCOC(=O)c1ccccc1C(=O)OCCCC
B-3880,-5.0649,CCCCOC(=O)c1ccccc1C(=O)OCc2ccccc2
B-3881,-1.8118,COC(=O)c1ccccc1
B-3882,-0.4596,COC(=O)c1cccnc1
B-3883,-2.3193,CCOC(=O)c1ccccc1
B-3884,-0.2412,COC(=O)C=C
B-3885,-1.3251,CCOC(=O)C(C)=C
B-3886,-2.039,CC(C)COC(=O)C(C)=C
B-3887,-2.2498,CCCCOC(=O)C(C)=C
B-3888,-2.9956,CCOC(=O)\C=C\c1ccccc1
B-3889,-0.7259,CCOC(=O)CC
B-3890,0.8255,CCOC(=O)NC
B-3891,-0.8391,CCOC(=O)CC(=O)OCC
B-3892,-1.8525,CC(C)COC(=O)C=C
B-3893,-0.6339,CC(=O)OC=C
B-3894,0.1756,COCC(C)OC(C)=O
B-3895,-1.9006,CC(=C)C(=O)OCCOCCOCCOC(=O)C(C)=C
B-3896,-0.7327,CCCOC(C)=O
B-3897,0.0758,CCOC=O
B-3898,-4.6268,CCCCCCCCCC(=O)OC
B-3899,-0.6026,CCCOC=O
B-3900,-2.4124,COC(=O)c1ccc(OC)cc1
B-3901,-0.96,CCOC(=O)CCC(=O)OCC
B-3902,-1.1408,CCCCOC(C)=O
B-3903,-1.6862,COC(=O)c1ccccc1C(=O)OC
B-3904,-3.365,CCCOC(=O)c1ccccc1C(=O)OCCC
B-3905,-3.1313,C=CCOC(=O)c1ccccc1C(=O)OCC=C
B-3906,-3.4801,CCCCOC(=O)c1ccccc1
B-3907,-1.6853,CC(=O)OCc1ccccc1
B-3908,-0.8244,CCOC(=O)C=C
B-3909,-1.8068,CCCCOC(=O)C=C
B-3910,-0.0419,CCOC(C)=O
B-3911,-0.073,CCOC(=O)CC(C)=O
B-3912,-0.1498,CCC(=O)OC
B-3913,-2.1529,CC(=C)C(=O)OC(C)(C)C
B-3914,-2.8773,CC(C)OC(=O)c1ccccc1C(=O)OC(C)C
B-3915,-0.1144,CC(=C)C(=O)OCCO
B-3916,-0.6737,CC(=O)OCCBr
B-3917,-3.8764,CCCCCCCCC(=O)OC
B-3918,0.4903,CCC(C)=O
B-3919,-5.1882,O=C1c2ccccc2C(=O)c3ccccc13
B-3920,-1.8267,CCC(=O)c1ccccc1
B-3921,-0.253,CCC(=O)CC
B-3922,-1.2923,CC(=O)c1ccccc1
B-3923,-0.9885,O=C1C=CC(=O)C=C1
B-3924,-0.3017,CCCC(C)=O
B-3925,-0.7219,CC(C)CC(C)=O
B-3926,-0.594,O=C1CCCCC1
B-3927,-1.3252,CC(C)CCC(C)=O
B-3928,-1.4242,CCCCCC(C)=O
B-3929,-2.1537,CCCCCCC(C)=O
B-3930,-3.1239,O=C(c1ccccc1)c2ccccc2
B-3931,-0.1513,CC(C)C(C)=O
B-3932,-0.7577,CCCCC(C)=O
B-3933,-3.3085,CCCCCCCCC(C)=O
B-3934,-2.5836,CCCCCCCC(C)=O
B-3935,1.0068,CC1CO1
B-3936,-1.6026,C1OC1c2ccccc2
B-3937,-0.1474,ClCC1CO1
B-3938,-1.346,CC(C)(O)C(Cl)(Cl)Cl
B-3939,-0.2537,OCC(Cl)(Cl)Cl
B-3940,-1.7123,N#Cc1ccccc1
B-3941,0.2718,CCC#N
B-3942,0.1474,C=CC#N
B-3943,-0.321,CCCC#N
B-3944,-0.1309,N#CCCCCC#N
B-3945,-0.4218,CC(=C)C#N
B-3946,-3.9803,Clc1cccc(Cl)c1C#N
B-3947,-2.4046,CCC=C
B-3948,-1.8668,C=CC=C
B-3949,-2.5862,C1CCC=CC1
B-3950,-4.4373,CCCCCCC=C
B-3951,-2.3291,CC(C)=C
B-3952,-5.052,CCCCCCCC=C
B-3953,-2.1721,C1C=CC=CC=C1
B-3954,-1.9302,C\C=C/C
B-3955,-2.0866,C=CCC=C
B-3956,-3.2261,CCCCC=C
B-3957,-2.6867,C=CCCC=C
B-3958,-3.732,CCCCCC=C
B-3959,-2.0406,C\C=C\C
B-3960,-2.0587,C1C=CCC=C1
B-3961,-2.4206,Cc1c[nH]c2ccccc12
B-3962,-5.0981,N1c2ccccc2Sc3ccccc13
B-3963,-0.7794,[nH]1nc2ccccc2n1
B-3964,-3.0138,s1ccc2ccccc12
B-3965,-1.4975,s1cnc2ccccc12
B-3966,-0.1734,[nH]1cccc1
B-3967,-0.833,o1cccc1
B-3968,-1.4464,s1cccc1
B-3969,-1.5173,[nH]1ccc2ccccc12
B-3970,-3.182,S=C1Nc2ccccc2S1
B-3971,-2.1554,[nH]1ncc2ccccc12
B-3972,-1.1548,o1cnc2ccccc12
B-3973,-3.0351,C1Cc2ccccc2C1
B-3974,-1.4372,Cc1occc1
B-3975,-1.1548,COCc1oc(cc1)[N+]([O-])=O
B-3976,-1.9598,Cc1[nH]c2ccccc2n1
B-3977,-3.1614,CSc1sc2ccccc2n1
B-3978,-2.3899,Cc1cscc1
B-3979,-2.5846,CCc1sccc1
B-3980,0.2708,NC(N)=S
B-3981,-0.7083,S=C1NCCN1
B-3982,-1.6343,ClC(Cl)=C
B-3983,-0.7061,FC(F)=C
B-3984,-5.1805,ClC1=C(Cl)C(Cl)(Cl)C(=C1Cl)Cl
B-3985,-2.0772,ClC=C(Cl)Cl
B-3986,-4.9111,ClC(Cl)=C(Cl)C(Cl)=C(Cl)Cl
B-3987,-1.4995,BrCC=C
B-3988,-2.9186,ClC(Cl)=C(Cl)Cl
B-3989,-1.4424,Cl\C=C/Cl
B-3990,-1.1872,Cl\C=C\Cl
B-3991,-1.4424,Cl\C=C\Cl
B-3992,-2.2473,BrCCC=C
B-3993,-1.3193,Br\C=C/Br
B-3994,-4.2756,[O-][N+](=O)c1cccc2ccccc12
B-3995,-3.7413,Cc1cccc2ccccc12
B-3996,-3.9706,Clc1cccc2ccccc12
B-3997,-2.2214,Oc1cccc2ccccc12
B-3998,-3.6165,c1ccc2ccccc2c1
B-3999,-3.762,Cc1ccc2ccccc2c1
B-4000,-4.143,Clc1ccc2ccccc2c1
B-4001,-1.9255,Nc1cccc2ccccc12
B-4002,-2.2809,Oc1ccc2ccccc2c1
B-4003,-4.6022,S=C=Nc1cccc2ccccc12
B-4004,-4.1369,Cc1ccc(C)c2ccccc12
B-4005,-4.756,Cc1cccc2c(C)cccc12
B-4006,-4.2907,Cc1cc(C)c2ccccc2c1
B-4007,-4.8949,Cc1cc2ccccc2cc1C
B-4008,-4.8927,Cc1ccc2cc(C)ccc2c1
B-4009,-4.2728,[O-][N+](=O)c1ccc2ccccc2c1
B-4010,-5.0007,Cc1ccc2cc(C)c(C)cc2c1
B-4011,-4.2901,CCc1ccc2ccccc2c1
B-4012,-4.1644,CCc1cccc2ccccc12
B-4013,-4.9089,Cc1ccc(C)c2c(C)cccc12
B-4014,-1.7444,OCc1cccc2ccccc12
B-4015,-4.7345,o1c2ccccc2c3ccccc13
B-4016,-5.3106,O1c2ccccc2Oc3ccccc13
B-4017,-5.7196,Clc1cccc2Oc3ccccc3Oc12
B-4018,-5.8359,Clc1ccc2Oc3ccccc3Oc2c1
B-4019,-2.3243,Cc1ccccc1[N+]([O-])=O
B-4020,-1.9572,COc1ccccc1[N+]([O-])=O
B-4021,-1.7701,[O-][N+](=O)c1ccccc1
B-4022,-2.4382,Cc1cccc(c1)[N+]([O-])=O
B-4023,-2.8846,[O-][N+](=O)c1cc(cc(c1)[N+]([O-])=O)[N+]([O-])=O
B-4024,-2.4989,[O-][N+](=O)c1cccc(c1)[N+]([O-])=O
B-4025,-2.4917,Cc1ccc(cc1)[N+]([O-])=O
B-4026,-2.4142,COc1ccc(cc1)[N+]([O-])=O
B-4027,-3.3867,[O-][N+](=O)c1ccc(cc1)[N+]([O-])=O
B-4028,-3.2423,Cc1c(cc(cc1[N+]([O-])=O)[N+]([O-])=O)[N+]([O-])=O
B-4029,-2.829,Cc1ccc(cc1[N+]([O-])=O)[N+]([O-])=O
B-4030,-3.1017,[O-][N+](=O)c1ccccc1[N+]([O-])=O
B-4031,-2.4861,COc1cccc(c1)[N+]([O-])=O
B-4032,-3.0003,Cc1c(cccc1[N+]([O-])=O)[N+]([O-])=O
B-4033,-3.2604,Cc1ccc(c(c1)[N+]([O-])=O)[N+]([O-])=O
B-4034,0.7314,CCOC(N)=O
B-4035,0.9544,NC(=O)C=C
B-4036,0.8339,O=C1CCCCCN1
B-4037,0.2721,CCCC(N)=O
B-4038,0.2597,C[N+]([O-])=O
B-4039,-0.2034,CC[N+]([O-])=O
B-4040,-0.7737,CCC[N+]([O-])=O
B-4041,-0.366,OC(CO[N+]([O-])=O)CO[N+]([O-])=O
B-4042,-1.3506,CCCC[N+]([O-])=O
B-4043,-1.9548,CCCCC[N+]([O-])=O
B-4044,-1.3495,[O-][N+](=O)OCCO[N+]([O-])=O
B-4045,-1.6374,CCCC#C
B-4046,-0.0889,CCOCC
B-4047,-1.0649,CC(C)OC(C)C
B-4048,-1.3192,CCCOCCC
B-4049,-0.9198,ClCCOCCCl
B-4050,-1.1694,CCCCCCOCCO
B-4051,-1.9402,CCCCOCCOCCCC
B-4052,-1.862,CCCCOCCOCCOCCCC
B-4053,0.8844,COC
B-4054,-0.031,C1CCOCC1
B-4055,-2.6376,CCCCOCCCC
B-4056,-0.1498,CCOCCOCC
B-4057,-0.2377,COC(C)(C)C
B-4058,-1.5162,FC(F)OC(F)(F)C(F)Cl
B-4059,-1.6157,FC(F)OC(Cl)C(F)(F)F
B-4060,0.0161,CCN(CC)N=O
B-4061,-3.7531,O=NN(c1ccccc1)c2ccccc2
B-4062,-2.2385,Oc1ccc2ccccc2c1N=O
B-4063,-2.5395,Oc1c(ccc2ccccc12)N=O
B-4064,-1.0006,CC(C)N(N=O)C(C)C
B-4065,-1.0006,CCCN(CCC)N=O
B-4066,-2.0955,CCCCN(CCCC)N=O
B-4067,-1.0354,CCCCN(CC)N=O
B-4068,-0.6996,CCCCN(C)N=O
B-4069,0.5321,CCN(C)N=O
B-4070,-4.3468,c1ccc(cc1)c2ccccc2
B-4071,-5.5526,Brc1ccc(cc1)c2ccccc2
B-4072,-4.6185,Cc1ccc(cc1)c2ccccc2
B-4073,-5.7983,Clc1cccc(c1)c2cccc(Cl)c2
B-4074,-6.5561,Clc1ccc(cc1)c2ccc(Cl)cc2
B-4075,-10.8268,Clc1c(Cl)c(Cl)c(c(Cl)c1Cl)c2c(Cl)c(Cl)c(Cl)c(Cl)c2Cl
B-4076,-4.5917,Clc1ccccc1c2ccccc2
B-4077,-4.7158,Clc1cccc(c1)c2ccccc2
B-4078,-5.1486,Clc1ccc(cc1)c2ccccc2
B-4079,-9.4659,Clc1cc(Cl)c(Cl)c(c1Cl)c2c(Cl)c(Cl)cc(Cl)c2Cl
B-4080,-6.7322,Clc1ccc(c(Cl)c1)c2ccc(Cl)cc2Cl
B-4081,-6.3899,Clc1ccc(cc1Cl)c2ccccc2
B-4082,-5.9795,Clc1ccc(cc1)c2ccc(Cl)cc2Cl
B-4083,-5.0813,Clc1ccccc1c2ccccc2Cl
B-4084,-6.1987,Clc1cc(Cl)c(cc1Cl)c2ccccc2
B-4085,-7.3898,Clc1cccc(Cl)c1c2c(Cl)cccc2Cl
B-4086,-5.3498,Clc1cccc(c2ccccc2)c1Cl
B-4087,-6.2555,Clc1ccc(cc1)c2cc(Cl)ccc2Cl
B-4088,-7.9107,Clc1c(Cl)c(Cl)c(c2ccccc2)c(Cl)c1Cl
B-4089,-5.5851,Clc1cccc(c1)c2ccccc2Cl
B-4090,-7.3867,Clc1ccc(cc1Cl)c2cc(Cl)c(Cl)cc2Cl
B-4091,-6.8995,Clc1ccc(c(Cl)c1)c2ccc(Cl)c(Cl)c2
B-4092,-6.8526,Clc1ccc(Cl)c(c1)c2ccc(Cl)c(Cl)c2
B-4093,-7.7699,Clc1ccc(cc1)c2cc(Cl)c(Cl)cc2Cl
B-4094,-6.8754,Clc1ccc(cc1)c2ccc(Cl)c(Cl)c2Cl
B-4095,-4.9665,Clc1cccc(Cl)c1c2ccccc2
B-4096,-5.2878,Clc1ccc(c(Cl)c1)c2ccccc2
B-4097,-7.3192,Clc1cc(c2ccccc2)c(Cl)c(Cl)c1Cl
B-4098,-8.9467,Clc1cc(Cl)c(c(Cl)c1)c2c(Cl)cc(Cl)cc2Cl
B-4099,-5.2993,Clc1ccc(Cl)c(c1)c2ccccc2
B-4100,-5.2803,Clc1ccc(cc1)c2ccccc2Cl
B-4101,-8.5796,Clc1cc(Cl)c(cc1Cl)c2cc(Cl)c(Cl)cc2Cl
B-4102,-8.3813,Clc1ccc(c(Cl)c1Cl)c2cc(Cl)c(Cl)cc2Cl
B-4103,-6.0095,Clc1cc(Cl)c(c(Cl)c1)c2ccccc2
B-4104,-7.2807,Clc1ccc(Cl)c(c1)c2cc(Cl)ccc2Cl
B-4105,-8.5199,Clc1ccc(c(Cl)c1)c2cc(Cl)c(Cl)c(Cl)c2Cl
B-4106,-7.7563,Brc1ccc(c(Br)c1Br)c2ccc(Br)c(Br)c2Br
B-4107,-5.8088,Clc1ccc(Cl)c(c1)c2ccccc2Cl
B-4108,-6.4902,Clc1ccc(c(Cl)c1)c2ccccc2Cl
B-4109,-7.3263,Clc1ccc(Cl)c(c1)c2cc(Cl)c(Cl)cc2Cl
B-4110,-7.1895,Clc1ccc(Cl)c(c1)c2c(Cl)ccc(Cl)c2Cl
B-4111,-7.9503,Clc1ccc(c(Cl)c1)c2cc(Cl)c(Cl)cc2Cl
B-4112,-7.0455,Clc1ccc(Cl)c(c1)c2ccc(Cl)c(Cl)c2Cl
B-4113,-7.6499,Clc1ccc(cc1Cl)c2c(Cl)ccc(Cl)c2Cl
B-4114,-9.0133,Clc1ccc(c(Cl)c1Cl)c2ccc(Cl)c(Cl)c2Cl
B-4115,-7.9032,Clc1ccc(Cl)c(c1Cl)c2c(Cl)ccc(Cl)c2Cl
B-4116,-5.9003,Clc1ccccc1c2c(Cl)cccc2Cl
B-4117,-6.2095,Clc1ccc(cc1)c2c(Cl)cccc2Cl
B-4118,-5.944,Clc1cccc(c1Cl)c2ccccc2Cl
B-4119,-6.0077,Clc1cccc(c1)c2cc(Cl)ccc2Cl
B-4120,-6.2586,Clc1ccc(cc1)c2cccc(Cl)c2Cl
B-4121,-6.287,Clc1ccc(cc1Cl)c2ccccc2Cl
B-4122,-6.5541,Clc1ccc(cc1)c2ccc(Cl)c(Cl)c2
B-4123,-7.2722,Clc1cccc(c1Cl)c2cccc(Cl)c2Cl
B-4124,-6.4654,Clc1ccc(Cl)c(c1)c2cccc(Cl)c2Cl
B-4125,-6.5727,Clc1ccc(c(Cl)c1)c2cc(Cl)ccc2Cl
B-4126,-7.0605,Clc1cccc(c1Cl)c2cc(Cl)c(Cl)cc2Cl
B-4127,-6.8299,Clc1ccc(c(Cl)c1Cl)c2ccccc2Cl
B-4128,-7.8201,Clc1ccc(Cl)c(c1)c2cc(Cl)cc(Cl)c2Cl
B-4129,-7.8218,Clc1cc(Cl)c(Cl)c(c1)c2c(Cl)ccc(Cl)c2Cl
B-4130,-8.4206,Clc1cccc(c1Cl)c2cc(Cl)c(Cl)c(Cl)c2Cl
B-4131,-0.953,NC(=O)c1ccccc1
B-4132,-3.0319,CC1=CC(=O)c2ccccc2C1=O
B-4133,-3.3945,CCCCNC(=O)N[S](=O)(=O)c1ccc(C)cc1
B-4134,-7.107,c1ccc(cc1)c2ccc(cc2)c3ccccc3
B-4135,-3.0186,FC(F)(F)c1ccccc1
B-4136,-2.3822,ClCc1ccccc1
B-4137,-2.017,COc1ccccc1
B-4138,-2.39,CSc1ccccc1
B-4139,-3.9757,O(c1ccccc1)c2ccccc2
B-4140,-0.6785,O=CNc1ccccc1
B-4141,-3.1772,S=C=Nc1ccccc1
B-4142,-2.3319,CCOc1ccccc1
B-4143,-1.2901,CC(=O)Nc1ccccc1
B-4144,-1.4001,CC(=O)Nc1ccccc1Cl
B-4145,-2.091,CC(=O)Nc1cccc(C)c1
B-4146,-1.9093,CC(=O)Nc1ccccc1[N+]([O-])=O
B-4147,-3.1364,S=C=NCc1ccccc1
B-4148,-1.9948,Oc1ccc2CCCCc2c1
B-4149,-1.8427,NC(=O)c1c(Cl)cccc1Cl
B-4150,-4.6613,Cc1cccc(Oc2ccc(cc2)[N+]([O-])=O)c1
B-4151,-0.0749,CCNCNC(=O)c1ccccc1
B-4152,-1.0947,CNCC(C)c1ccccc1
B-4153,-0.1738,O=NN1CCCCC1
B-4154,-4.4544,c1ccc(cc1)N=Nc2ccccc2
B-4155,-2.2267,COC(=O)[C@H]1[C@H](CC2CCC1N2C)OC(=O)c3ccccc3
B-4156,-4.187,CN(C)CCCN1c2ccccc2CCc3ccccc13
B-4157,-5.0971,CN(C)CCCN1c2ccccc2Sc3ccc(Cl)cc13
B-4158,-2.119,CN1C2CCC1CC(C2)OC(=O)C(CO)c3ccccc3
B-4159,-1.3979,CCN(CC)CCOC(=O)c1ccc(N)cc1
B-4160,-1.7571,CCN(CC)CC(=O)Nc1c(C)cccc1C
B-4161,0.4385,CCO[P](=O)(OCC)OCC
B-4162,-5.2349,O=[P](Oc1ccccc1)(Oc2ccccc2)Oc3ccccc3
B-4163,-2.9782,CCCCO[P](=O)(OCCCC)OCCCC
B-4164,0.5526,CO[P](=O)(OC)OC
B-4165,-0.0516,CC(C)O[P](C)(=O)OC(C)C
B-4166,0.9578,NC(N)=O
B-4167,-0.9462,NC(=O)NCc1ccccc1
B-4168,-1.7344,Cc1ccc(cc1)[S](N)(=O)=O
B-4169,-2.024,Cc1ccccc1[S](N)(=O)=O
B-4170,-1.563,N[S](=O)(=O)c1ccccc1
B-4171,-1.3409,Cc1cccc(c1)[S](N)(=O)=O
B-4172,-0.8147,ClCCN(CCCl)[P]1(=O)NCCCO1
B-4173,-7.8092,Clc1ccc(cc1)C(c2ccc(Cl)cc2)C(Cl)(Cl)Cl
B-4174,-4.5695,CO[P](=S)(OC)Oc1ccc(SC)c(C)c1
B-4175,-4.0841,CCO[P](=S)(OCC)Oc1ccc(cc1)[N+]([O-])=O
B-4176,-0.9624,CNC(=O)CS[P](=S)(OC)OC
B-4177,-3.3867,CNC(=O)Oc1cccc2ccccc12
B-4178,-6.551,ClC(Cl)C(c1ccc(Cl)cc1)c2ccc(Cl)cc2
B-4179,-6.9004,Clc1ccc(cc1)C(=C(Cl)Cl)c2ccc(Cl)cc2
B-4180,-5.6343,CCCCS[P](=O)(SCCCC)SCCCC
B-4181,-2.5393,CC(Oc1ccc(Cl)cc1C)C(O)=O
B-4182,-3.5793,CC(Oc1cc(Cl)c(Cl)cc1Cl)C(O)=O
B-4183,-2.9633,OC(=O)COc1cc(Cl)c(Cl)cc1Cl
B-4184,-2.5139,OC(=O)COc1ccc(Cl)cc1Cl
B-4185,-3.6721,OC(=O)CCCOc1ccc(Cl)cc1Cl
B-4186,-6.1094,CCO[P](=S)(OCC)Oc1ccc(Cl)cc1Cl
B-4187,-3.3804,CC(C)OC(=O)Nc1cccc(Cl)c1
B-4188,-1.6101,CN(C)C(=O)Nc1ccccc1
B-4189,-2.0027,CC(CCl)OC(C)CCl
B-4190,-5.6657,OC(c1ccc(Cl)cc1)(c2ccc(Cl)cc2)C(Cl)(Cl)Cl
B-4191,-2.188,CCO[P](=S)(OCC)Oc1ccc(cc1)[S](C)=O
B-4192,-2.8271,CC(Oc1ccc(Cl)cc1Cl)C(O)=O
B-4193,-3.3637,CCOC(=O)CC(S[P](=S)(OC)OC)C(=O)OCC
B-4194,-3.8631,CO[P](=S)(OC)Oc1ccc(c(C)c1)[N+]([O-])=O
B-4195,-3.0005,CC(C)OC(=O)Nc1ccccc1
B-4196,-2.9364,CN(C)C(=O)Nc1ccc(Cl)cc1
B-4197,-3.844,CO[P](=S)(OC)Oc1ccc(cc1)[N+]([O-])=O
B-4198,-3.7166,CCO[P](=S)(OCC)SCSCC
B-4199,-4.2262,CCO[P](=S)(OCC)SCCSCC
B-4200,-5.5072,CO[P](=S)(OC)Oc1cc(Cl)c(Cl)cc1Cl
B-4201,-4.7982,CO[P](=S)(NC(C)C)Oc1ccc(Cl)cc1Cl
B-4202,-3.1639,CN[P](=O)(OC)Oc1ccc(cc1Cl)C(C)(C)C
B-4203,-2.2797,CO[P](=O)(OC)OC(Br)C(Cl)(Cl)Br
B-4204,-2.0594,CCO[P](=O)(OCC)Oc1ccc(cc1)[N+]([O-])=O
B-4205,-5.7524,CCO[P](=S)(CC)Oc1cc(Cl)c(Cl)cc1Cl
B-4206,-3.7443,CN(C)C(=O)Nc1ccc(Cl)c(Cl)c1
B-4207,-3.5213,CON(C)C(=O)Nc1ccc(Cl)c(Cl)c1
B-4208,-3.4624,CCO[P](=O)(OCC)OC(=C\Cl)/c1ccc(Cl)cc1Cl
B-4209,-3.8717,CO[P](=S)(OC)Oc1ccc(c(Cl)c1)[N+]([O-])=O
B-4210,-4.7584,CCCCN(C)C(=O)Nc1ccc(Cl)c(Cl)c1
B-4211,-0.6571,CCCCOC(N)=O
B-4212,0.964,COC(N)=O
B-4213,-0.1302,CCCOC(N)=O
B-4214,-2.9864,CCC(=O)Nc1ccc(Cl)c(Cl)c1
B-4215,-2.7032,CCCN(CCC)C(=O)SCC
B-4216,-5.7358,CCO[P](=S)(OCC)SCSc1ccc(Cl)cc1
B-4217,-5.2939,CO[P](=S)(OC)SCSc1ccc(Cl)cc1
B-4218,-4.5221,CO[P](=O)(OC)OC(=C/Cl)/c1cc(Cl)c(Cl)cc1Cl
B-4219,-1.803,CNC(=O)Oc1cccc(C)c1
B-4220,-2.3632,CON(C)C(=O)Nc1ccc(Cl)cc1
B-4221,-5.6466,Clc1c(Cl)c(C#N)c(Cl)c(C#N)c1Cl
B-4222,-5.0169,CCO[P](=S)(Oc1ccc(cc1)[N+]([O-])=O)c2ccccc2
B-4223,-6.0864,CO[P](=S)(OC)Oc1cc(Cl)c(Br)cc1Cl
B-4224,-3.4365,CN(C)C(=O)Nc1cccc(c1)C(F)(F)F
B-4225,-2.2858,CCSC(=O)N1CCCCCC1
B-4226,-4.4503,CCCC(C)C(=O)Nc1ccc(C)c(Cl)c1
B-4227,-2.1394,CNC(=O)Oc1ccc(C)c(C)c1
B-4228,-4.3064,CO[P](=S)(OC)Oc1ccc(cc1Cl)[N+]([O-])=O
B-4229,-3.3575,CNC(=O)Oc1cc(C)cc(c1)C(C)C
B-4230,-2.6841,CNC(=O)Oc1ccccc1C(C)C
B-4231,-3.7232,CO[P](=S)(OC)Oc1ccc(cc1)C#N
B-4232,-2.5813,CNC(=O)Oc1cc(C)cc(C)c1
B-4233,-2.895,CON(C)C(=O)Nc1ccc(Br)cc1
B-4234,-1.6632,COC(=O)N[S](=O)(=O)c1ccc(N)cc1
B-4235,-6.2375,CO[P](=S)(OC)Oc1ccc(Sc2ccc(O[P](=S)(OC)OC)cc2)cc1
B-4236,-3.8971,CC(C#C)N(C)C(=O)Nc1ccc(Cl)cc1
B-4237,-2.497,CCC(C)c1ccccc1OC(=O)NC
B-4238,-3.5714,CO[P]1(=S)OCc2ccccc2O1
B-4239,-5.9521,CCO[P](=S)(OCC)Oc1cc(Cl)c(Br)cc1Cl
B-4240,-4.0218,CCCC(C)(C)C(=O)Nc1ccc(Cl)cc1
B-4241,-3.3865,CCCO[P](=O)(OCCC)Oc1ccc(SC)cc1
B-4242,-5.7037,CCO[P](=S)(Oc1ccc(cc1)C#N)c2ccccc2
B-4243,-4.755,CCO[P](=S)(OCC)SCSC(C)(C)C
B-4244,-3.9236,CON(C)C(=O)Nc1ccc(Br)c(Cl)c1
B-4245,-3.4826,CN(C)C(=O)Nc1ccc(C)c(Cl)c1
B-4246,-3.3305,CCO[P](=O)(Sc1ccccc1)Sc2ccccc2
B-4247,-6.616,CO[P](=S)(OC)Oc1cc(Cl)c(I)cc1Cl
B-4248,-2.5811,COc1ccc(NC(=O)N(C)C)cc1Cl
B-4249,-7.1379,CO[P](=S)(Oc1cc(Cl)c(Br)cc1Cl)c2ccccc2
B-4250,-2.9648,CCO[P](=O)(NC(C)C)Oc1ccc(SC)c(C)c1
B-4251,-4.1504,CCCO[P](=S)(OCCC)SCC(=O)N1CCCCC1C
B-4252,-4.1939,CCO[P](=S)(NC(C)C)Oc1ccccc1C(=O)OC(C)C
B-4253,-2.8579,CC(C)O[P](=O)(OC(C)C)SCc1ccccc1
B-4254,-3.9641,CCN(CC)C(=O)SCc1ccc(Cl)cc1
B-4255,0.6499,CO[P](=O)(NC(C)=O)SC
B-4256,-3.5363,CC(C)c1ccc(NC(=O)N(C)C)cc1
B-4257,-4.1253,CCCS[P](=O)(OCC)Oc1ccc(Br)cc1Cl
B-4258,-7.2429,CC(C)C(C(=O)OC(C#N)c1cccc(Oc2ccccc2)c1)c3ccc(Cl)cc3
B-4259,-8.0174,CC1(C)C(C=C(Cl)Cl)C1C(=O)OC(C#N)c2cccc(Oc3ccccc3)c2
B-4260,1.2283,CCCN
B-4261,1.1303,CCC(O)=O
B-4262,1.3561,CC=O
B-4263,1.0698,C1CCNCC1
B-4264,1.0599,CN(C)C(C)=O
B-4265,1.1303,CN(C)N=O
B-4266,-0.4947,CS
B-4267,-0.9608,CCS
B-4268,1.0218,[O-][n+]1ccccc1
B-4269,-1.4969,CSSC
B-4270,-2.6101,CCSSCC
B-4271,0.0938,Cc1cccnc1C
B-4272,0.4471,Cc1ccnc(C)c1
B-4273,-0.03,Cc1ccc(C)nc1
B-4274,-0.314,Cc1ccncc1C
B-4275,-0.5115,Cc1cncc(C)c1
B-4276,-0.5824,C=Cc1ccccn1
B-4277,-0.5579,C=Cc1ccncc1
B-4278,-1.4206,c1ccc(nc1)c2ccccn2
B-4279,-1.5376,c1cc(ccn1)c2ccncc2
B-4280,-2.6806,c1cnc2c(c1)ccc3ncccc23
B-4281,-3.6691,c1ccc2nc3ccccc3cc2c1
B-4282,-3.3574,c1ccc2c(c1)ccc3ncccc23
B-4283,-1.3251,c1ccc2ncccc2c1
B-4284,-1.456,c1ccc2cnccc2c1
B-4285,-5.4002,c1ccc2nc(ccc2c1)c3ccc4ccccc4n3
B-4286,-0.4155,c1ccc2cnncc2c1
B-4287,-3.8813,CCO[P](=S)(OCC)Oc1cc(C)nc(n1)C(C)C
B-4288,-3.2793,CC(C)(c1ccc(O)cc1)c2ccc(O)cc2
B-4289,-3.9528,Oc1ccc(Cl)cc1Cc2cc(Cl)ccc2O
B-4290,0.8137,Oc1cccc(O)c1
B-4291,0.6219,Oc1ccccc1O
B-4292,-2.5895,CCCCCCc1ccc(O)cc1O
B-4293,-0.1845,Oc1ccc(O)cc1
B-4294,-4.3495,CC\C(c1ccc(O)cc1)=C(\CC)c2ccc(O)cc2
B-4295,-0.1521,OC(=O)CCC(O)=O
B-4296,-1.8945,OC(=O)CCCCCCCC(O)=O
B-4297,-0.6762,OC(=O)CCCCC(O)=O
B-4298,-4.912,Nc1ccc(cc1Cl)c2ccc(N)c(Cl)c2
B-4299,-2.7575,Nc1ccc(cc1)c2ccc(N)cc2
B-4300,-0.4276,Nc1ccccc1N
B-4301,-0.4658,Nc1ccc(N)cc1
B-4302,0.3426,Nc1cccc(N)c1
B-4303,-3.6098,COc1cc(ccc1N)c2ccc(N)c(OC)c2
B-4304,-1.9873,Cc1ccc(cc1)[S](C)(=O)=O
B-4305,-2.6383,CCO[P](=S)(OCC)Oc1ccc(cc1)[S](C)(=O)=O
B-4306,1.1361,CN(C)C=O
B-4307,0.995,CCN(CC)C=O
B-4308,-2.2709,CCOC(=O)[C@H](Cc1c[nH]c2ccccc12)N(C)C=O
B-4309,-1.4996,C=C[S](=O)(=O)Nc1ccccc1
B-4310,-0.7894,Cc1ccc(NO)cc1
B-4311,-0.4359,ONc1ccccc1
B-4312,-1.8609,CCO[P](=S)(OCC)SCC[S](=O)CC
B-4313,-1.5124,CCO[P](=O)(OCC)SC[S](=O)CC
B-4314,-0.9137,CC[S](=O)CCS[P](=S)(OC)OC
B-4315,-1.1641,ClCC[S](=O)CCCl
B-4316,-2.3074,CC[S](=O)CS[P](=S)(OC(C)C)OC(C)C
B-4317,-2.8951,CCO[P](=S)(OCC)SC[S](=O)(=O)C(C)(C)C
B-4318,0.0433,CC[S](=O)(=O)CC
B-4319,-0.9714,CC[S](=O)(=O)CI
B-4320,-2.1308,CCO[S](=O)(=O)c1ccccc1
B-4321,-1.7419,CO[S](=O)(=O)c1ccccc1
B-4322,-6.8946,Cn1nc(C)c(C(=O)c2ccc(Cl)cc2Cl)c1O[S](=O)(=O)c3ccc(C)cc3
B-4323,-4.1267,Nc1ccc(cc1)[S](=O)(=O)c2ccc(Cl)cc2
B-4324,-1.8395,Nc1ccc(N)c(c1)[S](=O)(=O)c2ccccc2C(O)=O
B-4325,-2.8152,Nc1ccc(cc1)[S](=O)(=O)c2ccc(N)cc2
B-4326,-3.6116,CC(=O)Nc1ccc(cc1)[S](=O)(=O)c2ccc(N)cc2
B-4327,-1.7487,CCC(CC)COC(=O)N[S](N)(=O)=O
B-4328,-1.0375,CCCCOC(=O)N[S](N)(=O)=O
B-4329,-2.402,CCCCC(CC)COC(=O)N[S](N)(=O)=O
B-4330,-2.6817,CC(C)N1C(=O)c2ccccc2N[S]1(=O)=O
B-4331,-1.1912,OC(=O)C(=O)c1ccc2OCOc2c1
B-4332,-4.4435,O=C1C(=O)c2ccccc2c3ccccc13
B-4333,-0.4541,OC(=O)C(=O)c1c(cccc1C(O)=O)C(O)=O
B-4334,0.3364,CC(N)=S
B-4335,-1.6668,CN1N(C(=CC1=S)C)c2ccccc2
B-4336,-1.4895,N[C@@H](CSC(/Cl)=C/Cl)C(O)=O
B-4337,-1.156,CC(=O)CC1=NCCS1
B-4338,-1.762,C[Si](C)(C)CN
B-4339,-1.807,C[Si](C)(C)CCN
B-4340,-3.6534,C[Si](C)(C)C
B-4341,-5.6475,CC[Si](CC)(CC)CC
B-4342,-1.0938,Cc1ccc(c(C)c1)[P](O)(O)=O
B-4343,0.0798,O[P](O)(=O)c1ccccc1
B-4344,0.8401,O[P](O)(=O)CCCl
B-4345,-1.6194,O[P](O)(=O)c1cccc2ccccc12
B-4346,0.4349,[Cl-].[Cl-].C[n+]1ccc(cc1)c2cc[n+](C)cc2
B-4347,0.3133,[Br-].[Br-].C1C[n+]2ccccc2c3cccc[n+]13
B-4348,-4.5412,CCCCOC(=O)N(C)SN(C)C(=O)Oc1cccc2CC(C)(C)Oc12
B-4349,-4.7103,CCOC(=O)CCN(SN(C)C(=O)Oc1cccc2CC(C)(C)Oc12)C(C)C
B-4350,-6.1033,CCCCN(CCCC)SN(C)C(=O)Oc1cccc2CC(C)(C)Oc12
B-4351,-1.8868,CC(=O)O[Hg]c1ccccc1
B-4352,-0.771,[Cl-].COCC[Hg+]
B-4353,-0.1054,[Hg++].CC([O-])=O.CC([O-])=O
B-4354,1.1206,C=O
B-4355,-0.7241,C#CC#C
B-4356,-1.8097,S=C=S
B-4357,-0.2225,O=C1CC=CS1
B-4358,-1.343,CCO[S](=O)(=O)OCC
B-4359,-0.6537,CO[S](=O)(=O)OC
B-4360,-1.7558,CC(=O)C(=O)c1ccccc1
B-4361,0.3661,CC(=O)C(C)=O
B-4362,-0.1764,CCC(=O)C(C)=O
B-4363,-1.7326,SC(=O)CCCCC(S)=O
B-4364,-0.7982,CCOC(=O)OCC
B-4365,-0.6003,COC(=O)OC(C)C(=O)OC
B-4366,-4.8619,CCO[P](=S)(OCC)O\N=C(C#N)\c1ccccc1
B-4367,-5.2917,CCO[P](=S)(OCC)O/N=C(C#N)/c1ccccc1Cl
B-4368,-2.3363,NC(=S)c1c(Cl)cccc1Cl
B-4369,-0.2162,CC(=O)CSC#N
B-4370,-1.9351,N#CSCC(CSC#N)SC#N
B-4371,-2.0061,O[S](=O)(=O)c1c(Br)c(Br)c(Br)c(Br)c1Br
B-4372,-0.4655,[O-][S](=O)(=O)c1ccc2oc3ccccc3c2c1
B-4373,0.5133,O[S](=O)(=O)c1ccc2ccccc2c1
B-4374,0.4873,Cc1ccc(cc1[S](O)(=O)=O)[N+]([O-])=O
B-4375,-1.4748,O=C=O
B-4376,0.2341,CC1COC(=O)O1
B-4377,-6.014,COc1cccc(n1)N(C)C(=S)Oc2cccc(c2)C(C)(C)C
B-4378,-5.945,ClC1=C(Cl)C2(Cl)C3CO[S](=O)(=O)OCC3C1(Cl)C2(Cl)Cl
B-4379,-5.8457,CC(C)(C)c1ccc(OC2CCCCC2O[S](=O)OCC#C)cc1
B-4380,-6.0976,ClC1=C(Cl)C2(Cl)C3CO[S](=O)OCC3C1(Cl)C2(Cl)Cl
B-4381,-5.9019,ClC1=C(Cl)C2(Cl)[C@H]3CO[S](=O)OC[C@H]3[C@]1(Cl)C2(Cl)Cl
B-4382,0.2214,O=[S]1OCCO1
B-4383,-4.0312,CCO[P](=S)(OCC)O[P](=S)(OCC)OCC
B-4384,-1.3801,OC(=S)c1cccnc1
B-4385,-0.9951,CCOC(=S)SC(CC(O)=O)C(O)=O
B-4386,-1.4489,CCOC(=S)SC(C)C(O)=O
B-4387,-5.8392,Cc1c(C)c(C)c(C)c(C)c1C
B-4388,-4.5862,Cc1cc(C)c(C)cc1C
B-4389,-5.7935,c1ccc(cc1)\C=C\c2ccccc2
B-4390,-5.5597,Clc1cc(Cl)c(Cl)cc1Cl
B-4391,-7.6621,Clc1c(Cl)c(Cl)c(Cl)c(Cl)c1Cl
B-4392,-5.6004,Brc1cc(Br)cc(Br)c1
B-4393,-6.9931,Brc1cc(Br)c(Br)cc1Br
B-4394,-3.2458,Nc1ccc(Cl)c(Cl)c1
B-4395,-3.6745,Oc1c(Br)cc(Br)cc1Br
B-4396,-3.6912,Nc1c(Cl)cc(Cl)cc1Cl
B-4397,-4.0036,Oc1c(Cl)cc(Cl)c(Cl)c1Cl
B-4398,-1.2196,OC(=O)\C=C\C(O)=O
B-4399,-1.6793,OC(=O)CNC(=O)c1ccccc1
B-4400,-0.9305,OCC(C(O)=O)c1ccccc1
B-4401,-2.2839,OC(=O)c1ccccc1c2ccccc2C(O)=O
B-4402,-0.2946,OCc1ccccc1O
B-4403,-2.6678,FC(F)(F)Br
B-4404,-2.6353,FC(F)(Cl)Cl
B-4405,-3.0647,FC(F)(F)Cl
B-4406,-5.0631,CCCCCCCCBr
B-4407,-1.7043,FC(F)(F)C(Cl)Br
B-4408,-6.0834,ClC1C(Cl)C(Cl)C(Cl)C(Cl)C1Cl
B-4409,-6.9684,CCCCC(CC)COC(=O)c1ccccc1C(=O)OCC(CC)CCCC
B-4410,-2.4154,CC(=O)OC[C@@H](OC(C)=O)[C@@H](OC(C)=O)[C@H](OC(C)=O)[C@@H](OC(C)=O)C=O
B-4411,-1.6058,CC(=O)c1ccc(N)cc1
B-4412,-1.1384,CC(=O)c1ccc(O)cc1
B-4413,0.2196,CC(=O)CC(C)=O
B-4414,0.3039,N#CCC#N
B-4415,0.2036,N#CCCC#N
B-4416,0.009,NNC(=O)c1ccncc1
B-4417,0.6121,NC(=O)c1cccnc1
B-4418,-3.3638,CN(C)c1nc(nc(n1)N(C)C)N(C)C
B-4419,-0.0666,CC1=CC(=O)NO1
B-4420,-2.5278,NC(=S)Nc1cccc2ccccc12
B-4421,-1.7898,NC(=S)Nc1ccccc1
B-4422,-3.5629,N(c1ccccc1)c2cccc3ccccc23
B-4423,-9.2068,Clc1cc2Oc3cc(Cl)c(Cl)cc3Oc2cc1Cl
B-4424,-12.0605,Clc1c(Cl)c(Cl)c2Oc3c(Cl)c(Cl)c(Cl)c(Cl)c3Oc2c1Cl
B-4425,-8.7085,Clc1c(Cl)c(Cl)c2Oc3ccccc3Oc2c1Cl
B-4426,-9.0027,Clc1cc(Cl)c2Oc3cc(Cl)cc(Cl)c3Oc2c1
B-4427,-7.8292,Clc1ccc2Oc3cc(Cl)ccc3Oc2c1
B-4428,-10.9486,Clc1cc2Oc3c(Cl)c(Cl)c(Cl)c(Cl)c3Oc2cc1Cl
B-4429,-7.5339,Clc1cc(Cl)c2Oc3ccccc3Oc2c1Cl
B-4430,-9.4728,Clc1ccc2Oc3c(Cl)c(Cl)c(Cl)c(Cl)c3Oc2c1
B-4431,-8.6456,Clc1cc2oc3cc(Cl)c(Cl)cc3c2cc1Cl
B-4432,-8.8744,Clc1ccc2Oc3c(Cl)c(Cl)c(Cl)cc3Oc2c1
B-4433,-1.0333,CC(=O)Nc1ccc(O)cc1
B-4434,-8.7103,Clc1ccc(cc1Cl)c2ccc(Cl)c(Cl)c2
B-4435,-6.7798,Clc1cccc(c1Cl)c2c(Cl)ccc(Cl)c2Cl
B-4436,-5.991,CN(C)c1ccc(cc1)N=Nc2ccccc2
B-4437,-1.8233,NC(=O)c1ccccc1O
B-4438,-1.3782,O=C1OC(=O)c2ccccc12
B-4439,-3.5885,Oc1ccccc1C(=O)Nc2ccccc2
B-4440,-4.4252,O=C(OOC(=O)c1ccccc1)c2ccccc2
B-4441,-1.6066,CC(=O)Nc1ccc(cc1)[S](N)(=O)=O
B-4442,-2.64,CCC1(C(=O)NCNC1=O)c2ccccc2
B-4443,-2.235,CC(=O)Nc1ccccc1O
B-4444,-2.2163,[O-][N+](=O)OCC(CO[N+]([O-])=O)O[N+]([O-])=O
B-4445,-0.966,Cn1cnc2N(C)C(=O)N(C)C(=O)c12
B-4446,-1.3888,CN1C(=O)N(C)c2nc[nH]c2C1=O
B-4447,-0.1499,CN1CC(=O)N=C1N
B-4448,-1.127,C[C@H]1C[C@H](C)C(=O)[C@@H](C1)[C@H](O)CC2CC(=O)NC(=O)C2
B-4449,-2.0063,[O-][N+](=O)C(Cl)(Cl)Cl
B-4450,-2.3374,CCC1(CCC(=O)NC1=O)c2ccccc2
B-4451,-2.6328,[O-][N+](=O)O[C@H]1CO[C@@H]2[C@@H](CO[C@H]12)O[N+]([O-])=O
B-4452,0.0343,c1cnc2ncncc2n1
B-4453,-1.2714,O=C1NNC(=O)C=C1
B-4454,-0.9142,NC(=O)c1cnccn1
B-4455,-1.2843,Cc1cc(N)nc(C)n1
B-4456,-3.8124,CCCCC1C(=O)N(N(C1=O)c2ccccc2)c3ccccc3
B-4457,-0.1285,CC(C)(S)[C@@H](N)C(O)=O
B-4458,-4.4289,OC1(CCN(CCCC(=O)c2ccc(F)cc2)CC1)c3ccc(Cl)cc3
B-4459,-2.1114,OCC(NC(=O)C(Cl)Cl)C(O)c1ccc(cc1)[N+]([O-])=O
B-4460,-3.3202,O=C1C[C@@H]2OCC=C3CN4CC[C@@]56[C@@H]4C[C@@H]3[C@@H]2[C@@H]5N1c7ccccc67
B-4461,-1.6669,CCCC(C)(COC(N)=O)COC(N)=O
B-4462,-2.2685,Cc1cc(C)nc(N[S](=O)(=O)c2ccc(N)cc2)n1
B-4463,-0.6286,CN(C)C1=C(C)N(C)N(c2ccccc2)C1=O
B-4464,-4.1546,OCCN1CCN(CCCN2c3ccccc3Sc4ccc(Cl)cc24)CC1
B-4465,-4.3017,CN(C)CCCN1c2ccccc2Sc3ccccc13
B-4466,-2.6153,N[S](=O)(=O)c1cc2c(NCN[S]2(=O)=O)cc1Cl
B-4467,-3.046,N[S](=O)(=O)c1cc2c(NC=N[S]2(=O)=O)cc1Cl
B-4468,-2.3556,CC(=O)Nc1sc(nn1)[S](N)(=O)=O
B-4469,-0.5642,CN1N(C(=O)C=C1C)c2ccccc2
B-4470,-4.2597,CC(CN1c2ccccc2Sc3ccccc13)N(C)C
B-4471,-3.2169,[O-][N+](=O)c1sc(nc1)N2CCNC2=O
B-4472,-2.3692,CCOc1ccc(NC(C)=O)cc1
B-4473,-1.361,Nc1ccc(cc1)[S](N)(=O)=O
B-4474,-4.1488,OCCN1CCN(CCCN2c3ccccc3Sc4ccc(cc24)C(F)(F)F)CC1
B-4475,-1.9515,Nc1ncnc2n(ccc12)C3OC(CO)C(O)C3O
B-4476,-2.4248,Nc1ccc(cc1)[S](=O)(=O)Nc2sccn2
B-4477,-3.4585,CCCC(C)C1(CC=C)C(=O)NC(=S)NC1=O
B-4478,-1.5903,COc1ccc(N[S](=O)(=O)c2ccc(N)cc2)nn1
B-4479,-1.6608,O=C1N[S](=O)(=O)c2ccccc12
B-4480,-2.7372,Cn1cnc2N(C)C(=O)NC(=O)c12
B-4481,-2.6114,O=C1NC(=O)c2ccccc12
B-4482,-1.886,O=C1Oc2ccccc2C=C1
B-4483,-3.0305,CCCNC(=O)N[S](=O)(=O)c1ccc(Cl)cc1
B-4484,-1.5622,COc1cc(CC=C)ccc1O
B-4485,-0.5754,CC(=O)OCC(COC(C)=O)OC(C)=O
B-4486,-4.5238,CN1CCN(CCCN2c3ccccc3Sc4ccc(cc24)C(F)(F)F)CC1
B-4487,-2.9565,COc1cc(N[S](=O)(=O)c2ccc(N)cc2)nc(OC)n1
B-4488,-4.611,COC1CC(=O)C[C@@H](C)[C@]12Oc3c(Cl)c(OC)cc(OC)c3C2=O
B-4489,-3.7329,CCCCC1C(=O)N(N(C1=O)c2ccc(O)cc2)c3ccccc3
B-4490,-2.6774,N[S](=O)(=O)c1cc2c(NC(N[S]2(=O)=O)C(Cl)Cl)cc1Cl
B-4491,-1.234,CC(=O)N[S](=O)(=O)c1ccc(N)cc1
B-4492,-2.4107,Cc1sc(N[S](=O)(=O)c2ccc(N)cc2)nn1
B-4493,0.6985,OCC(O)C(O)CO
B-4494,-0.4147,CN[C@@H](C)[C@H](O)c1ccccc1
B-4495,-2.3788,O=C1N=CN=C2NNC=C12
B-4496,-2.1782,CCCCNC(=O)N[S](=O)(=O)c1ccc(N)cc1
B-4497,-2.0909,COc1cc2N3C4[C@@H]5C(CC3=O)OCC=C6CN7CC[C@]4([C@@H]7C[C@H]56)c2cc1OC
B-4498,-3.7555,CN1C(=O)CN=C(c2ccccc2)c3cc(Cl)ccc13
B-4499,-1.2557,Cc1ncc(n1CCO)[N+]([O-])=O
B-4500,-3.8101,CCOc1ccc2nc(sc2c1)[S](N)(=O)=O
B-4501,-2.3213,Nc1ccc(cc1)[S](=O)(=O)Nc2ccnn2c3ccccc3
B-4502,-3.6147,Oc1cc(O)c2C(=O)C[C@H](Oc2c1)c3ccc(O)c(O)c3
B-4503,-2.82,Cc1cnc(N[S](=O)(=O)c2ccc(N)cc2)nc1
B-4504,-2.5843,COc1cnc(N[S](=O)(=O)c2ccc(N)cc2)nc1
B-4505,-4.207,Cc1ccc(cc1)[S](=O)(=O)NC(=O)NC2CCCCC2
B-4506,-2.6183,Cc1onc(N[S](=O)(=O)c2ccc(N)cc2)c1
B-4507,-2.8608,COc1cc(Cc2cnc(N)nc2N)cc(OC)c1OC
B-4508,-3.6977,CC(C(O)=O)c1cccc(c1)C(=O)c2ccccc2
B-4509,-4.1608,COc1ccc2cc(ccc2c1)C(C)C(O)=O
B-4510,-4.6301,CC(=O)OCC(=O)[C@H]1CC[C@H]2[C@@H]3CCC4=CC(=O)CC[C@]4(C)[C@H]3CC[C@]12C
B-4511,-3.6929,C[C@]12C[C@H](O)[C@@]3(F)[C@@H](CCC4=CC(=O)C=C[C@]34C)[C@@H]1C[C@@H](O)[C@]2(O)C(=O)CO
B-4512,-4.7101,CCCCC(=O)O[C@@]1([C@@H](C)C[C@H]2[C@@H]3CCC4=CC(=O)C=C[C@]4(C)[C@@]3(F)[C@@H](O)C[C@]12C)C(=O)CO
B-4513,-1.973,Nc1ccccc1[N+]([O-])=O
B-4514,-0.7369,Nc1ccccc1O
B-4515,-2.4862,Nc1cc(cc(c1O)[N+]([O-])=O)[N+]([O-])=O
B-4516,-2.0611,Nc1cccc(c1)[N+]([O-])=O
B-4517,-2.2782,Nc1ccc(cc1)[N+]([O-])=O
B-4518,-0.8338,Nc1ccc(O)cc1
B-4519,-0.6066,Nc1cccc(O)c1
B-4520,-2.5976,Oc1ccc(cc1[N+]([O-])=O)[N+]([O-])=O
B-4521,-1.7454,Oc1ccccc1[N+]([O-])=O
B-4522,-2.3837,Cc1ccc(O)c(c1)[N+]([O-])=O
B-4523,-1.1409,COc1cc(C=O)ccc1O
B-4524,-0.9762,Oc1ccc(C=O)cc1
B-4525,-2.6796,Oc1cc(ccc1[N+]([O-])=O)[N+]([O-])=O
B-4526,-2.05,Oc1cc(F)ccc1[N+]([O-])=O
B-4527,-3.0003,Cc1cc(cc(c1O)[N+]([O-])=O)[N+]([O-])=O
B-4528,-2.7668,Oc1c(cccc1[N+]([O-])=O)[N+]([O-])=O
B-4529,-2.0734,Oc1cccc(O)c1[N+]([O-])=O
B-4530,-4.4101,Oc1ccc(cc1[N+]([O-])=O)c2ccccc2
B-4531,-3.8403,CCC(C)c1ccc(O)c(c1)[N+]([O-])=O
B-4532,-1.9572,Nc1ccc(C(O)=O)c(O)c1
B-4533,-1.79,OC(=O)c1ccccc1O
B-4534,-1.3663,Nc1cccc(c1)C(O)=O
B-4535,-1.2799,OC(=O)c1cccc(O)c1
B-4536,-0.9278,OC(=O)c1ccc(O)c(O)c1
B-4537,-1.4413,OC(=O)c1ccc(O)cc1
B-4538,-1.5931,Nc1ccccc1C(O)=O
B-4539,-2.0496,COc1cc(ccc1O)C(O)=O
B-4540,-2.4688,Nc1cc(Cl)cc(C(O)=O)c1Cl
B-4541,-1.3511,Nc1ccc(cc1)C(O)=O
B-4542,-1.2074,OC(=O)c1c(O)cccc1O
B-4543,-1.4889,OC(=O)c1cc(O)ccc1O
B-4544,-0.6475,Oc1cccc(C=O)c1
B-4545,-2.5568,CCCOC(=O)c1ccc(O)cc1
B-4546,-2.1007,CCOC(=O)c1ccc(N)cc1
B-4547,-2.3281,CCCOC(=O)c1ccc(N)cc1
B-4548,-2.9723,CCCCOC(=O)c1ccc(O)cc1
B-4549,-1.7843,COC(=O)c1ccc(O)cc1
B-4550,-1.313,COC(=O)c1ccccc1O
B-4551,-2.3089,CCOC(=O)c1ccc(O)cc1
B-4552,-4.5152,Nc1ccc(c(O)c1)C(=O)Oc2ccccc2
B-4553,-1.5974,COC(=O)c1ccc(N)cc1
B-4554,-3.3499,CCCCCOC(=O)c1ccc(N)cc1
B-4555,-4.6001,CCCCCCCOC(=O)c1ccc(N)cc1
B-4556,-5.3999,CCCCCCCCOC(=O)c1ccc(N)cc1
B-4557,-3.6556,N[S](=O)(=O)c1cc(C(O)=O)c(NCc2occc2)cc1Cl
B-4558,-0.4291,CCOC(C)OCC
B-4559,0.506,COCOC
B-4560,0.2884,C1OCOCO1
B-4561,-0.0719,CC1OC(C)OC(C)O1
B-4562,-0.1726,CCOCOCC
B-4563,-3.6444,C[C@@H]1C[C@H]2[C@@H]3CCC4=CC(=O)C=C[C@]4(C)[C@@]3(F)[C@@H](O)C[C@]2(C)[C@@]1(O)C(=O)CO
B-4564,-4.4577,CC(=O)OCC(=O)[C@@]1(O)CC[C@H]2[C@@H]3CCC4=CC(=O)CC[C@]4(C)[C@H]3[C@@H](O)C[C@]12C
B-4565,-4.3037,CC(=O)OCC(=O)[C@@]1(O)CC[C@H]2[C@@H]3CCC4=CC(=O)CC[C@]4(C)[C@H]3C(=O)C[C@]12C
B-4566,-3.2408,C[C@]12C[C@H](O)[C@H]3[C@@H](CCC4=CC(=O)CC[C@]34C)[C@@H]1CC[C@@H]2C(=O)CO
B-4567,-3.0541,C[C@]12CCC(=O)C=C1CC[C@H]3[C@@H]4CC[C@](O)(C(=O)CO)[C@@]4(C)C[C@H](O)[C@H]23
B-4568,-3.2085,C[C@]12C[C@H](O)[C@H]3[C@@H](CCC4=CC(=O)C=C[C@]34C)[C@@H]1CC[C@]2(O)C(=O)CO
B-4569,-4.3692,CC(=O)OCC(=O)[C@@]1(O)CC[C@H]2[C@@H]3CCC4=CC(=O)C=C[C@]4(C)[C@H]3[C@@H](O)C[C@]12C
B-4570,-3.1097,C[C@]12CCC(=O)C=C1CC[C@H]3[C@@H]4CC[C@](O)(C(=O)CO)[C@@]4(C)CC(=O)[C@H]23
B-4571,-4.5526,CC(=O)[C@H]1CC[C@H]2[C@@H]3CCC4=CC(=O)CC[C@]4(C)[C@H]3CC[C@]12C
B-4572,-3.9505,C[C@]1(O)CC[C@H]2[C@@H]3CCC4=CC(=O)CC[C@]4(C)[C@H]3CC[C@]12C
B-4573,-4.0908,C[C@]12CC[C@H]3[C@@H](CCC4=CC(=O)CC[C@]34C)[C@@H]1CC[C@@H]2O
B-4574,-3.6949,C[C@]12CC[C@H]3[C@@H](CCC4=CC(=O)CC[C@]34C)[C@@H]1CCC2=O
B-4575,-3.7446,C[C@]12CC[C@H]3[C@@H](CCC4=CC(=O)CC[C@]34C)[C@@H]1CC[C@@H]2C(=O)CO
B-4576,-4.1297,CC(=O)OCC(=O)[C@@]1(O)[C@@H](C[C@H]2[C@@H]3CCC4=CC(=O)C=C[C@]4(C)[C@@]3(F)[C@@H](O)C[C@]12C)OC(C)=O
B-4577,-4.7076,CC(=O)[C@@]1(O)CC[C@H]2[C@@H]3CCC4=CC(=O)CC[C@]4(C)[C@H]3CC[C@]12C
B-4578,-3.4342,C[C@]12C[C@H](O)[C@@]3(F)[C@@H](CCC4=CC(=O)CC[C@]34C)[C@@H]1CC[C@]2(O)C(=O)CO
B-4579,-3.771,C[C@H]1C[C@H]2[C@@H]3CCC4=CC(=O)C=C[C@]4(C)[C@@]3(F)[C@@H](O)C[C@]2(C)[C@@]1(O)C(=O)CO
B-4580,-4.0986,C[C@H]1C[C@H]2[C@@H]3CC[C@](O)(C(C)=O)[C@@]3(C)C[C@H](O)[C@]2(F)[C@@]4(C)C=CC(=O)C=C14
B-4581,-4.9,C[C@@H]1C[C@H]2[C@@H]3CCC4=CC(=O)C=C[C@]4(C)[C@@]3(F)[C@@H](O)C[C@]2(C)[C@@]1(O)C(=O)COC(C)=O
B-4582,-1.0689,FC1=CNC(=O)NC1=O
B-4583,-1.5187,CC1=CNC(=O)NC1=O
B-4584,-1.4933,O=C1NC=CC(=O)N1
B-4585,-0.4016,O=C1CNC(=O)N1
B-4586,-0.7998,CN1C=CC(=O)NC1=O
B-4587,-2.8525,CCC(Br)(CC)C(=O)NC(N)=O
B-4588,-2.3206,CCC1(C(=O)NC(=O)NC1=O)c2ccccc2
B-4589,-2.0005,CCC1(CC)C(=O)NC(=O)N(C)C1=O
B-4590,-2.1693,CCC1(C(=O)NC(=O)NC1=O)C2=CCCCC2
B-4591,-2.0608,C=CCC1(CC=C)C(=O)NC(=O)NC1=O
B-4592,-2.7349,CN1C(=O)NC(=O)C(C)(C1=O)C2=CCCCC2
B-4593,-2.5743,CCC1(CCC(C)C)C(=O)NC(=O)NC1=O
B-4594,-1.3926,CCC1(CC)C(=O)NC(=O)NC1=O
B-4595,-2.5229,CCCC(C)C1(CC)C(=O)NC(=O)NC1=O
B-4596,-2.2144,CCC1(C(C)C)C(=O)NC(=O)NC1=O
B-4597,-1.712,CC(C)C1(CC=C)C(=O)NC(=O)NC1=O
B-4598,-2.3464,C=CCC1(C(=O)NC(=O)NC1=O)c2ccccc2
B-4599,-2.1757,CCCCCC1(CC)C(=O)NC(=O)NC1=O
B-4600,-2.5487,CCCC1(CCC)C(=O)NC(=O)NC1=O
B-4601,-0.4557,Oc1cccnc1
B-4602,-2.4168,Oc1cccc2cccnc12
B-4603,-2.5417,[O-]c1cccc2[nH+]cccc12
B-4604,-2.1618,Oc1ccc2ncccc2c1
B-4605,-4.5371,Clc1nc(Cl)nc(Nc2ccccc2Cl)n1
B-4606,-4.1256,CCNc1nc(Cl)nc(NCC)n1
B-4607,-4.4267,CC(C)Nc1nc(Cl)nc(NC(C)C)n1
B-4608,-3.0365,CCNc1nc(NC(C)C)nc(SC)n1
B-4609,-3.9847,CCNc1nc(NC(C)(C)C)nc(SC)n1
B-4610,-2.6758,CCNc1nc(NCC)nc(SC)n1
B-4611,-2.4777,COc1nc(NC(C)C)nc(NC(C)C)n1
B-4612,-3.8867,CCNc1nc(Cl)nc(NC(C)C)n1
B-4613,-4.0601,CCNc1nc(Cl)nc(n1)N(CC)CC
B-4614,-2.7063,CC(C)Nc1nc(N)nc(Cl)n1
B-4615,-3.8642,CSc1nc(NC(C)C)nc(NC(C)C)n1
B-4616,-3.151,CCNc1nc(Cl)nc(NC(C)(C)C#N)n1
B-4617,-3.2388,CCNc1nc(NC(C)(C)C)nc(OC)n1
B-4618,-0.8806,Brc1ccccn1
B-4619,-0.7542,Clc1ccccn1
B-4620,-0.4122,NC1(CCCC1)C(O)=O
B-4621,-0.421,CSCCC(N)C(O)=O
B-4622,-1.0657,NC(Cc1ccccc1)C(O)=O
B-4623,-0.3016,CC(C)C(N)C(O)=O
B-4624,0.3109,CCC(N)C(O)=O
B-4625,-0.0687,CCCC(N)C(O)=O
B-4626,0.5207,NCC(O)=O
B-4627,0.265,CC(N)C(O)=O
B-4628,0.1483,OC(=O)C1CCCN1
B-4629,0.6068,NC(CO)C(O)=O
B-4630,0.4398,OC1CNC(C1)C(O)=O
B-4631,-3.2204,OC(=O)c1cccc(c1)C(O)=O
B-4632,-1.1816,OC(=O)c1cccnc1C(O)=O
B-4633,-1.8268,OC(=O)c1ccnc(c1)C(O)=O
B-4634,-2.1296,OC(=O)c1ccc(nc1)C(O)=O
B-4635,-1.5241,OC(=O)c1cccc(n1)C(O)=O
B-4636,-1.8538,OC(=O)c1ccncc1C(O)=O
B-4637,-2.223,OC(=O)c1cncc(c1)C(O)=O
B-4638,-0.835,OC(=O)c1cccnc1
B-4639,-1.3743,OC(=O)c1ccncc1
B-4640,-3.9145,CCCCCCCC[S](=O)(=O)N[S](=O)(=O)CCCCCCCC
B-4641,-0.0166,NC(=O)CCl
B-4642,0.0643,NC(=O)CBr
B-4643,-1.0289,CCC(Cl)(CC)C(N)=O
B-4644,-1.0376,CCC(Br)(CC)C(N)=O
B-4645,-0.5138,NC(=O)C(Cl)CCl
B-4646,-0.951,CN(C(C)=O)c1ccccc1
B-4647,-2.4806,CC(C)N(C(=O)CCl)c1ccccc1
B-4648,-3.0508,CCc1cccc(CC)c1N(COC)C(=O)CCl
B-4649,-4.1322,CCCCOCN(C(=O)CCl)c1c(CC)cccc1CC
B-4650,-3.0827,CCOCN(C(=O)CCl)c1c(C)cccc1CC
C-1,-0.4,CC(C)(C)CO
C-2,-1.0,CN=C=S
C-3,0.29,C1OCOCO1
C-4,1.58,CC(N)=O
C-5,0.81,CC(O)CNCC(C)O
C-6,0.95,NC(=O)C=C
C-7,0.04,NC(N)=S
C-8,-0.29,COC(=O)C(=O)OC
C-9,0.92,NCC(O)=O
C-10,0.79,NCCC(O)=O
C-11,0.12,CC(C)(N)C(O)=O
C-12,-0.01,C\C=C\C(O)=O
C-13,1.7,OC(O)C(Cl)(Cl)Cl
C-14,-2.54,CC(C)C1CCC(C)CC1O
C-15,-0.31,NC(=N)NC#N
C-16,0.52,OC1COC(O)C(O)C1O
C-17,-0.66,CCCCOC(N)=O
C-18,-1.91,CC1=CCC(CC1)C(C)(C)O
C-19,0.22,CC(N)C(O)=O
C-20,-0.3,CC(C)COC(N)=O
C-21,-1.72,CC(=C)C1CC=C(C)C(O)C1
C-22,-0.71,S=C1NCCN1
C-23,0.1,CC(C)(C)OC(N)=O
C-24,-6.05,CCCCCCCCCCCCCCO
C-25,0.59,NCCCCCC(O)=O
C-26,0.07,OCC(O)C(O)C(O)C(O)CO
C-27,-2.75,CC1(C)C2CCC1(C)C(O)C2
C-28,0.26,CCC(N)C(O)=O
C-29,-2.93,CC1OC(C)OC(C)OC(C)O1
C-30,0.74,OCC1OC(O)C(O)C(O)C1O
C-31,-1.46,CCNC(=S)NCC
C-32,-1.77,C\C=C\C=C\C(O)=O
C-33,-0.02,NC(CO)C(O)=O
C-34,1.17,OC(=O)CC(O)=O
C-35,0.73,OC(=O)C(Cl)(Cl)Cl
C-36,-0.3,CC(C)C(N)C(O)=O
C-37,-3.45,CCCCCCCCCC(O)=O
C-38,-1.37,NC(N)=N[N+]([O-])=O
C-39,0.15,OC(=O)C1CCCN1
C-40,-1.06,CCCCC(N)C(O)=O
C-41,-1.13,CC(C)CC(N)C(O)=O
C-42,-2.09,CC1(C)C2CCC1(C)C(=O)C2
C-43,-3.94,ClC(Cl)(Cl)C(Cl)(Cl)Cl
C-44,0.36,NC(CS)C(O)=O
C-45,1.0,OC(=O)CCCC(O)=O
C-46,-4.62,CCCCCCCCCCCC(O)=O
C-47,-1.22,OC(=O)/C=C/C(O)=O
C-48,-0.17,OC(=O)CCC(O)=O
C-49,-0.13,CC(C)(S)C(N)C(O)=O
C-50,0.44,OC1CNC(C1)C(O)=O
C-51,-0.09,CC(O)C(N)C(O)=O
C-52,-0.96,CCN(N=O)C(N)=O
C-53,-0.66,CSCCC(N)C(O)=O
C-54,-0.82,OC(=O)CCCCC(O)=O
C-55,-5.33,CCCCCCCCCCCCCC(O)=O
C-56,0.52,NC1=N[NH]C=N1
C-57,-0.72,NC(CC(N)=O)C(O)=O
C-58,-6.81,CCCCCCCCCCCCCCCC(O)=O
C-59,0.64,OC(CC(O)=O)C(O)=O
C-60,-2.02,OC(=O)CCCCCCCC(O)=O
C-61,-3.9,CN(C)C(=S)SSC(=S)N(C)C
C-62,-4.29,CC(C)N(C(C)C)C(=O)SC\C(Cl)=C\Cl
C-63,-0.04,OC1=CC=CC=C1
C-64,-7.83,CCCCCCCCCCCCCCCC(=O)OC
C-65,-0.54,NC(CCC(N)=O)C(O)=O
C-66,-1.23,NC(CCC(O)=O)C(O)=O
C-67,-1.39,CNC(=O)O\N=C\C(C)(C)SC
C-68,-6.08,ClC1C(Cl)C(Cl)C(Cl)C(Cl)C1Cl
C-69,-0.38,CCC1(CC)C(=O)NCC(C)C1=O
C-70,-0.07,CC1=CC(=O)NO1
C-71,-3.57,[O-][N+](=O)N1CN(CN(C1)[N+]([O-])=O)[N+]([O-])=O
C-72,0.0,NC(CCCNC(N)=N)C(O)=O
C-73,-9.0,CCCCCCCCCCCCCCCCCC(=O)OC
C-74,-1.21,CNC(=O)O\N=C(\C)SC
C-75,-2.63,[O-][N+](=O)OC1COC2C(COC12)O[N+]([O-])=O
C-76,-0.7,CC1=CC=C(O)C=C1
C-77,-0.64,CC1=C(O)C=CC=C1
C-78,-4.88,CC(C)N(C(C)C)C(=O)SCC(Cl)=C(Cl)Cl
C-79,-1.74,CC1(C)C(=O)NC(=O)NC1=O
C-80,-0.38,NC1=CC=C(N)C=C1
C-81,0.51,NC1=CC(=CC=C1)N
C-82,-0.42,NC1=C(N)C=CC=C1
C-83,-1.2,CC1=CC=C(CO)C=C1
C-84,0.12,CN(C)C1=NC(=O)N(C2CCCCC2)C(=O)N1C
C-85,-0.2,CN(C)NC(=O)CCC(O)=O
C-86,-1.89,O=C1NC(=O)C2(CC2)C(=O)N1
C-87,-0.48,OC1=CC=C(O)C=C1
C-88,-2.81,CCCCCCCCCCNC(=O)NC1CCCCC1
C-89,0.78,OC1=CC(=CC=C1)O
C-90,0.62,OC1=C(O)C=CC=C1
C-91,-1.4,CCC1=CC=C(O)C=C1
C-92,-3.0,CCN(CC)C(=S)SSC(=S)N(CC)CC
C-93,-1.81,CCCC(C)(COC(N)=O)COC(N)=O
C-94,-1.23,CCC1(C)C(=O)NC(=O)NC1=O
C-95,-1.16,NC1=NC(=O)NC=C1
C-96,-1.4,CC1=CC(=CC(=C1)O)C
C-97,-1.41,CC1=C(C)C=C(O)C=C1
C-98,-1.54,CC1=CC(=C(C)C=C1)O
C-99,-0.29,OCC1=C(O)C=CC=C1
C-100,-1.43,CC1=C(C)C(=CC=C1)O
C-101,-1.31,CC1=CC=CC(=C1O)C
C-102,-1.59,O=C1NNC(=O)C=C1
C-103,-1.5,O=C1NC=CC(=O)N1
C-104,-1.66,O=C1NC(=O)C2(CCC2)C(=O)N1
C-105,-3.84,CC1=CC(=C(C)C=C1C)C
C-106,-0.95,NC(=O)C1=CC=CC=C1
C-107,-3.35,ClC1=CC=C(Cl)C=C1
C-108,-1.55,OC(=O)C1=CC=CC=C1
C-109,-1.42,CCC1(CC)C(=O)NC(=O)NC1=O
C-110,-1.16,OC1=CC=C(C=O)C=C1
C-111,-1.16,CC1(CC=C)C(=O)NC(=O)NC1=O
C-112,-1.23,OC1=CC=CC(=C1)C=O
C-113,0.61,NC(=O)C1=CC=CN=C1
C-114,0.51,OC(=O)CC(O)(CC(O)=O)C(O)=O
C-115,-0.85,OC(=O)C1=CN=CC=C1
C-116,-0.91,NC(=O)C1=CN=CC=N1
C-117,-2.25,CC1=CC(=C(C)C(=C1)C)O
C-118,-2.06,CC1=CC(=C(O)C(=C1)C)C
C-119,-1.55,CC1=C(O)C=CC(=C1)Cl
C-120,-1.46,CC1=C(Cl)C=CC(=C1)O
C-121,-1.52,CC1=CNC(=O)NC1=O
C-122,-1.05,OC1=CC(=CC(=C1)O)O
C-123,-2.26,O=C1NC(=S)NC=C1
C-124,-1.49,CCCC1(CC)C(=O)NC(=O)NC1=O
C-125,0.7,OC1=C(O)C(=CC=C1)O
C-126,-2.19,CCC(C)C1=CC=C(O)C=C1
C-127,-2.21,CCC1(C(C)C)C(=O)NC(=O)NC1=O
C-128,-1.61,CCC1(CC=C)C(=O)NC(=O)NC1=O
C-129,-3.98,CC1=C(C)C(=C(C)C(=C1)C)C
C-130,-1.39,CC(=O)NC1=CC=CC=C1
C-131,-1.04,FC1=CNC(=O)NC1=O
C-132,-2.1,CCC1(CC)C(=O)NC(=O)N(C)C1=O
C-133,-3.06,O=C1NC(=O)C2(CCCCC2)C(=O)N1
C-134,-0.47,CNC(C)C(O)C1=CC=CC=C1
C-135,-0.88,OC(=O)CC1=CC=CC=C1
C-136,-2.41,CC(C)(C)C1=CC=C(O)C=C1
C-137,-2.53,CC1=CC=C(C=C1)C(O)=O
C-138,-2.21,CC1=CC=CC(=C1)C(O)=O
C-139,-2.28,CCC1(CC)C(=O)NC(=S)NC1=O
C-140,-1.47,OC(=O)C1=CSC=C1
C-141,-2.18,CC1=C(C=CC=C1)C(O)=O
C-142,-2.18,CC(C)C1=C(O)C=C(C)C=C1
C-143,-1.69,CCCCC1(CC)C(=O)NC(=O)NC1=O
C-144,-2.6,CC(C)=CCC1(C)C(=O)NC(=O)NC1=O
C-145,-0.35,NC(=O)OCC1=CC=CC=C1
C-146,-3.1,COC1=NN(CS[P](=S)(OC)OC)C(=O)S1
C-147,-1.0,OC1=CC=C(Br)C=C1
C-148,-2.07,OC(=O)C1=CC=C(F)C=C1
C-149,-0.88,OC1=CC(=CC=C1)Br
C-150,-0.04,NNC(=O)C1=CC=NC=C1
C-151,-2.39,CCC(C)C1(CC)C(=O)NC(=O)NC1=O
C-152,-1.39,OC(=O)C1=C(F)C=CC=C1
C-153,-1.37,NC1=CC=C(C=C1)C(O)=O
C-154,-2.77,CC(C)C1(C(C)C)C(=O)NC(=O)NC1=O
C-155,-1.71,CC(C)C1(CC=C)C(=O)NC(=O)NC1=O
C-156,-2.08,C=CCC1(CC=C)C(=O)NC(=O)NC1=O
C-157,-1.33,OC(=O)C1=CC=C(O)C=C1
C-158,-1.52,NC1=C(C=CC=C1)C(O)=O
C-159,-4.72,CC1=CC=C(C=C1)N=C=S
C-160,-1.84,NC(=O)C1=C(O)C=CC=C1
C-161,-1.24,OC(=O)C1=CC(=CC=C1)O
C-162,-1.91,OC1=C(Cl)C=CC(=C1)Cl
C-163,-2.51,CCCCCC1(CC)C(=O)NC(=O)NC1=O
C-164,-3.63,ClC1=CC=C(Br)C=C1
C-165,-2.19,NC1=CC(=CC=C1)[N+]([O-])=O
C-166,-1.93,OC1=C(Cl)C=CC=C1Cl
C-167,-1.8,OC(=O)C1=C(O)C=CC=C1
C-168,-2.47,CCC1(CCC(C)C)C(=O)NC(=O)NC1=O
C-169,-2.3,CCNC(=O)NC(=O)C(=N/OC)/C#N
C-170,-0.94,OC1=CC=C(C=C1)[N+]([O-])=O
C-171,-1.96,NC1=C(C=CC=C1)[N+]([O-])=O
C-172,-2.55,OC(=O)/C=C/C1=CC=CC=C1
C-173,-5.23,CC1=C(C)C(=C(C)C(=C1C)C)C
C-174,-1.96,CC(=O)NC1=CC=C(C)C=C1
C-175,-1.07,OC1=CC(=CC=C1)[N+]([O-])=O
C-176,-2.09,CC(=O)NC1=CC(=CC=C1)C
C-177,-2.3,CCCCCOC(=O)CCCNC(=O)NC1CCCCC1
C-178,-2.25,CCC1(CC=C(C)C)C(=O)NC(=O)NC1=O
C-179,-2.33,CCCCCC(O)/C=C/C1C(O)CC(O)C1C\C=C\CCCC(O)=O
C-180,-0.75,CN(C(C)=O)C1=CC=CC=C1
C-181,-1.75,OC1=C(C=CC=C1)[N+]([O-])=O
C-182,-2.38,CCCC(C)C1(CC)C(=O)NC(=O)NC1=O
C-183,-3.46,O=C1NC(=S)NC(=O)C12CCCCC2
C-184,-2.64,CCC(=O)C1=CC=C(N)C=C1
C-185,-3.66,CC12CCC3C(CC=C4CC(O)CCC34C)C1CCC2=O
C-186,-4.64,ClC1=CC(=CC(=C1)Cl)Cl
C-187,-2.12,CC(C)CC1(CC=C)C(=O)NC(=O)NC1=O
C-188,-3.05,CCCCCCC1(CC)C(=O)NC(=O)NC1=O
C-189,-3.33,OC(=O)C1=CC=C(Cl)C=C1
C-190,-4.04,ClC1=C(Cl)C(=CC=C1)Cl
C-191,-2.98,O=C1NC(=O)C2(CCCCCCC2)C(=O)N1
C-192,-5.83,CCCCCCCCCCNC(=O)N[C]12C[CH]3[CH2]C([CH2][CH](C3)C1)C2
C-193,-1.95,CC(=O)NC1=CC=C(F)C=C1
C-194,-2.31,CC/C=C(C)/C1(CC)C(=O)NC(=O)NC1=O
C-195,-2.59,OC(=O)C1=CC(=CC=C1)Cl
C-196,-1.21,[NH]1C=CC2=C1C=CC=C2
C-197,-2.02,CCC(C)C1(CC=C)C(=O)NC(=O)NC1=O
C-198,-0.96,OC(=O)COC1=CC=CC=C1
C-199,-2.02,COC(=O)C1=CC=C(N)C=C1
C-200,-2.06,OC(=O)C1=C(Cl)C=CC=C1
C-201,-4.74,CC12CCC3C(CCC4CC(=O)CCC34C)C1CCC2O
C-202,-0.88,CC(=O)NC1=CC=C(O)C=C1
C-203,-1.78,COC(=O)C1=CC=C(O)C=C1
C-204,-2.89,COC1=CC=C(C=C1)C(O)=O
C-205,0.11,CNC(=O)O/N=C(SC)/C(=O)N(C)C
C-206,-1.06,CC(=O)NC1=CC=CC(=C1)O
C-207,-3.43,CCCCCCCC1(CC)C(=O)NC(=O)NC1=O
C-208,-2.55,[O-][N+](=O)C1=C(Cl)C=CC=C1
C-209,-1.93,COC1=CC(=CC=C1)C(O)=O
C-210,-2.25,OC(=O)C1=CC=C(C=C1)C#N
C-211,-2.67,COC(=O)/C=C/C1=CC=CC=C1
C-212,-2.13,CC(=O)NC1=C(O)C=CC=C1
C-213,-3.31,COC1=C(Cl)C(=CC=C1)Cl
C-214,-1.84,CN(C)C(=O)NC1=CC=CC=C1
C-215,-0.14,OC(C(O)=O)C1=CC=CC=C1
C-216,-1.14,COC1=CC(=CC=C1O)C=O
C-217,-1.6,COC1=CC=CC=C1C(O)=O
C-218,-2.59,CC(C)C1(CC=C(C)C)C(=O)NC(=O)NC1=O
C-219,-0.77,[NH]1N=NC2=C1C=CC=C2
C-220,-2.9,CC1=CC(=C(C=C1)C(O)=O)O
C-221,-2.14,CCCC(C)C1(CC=C)C(=O)NC(=O)NC1=O
C-222,-2.76,CC1=CC(=C(O)C=C1)C(O)=O
C-223,-3.95,ClC1=CC=CC(=C1)N=C=S
C-224,-4.24,ClC1=CC=CC(=C1C#N)Cl
C-225,0.54,CO[P](=O)(NC(C)=O)SC
C-226,-3.94,CCCCCCCCC1(CC)C(=O)NC(=O)NC1=O
C-227,-4.5,CCCCCCCCCC1=CC=C(O)C=C1
C-228,-1.35,CNC(=O)O\N=C\C(C)(C)[S](C)(=O)=O
C-229,-1.98,[O-][N+](=O)C1=CC=CC(=C1)C=O
C-230,-2.19,CCOC(=O)C1=CC=C(N)C=C1
C-231,-3.6,CCCC(C)C1(CC)C(=O)NC(=S)NC1=O
C-232,-3.62,CC12CCC3C(CCC4=CC(=O)CCC34C)C1CCC2O
C-233,-2.02,CCC1(C(=O)NC(=O)NC1=O)C2=CCCCC2
C-234,-2.2,CCOC(=O)C1=CC=C(O)C=C1
C-235,-1.82,[O-][N+](=O)C1=C(C=O)C=CC=C1
C-236,-0.92,CCC1C(=O)NC(=O)NC1=O
C-237,-1.4,CC(=O)NC1=C(Cl)C=CC=C1
C-238,-1.96,NC1=CC(=C(C=C1)C(O)=O)O
C-239,-2.26,NC1=CC(=C(O)C=C1)C(O)=O
C-240,-2.99,CN1C(=O)NC(=O)C(C)(C1=O)C2=CCCCC2
C-241,-4.07,BrC1=CC=C(Br)C=C1
C-242,-3.19,S=C=NC1=CC=CC(=C1)C#N
C-243,-1.04,COC1=CC=C(NC(C)=O)C=C1
C-244,-2.34,COC(=O)C1=CC=C(OC)C=C1
C-245,-1.07,NC(CC1=CC=CC=C1)C(O)=O
C-246,-4.46,CCCCCCCCCC1(CC)C(=O)NC(=O)NC1=O
C-247,-2.25,COC(=O)CCCNC(=O)N[C]12C[CH]3[CH2]C([CH2][CH](C3)C1)C2
C-248,-3.0,CC(C)OC(=O)NC1=CC=CC=C1
C-249,-2.42,CC1=C[NH]C2=C1C=CC=C2
C-250,-2.74,CNCC(O)C1=CC(=C(O)C=C1)O
C-251,-0.85,OC(=O)C1=CC(=CC=C1O)O
C-252,-1.77,CCOC1=C(O)C=CC(=C1)C=O
C-253,-1.17,CC1=NC=C([N]1CCO)[N+]([O-])=O
C-254,-3.55,CC(C)=CCC1(C(=O)NC(=O)NC1=O)C(C)(C)C
C-255,-3.77,C1=CC2=C(C=C1)C=CC=C2
C-256,-1.63,CC(=O)NC1=CC=C(C=O)C=C1
C-257,-1.42,COC1=C(OC)C=C(C=O)C=C1
C-258,-2.32,COC1=CC(=C(OC)C=C1)C=O
C-259,-1.11,NC1=NC(=NC(=N1)NC2CC2)N
C-260,-2.54,CCCOC(=O)C1=CC=C(N)C=C1
C-261,-3.0,CCC1(C(=O)NC(=O)NC1=O)C2=CCCCCC2
C-262,-2.39,OC1=C(Cl)C=C(Cl)C=C1Cl
C-263,-1.46,C1=CC2=C(C=C1)C=NC=C2
C-264,-3.92,CC1(O)CCC2C3CCC4=CC(=O)CCC4(C)C3CCC12C
C-265,-2.68,CCCOC(=O)C1=CC=C(O)C=C1
C-266,-4.59,O=C1NC(=O)C2(CCCCCCCCCC2)C(=O)N1
C-267,-4.13,CN(C)C1=CC=C(C=C1)N=C=S
C-268,-3.46,CCCC(C)C1(CC=C)C(=O)NC(=S)NC1=O
C-269,-0.6,COC1=CC=CC=C1OCC(O)CO
C-270,-1.96,CC1=NC2=C([NH]1)C=CC=C2
C-271,-3.85,OC(=O)C1=CC=C(Br)C=C1
C-272,-1.94,OC(=O)C1=CC(=O)NC(=O)N1
C-273,-4.63,CC12CCC3C(CCC4=CC(=O)CCC34)C1CCC2(O)C#C
C-274,-2.87,OC(=O)C1=CC(=CC=C1)Br
C-275,-2.21,CCOC1=CC=C(NC(C)=O)C=C1
C-276,-0.42,C1=CC2=C(C=C1)C=NN=C2
C-277,-3.36,N#CC(=NNC1=CC=CC=C1)C#N
C-278,0.71,C1=CC2=C(C=C1)N=CC=N2
C-279,-5.56,ClC1=C(Cl)C=C(Cl)C(=C1)Cl
C-280,-1.46,CC(C)C1C(=O)NC(=O)NC1=O
C-281,-3.67,CCCCCC(O)/C=C/C1C(O)CC(=O)C1CCCCCCC(O)=O
C-282,-4.79,ClC1=CC(=C(Cl)C(=C1)Cl)Cl
C-283,-0.52,OC1=C(F)C(=C(F)C(=C1F)F)F
C-284,-7.1,ClC1C=CC2C1C3(Cl)C(=C(Cl)C2(Cl)C3(Cl)Cl)Cl
C-285,-4.25,ClC1=C(Cl)C(=C(Cl)C=C1)Cl
C-286,-2.05,OC(=O)C1=C(Br)C=CC=C1
C-287,-2.88,CN(C)C=NC1=C(C)C=C(Cl)C=C1
C-288,-3.13,CCCCOC(=O)C1=CC=C(N)C=C1
C-289,-4.19,OC(=O)C1=CC=C(C=C1)C(O)=O
C-290,-5.8,O=C1NC(=O)C2(CCCCCCCCCCC2)C(=O)N1
C-291,-2.34,OC(=O)COC1=CC=C(Cl)C=C1
C-292,-2.92,NC(=O)C1=CC=CC=C1C(N)=O
C-293,-2.47,CCCCCC(O)/C=C/C1C(O)CC(=O)C1C\C=C\CCCC(O)=O
C-294,-3.54,OC(=O)C1=CC(=C(Cl)C=C1)Cl
C-295,-3.13,CCCCOC(=O)C1=CC=C(O)C=C1
C-296,-3.22,OC(=O)C1=CC(=CC=C1)C(O)=O
C-297,-2.6,OC(=O)C1=C(Cl)C=C(Cl)C=C1
C-298,-1.9,OC(=O)COC1=CC(=CC=C1)Cl
C-299,-2.84,OC(=O)C1=CC=C(C=C1)[N+]([O-])=O
C-300,-6.31,ClC1=C(Cl)C2(Cl)C3C4CC(C=C4)C3C1(Cl)C2(Cl)Cl
C-301,-2.16,OC(=O)COC1=C(Cl)C=CC=C1
C-302,-3.7,CC12CCC3C(CCC4=CC(=O)CCC34C)C1CCC2=O
C-303,-3.53,CCC1=C(CCCC1)C2(CC)C(=O)NC(=O)NC2=O
C-304,-5.19,CCC12CCC3C(CCC4=CC(=O)CCC34)C1CCC2(O)C#C
C-305,-1.07,OC(=O)C1=CC=CC=C1C(O)=O
C-306,-1.76,OC(=O)C1=CC(=CC=C1)[N+]([O-])=O
C-307,0.02,C1=NC2=C(N=C1)N=CN=C2
C-308,-5.26,CC(C)=CC1C(C(=O)OCN2C(=O)C3=C(CCCC3)C2=O)C1(C)C
C-309,-3.76,CC1=CC2=C(C=CC=C2)C=C1
C-310,-1.69,OC(=O)CNC(=O)C1=CC=CC=C1
C-311,-3.32,[O-][N+](=O)C1=C(Cl)C=CC(=C1)Cl
C-312,-3.39,[O-][N+](=O)C1=CC=C(C=C1)[N+]([O-])=O
C-313,-2.26,NC1=NC=NC2=C1N=C[NH]2
C-314,-2.89,CN(C)C(=O)NC1=CC=C(Cl)C=C1
C-315,-2.78,CCC1(C(=O)NC(=O)NC1=O)C2=CC3CCC(C3)C2
C-316,-2.28,OC(=O)C1=NC(=CC=C1Cl)Cl
C-317,-3.25,CC(=O)NC1=CC=C(Br)C=C1
C-318,-5.72,CC12CCC(=O)C=C1CCC3C2CCC4(C)C3CCC4(O)C#C
C-319,-1.35,OC(=O)C1=C(C=CC=C1)[N+]([O-])=O
C-320,-2.45,O=C1NC=NC2=C1C=N[NH]2
C-321,-2.5,[O-][N+](=O)C1=CC(=CC=C1)[N+]([O-])=O
C-322,-3.98,OC(=O)C1=CC=C(C=C1)N=C=S
C-323,-2.28,O=C1NC=NC2=C1N=C[NH]2
C-324,-1.86,OC(=O)C1=C(C=NC=C1)C(O)=O
C-325,-3.4,ClC1=CC=CC(=N1)C(Cl)(Cl)Cl
C-326,-2.54,NC(CC1=CC=C(O)C=C1)C(O)=O
C-327,-1.7,NCC(CC(O)=O)C1=CC=C(Cl)C=C1
C-328,-3.25,OC(=O)C1=CC(=CC=C1)N=C=S
C-329,-4.55,CCNC1=NC(=NC(=N1)Cl)NCC
C-330,-3.1,[O-][N+](=O)C1=C(C=CC=C1)[N+]([O-])=O
C-331,-2.65,CCC(C)C1(CC(Br)=C)C(=O)NC(=O)NC1=O
C-332,-2.08,OC1=C(Br)C=C(Br)C=C1
C-333,-2.88,NC1=CC2=C(C=CC=C2)C=C1
C-334,-2.32,CCCCCOC(=O)CCCNC(=O)N[C]12C[CH]3[CH2]C([CH2][CH](C3)C1)C2
C-335,-0.22,CO[P](=O)(OC)C(O)C(Cl)(Cl)Cl
C-336,-3.46,COC1=C(OC)C=C(Cl)C(=C1)Cl
C-337,-6.34,ClC1C2OC2C3C1C4(Cl)C(=C(Cl)C3(Cl)C4(Cl)Cl)Cl
C-338,-1.92,NC1=CC=CC2=C1C=CC=C2
C-339,-3.46,CC(C)CC1=CC=C(C=C1)C(C)C(O)=O
C-340,-2.28,OC1=CC2=C(C=CC=C2)C=C1
C-341,-5.35,ClC1CC2C(C1Cl)C3(Cl)C(=C(Cl)C2(Cl)C3(Cl)Cl)Cl
C-342,-3.47,CC(C)C1=CC=C(NC(=O)N(C)C)C=C1
C-343,0.28,OCC(O)C1OC(=O)C(=C1O)O
C-344,-3.11,CC(=O)NC1=CC=C(C=C1)[N+]([O-])=O
C-345,-2.22,OC1=CC=CC2=C1C=CC=C2
C-346,-6.29,ClC1=C(Cl)C2(Cl)C3C4CC(C5OC45)C3C1(Cl)C2(Cl)Cl
C-347,-2.23,CC1=C(OCC(O)=O)C=CC(=C1)Cl
C-348,-2.43,CN(C)C(=O)NC1=NOC(=C1)C(C)(C)C
C-349,-3.38,CC(C)OC(=O)NC1=CC=CC(=C1)Cl
C-350,-2.63,CC(C)NCC(O)COC1=C(CC=C)C=CC=C1
C-351,-2.54,CC(=O)OC1=CC=C(C=C1)[N+]([O-])=O
C-352,-1.96,CC(C)N(C(=O)CCl)C1=CC=CC=C1
C-353,-4.04,OC(=O)C1=CC=C(I)C=C1
C-354,-2.32,OC1=CC=CC2=C1N=CC=C2
C-355,-1.73,CC(=O)OC1=C(C=CC=C1)C(O)=O
C-356,-2.13,CC(OC1=CC=C(Cl)C=C1)C(O)=O
C-357,-1.91,CC(=O)NC1=CC=CC=C1[N+]([O-])=O
C-358,-5.08,CC1=CC2=C(C=C1)C=C(C)C=C2
C-359,-2.65,OC(=O)C1=C(O)C=CC(=C1)Br
C-360,-4.9,CC1=CC2=C(C=CC=C2)C=C1C
C-361,-3.49,CCNC1=NC(=NC(=N1)Cl)NC(C)C
C-362,-3.36,CNC(=O)OC1=CC(=CC(=C1)C)C(C)C
C-363,-3.56,OC(=O)C1=CC(=CC=C1)I
C-364,-3.61,O=C1NC(=O)C2=CC=CC=C12
C-365,-3.16,O=C1OC2=C(C=CC=C2)C=C1
C-366,-3.68,CC1=C(OCCCC(O)=O)C=CC(=C1)Cl
C-367,-1.37,NC1=CC=C(C=C1)[S](N)(=O)=O
C-368,-4.0,OC1=C(Cl)C(=C(Cl)C=C1Cl)Cl
C-369,-3.16,CCC(=O)NC1=CC(=C(Cl)C=C1)Cl
C-370,-1.74,OCC1=CC=CC2=C1C=CC=C2
C-371,-5.25,ClC1=CC2=C(C=CC=C2)C=C1
C-372,-2.82,CC1=C(C=C(C=C1)[N+]([O-])=O)[N+]([O-])=O
C-373,-4.75,CC1=CC=CC2=C1C=CC=C2C
C-374,-4.01,COC(=O)C1=CC=C(C=C1)C(=O)OC
C-375,-2.24,CCCCC1=C(C)N=C(NC1=O)N(C)C
C-376,-4.32,C1=CC=C(C=C1)C2=CC=CC=C2
C-377,-1.12,NC1=CC=C(C=C1)[S](O)(=O)=O
C-378,-2.42,OC(=O)C1=CC=CC=C1I
C-379,-4.11,CC1CCCCC1NC(=O)NC2=CC=CC=C2
C-380,-2.08,CCN(CC)CCOC(=O)C1=CC=C(N)C=C1
C-381,-1.38,O=C1OC(=O)C2=CC=CC=C12
C-382,-4.57,CC(CCC(O)=O)C1CCC2C3C(O)CC4CC(O)CCC4(C)C3CCC12C
C-383,-1.91,CC(=O)NC1=CC=C(OC(C)=O)C=C1
C-384,-4.05,IC1=CC=C(C=C1)N=C=S
C-385,-4.55,CC(CCC(O)=O)C1CCC2C3CCC4CC(O)CCC4(C)C3CC(O)C12C
C-386,-6.02,ClC1=C(Cl)C(=C(Cl)C(=C1)Cl)Cl
C-387,-1.58,CCOC(=O)C1(CCN(C)CC1)C2=CC=CC=C2
C-388,-1.72,CN(CC1=CC=C(Cl)N=C1)C(C)=NC#N
C-389,-4.43,CC(=O)C1CCC2C3CCC4=CC(=O)CCC4(C)C3CCC12C
C-390,-6.18,ClC1=C(Cl)C2(Cl)C3CO[S](=O)OCC3C1(Cl)C2(Cl)Cl
C-391,-5.37,IC1=CC=C(I)C=C1
C-392,-4.61,C1CC2=CC=CC3=CC=CC1=C23
C-393,-2.98,NC(=O)N/N=C/C1=CC=C(O1)[N+]([O-])=O
C-394,-3.72,CC(=O)NC1=CC=C(I)C=C1
C-395,-1.54,C1=NC=CC(=C1)C2=CC=NC=C2
C-396,-2.68,OC1=C(C=CC(=C1)[N+]([O-])=O)[N+]([O-])=O
C-397,-2.68,OC(=O)COC1=CC(=C(Cl)C=C1)Cl
C-398,-4.74,CC(=O)C1(O)CCC2C3CCC4=CC(=O)CCC4(C)C3CCC12C
C-399,-4.63,C(CC1=CC=CC=C1)C2=CC=CC=C2
C-400,-1.66,OC1=CC(=CC(=C1)[N+]([O-])=O)[N+]([O-])=O
C-401,-4.46,CC(C)NC1=NC(=NC(=N1)Cl)NC(C)C
C-402,-1.42,C1=CC=C(N=C1)C2=NC=CC=C2
C-403,-2.85,OC(=O)COC1=C(Cl)C=C(Cl)C=C1
C-404,-1.82,NC(CC1=CC=C(O)C(=C1)O)C(O)=O
C-405,-3.38,CN(C)C1=NC(=NC(=N1)N(C)C)N(C)C
C-406,-4.16,ClC(Cl)(Cl)C(NC=O)N1CCN(CC1)C(NC=O)C(Cl)(Cl)Cl
C-407,-4.06,CCNC1=NC(=NC(=N1)Cl)N(CC)CC
C-408,-5.26,COC1=C(Cl)C(=C(Cl)C(=C1)Cl)Cl
C-409,-5.15,COC1=C(Cl)C(=C(Cl)C=C1Cl)Cl
C-410,-5.6,BrC1=CC(=CC(=C1)Br)Br
C-411,-2.83,ClC1=CC2=C(OC(=O)N2)C=C1
C-412,-2.47,CON(C)C(=O)NC1=CC=C(Cl)C=C1
C-413,-3.77,CN(C)C(=O)NC1=CC(=C(Cl)C=C1)Cl
C-414,-4.81,BrC1=CC(=C(Br)C=C1)Br
C-415,-2.76,OC(=O)C1=CC=C(Cl)C(=C1)[N+]([O-])=O
C-416,-3.57,OC(=O)CCCOC1=C(Cl)C=C(Cl)C=C1
C-417,-1.32,OC(=O)C1=C(C=CC(=C1)Cl)[N+]([O-])=O
C-418,-2.75,N(C1=CC=CC=C1)C2=CC=CC=C2
C-419,-1.53,COC1=CC=CC=C1OCC(O)COC(N)=O
C-420,-3.63,CC(CCC(O)=O)C1CCC2C3C(O)CC4CC(O)CCC4(C)C3CC(O)C12C
C-421,-1.79,CCN(CC)CC(=O)NC1=C(C)C=CC=C1C
C-422,-3.13,OC(=O)CC1=CC(=C(OCC=C)C=C1)Cl
C-423,-4.92,CC1=CC=C(C)C2=C1C=CC=C2C
C-424,-2.49,CC1=C(Cl)C(=O)N(C(=O)N1)C(C)(C)C
C-425,-3.46,CN(C)C(=O)NC1=CC=CC(=C1)C(F)(F)F
C-426,-2.34,CCC1(CCC(=O)NC1=O)C2=CC=CC=C2
C-427,-2.63,OC(=O)C1=C(C(=CC=C1)Cl)[N+]([O-])=O
C-428,-2.65,CCC1(C(=O)NCNC1=O)C2=CC=CC=C2
C-429,-2.92,OC1=CC=CC2=C1C=CC=C2O
C-430,-2.6,NNC1=NN=CC2=C1C=CC=C2
C-431,-1.7,COC1=C(C(O)=O)C(=CC=C1Cl)Cl
C-432,-3.98,O(C1=CC=CC=C1)C2=CC=CC=C2
C-433,-3.82,CC(=O)C1CCC2C3CCC4=CC(=O)CCC4(C)C3C(O)CC12C
C-434,-2.53,COC1=C(Cl)C=C(NC(=O)N(C)C)C=C1
C-435,-4.24,ClCC#CCOC(=O)NC1=CC(=CC=C1)Cl
C-436,-4.37,COC1=C(OC)C(=C(Cl)C(=C1)Cl)Cl
C-437,-5.37,CCC(=O)OC1CCC2C3CCC4=CC(=O)CCC4(C)C3CCC12C
C-438,-2.27,C[S](=O)(=O)OCCCCO[S](C)(=O)=O
C-439,-3.04,CCNC1=NC(=NC(=N1)SC)NC(C)C
C-440,-5.93,C1=CC=C(C=C1)\C=C\C2=CC=CC=C2
C-441,-3.48,OC1=CC=C(C=C1)C2=CC=CC=C2
C-442,-3.08,OC(=O)CC1=C(Cl)C=CC(=C1Cl)Cl
C-443,-3.45,CC12CCC3C(CCC4=CC(=O)CCC34C)C1CCC2C(=O)CO
C-444,-4.7,OC(CCN1CCCC1)(C2CCCCC2)C3=CC=CC=C3
C-445,-3.15,CCNC1=NC(=NC(=N1)NC(C)(C)C#N)Cl
C-446,-3.2,CC1=C(O)C(=CC(=C1)[N+]([O-])=O)[N+]([O-])=O
C-447,-0.75,CC(C)NCC(O)COC1=CC=C(CC(N)=O)C=C1
C-448,-1.43,CNC(NCCSCC1=C(C)[NH]C=N1)=NC#N
C-449,-2.39,OC1=CC=CC=C1C2=CC=CC=C2
C-450,-4.87,CC(=O)OC1(CCC2C3CCC4=CC(=O)CCC4C3CCC12C)C#C
C-451,-2.42,CNC(=O)OC1=C2OC(C)(C)CC2=CC=C1
C-452,-5.03,CCSC(=O)COC1=C(C)C=C(Cl)C=C1
C-453,-2.45,CC(OC1=C(Cl)C=C(Cl)C=C1)C(O)=O
C-454,-3.33,OC1=C(Br)C=C(C=C1Br)C#N
C-455,-4.45,C1=CC=C(C=C1)N=NC2=CC=CC=C2
C-456,-2.92,N(NC1=CC=CC=C1)C2=CC=CC=C2
C-457,-4.55,C1C2=C(C=CC=C2)C3=C1C=CC=C3
C-458,-3.93,OC(=O)C1=CC2=CC=CC=C2C=C1
C-459,-4.21,OC1=C(Cl)C(=C(Cl)C(=C1Cl)Cl)Cl
C-460,-3.15,SC1=NC2=C(S1)C=CC=C2
C-461,-4.23,CC(C)(NC(=O)C1=CC(=CC(=C1)Cl)Cl)C#C
C-462,-5.92,ClC1=CC2=C(C=C1)C=CC(=C2)Cl
C-463,-5.2,OC(CCN1CCCCC1)(C2CCCCC2)C3=CC=CC=C3
C-464,-5.22,ClC1=CC=C(C=C1)C2=CC=CC=C2
C-465,-6.78,ClC1=C(Cl)C(=C(Cl)C(=C1Cl)Cl)Cl
C-466,-3.3,OC(=O)C1=CC=CC2=CC=CC=C12
C-467,-3.4,O=C1NC(=O)C2=C(N1)NC(=O)N2
C-468,-5.36,ClC1=CC2=C(C=CC=C2)C=C1Cl
C-469,-4.1,CSC1=NC(=NC(=N1)NC(C)C)NC(C)C
C-470,-4.0,CCNC1=NC(=NC(=N1)SC)NC(C)(C)C
C-471,-5.92,ClC1=CC2=C(C=CC=C2Cl)C=C1
C-472,-0.85,OCC1OC(OC2=CC=CC=C2CO)C(O)C(O)C1O
C-473,-6.16,ClC1=C(Cl)C2=C(C=CC=C2)C=C1
C-474,-2.54,OC1=C(C=CC2=C1C=CC=C2)N=O
C-475,-4.28,[O-][N+](=O)C1=CC=CC2=C1C=CC=C2
C-476,-2.73,NC1=C(Cl)C(=NC(=C1Cl)C(O)=O)Cl
C-477,-5.7,ClC1=CC=CC2=C1C=CC=C2Cl
C-478,-5.8,ClC1=CC=C(Cl)C2=C1C=CC=C2
C-479,-2.24,OC1=C(N=O)C2=C(C=CC=C2)C=C1
C-480,-4.54,ClC1=C(C=CC=C1)C2=CC=CC=C2
C-481,-5.35,CC(=O)C1(C)CCC2C3C=C(C)C4=CC(=O)CCC4(C)C3CCC12C
C-482,-5.8,ClC1=CC=CC2=C1C(=CC=C2)Cl
C-483,-4.44,S=C=NC1=CC2=CC=CC=C2C=C1
C-484,-4.8,COC1=C(Cl)C(=C(Cl)C(=C1O)Cl)Cl
C-485,-2.38,CC1(C(=O)NC(=O)NC1=O)C2=CC=CC=C2
C-486,-3.24,CC12CC(O)C3C(CCC4=CC(=O)CCC34C)C1CCC2C(=O)CO
C-487,-4.59,O=C1NC2=C(CCC2)C(=O)N1C3CCCCC3
C-488,-4.77,CCCCN(C)C(=O)NC1=CC=C(Cl)C(=C1)Cl
C-489,-1.96,CNC(=O)N(C)C1=NN=C(S1)C(C)(C)C
C-490,-2.93,CNC(=O)OC1=C2OC(C)(C)OC2=CC=C1
C-491,-3.73,OC1=C(Br)C=C(Br)C=C1Br
C-492,-2.98,OC(=O)COC1=C(Cl)C=C(Cl)C(=C1)Cl
C-493,-3.12,O=C(C1=CC=CC=C1)C2=CC=CC=C2
C-494,-3.1,OC(=O)COC1=C(Cl)C(=C(Cl)C=C1)Cl
C-495,-4.83,CC12CCC3C(CCC4=CC(=CC=C34)O)C1CCC2O
C-496,-2.5,CCC(C)N1C(=O)NC(=C(Br)C1=O)C
C-497,-2.3,NC1=CC=C(CC2=CC=C(N)C=C2)C=C1
C-498,-2.76,NC1=CC=C(C=C1)C2=CC=C(N)C=C2
C-499,-6.01,CCC(C)C(=O)OC1CC(C)C=C2C=CC(C)C(CCC3CC(O)CC(=O)O3)C12
C-500,-4.6,S=C=NC1=CC=CC2=CC=CC=C12
C-501,-3.03,CC12CCC(=O)C=C1CCC3C4CCC(O)(C(=O)CO)C4(C)CC(O)C23
C-502,-3.52,CON(C)C(=O)NC1=CC(=C(Cl)C=C1)Cl
C-503,-3.3,C[N]1C=NC2=C1C(=O)NC(=O)N2C
C-504,-2.78,OC(=O)COC1=C(Cl)C=C(Cl)C(=N1)Cl
C-505,-1.35,CN1C(=O)N(C)C2=C(N=C[NH]2)C1=O
C-506,-5.22,CC1=CC=CC2=C1CC3=C2C=CC=C3
C-507,-3.14,CC1=C(SCCO1)C(=O)NC2=CC=CC=C2
C-508,-1.01,CC(C)(C)NCC(O)COC1=CC=CC2=C1CC(O)C(O)C2
C-509,-1.95,CN(C)C(=O)OC1=NC(=NC(=C1C)C)N(C)C
C-510,-2.21,OC(=O)C1=CC(=CC(=C1)[N+]([O-])=O)[N+]([O-])=O
C-511,-1.14,COC(=O)C[S](=O)(=O)C1=CC=CC=C1
C-512,-3.26,CCC1=C(N(COC)C(=O)CCl)C(=CC=C1)CC
C-513,-1.01,OC(=O)C1=CC=CC(=C1C(O)=O)[N+]([O-])=O
C-514,-3.24,CC12CC(O)C3C(CCC4=CC(=O)C=CC34C)C1CCC2(O)C(=O)CO
C-515,-2.37,CCC1(C(=O)NC(=O)NC1=O)C2=CC=CC=C2
C-516,-1.98,CNC(=O)N(C)C1=NN=C(S1)C(F)(F)F
C-517,-2.89,[O-][N+](=O)C1=CC(=CC(=C1)[N+]([O-])=O)[N+]([O-])=O
C-518,-4.95,CC12CCC3C(CCC4=CC(=CC=C34)O)C1CC(O)C2O
C-519,-1.91,CN1C2CCC1CC(C2)OC(=O)C(CO)C3=CC=CC=C3
C-520,-3.96,CC12CCC3C(CCC4=C3C=CC(=C4)O)C1CCC2=O
C-521,-2.26,COC(=O)C1(CC1)[S](=O)(=O)C2=CC=CC=C2
C-522,0.35,CN1N(C(=O)C=C1C)C2=CC=CC=C2
C-523,-1.41,CC(=O)N[S](=O)(=O)C1=CC=C(N)C=C1
C-524,-1.99,NC(=N)N[S](=O)(=O)C1=CC=C(N)C=C1
C-525,-4.0,CCOC1=C(OCC)C=C(NC(=O)OC(C)C)C=C1
C-526,-6.17,ClC1=C(Cl)C(=C(Cl)C(=C1Cl)C#N)C#N
C-527,-3.7,CC(C)NCC(O)COC1=CC=CC2=C1C=C[NH]2
C-528,-3.58,CC(OC1=CC(=C(Cl)C=C1Cl)Cl)C(O)=O
C-529,-3.54,CC12CC(O)C3(F)C(CCC4=CC(=O)CCC34C)C1CCC2(O)C(=O)CO
C-530,-4.1,CC1CC2C3CCC(O)(C(C)=O)C3(C)CC(O)C2(F)C4(C)C=CC(=O)C=C14
C-531,-3.36,OC(=O)COC1=CC2=C(C=CC=C2)C=C1
C-532,-1.18,NC(CC1=C[NH]C2=C1C=CC=C2)C(O)=O
C-533,-0.91,C[N]1C=NC2=C1C(=O)N(C)C(=O)N2C
C-534,-2.97,CC(C)NCC1CCC2=C(N1)C=C(C(=C2)CO)[N+]([O-])=O
C-535,-5.04,ClC1=C(Cl)C2=C(C(=O)OC2)C(=C1Cl)Cl
C-536,-5.27,[NH]1C2=C(C=CC=C2)C3=C1C=CC=C3
C-537,-3.49,CC1CC2C3CCC(O)(C(=O)CO)C3(C)CC(O)C2C4(C)C=CC(=O)C=C14
C-538,-3.67,CCC(C)C1=C(O)C(=CC(=C1)[N+]([O-])=O)[N+]([O-])=O
C-539,-6.6,ClC1=CC=C(C=C1)C2=CC=C(Cl)C=C2
C-540,-3.28,CNC(=O)OC1=CC=CC2=CC=CC=C12
C-541,-2.53,NC(=S)NC1=CC=CC2=C1C=CC=C2
C-542,-4.47,CC12CCC3C(CCC4=CC(=CC=C34)O)C1CCC2(O)C#C
C-543,-2.37,C=CCC1(C(=O)NC(=O)NC1=O)C2=CC=CC=C2
C-544,-3.75,O=NN(C1=CC=CC=C1)C2=CC=CC=C2
C-545,-3.68,CCC1(C(=O)NC(=O)N(C)C1=O)C2=CC=CC=C2
C-546,-7.44,ClC1=C(Cl)C=C(C=C1)C2=CC=CC=C2
C-547,-4.6,O1C2=C(C=CC=C2)C3=C1C=CC=C3
C-548,-6.55,ClC1=CC2=C(C=C1)C=C(Cl)C=C2Cl
C-549,-5.8,ClC1=CC=CC(=C1)C2=CC=CC(=C2)Cl
C-550,-5.46,ClC1=CC=C(C=C1)C2=C(Cl)C=CC=C2
C-551,-2.88,COC(=O)C1(CC1)[S](=O)(=O)C2=CC=C(C)C=C2
C-552,-3.22,CCCCN1CCCCC1C(=O)NC2=C(C)C=CC=C2C
C-553,-1.24,CN1C2CC(CC1C3OC23)OC(=O)C(CO)C4=CC=CC=C4
C-554,-3.18,CCN(CC)CCNC(=O)C1=CC(=C(N)C=C1OC)Cl
C-555,-5.35,ClC1=CC=CC(=C1Cl)C2=CC=CC=C2
C-556,-3.49,NC(CC1=CC=C(C=C1)N(CCCl)CCCl)C(O)=O
C-557,-1.76,COC(=O)N[S](=O)(=O)C1=CC=C(N)C=C1
C-558,-4.35,ClC1=CC=CC=C1C2=C(Cl)C=CC=C2
C-559,-4.97,CC(=O)OCC(=O)C1CCC2C3CCC4=CC(=O)CCC4(C)C3CCC12C
C-560,-4.97,ClC1=C(C(=CC=C1)Cl)C2=CC=CC=C2
C-561,-2.21,CC1=CC(=CC=C1N)C2=CC(=C(N)C=C2)C
C-562,-2.12,NC1=NC2=C(N=C[N]2COCCO)C(=O)N1
C-563,-5.83,[O-][N+](=O)C1=C(Cl)C(=C(Cl)C(=C1Cl)Cl)Cl
C-564,-5.49,COC1=CC=C2C3CCC4(C)C(CCC4(O)C#C)C3CCC2=C1
C-565,-3.11,CC12CCC(=O)C=C1CCC3C4CCC(O)(C(=O)CO)C4(C)CC(=O)C23
C-566,-4.24,NC1=NC(=C(C=C1)N=NC2=CC=CC=C2)N
C-567,-3.46,OC1=C(I)C=C(C=C1I)C#N
C-568,-4.77,ClC(Cl)(Cl)SN1C(=O)C2CC=CCC2C1=O
C-569,-2.85,OC(C1=CC=CC=C1)C(=O)C2=CC=CC=C2
C-570,-3.01,CCOC(=O)C1(CC1)[S](=O)(=O)C2=CC=C(C)C=C2
C-571,-2.38,COC(=O)C[S](=O)(=O)C1=CC=C(Cl)C=C1
C-572,-3.59,OC1=C(C=CC=C1)C(=O)NC2=CC=CC=C2
C-573,-1.51,CN1C(=O)N(C)C2=C([NH]C(=N2)Cl)C1=O
C-574,-6.6,C1=CC2=CC3=CC=CC=C3C=C2C=C1
C-575,-3.62,CC(C)NCC(O)COC1=CC=CC2=C1C=CC=C2
C-576,-1.97,OC1=C(C=C(C=C1[N+]([O-])=O)[N+]([O-])=O)[N+]([O-])=O
C-577,0.31,CN1N(C2=CC=CC=C2)C(=O)C(=C1C)N
C-578,-3.83,CC1CC2C3CCC4=CC(=O)C=CC4(C)C3(F)C(O)CC2(C)C1(O)C(=O)CO
C-579,-5.26,ClC1(Cl)C2(Cl)C3(Cl)C4(Cl)C(=O)C5(Cl)C3(Cl)C1(Cl)C5(Cl)C24Cl
C-580,-1.73,O=C1N[S](=O)(=O)C2=CC=CC=C12
C-581,-2.82,CC(C)(C1=CC=C(O)C=C1)C2=CC=C(O)C=C2
C-582,-2.55,COC(=O)C1(CCCC1)[S](=O)(=O)C2=CC=CC=C2
C-583,-4.96,OC(=O)C1=CC=CC=C1NC2=CC=CC=C2
C-584,-5.14,C1=CC2=C(C=C1)C3=C(C=CC=C3)C=C2
C-585,-2.5,CC(=O)NC1=NN=C(S1)[S](N)(=O)=O
C-586,-3.68,CC12CC(O)C3(F)C(CCC4=CC(=O)C=CC34C)C1CC(O)C2(O)C(=O)CO
C-587,-5.52,ClC1=CC=C(OC2=C(Cl)C=CC=C2)C=C1
C-588,-3.31,COC(=O)C1(CC1)[S](=O)(=O)C2=CC=C(Cl)C=C2
C-589,-0.94,OCC1CCC(O1)[N]2C=NC3=C2N=CNC3=O
C-590,-3.22,OC(=O)C(C1=CC=CC=C1)C2=CC=CC=C2
C-591,-2.46,CC1=CC(=NO1)C(=O)NNCC2=CC=CC=C2
C-592,-2.87,CC1=NNC(=O)N(C1)/N=C/C2=CC=CN=C2
C-593,-4.8,CC12CC1(C)C(=O)N(C2=O)C3=CC(=CC(=C3)Cl)Cl
C-594,-2.92,OCC(NC(=O)C(Cl)Cl)C(O)C1=CC=C(C=C1)[N+]([O-])=O
C-595,-2.25,COC(=O)C1C(CC2CCC1N2C)OC(=O)C3=CC=CC=C3
C-596,-3.7,C1=CC2=C(C=C1)N=C3C=CC=CC3=N2
C-597,-3.23,CC(C)OC(=O)C1(CC1)[S](=O)(=O)C2=CC=C(C)C=C2
C-598,-4.25,OC1=C(C=C(C=C1[N+]([O-])=O)[N+]([O-])=O)C2CCCCC2
C-599,-5.06,ClC1=C(OC2=CC=CC=C2)C(=CC=C1)Cl
C-600,-3.85,O=C(NC1=CN=NS1)NC2=CC=CC=C2
C-601,-2.21,OC(=O)C(O)(C1=CC=CC=C1)C2=CC=CC=C2
C-602,-1.83,C1=CC2=CC=C3C=CC=NC3=C2N=C1
C-603,-2.96,CCOC(=O)C1(CCC1)[S](=O)(=O)C2=CC=C(C)C=C2
C-604,-3.17,CCCCNC(=O)N[S](=O)(=O)C1=CC=C(C)C=C1
C-605,-4.05,CC1=NC(=NC(=C1)C2CC2)NC3=CC=CC=C3
C-606,-3.85,COC(=O)C1(CCCCC1)[S](=O)(=O)C2=CC=CC=C2
C-607,-2.25,OCC1OC(CC1O)N2C=C(I)C(=O)NC2=O
C-608,-4.69,ClC1=C(Cl)C(=CC=C1)C2=C[NH]C=C2C#N
C-609,-4.61,CC(=O)OCC(=O)C1(O)CCC2C3CCC4=CC(=O)CCC4(C)C3C(O)CC12C
C-610,-4.73,CCOC(=O)C1=CN=C[N]1C(C)C2=CC=CC=C2
C-611,-3.29,COC1=CC=C2C=C(C=CC2=C1)C(C)C(O)=O
C-612,-5.51,CC12CC3=C(ON=C3)C=C1CCC4C2CCC5(C)C4CCC5(O)C#C
C-613,-3.0,COC(=O)C1(CCC1)[S](=O)(=O)C2=CC=C(Cl)C=C2
C-614,-7.06,ClC1=CC=C(C=C1)C2=CC(=C(Cl)C=C2)Cl
C-615,-5.34,O1C2=C(OC3=C1C=CC=C3)C=CC=C2
C-616,-5.41,CC(=O)OC1(CCC2C3C=C(C)C4=CC(=O)CCC4(C)C3CCC12C)C(C)=O
C-617,-1.77,NC1=NC2=C(N=C[N]2COC(CO)CO)C(=O)N1
C-618,0.03,CC1N(C)CN2C(=O)C3=C(C=CC=C3)N=C12
C-619,-6.0,ClC1=CC=C(C=C1)C2=C(Cl)C=C(Cl)C=C2
C-620,-5.87,CC1=C2C=CC=CC2=CC3=C1C=CC=C3
C-621,-2.41,CC(C)OC(=O)C[S](=O)(=O)C1=CC=C(Cl)C=C1
C-622,-6.01,CCC(CC)NC1=C(C(=C(C)C=C1[N+]([O-])=O)C)[N+]([O-])=O
C-623,-6.26,ClC1=CC=C(C=C1)C2=CC(=CC=C2Cl)Cl
C-624,-1.16,CC1=CN(C2CC(N=[N+]=[N-])C(CO)O2)C(=O)NC1=O
C-625,-6.26,ClC1=CC=C(C=C1)C2=C(Cl)C(=CC=C2)Cl
C-626,-3.34,CC(C)OC(=O)C1(CCC1)[S](=O)(=O)C2=CC=C(C)C=C2
C-627,-6.51,ClC1=C(Cl)C=C(C=C1)C2=CC=CC=C2Cl
C-628,-7.82,ClC1=CC2=C(C=C(Cl)C=C2Cl)C(=C1)Cl
C-629,-3.31,OC(=O)C1=C(O)C(=CC(=C1)I)I
C-630,-6.01,ClC1=CC(=CC=C1)C2=C(Cl)C=CC(=C2)Cl
C-631,-4.38,CC(=O)OCC(=O)C1(O)CCC2C3CCC4=CC(=O)C=CC4(C)C3C(O)CC12C
C-632,-5.1,S1C2=C(C=CC=C2)C3=C1C=CC=C3
C-633,-2.3,NC(=O)C1=CC(=C(C=C1[N+]([O-])=O)[N+]([O-])=O)N2CC2
C-634,-3.54,CC(C)OC(=O)C1(CC1)[S](=O)(=O)C2=CC=C(Cl)C=C2
C-635,-6.45,ClC1=CC(=C(C=C1Cl)C2=CC=CC=C2)Cl
C-636,-7.86,ClC1=CC=CC2=C1C=C(Cl)C(=C2Cl)Cl
C-637,-1.85,CC1=C(C)[S](=O)(=O)CC[S]1(=O)=O
C-638,-2.48,COC(=O)C[S](=O)(=O)C1=CC=C(Br)C=C1
C-639,-6.18,ClC1=C(Cl)C(=C(C=C1)C2=CC=CC=C2)Cl
C-640,-7.8,ClC1=C(Cl)C2=C(C=CC=C2)C(=C1Cl)Cl
C-641,-6.06,ClC1=CC(=C(C(=C1)Cl)C2=CC=CC=C2)Cl
C-642,-5.81,ClC1=CC(=C(Cl)C=C1)C2=CC=CC=C2Cl
C-643,-2.59,N[S](=O)(=O)C1=CC2=C(SCCC2O)S1
C-644,-4.61,COC(=O)C1(CCCCC1)[S](=O)(=O)C2=CC=C(C)C=C2
C-645,-1.92,CN1N=C(SC1=NC(C)=O)[S](N)(=O)=O
C-646,-2.15,COC1=C2OC3C(O)C=CC4C5CC(=C2C34CCN5C)C=C1
C-647,-3.67,COC(=O)C1(CC1)[S](=O)(=O)C2=CC=C(Br)C=C2
C-648,-6.29,ClC1=CC=C(Cl)C(=C1Cl)C2=CC=CC=C2
C-649,-2.12,COC(=O)C1=C(C=CC(=C1)C)C2=NC(C)(C(C)C)C(=O)N2
C-650,-2.35,COC(=O)C1=C(C=C(C)C=C1)C2=NC(C)(C(C)C)C(=O)N2
C-651,-5.53,CC(C)N1C(=O)N(CSC1=NC(C)(C)C)C2=CC=CC=C2
C-652,-5.9,ClC1=CC=CC=C1C2=C(Cl)C=CC=C2Cl
C-653,-3.38,[O-][N+](=O)C1=CC=C(O1)\C=N\N2CC(=O)NC2=O
C-654,-0.36,CN(C)C1=C(C)N(C)N(C2=CC=CC=C2)C1=O
C-655,-2.07,CC1=CC=CC2=C1[N]3C=NN=C3S2
C-656,-4.92,NC1=C(Cl)C=C(C=C1)C2=CC=C(N)C(=C2)Cl
C-657,-3.0,CN(C)C(=O)C(C1=CC=CC=C1)C2=CC=CC=C2
C-658,-6.8,ClC1(Cl)C2(Cl)C3(Cl)C4(Cl)C(Cl)(Cl)C5(Cl)C3(Cl)C1(Cl)C5(Cl)C24Cl
C-659,-3.68,CO[P](=S)(OC)OC1=CC=C(C=C1)[N+]([O-])=O
C-660,-5.47,CCC(C)NC1=C(C=C(C=C1[N+]([O-])=O)C(C)(C)C)[N+]([O-])=O
C-661,-2.35,CC1=NC(=O)C(=C(NCC2=CN=CC=C2)N1)C#N
C-662,-3.42,CCOC1OC2=CC=C(O[S](C)(=O)=O)C=C2C1(C)C
C-663,-6.22,ClC1=CC=C(OC2=C(Cl)C=C(Cl)C=C2)C=C1
C-664,-4.12,CC(C)(C)OC(=O)C1(CC1)[S](=O)(=O)C2=CC=C(Cl)C=C2
C-665,-1.73,NC1=NC=NC2=C1N=C[N]2C3OC(CO)C(O)C3O
C-666,-4.29,CC(C(O)=O)C1=CC=C(C(=C1)F)C2=CC=CC=C2
C-667,-2.89,O=C1CN(CC2N1CCC3=C2C=CC=C3)C(=O)C4CCCCC4
C-668,-6.74,CC1=CC=CC(=C1C)NC2=CC=CC=C2C(O)=O
C-669,-3.16,CN[P](=O)(OC)OC1=CC=C(C=C1Cl)C(C)(C)C
C-670,-3.91,CC(C)OC(=O)C1(CCCC1)[S](=O)(=O)C2=CC=C(C)C=C2
C-671,-2.6,COC1=CC=C(C=C1)C(O)(C2CC2)C3=CN=CN=C3
C-672,0.12,CN1C(=O)N(C)C2=C([N](CC(O)CO)C=N2)C1=O
C-673,-3.95,OC1=C(CC2=C(O)C=CC(=C2)Cl)C=C(Cl)C=C1
C-674,-2.85,CNC(=O)C1=CC(=C(C=C1[N+]([O-])=O)[N+]([O-])=O)N2CC2
C-675,-1.3,[NH]1C2=CC=CC=C2N=C1C3=CSC=N3
C-676,-4.31,CC1(C)OC2CC3C4CCC5=CC(=O)C=CC5(C)C4(F)C(O)CC3(C)C2(O1)C(=O)CO
C-677,-6.57,CC1=C2C=CC=CC2=C(C)C3=C1C=CC=C3
C-678,-3.55,COC(=O)C1(CCC1)[S](=O)(=O)C2=CC=C(Br)C=C2
C-679,-4.95,CC(=O)OC1(CCC2C3C=C(Cl)C4=CC(=O)C=CC4(C)C3CCC12C)C(C)=O
C-680,-3.61,COC1=CC(=CC=C1N)C2=CC(=C(N)C=C2)OC
C-681,-4.01,CSC(/C)=N/OC(=O)N(C)SN(C)C(=O)O\N=C(/C)SC
C-682,-4.22,CCCSC1=CC2=C([NH]C(=N2)NC(=O)OC)C=C1
C-683,-3.59,CCCC(C[N]1C=NC=N1)C2=C(Cl)C=C(Cl)C=C2
C-684,-2.67,CCCN1CN2C(=O)C3=C(C=CC=C3)N=C2C1C
C-685,-3.31,CCCCC(C[N]1C=NC=N1)(C#N)C2=CC=C(Cl)C=C2
C-686,-4.17,CC(=O)SC1CC2=CC(=O)CCC2(C)C3CCC4(C)C(CCC45CCC(=O)O5)C13
C-687,-2.1,CN1CCC23C4CCC(=O)C2OC5=C(O)C=CC(=C35)CC14
C-688,-3.55,N[S](=O)(=O)C1=CC2=C(SCCC2=O)S1
C-689,-3.49,N[S](=O)(=O)C1=CC2=C(S1)C(=O)CCS2
C-690,-2.25,N[S](=O)(=O)C1=CC2=C(S1)C(O)CCS2
C-691,-5.06,OC(=O)CCC(=O)C1=CC=C(C=C1)C2=CC=CC=C2
C-692,-4.62,CC(C)OC(=O)C1(CCCCC1)[S](=O)(=O)C2=CC=C(C)C=C2
C-693,-4.33,CC(=O)OCC(=O)C1(O)CCC2C3CCC4=CC(=O)CCC4(C)C3C(=O)CC12C
C-694,-4.54,ClC1=NC(=NC(=N1)NC2=CC=CC=C2Cl)Cl
C-695,-1.7,NC1=C(C2=CC=CC=C2C=C1)[S](O)(=O)=O
C-696,-4.09,C[N]1C(=CC=C1C(=O)C2=CC=C(C)C=C2)CC(O)=O
C-697,-5.1,N1C2=C(SC3=CC=CC=C13)C=CC=C2
C-698,-3.17,OC(C1CC2CCN1CC2C=C)C3=CC=NC4=CC=CC=C34
C-699,-8.48,ClC1=C(Cl)C=C(C=C1)C2=CC=C(Cl)C(=C2)Cl
C-700,-2.48,CN(C)C(=O)C1=CC(=C(C=C1[N+]([O-])=O)[N+]([O-])=O)N2CC2
C-701,-4.65,CC(C)OC(=O)C1(CCCC1)[S](=O)(=O)C2=CC=C(Cl)C=C2
C-702,-7.96,ClC1=CC=C(C=C1)C2=CC(=C(Cl)C(=C2)Cl)Cl
C-703,-7.8,ClC1=CC(=C(C=C1)C2=CC=C(Cl)C(=C2)Cl)Cl
C-704,-4.07,CCC(/C1=CC=C(O)C=C1)=C(CC)\C2=CC=C(O)C=C2
C-705,-3.6,CCN(CC)C(=O)C(C)OC1=CC=CC2=C1C=CC=C2
C-706,-7.77,ClC1=CC=C(C=C1)C2=C(Cl)C=C(Cl)C(=C2)Cl
C-707,-5.44,CO[P](=S)(OC)OC1=C(Cl)C=C(C)C=C1Cl
C-708,-4.61,OC(=O)C1=CC(=CC=C1O)C2=C(F)C=C(F)C=C2
C-709,-8.38,ClC1=CC(=CC(=C1)C2=CC(=CC(=C2)Cl)Cl)Cl
C-710,-4.9,CC1CC2C3CCC4=CC(=O)C=CC4(C)C3(F)C(O)CC2(C)C1(O)C(=O)COC(C)=O
C-711,-5.84,ClC1=CC2=C(OC3=C(O2)C=CC=C3)C=C1
C-712,-2.04,CC(C(O)=O)C1=CC(=CC=C1)C(=O)C2=CC=CC=C2
C-713,-6.85,ClC1=CC(=C(Cl)C=C1)C2=CC=C(Cl)C(=C2)Cl
C-714,-4.01,COC(=O)C1(CCCC1)[S](=O)(=O)C2=CC=C(Br)C=C2
C-715,-6.51,ClC1=CC(=C(C=C1)C2=CC=C(Cl)C=C2Cl)Cl
C-716,-6.51,ClC1=CC=C(C=C1)C2=C(Cl)C=C(Cl)C=C2Cl
C-717,-5.82,COC(=O)C1=C(Cl)C(=C(C(=C1Cl)Cl)C(=O)OC)Cl
C-718,-7.26,ClC1=CC(=C(C=C1)C2=CC(=CC=C2Cl)Cl)Cl
C-719,-5.72,ClC1=CC=CC2=C1OC3=C(O2)C=CC=C3
C-720,-7.25,ClC1=CC=CC=C1C2=C(Cl)C=C(Cl)C(=C2)Cl
C-721,-7.04,ClC1=CC(=C(Cl)C=C1)C2=CC(=CC=C2Cl)Cl
C-722,-4.72,CCOC(=O)NCCOC1=CC=C(OC2=CC=CC=C2)C=C1
C-723,-7.21,ClC1=CC2=C(OC3=C2C=C(Cl)C=C3)C=C1
C-724,-7.16,ClC1=CC(=C(Cl)C(=C1Cl)Cl)C2=CC=CC=C2
C-725,-6.83,ClC1=C(Cl)C(=C(C=C1)C2=CC=CC=C2Cl)Cl
C-726,-6.47,ClC1=CC=C(Cl)C(=C1)C2=C(Cl)C(=CC=C2)Cl
C-727,-4.69,CNCCCC12CCC(C3=C1C=CC=C3)C4=C2C=CC=C4
C-728,-4.26,CC(C)OC(=O)C1(CC1)[S](=O)(=O)C2=CC=C(C=C2)[N+]([O-])=O
C-729,-5.19,O=C1C2=C(C=CC=C2)C(=O)C3=C1C=CC=C3
C-730,-7.28,ClC1=CC=CC(=C1Cl)C2=CC=CC(=C2Cl)Cl
C-731,-4.26,CCN(CC)C(=O)\C(=C/C1=CC(=C(O)C(=C1)[N+]([O-])=O)O)C#N
C-732,-5.68,CCCN(CCC)[S](=O)(=O)C1=CC=C(C=C1)C(O)=O
C-733,-7.2,ClC(Cl)C(C1=CC=C(Cl)C=C1)C2=CC=C(Cl)C=C2
C-734,-2.28,OC(=O)C1=C(C=CC=C1)C2=C(C=CC=C2)C(O)=O
C-735,-3.39,[O-][N+](=O)C1=C(C=C(C(=O)NC2CC2)C(=C1)[N+]([O-])=O)N3CC3
C-736,-3.36,CC1=NC2=C(C=C(Cl)C=C2)[S](=O)(=O)N1
C-737,-6.79,ClC1=CC(=C(Cl)C=C1)C2=C(Cl)C=CC=C2Cl
C-738,-7.25,ClC1=CC(=C(Cl)C(=C1Cl)C2=CC=CC=C2)Cl
C-739,-4.04,O=C1NC(=O)C(N1)(C2=CC=CC=C2)C3=CC=CC=C3
C-740,-8.03,C1C2=C(C=CC=C2)C3=C1C=C4C=CC=CC4=C3
C-741,-7.21,ClC1=C(C(=CC=C1)Cl)C2=C(Cl)C=CC=C2Cl
C-742,-4.48,COC(=O)C1(CCCCC1)[S](=O)(=O)C2=CC=C(Br)C=C2
C-743,-4.1,CO[P](=S)(OC)OC1=CC(=C(Cl)C=C1Cl)Cl
C-744,-4.89,CN(C)C(=O)NC1=CC=C(OC2=CC=C(Cl)C=C2)C=C1
C-745,-6.6,OC1=C(Br)C(=C(Br)C(=C1Br)Br)Br
C-746,-4.54,CC(C)(C)C(O)\C(=C/C1=CC=C(Cl)C=C1)[N]2C=NC=N2
C-747,-3.36,CC(C)(C)C(=O)OCC1OC(CC1O)N2C=C(I)C(=O)NC2=O
C-748,-2.15,C[S](=O)(=O)C1=CC=C(C=C1)C(O)C(CO)NC(=O)C(Cl)Cl
C-749,-2.0,CC(C(O)=O)C1=CC=C(C=C1)C(=O)C2=CC=CS2
C-750,-6.68,C1C2=C(C=CC=C2)C3=C1C4=C(C=CC=C4)C=C3
C-751,-4.43,CN1CCN=C(C2=CC=CC=C2)C3=C1C=CC(=C3)Cl
C-752,-5.57,ClC(Cl)(Cl)SN1C(=O)C2=CC=CC=C2C1=O
C-753,-3.29,NC(=O)N1C2=C(C=CC=C2)C=CC3=C1C=CC=C3
C-754,-4.91,CO[P](=S)(OC)OC1=C(Cl)C=C(Cl)C(=N1)Cl
C-755,-2.83,CCO[P](=O)(NC(C)C)OC1=CC(=C(SC)C=C1)C
C-756,-3.68,CCCCN(CC)C1=C(C=C(C=C1[N+]([O-])=O)C(F)(F)F)[N+]([O-])=O
C-757,-4.4,OC(=O)C1=CC=CC=C1NC2=CC(=CC=C2)C(F)(F)F
C-758,-6.05,CCCN(CCC)C1=C(C=C(C=C1[N+]([O-])=O)C(F)(F)F)[N+]([O-])=O
C-759,-3.61,CC(C)(C)C(=O)C(OC1=CC=C(Cl)C=C1)[N]2C=NC=N2
C-760,-3.76,CC(C)OC(=O)C1(CCC1)[S](=O)(=O)C2=CC=C(C=C2)[N+]([O-])=O
C-761,-2.97,NC1=CC=C(C=C1)[S](=O)(=O)NC2=NC=CC=C2
C-762,-5.52,CC(C)OC(=O)C1(CCCCCC1)[S](=O)(=O)C2=CC=C(Cl)C=C2
C-763,-4.79,CC(CN(C)C)CN1C2=C(CCC3=C1C=CC=C3)C=CC=C2
C-764,-1.35,N[S](=O)(=O)C1=CC2=C(S1)[S](=O)CCC2O
C-765,-6.05,CCN(CC(C)=C)C1=C(C=C(C=C1[N+]([O-])=O)C(F)(F)F)[N+]([O-])=O
C-766,-2.84,CCCC(=O)OCC1OC(CC1O)N2C=C(I)C(=O)NC2=O
C-767,-3.69,OC(=O)C1=CC=CN=C1NC2=CC=CC(=C2)C(F)(F)F
C-768,-2.32,CC1=CC(=NO1)N[S](=O)(=O)C2=CC=C(N)C=C2
C-769,-2.76,NC1=CC=C(C=C1)[S](=O)(=O)NC2=NC=CC=N2
C-770,-2.76,CC(C)C(=O)OCC1OC(CC1O)N2C=C(I)C(=O)NC2=O
C-771,-3.82,CCC(=O)N(C1CCN(CC1)CCC2=CC=CC=C2)C3=CC=CC=C3
C-772,-4.48,CC12CCC3C(CCC4=CC(=O)CCC34C)C1CCC2OC(=O)C5=CC=CC=C5
C-773,-4.12,CO[P](=S)(OC)SCN1C(=O)C2=C(C=CC=C2)C1=O
C-774,-5.47,CCN(CC)C1=C(C=C(C(=C1[N+]([O-])=O)N)C(F)(F)F)[N+]([O-])=O
C-775,-3.25,NC1=CC=C(C=C1)[S](=O)(=O)C2=CC=C(N)C=C2
C-776,-4.03,ClC1=CC=C(N[S](=O)(=O)C2=CC=CC=C2)C=C1
C-777,-3.38,COC(=O)C1CC1[S](=O)(=O)C2=CC=C(C=C2)[N+]([O-])=O
C-778,-3.38,CC(C)C(O)(C1=CC=C(OC(F)(F)F)C=C1)C2=CN=CN=C2
C-779,-5.27,CC12CCC3C(CCC4=CC(=O)CCC34C)C1CCC2OC(=O)CCC5=CC=CC=C5
C-780,-5.93,C1=CC2=C(C=C1)C3=C4C(=CC=C3)C=CC=C24
C-781,-6.06,C1=CC2=CC=C3C=CC=C4C=CC(=C1)C2=C34
C-782,-6.95,CC(C)=CC1C(C(=O)OCC2=COC(=C2)CC3=CC=CC=C3)C1(C)C
C-783,-4.86,CCCCNC(=O)[N]1C(=NC2=C1C=CC=C2)NC(=O)OC
C-784,-3.33,O=C1CC2OCC=C3CN4CCC56C4CC3C2C5N1C7=C6C=CC=C7
C-785,-8.42,ClC1=CC=C(C=C1)C(=C(Cl)Cl)C2=CC=C(Cl)C=C2
C-786,-5.43,CC12CCC3C(CCC4=CC(=O)CCC34C)C1CCC2OC(=O)CCCC5=CC=CC=C5
C-787,-3.4,CCCCC(=O)OCC1OC(CC1O)N2C=C(I)C(=O)NC2=O
C-788,-8.39,ClC1=CC=C(C=C1Cl)C2=CC(=C(Cl)C(=C2)Cl)Cl
C-789,-4.16,CCCCC1=C(O[S](=O)(=O)N(C)C)N=C(NCC)N=C1C
C-790,-4.32,ClC1=CC=CC=C1N[S](=O)(=O)C2=CC=CC=C2
C-791,-2.88,CCN1CCCC1CNC(=O)C2=C(OC)C=CC(=C2)[S](N)(=O)=O
C-792,-8.2,ClC1=CC=C(C=C1Cl)C2=C(Cl)C=C(Cl)C(=C2)Cl
C-793,-4.91,CCN1C=C(C(O)=O)C(=O)C2=C1C=C3OCOC3=C2
C-794,-8.55,ClC1=CC(=C(C=C1)C2=CC(=C(Cl)C(=C2)Cl)Cl)Cl
C-795,-8.24,ClC1=CC=C(C=C1Cl)C2=C(Cl)C(=C(Cl)C=C2)Cl
C-796,-4.66,CC12CCC3C(CCC4=CC(=O)CCC34C)C1CCC2OC(=O)CC5=CC=CC=C5
C-797,-6.54,CCCN(CC1CC1)C2=C(C=C(C=C2[N+]([O-])=O)C(F)(F)F)[N+]([O-])=O
C-798,-4.86,OC(=O)CC1=CC=CC=C1OC2=C(Cl)C=C(Cl)C=C2
C-799,-8.09,ClC1=CC=C(C=C1)C2=C(Cl)C(=C(Cl)C(=C2)Cl)Cl
C-800,-3.8,OC(=O)CC1=C(NC2=C(Cl)C=CC=C2Cl)C=CC=C1
C-801,-7.95,ClC1=CC=C(C(=C1)Cl)C2=C(Cl)C=C(Cl)C(=C2)Cl
C-802,-6.36,ClC1=CC=C(C=C1)C(=C(Cl)Cl)C2=C(Cl)C=CC=C2
C-803,-7.82,ClC1=CC2=C(OC3=C(O2)C=CC(=C3)Cl)C=C1
C-804,-7.18,ClC1=CC2=C(OC3=C(O2)C=C(Cl)C=C3)C=C1
C-805,-3.76,ClC1=NC=CC=C1N[S](=O)(=O)C2=CC=CC=C2
C-806,-9.74,BrC1=C(Br)C(=C(Br)C(=C1Br)Br)Br
C-807,-2.79,COC1=CC=C2N=CC=C(C(O)C3CC4CCN3CC4C=C)C2=C1
C-808,-3.17,ClC1=CC=CN=C1N[S](=O)(=O)C2=CC=CC=C2
C-809,-2.95,COC1=CC(=CC(=C1OC)OC)CC2=CN=C(N)N=C2N
C-810,-2.56,COC12C(COC(N)=O)C3=C(N1CC4NC24)C(=O)C(=C(N)C3=O)C
C-811,-7.62,ClC1=CC=C(C(=C1)Cl)C2=C(Cl)C(=C(Cl)C=C2)Cl
C-812,-4.71,CCCCC(=O)OC1(C(C)CC2C3CCC4=CC(=O)C=CC4(C)C3(F)C(O)CC12C)C(=O)CO
C-813,-7.89,ClC1=CC=C(Cl)C(=C1)C2=C(Cl)C=C(Cl)C(=C2)Cl
C-814,-7.23,ClC1=CC2=C(OC3=C(O2)C=CC=C3)C=C1Cl
C-815,-7.65,ClC1=CC=C(C=C1Cl)C2=C(Cl)C(=CC=C2Cl)Cl
C-816,-1.9,NC1=CC=C(C=C1)[S](=O)(=O)NC2=NC=CS2
C-817,-3.36,COC1=CC2=C(C=CN=C2C=C1)C(O)C3CN4CCC3C(C4)C=C
C-818,-7.91,ClC1=CC(=C(Cl)C=C1)C2=C(Cl)C(=C(Cl)C=C2)Cl
C-819,-2.68,N[S](=O)(=O)C1=CC2=C(S1)[S](=O)(=O)CCC2
C-820,-4.03,CCOC1=CC2=C(C=C1)N=C(S2)[S](N)(=O)=O
C-821,-7.82,ClC1=CC=C(Cl)C(=C1)C2=C(Cl)C(=CC(=C2)Cl)Cl
C-822,-1.91,COCC(=O)N(N1CCOC1=O)C2=C(C)C=CC=C2C
C-823,-7.21,ClC1=CC=CC=C1C2=C(Cl)C(=C(Cl)C(=C2)Cl)Cl
C-824,-7.04,CC(C)(C)C1CCC(CC1)CC2=C(O)C(=O)C3=C(C=CC=C3)C2=O
C-825,-2.32,NC(N)=NC1=NC(=CS1)CSCCC(N)=N[S](N)(=O)=O
C-826,-7.25,ClC1=CC=C(C=C1)C(C2=CC=C(Cl)C=C2)C(Cl)(Cl)Cl
C-827,-4.43,OC1(CCN(CCCC(=O)C2=CC=C(F)C=C2)CC1)C3=CC=C(Cl)C=C3
C-828,-4.81,COC(=O)NC1=CC(=CC=C1)OC(=O)NC2=CC(=CC=C2)C
C-829,-3.31,CC1=NOC(=C1C)N[S](=O)(=O)C2=CC=C(N)C=C2
C-830,-5.11,CCC1=N[N](C)C(=C1Cl)C(=O)NCC2=CC=C(C=C2)C(C)(C)C
C-831,-7.43,ClC1=CC=CC=C1C2=C(Cl)C(=C(Cl)C=C2Cl)Cl
C-832,-6.59,FC1=CC=CC(=C1C(=O)NC(=O)NC2=CC=C(Cl)C=C2)F
C-833,-4.52,CCC1=CC=C(N[S](=O)(=O)C2=CC=C(N)C=C2)C=C1
C-834,-6.78,ClC1=C(Cl)C(=CC=C1)C2=C(Cl)C(=CC=C2Cl)Cl
C-835,-7.92,ClC1=C(Cl)C(=C(C2=CC=CC=C2)C(=C1Cl)Cl)Cl
C-836,-7.32,ClC1=CC(=C(C(=C1)Cl)C2=C(Cl)C=CC=C2Cl)Cl
C-837,-3.1,CC1=CC=NC(=N1)N[S](=O)(=O)C2=CC=C(N)C=C2
C-838,-3.88,CNC1=C(Cl)C(=O)N(N=C1)C2=CC(=CC=C2)C(F)(F)F
C-839,-4.13,NC1=CC=C(C=C1)[S](=O)(=O)NC2=CC=C(Cl)C=C2
C-840,-7.07,CCCN(CCC)C1=C(C(=C(C=C1[N+]([O-])=O)C(F)(F)F)N)[N+]([O-])=O
C-841,-2.82,CCCCOC1=NC2=C(C=CC=C2)C(=C1)C(=O)NCCN(CC)CC
C-842,-7.01,CC(OC1=C(Cl)C(=C(Cl)C=C1)C)C(=O)NC2=CC=CC=C2
C-843,-4.23,COC1=CC=C(N[S](=O)(=O)C2=CC=C(N)C=C2)C=C1
C-844,-3.6,NC1=CC=C(C=C1)[S](=O)(=O)NC2=CC=C(C=C2)C#N
C-845,-5.67,CCO[P](=S)(OCC)OC1=C(Cl)C=C(Cl)C(=N1)Cl
C-846,-2.61,CCC(=O)OC(CC1=CC=CC=C1)(C(C)CN(C)C)C2=CC=CC=C2
C-847,-6.84,COC1=CC=C(C=C1)C(C2=CC=C(OC)C=C2)C(Cl)(Cl)Cl
C-848,-1.7,CC(C)N(CCC(C(N)=O)(C1=CC=CC=C1)C2=NC=CC=C2)C(C)C
C-849,-2.26,OC(C1=CC=CC=C1)(C2=CC=CC=C2)C3=CC=CC=C3
C-850,-4.2,O=C1NC(=O)C(C(=O)N1)(C2=CC=CC=C2)C3=CC=CC=C3
C-851,-4.69,C1COC2=C(OCCOCCOC3=C(OCCO1)C=CC=C3)C=CC=C2
C-852,-1.36,N[S](=O)(=O)C1=CC2=C(S1)[S](=O)(=O)CCC2O
C-853,-5.07,CC(C)OC(=O)C1(CCCCCC1)[S](=O)(=O)C2=CC=C(C=C2)[N+]([O-])=O
C-854,-3.93,[O-][N+](=O)C1=CC=C(N[S](=O)(=O)C2=CC=CC=C2)C=C1
C-855,-3.68,CN1C(=O)CN=C(C2=CC=CC=C2)C3=C1C=CC(=C3)Cl
C-856,-4.04,CCCN(CCOC1=C(Cl)C=C(Cl)C=C1Cl)C(=O)[N]2C=CN=C2
C-857,-2.68,COC1=CC=C(N[S](=O)(=O)C2=CC=C(N)C=C2)N=N1
C-858,-5.08,CCO[P](=S)(OCC)SCN1C(=O)OC2=C1C=CC(=C2)Cl
C-859,-2.98,CCN1C=C(C(O)=O)C(=O)C2=C1N=C(N=C2)N3CCNCC3
C-860,-8.69,C1=CC2=C(C=C1)C=C3C=C4C=CC=CC4=CC3=C2
C-861,-2.16,CC1=NN=C(N[S](=O)(=O)C2=CC=C(N)C=C2)S1
C-862,-8.85,ClC1=C(Cl)C(=CC(=C1)C2=CC(=C(Cl)C(=C2)Cl)Cl)Cl
C-863,-2.43,CC1=C(C(=O)NC2=CC=CC=C2)[S](=O)(=O)CCO1
C-864,-4.91,CC1=C(Cl)C=C(N[S](=O)(=O)C2=CC=C(N)C=C2)C=C1
C-865,-4.35,CC1=C(N[S](=O)(=O)C2=CC=C(N)C=C2)C=CC(=C1)Cl
C-866,-4.13,CC(=O)OCC(=O)C1(O)C(CC2C3CCC4=CC(=O)C=CC4(C)C3(F)C(O)CC12C)OC(C)=O
C-867,-5.67,OC(C1=CC=C(Cl)C=C1)(C2=CC=C(Cl)C=C2)C(Cl)(Cl)Cl
C-868,-4.73,ClC1=CC=CC(=C1Cl)N[S](=O)(=O)C2=CC=CC=C2
C-869,-4.42,CC1=C(C=CC(=C1)N)[S](=O)(=O)NC2=CC=C(Cl)C=C2
C-870,-2.3,CC1=CC(=NC(=N1)C)N[S](=O)(=O)C2=CC=C(N)C=C2
C-871,-8.52,ClC1=CC(=C(C=C1Cl)C2=CC(=C(Cl)C(=C2)Cl)Cl)Cl
C-872,-2.92,CC1=CC=CC=C1N2C(=NC3=C(C=CC=C3)C2=O)C
C-873,-2.27,CC1=CC(=NC(=N1)N[S](=O)(=O)C2=CC=C(N)C=C2)C
C-874,-9.1,ClC1=CC=C(C2=CC(=C(Cl)C(=C2)Cl)Cl)C(=C1Cl)Cl
C-875,-3.98,CC1=C(N[S](=O)(=O)C2=CC=C(N)C=C2)C=C(Cl)C=C1
C-876,-8.52,ClC1=C(Cl)C=C(C=C1)C2=CC(=C(Cl)C(=C2Cl)Cl)Cl
C-877,-4.32,CC1=CC(=C(N[S](=O)(=O)C2=CC=C(N)C=C2)C=C1)Cl
C-878,-7.36,C1=CC2=CC3=CC=C4C=CC=CC4=C3C=C2C=C1
C-879,-3.98,OC1N=C(C2=CC=CC=C2)C3=C(NC1=O)C=CC(=C3)Cl
C-880,-8.53,ClC1=CC(=C(C=C1Cl)C2=CC(=C(Cl)C=C2Cl)Cl)Cl
C-881,-8.4,ClC1=CC=C(C(=C1Cl)Cl)C2=C(Cl)C=C(Cl)C(=C2)Cl
C-882,-4.01,[O-][N+](=O)C1=CC=CC=C1N[S](=O)(=O)C2=CC=CC=C2
C-883,-7.66,ClC1=C(Cl)C=C(C=C1)C2=C(Cl)C=C(Cl)C(=C2Cl)Cl
C-884,-5.52,CCC(C)(CC)C1=NOC(=C1)NC(=O)C2=C(OC)C=CC=C2OC
C-885,-8.78,ClC1=C(Cl)C(=C(C=C1)C2=CC=C(Cl)C(=C2Cl)Cl)Cl
C-886,-8.58,ClC1=CC(=C(Cl)C(=C1)C2=C(Cl)C=C(Cl)C(=C2)Cl)Cl
C-887,-8.06,C1=CC2=C(C=C1)C3=C(C=C2)C4=C(C=CC=C4)C=C3
C-888,-8.27,ClC1=CC=C(Cl)C(=C1Cl)C2=CC(=C(Cl)C(=C2)Cl)Cl
C-889,-8.48,ClC1=C(Cl)C=C(C=C1)C2=C(Cl)C(=CC(=C2Cl)Cl)Cl
C-890,-8.12,ClC1=CC(=C(C(=C1)Cl)C2=CC(=C(Cl)C=C2Cl)Cl)Cl
C-891,-5.05,CC1=C(C=CC(=C1)N)[S](=O)(=O)NC2=C(Cl)C=CC=C2
C-892,-7.68,ClC1=CC(=C(Cl)C=C1)C2=CC(=C(Cl)C(=C2Cl)Cl)Cl
C-893,-8.24,ClC1=CC(=C(C(=C1)Cl)C2=CC=C(Cl)C(=C2Cl)Cl)Cl
C-894,-3.97,COC1=CC(=C2C(=O)C3(OC2=C1Cl)C(C)CC(=O)C=C3OC)OC
C-895,-8.07,ClC1=CC=CC(=C1Cl)C2=CC(=C(Cl)C(=C2Cl)Cl)Cl
C-896,-8.27,ClC1=CC(=CC(=C1)C2=C(Cl)C(=CC(=C2Cl)Cl)Cl)Cl
C-897,-3.82,COC(=O)C(C)OC1=CC=C(OC2=C(Cl)C=C(Cl)C=C2)C=C1
C-898,-8.01,ClC1=CC(=C(Cl)C=C1)C2=C(Cl)C=C(Cl)C(=C2Cl)Cl
C-899,-7.65,ClC1=CC=C(C(=C1Cl)Cl)C2=C(Cl)C(=CC=C2Cl)Cl
C-900,-8.71,ClC1=CC(=C(C(=C1)Cl)C2=C(Cl)C=C(Cl)C=C2Cl)Cl
C-901,-3.83,CCCC(=O)OCN1C=NC2=C(C=N[N]2COC(=O)CCC)C1=O
C-902,-3.95,NC1=NC2=C(N=C(C3=CC=CC=C3)C(=N2)N)C(=N1)N
C-903,-8.48,ClC1=CC=CC(=C1Cl)C2=C(Cl)C=C(Cl)C(=C2Cl)Cl
C-904,-8.13,ClC1=C(Cl)C(=C(Cl)C(=C1)C2=C(Cl)C=CC=C2Cl)Cl
C-905,-7.82,ClC1=CC(=C(Cl)C(=C1)C2=C(Cl)C(=CC=C2Cl)Cl)Cl
C-906,-7.42,ClC1=CC(=C(Cl)C=C1)C2=C(Cl)C(=CC(=C2Cl)Cl)Cl
C-907,-5.12,CC(C)(C)CC(=O)OCC(=O)C12OC(C)(C)OC1CC3C4CCC5=CC(=O)C=CC5(C)C4(F)C(O)CC23C
C-908,-8.6,ClC1=CC=CC(=C1Cl)C2=C(Cl)C(=CC(=C2Cl)Cl)Cl
C-909,-4.41,CC(C)NC(=O)N1CC(=O)N(C1=O)C2=CC(=CC(=C2)Cl)Cl
C-910,-3.8,[O-][N+](=O)C1=CC=C2NC(=O)CN=C(C3=CC=CC=C3)C2=C1
C-911,-2.23,CCN1C=CC(=NC1=O)N[S](=O)(=O)C2=CC=C(N)C=C2
C-912,-7.56,ClC1=C(Cl)C(=C(Cl)C=C1)C2=C(Cl)C(=CC=C2Cl)Cl
C-913,-4.29,CC1=CC=C(N[S](=O)(=O)C2=CC=C(C=C2)[N+]([O-])=O)N=C1
C-914,-6.74,C1=CC2=C(C=C1)C3=C(C=CC=C3)C4=C2C=CC=C4
C-915,-5.29,CC1OC(CC(O)C1O)OC2C(O)CC(OC2C)OC3C(O)CC(OC3C)OC4CCC5(C)C(CCC6C5CCC7(C)C(CCC67O)C8=CC(=O)OC8)C4
C-916,-3.94,NC1=CC=C(C=C1)[S](=O)(=O)NC2=CC=C(C=C2)[N+]([O-])=O
C-917,-7.53,ClC1=C(Cl)C2=C(OC3=C(O2)C=CC=C3)C(=C1)Cl
C-918,-3.7,O=C1CCC(N2C(=O)C3=C(C=CC=C3)C2=O)C(=O)N1
C-919,-4.48,CNC1=NC2=CC=C(Cl)C=C2C(=[N+]([O-])C1)C3=CC=CC=C3
C-920,-4.59,NC1=CC=C(C(=C1)Cl)[S](=O)(=O)NC2=CC=C(Cl)C=C2
C-921,-4.4,NC1=CC=C(C=C1)[S](=O)(=O)NC2=CC(=CC=C2Cl)Cl
C-922,-4.73,NC1=CC=C(C=C1)[S](=O)(=O)NC2=CC=CC(=C2Cl)Cl
C-923,-1.47,CCN1C=C(C(O)=O)C(=O)C2=C1C=C(N3CCN(C)CC3)C(=C2)F
C-924,-4.8,COC(=O)C1=C(C)NC(=C(C1C2=C(C=CC=C2)[N+]([O-])=O)C(=O)OC)C
C-925,-3.89,CC1=C(N=C2C=C(O)C(=O)C3=C2C=CC=C3)C(=NO1)C
C-926,-1.57,N[S](=O)(=O)C1=CC2=C(S1)C(O)CC[S]2=O
C-927,-5.13,CCCN(CCC)C1=C(C=C(C=C1[N+]([O-])=O)[S](N)(=O)=O)[N+]([O-])=O
C-928,-4.49,NC1=CC=C(C=C1)[S](=O)(=O)NC2=CC=CC=C2[N+]([O-])=O
C-929,-5.11,NC1=CC(=C(C=C1)[S](=O)(=O)NC2=CC=CC=C2Cl)Cl
C-930,-3.94,COC(=O)C(C)N(C(=O)CC1=CC=CC=C1)C2=C(C)C=CC=C2C
C-931,-4.45,CC1OC(CC(O)C1O)OC2C(O)CC(OC2C)OC3C(O)CC(OC3C)OC4CCC5(C)C(CCC6C5CC(O)C7(C)C(CCC67O)C8=CC(=O)OC8)C4
C-932,-4.15,COC1=C(N[S](=O)(=O)C2=CC=C(N)C=C2)C=CC=C1Cl
C-933,-4.39,CC(CN1C2=C(SC3=C1C=CC=C3)C=CC=C2)N(C)C
C-934,-3.62,OC(=O)C1=CN(C2CC2)C3=C(C=C(F)C(=C3)N4CCNCC4)C1=O
C-935,-3.71,CCC(=O)N(C1=CC=CC=C1)C2(CCN(CCC3=CC=CS3)CC2)COC
C-936,-6.34,CCO[P](=S)(OCC)SC(CCl)N1C(=O)C2=C(C=CC=C2)C1=O
C-937,-4.42,CN1CCN(CC1)C2=NC3=C(OC4=C2C=C(Cl)C=C4)C=CC=C3
C-938,-6.03,CC1(C)C(C(=O)OC(C#N)C2=CC(=CC=C2)OC3=CC=CC=C3)C1(C)C
C-939,-4.47,CC(=O)OCN1C(=O)NC(C1=O)(C2=CC=CC=C2)C3=CC=CC=C3
C-940,-5.99,COC(=O)C1=CC(=CC=C1[N+]([O-])=O)OC2=CC=C(Cl)C=C2Cl
C-941,-2.99,CN1C(=O)CCC(N2C(=O)C3=C(C=CC=C3)C2=O)C1=O
C-942,-4.52,NC1=CC=C(C=C1)[S](=O)(=O)NC2=CC=C(I)C=C2
C-943,-8.72,ClC1=CC(=CC(=C1Cl)Cl)C2=C(Cl)C(=C(Cl)C(=C2)Cl)Cl
C-944,-4.04,CO[P](=S)(OC)SCN1N=NC2=CC=CC=C2C1=O
C-945,-3.88,COC(=O)NC1=NC2=CC(=CC=C2[NH]1)C(=O)C3=CC=CC=C3
C-946,-1.65,C[S](=O)(=O)NC1=C(OC2=CC=CC=C2)C=C(C=C1)[N+]([O-])=O
C-947,-3.21,C[N]1C=NC(=C1SC2=NC=NC3=C2[NH]C=N3)[N+]([O-])=O
C-948,-4.0,CC1N(CN2C(=O)C3=C(C=CC=C3)N=C12)CC4=CC=CC=C4
C-949,-6.49,CCOC1=C(C=CC(=C1)OC2=C(Cl)C=C(C=C2)C(F)(F)F)[N+]([O-])=O
C-950,-2.72,CCC1=C(N=C2C=C(O)C(=O)C3=C2C=CC=C3)C(=NO1)C
C-951,-7.92,ClC1=CC(=C(C=C1Cl)C2=C(Cl)C=C(Cl)C(=C2Cl)Cl)Cl
C-952,-3.6,OC1N=C(C2=CC=CC=C2Cl)C3=CC(=CC=C3NC1=O)Cl
C-953,-8.3,ClC1=CC=C(C(=C1Cl)Cl)C2=C(Cl)C(=C(Cl)C=C2Cl)Cl
C-954,-6.23,ClC1=CC=C(CCC(C[N]2C=NC=N2)(C#N)C3=CC=CC=C3)C=C1
C-955,-4.72,CCOC1=CC=C(N[S](=O)(=O)C2=CC=C(C=C2)[N+]([O-])=O)C=C1
C-956,-7.94,ClC1=CC(=C(C=C1Cl)C2=C(Cl)C(=CC(=C2Cl)Cl)Cl)Cl
C-957,-10.22,ClC1=CC2=C(OC3=C(O2)C=C(Cl)C(=C3)Cl)C=C1Cl
C-958,-6.21,CC(C)=C1OC(=O)N(C1=O)C2=C(F)C=C(Cl)C(=C2)OC3CCCC3
C-959,-4.91,CCC(=O)OCN1C(=O)NC(C1=O)(C2=CC=CC=C2)C3=CC=CC=C3
C-960,-9.7,ClC1=C(Cl)C2=C(C(=C1Cl)Cl)C(=C(Cl)C(=C2Cl)Cl)Cl
C-961,-8.46,ClC1=CC=C(Cl)C(=C1)C2=C(Cl)C(=C(Cl)C(=C2Cl)Cl)Cl
C-962,-4.51,CC1=C(C=CC(=C1)N)[S](=O)(=O)NC2=C(C=CC=C2)[N+]([O-])=O
C-963,-8.89,ClC1=CC2=C(OC3=C(O2)C=C(Cl)C(=C3Cl)Cl)C=C1
C-964,-6.78,CC1=C2C=CC3=C(C=CC=C3)C2=C(C)C4=C1C=CC=C4
C-965,-4.44,N[S](=O)(=O)C1=CC(=C(NCC2=CC=CO2)C=C1Cl)C(O)=O
C-966,-6.12,FC1=C(C(=CC=C1)F)C2=NN=C(N=N2)C3=C(Cl)C=CC=C3
C-967,-3.5,[O-][N+](=O)C1=CC2=C(NC(=O)CN=C2C3=CC=CC=C3Cl)C=C1
C-968,-4.2,C1CN(CCN1C\C=C\C2=CC=CC=C2)C(C3=CC=CC=C3)C4=CC=CC=C4
C-969,-3.7,CCCC1=C(N=C2C=C(O)C(=O)C3=C2C=CC=C3)C(=NO1)C
C-970,-5.07,CCCC(=O)OCN1C(=O)NC(C1=O)(C2=CC=CC=C2)C3=CC=CC=C3
C-971,-4.83,NC1=CC=C(C=C1)[S](=O)(=O)NC2=C(Cl)C=C(Cl)C(=C2)Cl
C-972,-8.92,ClC1=C(Cl)C2=C(OC3=C(O2)C=CC=C3)C(=C1Cl)Cl
C-973,-5.01,BrC1=CC=C(N[S](=O)(=O)C2=CC=CC=C2)C(=C1)Br
C-974,-3.46,OC1=C(CC2=C(O)C(=CC(=C2Cl)Cl)Cl)C(=C(Cl)C=C1Cl)Cl
C-975,-4.08,OC(C1=CC=C(F)C=C1)(C2=CN=CN=C2)C3=C(Cl)C=CC=C3
C-976,-2.92,N[S](=O)(=O)C1=CC2=C(C=C1Cl)N=CN[S]2(=O)=O
C-977,-2.67,N[S](=O)(=O)C1=CC2=C(NCN[S]2(=O)=O)C=C1Cl
C-978,-5.87,CN(C)CC\C=C/1C2=C(SC3=C1C=C(Cl)C=C3)C=CC=C2
C-979,-1.59,N[S](=O)(=O)C1=CC2=C(CC(O)C[S]2(=O)=O)S1
C-980,-4.68,CCCCC(=O)OCN1C(=O)NC(C1=O)(C2=CC=CC=C2)C3=CC=CC=C3
C-981,-1.54,N[S](=O)(=O)C1=CC2=C(S1)[S](=O)(=O)CC(O)C2
C-982,-3.67,N[S](=O)(=O)C1=CC2=C(S1)C(=O)CC[S]2(=O)=O
C-983,-1.28,N[S](=O)(=O)C1=CC2=C(S1)C(O)CC[S]2(=O)=O
C-984,-3.72,CCCN1C(=O)CCC(N2C(=O)C3=C(C=CC=C3)C2=O)C1=O
C-985,-3.02,N[S](=O)(=O)C1=CC2=C(S1)[S](=O)(=O)CCC2=O
C-986,-4.39,CCCCC1C(=O)N(N(C1=O)C2=CC=CC=C2)C3=CC=CC=C3
C-987,-4.74,CC1(O)CC(C2=CC=CC=C2)C3=C(O1)C4=C(OC3=O)C=CC=C4
C-988,-7.96,CC1=C2CCC3=C2C(=CC4=C3C=CC5=C4C=CC=C5)C=C1
C-989,-2.94,CC(=O)OCC1=C(N2C(SC1)C(NC(=O)CC3=CC=CS3)C2=O)C(O)=O
C-990,-4.38,OC(C1=CC=C(Cl)C=C1)(C2=CN=CN=C2)C3=C(Cl)C=CC=C3
C-991,-1.27,CCC1OC(=O)C(C)C(OC2CC(C)(OC)C(O)C(C)O2)C(C)C(OC3OC(C)CC(C3O)N(C)C)C(C)(O)CC(C)C(=O)C(C)C(O)C1(C)O
C-992,-9.16,ClC1=CC(=C(Cl)C(=C1Cl)Cl)C2=CC(=C(Cl)C(=C2Cl)Cl)Cl
C-993,-3.45,N[S](=O)(=O)C1=CC(=CC=C1Cl)C2(O)NC(=O)C3=C2C=CC=C3
C-994,-3.18,CCCCCC1=C(N=C2C=C(O)C(=O)C3=C2C=CC=C3)C(=NO1)C
C-995,-4.08,CCO/N=C(OC(=O)C1=CC=CC=C1)/C2=C(OC)C(=CC=C2OC)Cl
C-996,-1.27,CC1COC2=C(N3CCN(C)CC3)C(=CC4=C2N1C=C(C(O)=O)C4=O)F
C-997,-1.8,COC1=CC2=C(C=C1OC)C(=NC(=N2)N3CCN(CC3)C(=O)C4CCCO4)N
C-998,-6.69,CCN1C(=C(N=NC2=C(C=C(Cl)C=C2)[N+]([O-])=O)C(=C(C#N)C1=O)C)O
C-999,-4.37,COC1=CC2=C(SC3=C(C=CC=C3)N2CC(C)CN(C)C)C=C1
C-1000,-9.38,ClC1=C(Cl)C(=C(Cl)C(=C1)Cl)C2=C(Cl)C(=CC(=C2Cl)Cl)Cl
C-1001,-2.2,CCC1OC(=O)C(C)C(OC2CC(C)(OC)C(O)C(C)O2)C(C)C(OC3OC(C)CC(C3O)N(C)C)C(C)(CC(C)C(=O)C(C)C(O)C1(C)O)OC
C-1002,-3.9,CC1=C(NC(=O)C2=CC(=C(Cl)C=C2O)[S](N)(=O)=O)C(=CC=C1)C
C-1003,-3.39,CC(=O)NC1=C(N[S](=O)(=O)C2=CC=C(C=C2)[N+]([O-])=O)C=NC=C1
C-1004,-8.52,C1=CC2=CC3=C(C=C2C=C1)C4=CC=CC5=CC=CC3=C45
C-1005,-4.7,CCCCCN1C(=O)CCC(N2C(=O)C3=C(C=CC=C3)C2=O)C1=O
C-1006,-2.72,CC1=CN(C2CC(N=[N+]=[N-])C(COC(=O)C3=CC=NC=C3)O2)C(=O)NC1=O
C-1007,-9.48,ClC1=CC2=C(OC3=C(O2)C(=C(Cl)C(=C3Cl)Cl)Cl)C=C1
C-1008,-8.2,C1=CC2=C(C=C1)C3=C4C(=C2)C=CC5=CC=CC(=C45)C=C3
C-1009,-0.94,COC1=CC=C2C(=CC1=O)C(CCC3=C2C(=C(OC)C(=C3)OC)OC)NC(C)=O
C-1010,-5.6,CCOC(=O)C(C)OC1=CC=C(OC2=NC3=C(O2)C=C(Cl)C=C3)C=C1
C-1011,-4.2,CC(C)O[P](=S)(OC(C)C)SCCN[S](=O)(=O)C1=CC=CC=C1
C-1012,-3.6,CC1=NN=C2CN=C(C3=CC=CC=C3)C4=C(C=CC(=C4)Cl)[N]12
C-1013,-8.7,C1=CC2=C3C(=C1)C=CC=C3C4=CC=CC5=CC=CC2=C45
C-1014,-7.66,C1=CC2=C3C=CC=C4C=CC5=CC=CC(=C2C=C1)C5=C34
C-1015,-2.32,NC1=CC=C(C=C1)[S](=O)(=O)NC2=CC=N[N]2C3=CC=CC=C3
C-1016,-3.64,COC1=CC2=C(N)N=C(N=C2C(=C1OC)OC)N3CCN(CC3)C(=O)OCC(C)(C)O
C-1017,-3.04,N[S](=O)(=O)C1=C(C=C2NCN[S](=O)(=O)C2=C1)C(F)(F)F
C-1018,-5.21,COC1=C2C(=O)C3=C(C=CC=C3)N(C)C2=C4C=CC(C)(C)OC4=C1
C-1019,-4.96,OC(=O)CC1=C(N=C(S1)C2=CC=CC=C2)C3=CC=C(Cl)C=C3
C-1020,-2.89,OC1=CC=C(C=C1)C2(OC(=O)C3=C2C=CC=C3)C4=CC=C(O)C=C4
C-1021,-9.62,ClC1=C(Cl)C(=C(Cl)C(=C1)C2=C(Cl)C(=C(Cl)C(=C2Cl)Cl)Cl)Cl
C-1022,-4.95,CCOC(=O)C1=C[N]2N=C(O[P](=S)(OCC)OCC)C=C2N=C1C
C-1023,-5.66,O=[P](OC1=CC=CC=C1)(OC2=CC=CC=C2)OC3=CC=CC=C3
C-1024,-10.1,ClC1=CC(=C(C(=C1Cl)Cl)C2=C(Cl)C(=C(Cl)C(=C2Cl)Cl)Cl)Cl
C-1025,-10.42,ClC1=C(Cl)C(=C(Cl)C(=C1)Cl)C2=C(Cl)C(=C(Cl)C(=C2Cl)Cl)Cl
C-1026,-10.95,ClC1=CC2=C(OC3=C(O2)C(=C(Cl)C(=C3Cl)Cl)Cl)C=C1Cl
C-1027,-5.82,CSC1=CC2=C(SC3=C(C=CC=C3)N2CCC4CCCCN4C)C=C1
C-1028,-6.78,CCN(CC1=C(Cl)C=CC=C1F)C2=C(C=C(C=C2[N+]([O-])=O)C(F)(F)F)[N+]([O-])=O
C-1029,-8.67,C1=CC2=C(C=C1)C3=CC4=C(C=C3C=C2)C5=C(C=CC=C5)C=C4
C-1030,-5.0,CC\1=C(CC(O)=O)C2=CC(=CC=C2C1=C\C3=CC=C(C=C3)[S](C)=O)F
C-1031,-5.38,ClC1=CC=C(CSC(C[N]2C=NC=N2)=NC3=C(Cl)C=C(Cl)C=C3)C=C1
C-1032,-6.69,CC(C)(C)C1=CC=C(C=C1)C(O)CCCN2CCC(CC2)C(O)(C3=CC=CC=C3)C4=CC=CC=C4
C-1033,-3.58,CC1=CC2=C(C=C1C)N(CC(O)C(O)C(O)CO)C3=NC(=O)NC(=O)C3=N2
C-1034,-11.48,ClC1=CC2=C(OC3=C2C(=C(Cl)C(=C3Cl)Cl)Cl)C(=C1Cl)Cl
C-1035,-5.67,CCOC(=O)C(C)OC1=CC=C(OC2=NC3=C(S2)C=C(Cl)C=C3)C=C1
C-1036,-4.62,COC1=CC=C2[N](C(=C(CC(O)=O)C2=C1)C)C(=O)C3=CC=C(Cl)C=C3
C-1037,-4.08,CC1=NN=C2CN=C(C3=CC=CC=C3Cl)C4=C(C=CC(=C4)Cl)[N]12
C-1038,-4.47,COC1=CC2=C(C=C1OC)C3C(CO2)OC4=C(C=CC5=C4CC(O5)C(C)=C)C3=O
C-1039,-7.92,CC1(C)CNC(NC1)=N\N=C(/C=C/C2=CC=C(C=C2)C(F)(F)F)\C=C\C3=CC=C(C=C3)C(F)(F)F
C-1040,-3.78,CN1C(CCl)NC2=C(C=C(C(=C2)Cl)[S](N)(=O)=O)[S]1(=O)=O
C-1041,-5.02,CC(OC1=CC=C(OC2=NC3=C(C=C(Cl)C=C3)N=C2)C=C1)C(=O)OC4CCCO4
C-1042,-3.28,CN(C)C1C2CC3C(=C(O)C2(O)C(=O)C(=C1O)C(N)=O)C(=O)C4=C(C=CC=C4O)C3(C)O
C-1043,-10.82,ClC1=C(Cl)C(=C(C(=C1Cl)Cl)C2=C(Cl)C(=C(Cl)C(=C2Cl)Cl)Cl)Cl
C-1044,-2.32,CC(=O)NCC1=C(I)C(=C(I)C(=C1I)NC(C)=O)C(O)=O
C-1045,-3.18,N[S](=O)(=O)C1=C(Cl)C=C2NC(N[S](=O)(=O)C2=C1)C(Cl)Cl
C-1046,-2.21,COC(=O)C1=C(C=CS1)[S](=O)(=O)NC(=O)NC2=NC(=NC(=N2)C)OC
C-1047,-3.53,COC(=O)C1=C(C[S](=O)(=O)NC(=O)NC2=NC(=CC(=N2)OC)OC)C=CC=C1
C-1048,-4.58,CCOC(=O)C1=CC=CC=C1[S](=O)(=O)NC(=O)NC2=NC(=CC(=N2)OC)Cl
C-1049,-11.65,ClC1=C(Cl)C(=C2OC3=C(OC2=C1)C(=C(Cl)C(=C3Cl)Cl)Cl)Cl
C-1050,-4.5,CN1C(=C(O)C2=C(C=CC=C2)[S]1(=O)=O)C(=O)NC3=CC=CC=N3
C-1051,-4.74,CC1=CC=C(C=C1)C2=CC(=N[N]2C3=CC=C(C=C3)[S](N)(=O)=O)C(F)(F)F
C-1052,-3.15,CN(C)C1C2C(O)C3C(=C(O)C2(O)C(=O)C(=C1O)C(N)=O)C(=O)C4=C(C=CC=C4O)C3(C)O
C-1053,-11.58,ClC1=C(Cl)C2=C(C(=C1Cl)Cl)C3=C(O2)C(=C(Cl)C(=C3Cl)Cl)Cl
C-1054,-4.27,OC1=C(CC2=C(O)C3=CC=CC=C3OC2=O)C(=O)OC4=C1C=CC=C4
C-1055,-8.32,CC(C)C(C(=O)OC(C#N)C1=CC(=CC=C1)OC2=CC=CC=C2)C3=CC=C(Cl)C=C3
C-1056,-9.03,C1=CC2=C3C(=C1)C=CC4=C3C5=C(C=CC6=CC=CC2=C56)C=C4
C-1057,-5.85,CC(OC1=CC=C(OC2=NC3=CC=C(Cl)C=C3N=C2)C=C1)C(=O)OCCON=C(C)C
C-1058,-12.79,ClC1=C(Cl)C(=C2OC3=C(OC2=C1Cl)C(=C(Cl)C(=C3Cl)Cl)Cl)Cl
C-1059,-6.52,C[N]1N=C(C)C(=C1OCC(=O)C2=CC=C(C)C=C2)C(=O)C3=CC=C(Cl)C(=C3Cl)C
C-1060,-1.92,CN1C(=C(O)C2=CC=CC=C2[S]1(=O)=O)C(=O)NC3=NC=C(C)S3
C-1061,-5.76,CN(C)C(CS[S](=O)(=O)C1=CC=CC=C1)CS[S](=O)(=O)C2=CC=CC=C2
C-1062,-8.17,CC(C)(C)C1=CC(=CC(=C1SC(C)(C)SC2=C(C=C(O)C=C2C(C)(C)C)C(C)(C)C)C(C)(C)C)O
C-1063,-3.9,CCOC(=O)NC1=CC2=C(SC3=C(C=CC=C3)N2C(=O)CCN4CCOCC4)C=C1
C-1064,-7.19,CO[P](=S)(OC)OC1=CC=C(SC2=CC=C(O[P](=S)(OC)OC)C=C2)C=C1
C-1065,-8.09,FC1=C(NC(=O)NC(=O)C2=C(F)C=CC=C2F)C=CC(=C1)OC3=CC=C(C=C3Cl)C(F)(F)F
C-1066,-3.89,COC(=O)C1=CC=C(N=C1[S](=O)(=O)NC(=O)NC2=NC(=CC(=N2)OC)OC)C(F)(F)F
C-1067,-4.0,CN(CC1=NC2=C(N=C1)N=C(N)N=C2N)C3=CC=C(C=C3)C(=O)NC(CCC(O)=O)C(O)=O
C-1068,-6.9,C[N]1N=C(C)C(=C1O[S](=O)(=O)C2=CC=C(C)C=C2)C(=O)C3=C(Cl)C=C(Cl)C=C3
C-1069,-8.83,C1=CC2=C3C4=C1C=CC5=C4C6=C(C=C5)C=CC7=C6C3=C(C=C2)C=C7
C-1070,-8.9,COC1=C(C=C(NC(C)=O)C(=C1)N=NC2=C(Br)C=C(C=C2[N+]([O-])=O)[N+]([O-])=O)N(CCC#N)CC=C
C-1071,-3.47,COC1=CC(=CC(=C1O)OC)C2C3C(COC3=O)C(OC4OC5COC(C)OC5C(O)C4O)C6=C2C=C7OCOC7=C6
C-1072,-9.98,BrC1=C(Br)C(=C(OC2=C(Br)C(=C(Br)C(=C2Br)Br)Br)C(=C1Br)Br)Br
C-1073,-4.64,CCC1NC(=O)C(C(O)C(C)C\C=C\C)N(C)C(=O)C(C(C)C)N(C)C(=O)C(CC(C)C)N(C)C(=O)C(CC(C)C)N(C)C(=O)C(C)NC(=O)C(C)NC(=O)C(CC(C)C)N(C)C(=O)C(NC(=O)C(CC(C)C)N(C)C(=O)CN(C)C1=O)C(C)C
C-1074,0.25,N#CCC#N
C-1075,-1.0,CC(C)N(N=O)C(C)C
C-1076,0.03,NC(=O)CCl
C-1077,-0.67,CC(C)(C)C(O)=O
C-1078,0.2,N#CCCC#N
C-1079,0.53,CNCC(O)=O
C-1080,-1.35,CC(C)(O)C(Cl)(Cl)Cl
C-1081,-1.81,OC(=O)C1CCCCC1
C-1082,-0.86,CN(N=O)C(N)=O
C-1083,0.2,C[S](C)(=O)=O
C-1084,-3.3,CCCCCCCCCCC(O)=O
C-1085,-0.51,OC(=O)CCCCCC(O)=O
C-1086,-2.31,CSC1=NN=C(C(=O)N1N)C(C)(C)C
C-1087,-1.5,NC(CC(O)=O)C(O)=O
C-1088,0.98,NC1=NC=CC=C1
C-1089,-0.46,OC1=CC=CN=C1
C-1090,1.02,O=C1NC=CC=C1
C-1091,-0.42,N#CC1=CC=NC=C1
C-1092,0.11,N#CC1=CC=CN=C1
C-1093,-0.21,OC1=CC=C(F)C=C1
C-1094,-3.81,CC(=C\CO)/C=C/C=C(C)/C=C/C1=C(C)CCCC1(C)C
C-1095,-0.64,NC1=CC=CC(=C1)O
C-1096,-0.89,O=C1C=CC(=O)C=C1
C-1097,0.85,CO[P](N)(=O)SC
C-1098,-0.5,OC(=O)C1=CC=CO1
C-1099,-1.5,CC1=C(C)C=C(N)C=C1
C-1100,-1.69,NC1=CC=C(Cl)C=C1
C-1101,-0.69,OC1=CC=C(Cl)C=C1
C-1102,-2.68,CCC(Br)(CC)C(=O)NC(N)=O
C-1103,-0.71,OC1=CC(=CC=C1)Cl
C-1104,-0.77,COC1=CC=C(N)C=C1
C-1105,-1.96,CCC(CC)(C(=O)NC(N)=O)C(=O)OC
C-1106,-0.67,COC1=CC=C(O)C=C1
C-1107,-3.78,CC(C)OC(=O)C(C(=O)OC(C)C)=C1SCCS1
C-1108,-2.08,CCOC(=O)C(CC)(CC)C(=O)NC(N)=O
C-1109,-1.37,OC(=O)C1=CC=NC=C1
C-1110,-0.27,OC(=O)C1C2CCC(O2)C1C(O)=O
C-1111,0.89,OC(=O)C1=CC=CC=N1
C-1112,-1.29,CCOC1=CC=C(O)C=C1
C-1113,-1.63,CC1=NC=C([NH]1)[N+]([O-])=O
C-1114,-2.77,CCC(CC)(C(=O)NC(N)=O)C(=O)OC(C)C
C-1115,-1.26,CC1=CC(=O)NC(=O)N1
C-1116,-2.17,CCC(CC)(C(=O)NC(N)=O)C(=O)OCOC
C-1117,-1.92,NC(=S)C1=CC=CC=C1
C-1118,-1.59,NC1=NC(=NC(=N1)N)N
C-1119,-3.37,ClCCN(N=O)C(=O)NC1CCCCC1
C-1120,-0.46,COC(=O)C1=CN=CC=C1
C-1121,-1.29,O=C1CC(=O)NC(=O)N1
C-1122,-1.21,CC(=O)C1=CC=C(N)C=C1
C-1123,-2.49,CC1=CC=C(C=C1)[N+]([O-])=O
C-1124,-2.17,COC(=O)C(CC=C)(CC=C)C(=O)NC(N)=O
C-1125,-1.13,CC(=O)C1=CC=C(O)C=C1
C-1126,-1.99,OC1=CC2=C(CCCC2)C=C1
C-1127,-1.45,NC1=CC=CC(=C1)C(O)=O
C-1128,-3.25,NC1=CC(=C(Cl)C=C1)Cl
C-1129,-2.67,CC1=C(Cl)C(=CC(=C1)O)C
C-1130,-0.52,OCNC(=O)C1=CC=CC=C1
C-1131,-1.56,OC1=C(Cl)C=C(Cl)C=C1
C-1132,-2.28,NC1=CC=C(C=C1)[N+]([O-])=O
C-1133,-1.16,C[N]1C(=NC=C1[N+]([O-])=O)C
C-1134,-2.52,CCC1=CC=C(C=C1)C(O)=O
C-1135,-2.0,OC(=O)CCCCC1=CC=CC=C1
C-1136,-1.15,CC(C)C1=NC(=C[NH]1)[N+]([O-])=O
C-1137,-1.72,COC1=CC=C(C=C1)C(N)=O
C-1138,-2.84,[O-][N+](=O)C1=CC=C(Cl)C=C1
C-1139,-1.72,COC1=CC=CC(=C1)C(N)=O
C-1140,-2.76,[O-][N+](=O)C1=CC=CC(=C1)Cl
C-1141,-2.16,[NH]1N=CC2=C1C=CC=C2
C-1142,-1.77,[NH]1C=NC2=C1C=CC=C2
C-1143,-2.42,COC1=CC=C(C=C1)[N+]([O-])=O
C-1144,-3.9,CC(C)(C)C(=O)OCN1C=C(F)C(=O)N(COC(=O)C(C)(C)C)C1=O
C-1145,-1.16,O1C=NC2=C1C=CC=C2
C-1146,0.42,CN(C)CNC(=O)C1=CC=CC=C1
C-1147,-2.11,CC1=C(C=CC(=C1)O)[N+]([O-])=O
C-1148,-1.71,OC1=CC=C(I)C=C1
C-1149,-2.75,CC1=CC(=C(C=C1)[N+]([O-])=O)O
C-1150,-2.55,CC1=CC(=C(O)C=C1)[N+]([O-])=O
C-1151,0.62,[NH]1C=NC2=C1C=NC=N2
C-1152,-0.93,OCC(C(O)=O)C1=CC=CC=C1
C-1153,-1.63,O=CC1=CC2=C(OCO2)C=C1
C-1154,-1.64,CC1=CC=CC(=C1[N+]([O-])=O)O
C-1155,-3.08,CCCCC1=CC=C(C=C1)C(O)=O
C-1156,-1.81,CC(=O)OCN1C=C(F)C(=O)N(COC(C)=O)C1=O
C-1157,-3.0,CCOC(=O)C(C)(C(=O)NC(=O)NC)C1=CCCCC1
C-1158,-2.05,OC1=C(C=CC(=C1)F)[N+]([O-])=O
C-1159,-1.26,CC(C)C1=NC=C([N]1C)[N+]([O-])=O
C-1160,-2.49,CNC(=O)OC1=CC(=C(C)C=C1)C
C-1161,-2.58,CNC(=O)OC1=CC(=CC(=C1)C)C
C-1162,-3.09,OC1=C(C=C(Cl)C=C1)[N+]([O-])=O
C-1163,-0.74,CC(O)C[N]1C(=NC=C1[N+]([O-])=O)C
C-1164,0.17,O[P](O)(=O)C1=CC=CC=C1
C-1165,-2.84,COC1=CC(=C(O)C=C1)[N+]([O-])=O
C-1166,-3.93,CN(C)C(=O)SCCCCOC1=CC=CC=C1
C-1167,-3.2,[O-][N+](=O)C1=CC(=C(Cl)C=C1)Cl
C-1168,-4.33,COC1=C(Cl)C=C(Cl)C=C1Cl
C-1169,-3.01,S1C=CC2=C1C=CC=C2
C-1170,-1.64,NC(=O)COC(=O)C1=CC=CC=C1
C-1171,-2.95,OC1=C(C=C(C=O)C=C1)[N+]([O-])=O
C-1172,-3.75,CCCCCOC(=O)C1=CC=C(N)C=C1
C-1173,-1.64,O=C1CCC2=CC=CC3=C2N1CC3
C-1174,-2.19,CC1=CC2=C(C=CC=C2)C=N1
C-1175,-4.39,CC1=C(Cl)C=C(C(=C1)O)[N+]([O-])=O
C-1176,-4.51,CCCCCCOC(=O)C1=CC=C(N)C=C1
C-1177,-1.72,CNC(=O)COC(=O)C1=CC=CC=C1
C-1178,0.65,CNC(=O)\C=C(C)\O[P](=O)(OC)OC
C-1179,-2.53,CCC(C)C1=C(OC(=O)NC)C=CC=C1
C-1180,-5.14,CCCCCCCOC(=O)C1=CC=C(N)C=C1
C-1181,-3.15,CCCCC1=C(C)N=C(NCC)NC1=O
C-1182,-4.33,CN(C)C(=O)NC1=CC(=C(C)C=C1)Cl
C-1183,-2.01,CCC(CC)(C(=O)NC(N)=O)C(=O)OCC(=O)OC
C-1184,-0.95,OC(=O)CONC(=O)C1=CC=CC=C1
C-1185,-1.24,COC(=O)C1=CC(=C(O)C(=C1)O)O
C-1186,-3.05,COC1=C(O)C=CC(=C1)\C=C\C(O)=O
C-1187,-2.95,S=C1NC=NC2=C1N=C[NH]2
C-1188,-2.24,CCNC(=O)COC(=O)C1=CC=CC=C1
C-1189,-2.28,CNC(=O)N1C=C(F)C(=O)NC1=O
C-1190,-0.7,CCC(=O)N1C(=O)NC=C(F)C1=O
C-1191,-4.47,NC1=C(Cl)C=C(C=C1Cl)[N+]([O-])=O
C-1192,-2.04,CCNC1=NC(=NC(=N1)OC)NC(C)C
C-1193,-2.36,CNC(=O)OC1=CC(=C(C=C1)N(C)C)C
C-1194,-0.96,CNC(=O)CS[P](=S)(OC)OC
C-1195,-1.37,CN(C)C(=O)COC(=O)C1=CC=CC=C1
C-1196,-2.05,CNC(=O)OC1=C(OC(C)C)C=CC=C1
C-1197,-0.91,COC(=O)N1C=C(F)C(=O)NC1=O
C-1198,-4.78,NC1=NC2=C(N=C[NH]2)C(=O)N1
C-1199,-0.67,CC(=O)OCN1C=C(F)C(=O)NC1=O
C-1200,-2.09,CCSCC1=CC=CC=C1OC(=O)NC
C-1201,-1.84,COC(=O)C1=CC=CC=C1OC(C)=O
C-1202,-2.74,OC1=C(C=C(C=C1)[N+]([O-])=O)[N+]([O-])=O
C-1203,-3.87,O=C1NC(=O)C2=C([NH]C=N2)N1
C-1204,-1.2,CC(=O)OCN1C(=O)NC=C(F)C1=O
C-1205,-4.43,CCNC1=NC(=NC(=N1)Cl)NC(C)(C)C
C-1206,-1.43,OC(=O)C1=C(Cl)C(=CC=C1Cl)Cl
C-1207,-2.54,CCCNC(=O)COC(=O)C1=CC=CC=C1
C-1208,-2.73,CCNC1=NC(=NC(=N1)NCC)SC
C-1209,-1.84,C[N]1C(=NC=C1[N+]([O-])=O)COC(N)=O
C-1210,-2.55,CNC1=NC(=NC(=N1)NC(C)C)SC
C-1211,-1.91,CCC(C)([S](=O)(=O)CC)[S](=O)(=O)CC
C-1212,-2.73,CC(C)NC(=O)COC(=O)C1=CC=CC=C1
C-1213,-3.94,[O-][N+](=O)C1=C(Cl)C(=C(Cl)C=C1)Cl
C-1214,-2.13,CCNC(=O)N1C=C(F)C(=O)NC1=O
C-1215,-0.95,NCCC1=C[NH]C2=C1C=C(O)C=C2
C-1216,-1.94,NC1=[N+]([O-])C(=NC(=C1)N2CCCCC2)N
C-1217,-1.46,CCOC(=O)OCN1C(=O)NC=C(F)C1=O
C-1218,-4.45,CCCC(C)C(=O)NC1=CC(=C(C)C=C1)Cl
C-1219,-0.32,CC(C)NCC(O)COC1=C(OCC=C)C=CC=C1
C-1220,-2.74,OC1=CC2=C(C=CC=C2)C=C1O
C-1221,-3.9,CC(C#C)N(C)C(=O)NC1=CC=C(Cl)C=C1
C-1222,-2.56,COC1=NC(=NC(=N1)NC(C)C)NC(C)C
C-1223,-1.47,CCOC(=O)N1C=C(F)C(=O)NC1=O
C-1224,-1.95,OC1=CC2=C(C=CC=C2)C(=C1)O
C-1225,-1.53,CN(C)C(=O)N1C=C(F)C(=O)NC1=O
C-1226,-3.24,CCNC1=NC(=NC(=N1)OC)NC(C)(C)C
C-1227,-1.61,O=C(COC(=O)C1=CC=CC=C1)N2CCC2
C-1228,-1.57,CNC(=O)OC1=C(C=CC=C1)C2OCCO2
C-1229,-0.81,CCC(=O)OCN1C=C(F)C(=O)NC1=O
C-1230,-0.45,CCOC(=O)N1C(=O)NC=C(F)C1=O
C-1231,-2.76,CCCCNC(=O)COC(=O)C1=CC=CC=C1
C-1232,-5.48,CCC(C)(C)C(=O)OC1CC(C)C=C2C=CC(C)C(CCC3CC(O)CC(=O)O3)C12
C-1233,-2.03,CC(C)(C)C(=O)OCN1C=C(F)C(=O)NC1=O
C-1234,-2.87,CC(C)(C)NC(=O)COC(=O)C1=CC=CC=C1
C-1235,-2.57,OC(C1=CC=CC=C1)C2=CC=CC=C2
C-1236,-2.07,CCN(CC)C(=O)COC(=O)C1=CC=CC=C1
C-1237,-1.31,CCCC(=O)OCN1C=C(F)C(=O)NC1=O
C-1238,-1.57,O=C(COC(=O)C1=CC=CC=C1)N2CCCC2
C-1239,-1.84,CC(C)(C)NCC(O)COC1=C(C=CC=C1)C2CCCC2
C-1240,-3.92,CNC(=O)OC1=CC(=C(SC)C(=C1)C)C
C-1241,-1.71,CN(C)C(=O)COC(=O)C1=C(O)C=CC=C1
C-1242,-2.45,CCCCNC(=O)N1C=C(F)C(=O)NC1=O
C-1243,-2.15,NC1=C(O)C(=CC(=C1)[N+]([O-])=O)[N+]([O-])=O
C-1244,-5.42,CCC(C)C(=O)OC1CCC=C2C=CC(C)C(CCC3CC(O)CC(=O)O3)C12
C-1245,-1.59,CCCCOC(=O)N1C=C(F)C(=O)NC1=O
C-1246,-2.09,COCCN(C(=O)CCl)C1=C(C)C=CC=C1C
C-1247,-3.07,CC1=CC(=O)C2=C(C=CC=C2)C1=O
C-1248,-1.89,CC(C)COC(=O)N1C=C(F)C(=O)NC1=O
C-1249,-1.37,CCN(CCO)C(=O)COC(=O)C1=CC=CC=C1
C-1250,-1.91,FC1=CN(C(=O)NC1=O)C(=O)OCCCl
C-1251,-2.9,CON(C)C(=O)NC1=CC=C(Br)C=C1
C-1252,-1.77,O=C(COC(=O)C1=CC=CC=C1)N2CCOCC2
C-1253,-4.07,N#CC(=N\OCC1OCCO1)/C2=CC=CC=C2
C-1254,-2.72,CN1CCC23CCCCC2C1CC4=C3C=C(O)C=C4
C-1255,-2.0,CO[P](=S)(OC)SCC(=O)N(C)C=O
C-1256,-4.52,COC(=O)NC1=NC2=CC=CC=C2[NH]1
C-1257,-3.35,CCC(C)C(=O)OC1CC(O)C=C2C=CC(C)C(CCC3CC(O)CC(=O)O3)C12
C-1258,-1.5,NC(=O)CNC(=O)COC(=O)C1=CC=CC=C1
C-1259,-5.77,[O-][N+](=O)C1=C(Cl)C(=CC(=C1Cl)Cl)Cl
C-1260,-4.2,CCSC1=NC(=NC(=N1)NC(C)C)NC(C)C
C-1261,-3.4,OC(=O)CCCC1=CC=C(C=C1)N(CCCl)CCCl
C-1262,-2.56,C=CCN(CC=C)C(=O)COC(=O)C1=CC=CC=C1
C-1263,-3.34,CC(C)N(C(C)C)C(=O)COC(=O)C1=CC=CC=C1
C-1264,0.43,OCCN(CCO)C(=O)COC(=O)C1=CC=CC=C1
C-1265,-1.35,OC1CCN(CC1)C(=O)COC(=O)C2=CC=CC=C2
C-1266,-1.08,NC1=NC2=C(C=N1)N=C[N]2COCCO
C-1267,-2.24,CCCCCCOC(=O)N1C=C(F)C(=O)NC1=O
C-1268,-1.93,OC(C(O)C1=CC=CC=C1)C2=CC=CC=C2
C-1269,-2.56,CCN(CC)C(=O)COC(=O)C1=C(O)C=CC=C1
C-1270,-2.93,COCCCNC1=NC(=NC(=N1)NC(C)C)SC
C-1271,-2.21,CC(=O)NC1=CC=C(C=C1)[S](N)(=O)=O
C-1272,-3.48,COC1=CC2=C(CC3C4CCCCC24CCN3C)C=C1
C-1273,-3.08,CNC1=CC=C(C=C1)[S](=O)(=O)N(C)C
C-1274,-4.78,ClC1=C(OC2=CC=CC=C2)C=CC=C1
C-1275,-1.27,OCC(CO)(CO)NC(=O)COC(=O)C1=CC=CC=C1
C-1276,-0.92,CN(CC(N)=O)C(=O)COC(=O)C1=CC=CC=C1
C-1277,-4.18,CCCCCCCCNC(=O)N1C=C(F)C(=O)NC1=O
C-1278,-3.26,CC1CCCC(C)N1C(=O)COC(=O)C2=CC=CC=C2
C-1279,-2.72,CC(NC(=O)COC(=O)C1=CC=CC=C1)C(N)=O
C-1280,-1.57,COCCN(CCOC)C(=O)COC(=O)C1=CC=CC=C1
C-1281,-1.79,CC(=O)OC1=CC=CC=C1C(=O)OCC(N)=O
C-1282,-2.92,CON(C1CCCCC1)C(=O)C2=C(C)OC(=C2)C
C-1283,-3.92,CON(C)C(=O)NC1=CC=C(Br)C(=C1)Cl
C-1284,-2.73,OC(=O)C1=C(C=CC=C1)C2=CC=CC=C2
C-1285,-3.24,CC1=C(C=C(C=C1[N+]([O-])=O)[N+]([O-])=O)[N+]([O-])=O
C-1286,-3.05,CN(C)C1=CC=C(C=C1)N=NC2=CC=CC=C2
C-1287,-1.67,CCOC(=O)CN(C)C(=O)COC(=O)C1=CC=CC=C1
C-1288,-2.56,CC(=O)OC[N]1N=CC2=C1N=CNC2=O
C-1289,-7.48,CC(C)(C)N1N=CC(=C(Cl)C1=O)SCC2=CC=C(C=C2)C(C)(C)C
C-1290,-2.14,OC(=O)C1CCN1C(=O)COC(=O)C2=CC=CC=C2
C-1291,-2.05,CC1=NN=C(C2=CC=CC=C2)C(=O)N1N
C-1292,-4.05,FC(F)(F)C1=CC=CC(=C1)N2CC(CCl)C(Cl)C2=O
C-1293,-3.67,C1=CC=C2N=C3C=CC=CC3=CC2=C1
C-1294,-3.16,CN1C=CSC1=NC2=C(C)C=C(C)C=C2
C-1295,-1.68,CCNC(=O)COC(=O)C1=CC=CC=C1OC(C)=O
C-1296,-2.78,C1=CC2=CN=C3C=CC=CC3=C2C=C1
C-1297,-2.58,CCOC(=O)COC(=O)C1=CC=CC=C1OC(C)=O
C-1298,-1.55,CN(C)C(=O)COC(=O)C1=CC=CC=C1OC(C)=O
C-1299,-2.37,CN(C)[S](=O)(=O)C1=CC=C(C=C1)N(C)C=O
C-1300,-0.82,ClCCN(CCCl)[P]1(=O)NCCCO1
C-1301,-0.97,CC(=O)OCCOC[N]1C=NC2=C1N=C(N)N=C2
C-1302,-1.78,CC(=O)OC1=CC=CC=C1C(=O)OC[S](C)=O
C-1303,-2.27,NC(=O)C1CCCN1C(=O)COC(=O)C2=CC=CC=C2
C-1304,-4.41,OC1=CC=C(C=C1[N+]([O-])=O)C2=CC=CC=C2
C-1305,-3.15,CN1CCC23C4OC5=C(O)C=CC(=C25)CC1C3C=CC4O
C-1306,-2.87,NC1=C(Cl)C(=O)N(N=C1)C2=CC=CC=C2
C-1307,-5.04,CC1(OC(=O)N(C1=O)C2=CC(=CC(=C2)Cl)Cl)C=C
C-1308,-1.59,OC(=O)C1CCCN1C(=O)COC(=O)C2=CC=CC=C2
C-1309,-2.2,CCCC(=O)OC[N]1C=C2C(=O)NC=NC2=N1
C-1310,-3.57,CNC(=O)N(C)C1=NC2=C(S1)C=CC=C2
C-1311,-2.83,CCCC(=O)OC[N]1N=CC2=C1N=CNC2=O
C-1312,-3.8,ClC1=NC=CC(=C1)NC(=O)NC2=CC=CC=C2
C-1313,0.62,CC(O)C[N]1C=NC2=C1C(=O)N(C)C(=O)N2C
C-1314,-0.86,CC(=O)NC1=NC2=C(C=N1)N=C[N]2COCCO
C-1315,-3.29,CC1=C(N(C2CCOC2=O)C(=O)CCl)C(=CC=C1)C
C-1316,-2.3,CN(C)[S](=O)(=O)C1=CC=C(C=C1)N(C)C(C)=O
C-1317,-5.94,ClC1=CC=CC(=C1Cl)C2=CC=CC=C2Cl
C-1318,-1.6,COCC(=O)N(C(C)C(=O)OC)C1=C(C)C=CC=C1C
C-1319,-2.11,CCN(CC)C(=O)COC(=O)C1=CC=CC=C1OC(C)=O
C-1320,-2.17,CC(C)(C)C(=O)OC[N]1C=C2C(=O)NC=NC2=N1
C-1321,-4.22,NC1=C2C=C3C=CC=CC3=NC2=CC=C1
C-1322,-6.81,CC1(C)C(C=C(Cl)Cl)C1C(=O)OCC2=C(F)C(=CC(=C2F)F)F
C-1323,-2.68,CC(C)(C)C(=O)OC[N]1N=CC2=C1N=CNC2=O
C-1324,-5.4,ClC(Cl)C(Cl)(Cl)SN1C(=O)C2CC=CCC2C1=O
C-1325,-3.22,ClC1=CC(=C(C=C1)C(C[N]2C=CN=C2)OCC=C)Cl
C-1326,-4.92,O=C(OC1CCCCC1)C2=CC=CC=C2C(=O)OC3CCCCC3
C-1327,-5.88,CC(C)OC(=O)C1=CC(=CC(=C1)[N+]([O-])=O)C(=O)OC(C)C
C-1328,-6.77,ClC1=C(Cl)C(=CC(=C1)OC2=CC=CC=C2)Cl
C-1329,-1.23,OCC1OC(C(O)C1O)[N]2C=NC3=C2N=CNC3=O
C-1330,-2.7,CC(=O)OCCOC[N]1C=NC2=C1N=C(N)NC2=O
C-1331,-3.35,CN(C(=O)NC(C)(C)C1=CC=CC=C1)C2=CC=CC=C2
C-1332,-3.93,CC(C)(C)C(O)(CCC1=CC=C(Cl)C=C1)C[N]2C=NC=N2
C-1333,-2.48,CCC(=O)N(C)C1=CC=C(C=C1)[S](=O)(=O)N(C)C
C-1334,-6.58,ClC1=CC(=C(OC2=CC=CC=C2)C=C1Cl)Cl
C-1335,-5.33,CCOC(=O)C(C)C1=CC2=CC=C(OC)C=C2C=C1
C-1336,-1.8,CC(=O)OC1=CC=CC=C1C(=O)OCC(=O)N2CCOCC2
C-1337,-3.7,CO[P]1(=S)OCC2=C(O1)C=CC=C2
C-1338,-3.39,CC(=O)OC1=CC=CC=C1C(=O)OC[S](C)(=O)=O
C-1339,-2.96,NC1=C(C=CC2=C1C=CC=C2)[S](O)(=O)=O
C-1340,-6.43,CCCCCCC(C)OC(=O)COC1=NC(=C(Cl)C(=C1Cl)N)F
C-1341,-4.64,FC1=CC=C(C=C1)N2C(=O)C(=C(Cl)C2=O)Cl
C-1342,-2.26,FC1=CNC(=O)N(C1=O)C(=O)C2=CC=CC=C2
C-1343,-2.65,CCCN(CCC)C(=O)COC(=O)C1=CC=CC=C1OC(C)=O
C-1344,-3.2,CC1=CC(=NC(=N1)NN=C(C)C2=CC=CC=C2C)C
C-1345,-2.52,CC(=O)OC1=CC=CC=C1C(=O)OCC(=O)NCC(N)=O
C-1346,-2.16,CCCC(=O)N(C)C1=CC=C(C=C1)[S](=O)(=O)N(C)C
C-1347,-2.83,CCN(CC)CCCC(C)NC1=CC=NC2=C1C=CC(=C2)Cl
C-1348,-1.6,CCN(CC)C(=O)C(C)OC(=O)C1=CC=CC=C1OC(C)=O
C-1349,-3.25,CC(C)N(C(C)C)C(=O)COC(=O)C1=CC=CC=C1OC(C)=O
C-1350,-1.92,CC(=O)NC1=NC2=C(N=C[N]2COCCO)C(=O)N1
C-1351,-5.06,CC1=C(NC2=CC=CC=C2C(O)=O)C=CC=C1Cl
C-1352,-2.7,CCN1C=C(C(=O)OC)C(=O)C2=C1N=C(C)C=C2
C-1353,-6.88,ClC1=CC=C(C=C1)C2=C(Cl)C(=C(Cl)C=C2)Cl
C-1354,-2.82,FC1=CN(C(=O)NC1=O)C(=O)OCC2=CC=CC=C2
C-1355,-5.85,CC1C(SC(=O)N1C(=O)NC2CCCCC2)C3=CC=C(Cl)C=C3
C-1356,-5.21,FC1(F)OC2=CC=CC(=C2O1)C3=C[NH]C=C3C#N
C-1357,-2.44,FC1=CN(C(=O)NC1=O)C(=O)OC2=CC=CC=C2
C-1358,-2.85,CCCCC(=O)N(C)C1=CC=C(C=C1)[S](=O)(=O)N(C)C
C-1359,-2.61,OC(=O)CN1C(=O)SC2=C1C(=CC=C2)Cl
C-1360,-5.47,CN(C=NC1=C(C)C=C(C)C=C1)C=NC2=C(C)C=C(C)C=C2
C-1361,-1.79,CCN(CC)CC(=O)OC[N]1N=CC2=C1N=CNC2=O
C-1362,-3.22,FC1=CNC(=O)N(C(=O)OC2=CC=CC=C2)C1=O
C-1363,-4.27,CCCCC(O)(C[N]1C=NC=N1)C2=C(Cl)C=C(Cl)C=C2
C-1364,-2.74,NC1=NC2=C(N=C[N]2C3OC(CO)C(O)C3O)C(=O)N1
C-1365,-4.46,OC1=C(OC2=CC=C(Cl)C=C2Cl)C=CC(=C1)Cl
C-1366,-4.11,CC(=O)OC1=CC=CC=C1C(=O)OC2=CC=CC=C2
C-1367,-3.24,CC(=O)NC1=C(C)C=C(C)C(=C1)N[S](=O)(=O)C(F)(F)F
C-1368,-4.46,CN(C)CC/C=C/1C2=C(CCC3=CC=CC=C13)C=CC=C2
C-1369,-4.21,CC1=CC=CC(=C1N(C[N]2C=CC=N2)C(=O)CCl)C
C-1370,-5.03,NC1=C(Cl)C(=CC=C1[N+]([O-])=O)OC2=CC=CC=C2
C-1371,-3.66,COC1=C2OC(=O)C=CC2=CC3=C1OC=C3
C-1372,-2.95,CCCCCC(=O)N(C)C1=CC=C(C=C1)[S](=O)(=O)N(C)C
C-1373,-0.73,CC(=O)NC1=NC2=C(C=N1)N=C[N]2COCCOC(C)=O
C-1374,-4.05,CC(C)(C)C(O)C(CC1=CC=C(Cl)C=C1)[N]2C=NC=N2
C-1375,-1.9,CCN(CC)C(=O)NC1=CC(=C(OCC(O)CNC(C)(C)C)C=C1)C(C)=O
C-1376,-7.32,CC1=C(F)C(=C(COC(=O)C2C(\C=C(Cl)\C(F)(F)F)C2(C)C)C(=C1F)F)F
C-1377,-1.87,CCOC(=O)CNC(=O)COC(=O)C1=CC=CC=C1OC(C)=O
C-1378,-6.82,ClC1=CC(=C(OC2=CC=C(Cl)C=C2Cl)C=C1)Cl
C-1379,-4.68,CO[P](=S)(OC)OC1=C(Cl)C=C(C=C1)[N+]([O-])=O
C-1380,-2.45,FC1=CNC(=O)N(COC(=O)OC2=CC=CC=C2)C1=O
C-1381,-3.89,CCCCOC(=O)C1(O)C2=CC=CC=C2C3=C1C=CC=C3
C-1382,-3.68,CCCCCCC(=O)N(C)C1=CC=C(C=C1)[S](=O)(=O)N(C)C
C-1383,-3.97,CC(C)(C)C(O)C(OC1=CC=C(Cl)C=C1)[N]2C=NC=N2
C-1384,-3.68,CCCCCCC(=O)N(C)[S](=O)(=O)C1=CC=C(C=C1)N(C)C
C-1385,-3.42,OC(=O)C1=C2C=CC=CC2=CC3=CC=CC=C13
C-1386,-3.59,CCCCCCCC(=O)N(C)C1=CC=C(C=C1)[S](=O)(=O)N(C)C
C-1387,-3.76,CCOC(=O)CN1C(=O)SC2=CC=CC(=C12)Cl
C-1388,-1.99,CC(=O)OC[N]1C=C2C(=O)N(COC(C)=O)C=NC2=N1
C-1389,-2.55,CCOC(=O)CN(C)C(=O)COC(=O)C1=CC=CC=C1OC(C)=O
C-1390,-4.4,CCOC(=O)C(O)(C1=CC=C(Cl)C=C1)C2=CC=C(Cl)C=C2
C-1391,-3.93,COC1=CC=C2C=C(C=CC2=C1)C(C)C(=O)OCC(N)=O
C-1392,-2.47,CO[P](=O)(OC)SCN1C(=O)OC2=CC(=CN=C12)Cl
C-1393,-5.6,CCCN(CCCl)C1=C(C=C(C=C1[N+]([O-])=O)C(F)(F)F)[N+]([O-])=O
C-1394,-3.39,OC1=C2OC3C(=O)CCC4(O)C5CC(=C2C34CCN5CC=C)C=C1
C-1395,-6.04,ClC1=CC=C(CN(C2CCCC2)C(=O)NC3=CC=CC=C3)C=C1
C-1396,-2.77,CC(=O)OC1=CC=CC=C1C(=O)OCN2C(=O)CCC2=O
C-1397,-7.06,ClC1=C(Cl)C(=CC=C1)C2=C(Cl)C=C(Cl)C(=C2)Cl
C-1398,-3.96,CO[P](=S)(OC)OC1=C(Cl)C=C(Br)C(=C1)Cl
C-1399,-4.52,CCOC(=O)NC1=CC(=CC=C1)OC(=O)NC2=CC=CC=C2
C-1400,-4.72,CC(C(O)=O)C1=CC=C(C=C1)N2CC3=C(C=CC=C3)C2=O
C-1401,-5.62,CCCCCC(C)OC(=O)COC1=CC=C(Cl)C2=CC=CN=C12
C-1402,-2.14,CC(=O)NC1=NC2=C(N=C[N]2COCCOC(C)=O)C(=O)N1
C-1403,-7.19,ClC1=CC=C(Cl)C(=C1)C2=C(Cl)C(=CC=C2Cl)Cl
C-1404,-5.41,CN(C)[S](=O)(=O)N(SC(F)(Cl)Cl)C1=CC=CC=C1
C-1405,-4.11,COC(=O)NC(=S)NC1=C(NC(=S)NC(=O)OC)C=CC=C1
C-1406,-2.68,CC(C)N1C(=O)C2=CC=CC=C2N[S]1(=O)=O
C-1407,-3.63,[O-][N+]1=NC(=NC2=C1C=C(Cl)C=C2)[N]3C=CN=C3
C-1408,-3.35,CNC(=O)C(=N\OC)/C1=C(OC2=CC=CC=C2)C=CC=C1
C-1409,-2.22,CC1=C(C)N=C(N[S](=O)(=O)C2=CC=C(N)C=C2)O1
C-1410,-7.67,ClC1=CC=C(OC2=C(Cl)C(=C(Cl)C=C2)Cl)C=C1Cl
C-1411,-3.2,OC(=O)C(=C)CC(=O)C1=CC=C(C=C1)C2=CC=CC=C2Cl
C-1412,-0.99,CCN(CC)C(=O)CCC(=O)OC[N]1N=CC2=C1N=CNC2=O
C-1413,-4.9,COC1=CC=C2C=C(C=CC2=C1)C(C)C(=O)OCC(=O)N(C)C
C-1414,-5.9,CN1CCC(CC1)=C2C3=C(C=CC=C3)C=CC4=C2C=CC=C4
C-1415,-4.53,CC(C)OC1=CC=CC(=C1)NC(=O)C2=C(C=CC=C2)C(F)(F)F
C-1416,-5.59,CN(C)[S](=O)(=O)N(SC(F)(Cl)Cl)C1=CC=C(C)C=C1
C-1417,-4.52,CO[P](=O)(OC)OC(=C\Cl)/C1=C(Cl)C=C(Cl)C(=C1)Cl
C-1418,-5.19,CO/N=C(C(=O)OC)/C1=C(COC2=C(C)C=CC=C2)C=CC=C1
C-1419,-3.62,OC1=CC(=C2C(=O)CC(OC2=C1)C3=CC=C(O)C(=C3)O)O
C-1420,-2.49,CCN1C=C(C(=O)OCOC(C)=O)C(=O)C2=C1N=C(C)C=C2
C-1421,-6.62,CO[P](=S)(OC)OC1=CC(=C(I)C=C1Cl)Cl
C-1422,-3.15,CC1(C)SC2C(NC(=O)COC3=CC=CC=C3)C(=O)N2C1C(O)=O
C-1423,-6.01,COC1=CC=CC(=N1)N(C)C(=S)OC2=CC(=CC=C2)C(C)(C)C
C-1424,-8.52,ClC1=CC(=C(C=C1)C2=CC(=C(Cl)C(=C2Cl)Cl)Cl)Cl
C-1425,-4.05,O=C1NC=NC2=C1C=N[N]2COC(=O)C3=CC=CC=C3
C-1426,-2.1,COCCOC1=C(OC)C=C(CC2=CN=C(N)N=C2N)C=C1OC
C-1427,-3.55,CCCC(=O)OC[N]1C=C2C(=O)N(COC(=O)CCC)C=NC2=N1
C-1428,-7.47,ClC1=CC(=C(C=C1)C2=C(Cl)C(=C(Cl)C=C2Cl)Cl)Cl
C-1429,-2.83,CCN1C=C(C(=O)OCOC(=O)CC)C(=O)C2=C1N=C(C)C=C2
C-1430,-3.58,CCO[P](=S)(OCC)OC1=CC=C(C=C1)[S](C)(=O)=O
C-1431,-4.46,CCN(CC)C(=O)COC(=O)C(C)C1=CC2=CC=C(OC)C=C2C=C1
C-1432,-3.39,COC1=CC=C2C=C(C=CC2=C1)C(C)C(=O)OCC(=O)N(C)CCO
C-1433,-8.86,ClC1=CC2=C(C=C1Cl)C3=C(O2)C=C(Cl)C(=C3)Cl
C-1434,-4.43,CO[P](=S)(OC)SCC(=O)N(C(C)C)C1=CC=C(Cl)C=C1
C-1435,-3.91,CC(C)(C)C(=O)OC[N]1C=C2C(=O)N(COC(=O)C(C)(C)C)C=NC2=N1
C-1436,-7.81,CC1(C)C(C=C(Cl)Cl)C1C(=O)OCC2=CC=CC(=C2)OC3=CC=CC=C3
C-1437,-8.72,ClC1=CC(=C(OC2=CC(=C(Cl)C(=C2)Cl)Cl)C=C1Cl)Cl
C-1438,-5.54,CC(C)OC1=C(Cl)C=C(Cl)C(=C1)N2N=C(OC2=O)C(C)(C)C
C-1439,-4.13,CCO[P](=S)(OCC)OC1=NC2=C(C=CC=C2)N=C1
C-1440,-5.96,CC(C)(C)C1=NN(C(=O)O1)C2=C(Cl)C=C(Cl)C(=C2)OCC#C
C-1441,-8.78,ClC1=CC=C(OC2=C(Cl)C(=C(Cl)C(=C2)Cl)Cl)C=C1Cl
C-1442,-8.36,ClC1=CC(=C(OC2=CC(=C(Cl)C=C2Cl)Cl)C=C1Cl)Cl
C-1443,-4.19,CC(=O)NC1=CC=C(OC(=O)C2=CC=CC=C2OC(C)=O)C=C1
C-1444,-4.26,CC(C)(C)C(=O)OCN1C=NC2=C(C=N[N]2COC(=O)C(C)(C)C)C1=O
C-1445,-8.31,ClC1=C(Cl)C(=C(OC2=CC(=C(Cl)C=C2Cl)Cl)C=C1)Cl
C-1446,-3.11,COC(=O)[N]1C2=C(C=CC=C2)N=C1C3=CSC=N3
C-1447,-8.14,ClC1=C(Cl)C(=C(OC2=CC=C(Cl)C(=C2Cl)Cl)C=C1)Cl
C-1448,-2.95,CCCC(=O)OCOC(=O)C1=CN(CC)C2=C(C=CC(=N2)C)C1=O
C-1449,-8.44,ClC1=CC=C(OC2=C(Cl)C(=C(Cl)C(=C2)Cl)Cl)C(=C1)Cl
C-1450,-8.04,ClC1=CC(=C(OC2=C(Cl)C=C(Cl)C(=C2)Cl)C(=C1)Cl)Cl
C-1451,-4.33,CN(C)C(=O)NC1=CC(=C(C=C1)N2N=C(OC2=O)C(C)(C)C)Cl
C-1452,-3.02,CCN1C=C(C(=O)OCOC(=O)C(C)C)C(=O)C2=C1N=C(C)C=C2
C-1453,-8.1,ClC1=CC(=C(OC2=C(Cl)C(=C(Cl)C=C2)Cl)C(=C1)Cl)Cl
C-1454,-7.16,FC(F)(F)OC1=CC=C(NC(=O)NC(=O)C2=CC=CC=C2Cl)C=C1
C-1455,-8.94,ClC1=CC=C(OC2=C(Cl)C(=C(Cl)C(=C2Cl)Cl)Cl)C=C1
C-1456,-5.15,CC(OC1=CC=C(OC2=NC=C(Cl)C=C2F)C=C1)C(=O)OCC#C
C-1457,-4.47,COC1=C(CN(C(=O)CCl)C2=C(C)C=CC=C2C)SC=C1
C-1458,-2.7,CN1C(=O)C(O)N=C(C2=CC=CC=C2)C3=C1C=CC(=C3)Cl
C-1459,-2.95,CN(C)CCCN1C2=C(SC3=C1C=CC=C3)C=CC=C2
C-1460,-5.22,[O-][N+](=O)C1=CC=C(OC2=CC=C(C=C2[N+]([O-])=O)C(F)(F)F)C=C1
C-1461,-6.56,CCOC(=O)C1=C(C)NC(=C(C1C2=CC=CC(=C2Cl)Cl)C(=O)OC)C
C-1462,-5.63,CCC1=CC=C(C=C1)C(=O)NN(C(=O)C2=CC(=CC(=C2)C)C)C(C)(C)C
C-1463,-4.64,CN1CCN(CC1)C2=NC3=C(NC4=C2C=CC=C4)C=CC(=C3)Cl
C-1464,-2.92,CCOC(=O)[N]1C2=C(C=CC=C2)N=C1C3=CSC=N3
C-1465,-5.2,COC(=O)C1=C(CC(C)C)C(=C(N=C1C(F)F)C(F)(F)F)C2=NCCS2
C-1466,-5.7,CCO[P](=S)(OC1=CC=C(C=C1)C#N)C2=CC=CC=C2
C-1467,-2.96,COC1=CC=C2C=C(C=CC2=C1)C(C)C(=O)OCC(=O)N(CCO)CCO
C-1468,-6.2,NC1=CC2=C(C=CC3=C2C=CC=C3)C4=C1C=CC=C4
C-1469,-4.91,ClC1=CC2=C(C=C1)N(CC3CC3)C(=O)CN=C2C4=CC=CC=C4
C-1470,-3.98,COC(=O)C(C)N(C(=O)C1=CC=CC=C1)C2=CC=C(F)C(=C2)Cl
C-1471,-1.43,CCN(CC)C(=O)COC(=O)C1=CN(CC)C2=C(C=CC(=N2)C)C1=O
C-1472,-5.4,C1=CC2=C(C=C1)N=C(C=C2)C3=NC4=C(C=CC=C4)C=C3
C-1473,-3.35,CCO[P](=S)(OCC)N1C(=O)C2=CC=CC=C2C1=O
C-1474,-4.87,CN(C(=O)COC1=NC2=C(S1)C=CC=C2)C3=CC=CC=C3
C-1475,-8.08,ClC1=C(C=CC=C1)C2=NN=C(N=N2)C3=C(Cl)C=CC=C3
C-1476,-3.78,COC1=CC=C2C=C(C=CC2=C1)C(C)C(=O)OCC(=O)N(C)CC(N)=O
C-1477,-3.52,CCCOC(=O)[N]1C2=C(C=CC=C2)N=C1C3=CSC=N3
C-1478,-4.86,OC1=C(C2CCCC3=CC=CC=C23)C(=O)OC4=CC=CC=C14
C-1479,-2.32,CCCCNC(=O)OC1=C(O)C(=CC(=C1)\C=C(C#N)/C(=O)N(CC)CC)[N+]([O-])=O
C-1480,-9.0,ClC1=CC2=C(OC3=C(O2)C(=CC(=C3)Cl)Cl)C(=C1)Cl
C-1481,-9.5,ClC1=C(Cl)C=C(OC2=C(Cl)C(=C(Cl)C(=C2)Cl)Cl)C(=C1)Cl
C-1482,-9.2,ClC1=CC2=C(C=C1Cl)C3=C(O2)C(=C(Cl)C(=C3)Cl)Cl
C-1483,-9.46,ClC1=CC=C(OC2=C(Cl)C(=C(Cl)C(=C2Cl)Cl)Cl)C=C1Cl
C-1484,-3.53,CCN(CC)C(=O)\C(=C/C1=CC(=C(O)C(=C1)[N+]([O-])=O)OC(=O)NC(C)(C)C)C#N
C-1485,-9.05,ClC1=C(Cl)C=C(OC2=C(Cl)C(=CC(=C2Cl)Cl)Cl)C(=C1)Cl
C-1486,-7.61,FC1=C(C(=CC=C1)F)C(=O)NC(=O)NC2=CC(=C(F)C(=C2F)Cl)Cl
C-1487,-9.09,ClC1=CC=C(OC2=C(Cl)C(=CC(=C2Cl)Cl)Cl)C(=C1Cl)Cl
C-1488,-8.89,ClC1=CC=C(Cl)C(=C1Cl)OC2=C(Cl)C(=C(Cl)C(=C2)Cl)Cl
C-1489,-4.17,CC(C)COC(=O)[N]1C2=C(C=CC=C2)N=C1C3=CSC=N3
C-1490,-6.66,ClC1=CC=C(C=C1)[S](=O)(=O)C2=C(Cl)C=C(Cl)C(=C2)Cl
C-1491,-3.48,OC(=O)C1=C(C=CC(=C1)OC2=CC=C(C=C2Cl)C(F)(F)F)[N+]([O-])=O
C-1492,-5.02,CCO[P](=S)(OC1=CC=C(C=C1)[N+]([O-])=O)C2=CC=CC=C2
C-1493,-4.31,CC(C)OC(=O)C(C)N(C(=O)C1=CC=CC=C1)C2=CC=C(F)C(=C2)Cl
C-1494,-4.52,CCO[P](=S)(OCC)SCN1N=NC2=CC=CC=C2C1=O
C-1495,-4.83,CC(C)(C)C(O)C(OC1=CC=C(C=C1)C2=CC=CC=C2)[N]3C=NC=N3
C-1496,-5.53,OC(C1=CC=CC=C1)C2=C(NC(=O)C3=CC=NC=C3)C=CC(=C2)Cl
C-1497,-3.53,CCO[P](=S)(OCC)OC1=NN(C(=O)C=C1)C2=CC=CC=C2
C-1498,-4.99,CO[P](=O)(OC1=C(Cl)C=C(Br)C(=C1)Cl)C2=CC=CC=C2
C-1499,-10.1,ClC1=C(Cl)C=C(OC2=C(Cl)C(=C(Cl)C(=C2Cl)Cl)Cl)C(=C1)Cl
C-1500,-10.6,ClC1=C(Cl)C(=C(OC2=C(Cl)C(=C(Cl)C(=C2Cl)Cl)Cl)C=C1)Cl
C-1501,-10.1,ClC1=C(Cl)C(=C(Cl)C(=C1)Cl)OC2=C(Cl)C(=C(Cl)C(=C2)Cl)Cl
C-1502,-5.38,CCO[P](=S)(OCC)OC1=CC2=C(C=C1)C(=C(Cl)C(=O)O2)C
C-1503,-3.31,CO\N=C(C)/C1=CC=CC(=C1C(=O)OC)OC2=NC(=CC(=N2)OC)OC
C-1504,-5.34,CC1(C)C(C=C(Cl)Cl)C1C(=O)OC(C#N)C2=CC(=C(F)C=C2)OC3=CC=CC=C3
C-1505,-7.94,CO[P](=S)(OC1=C(Cl)C=C(Br)C(=C1)Cl)C2=CC=CC=C2
C-1506,-4.28,COC1=CC2=C([NH]C(=N2)[S](=O)CC3=C(C)C(=C(C)C=N3)OC)C=C1
C-1507,-5.97,CCOC(=O)C(C)OC1=CC=C(OC2=NC3=C(C=C(Cl)C=C3)N=C2)C=C1
C-1508,-7.41,[NH]1C2=C(C=CC3=C2C=CC=C3)C4=C1C5=C(C=CC=C5)C=C4
C-1509,-2.75,NC1=NC2=C(N=C[N]2COCCOC(=O)C3=CC=C(CN4CCOCC4)C=C3)C(=O)N1
C-1510,-11.5,ClC1=C(Cl)C(=C(Cl)C(=C1)OC2=C(Cl)C(=C(Cl)C(=C2Cl)Cl)Cl)Cl
C-1511,-4.62,OCCN1CCN(CCCN2C3=C(SC4=C2C=C(Cl)C=C4)C=CC=C3)CC1
C-1512,-5.82,FC(F)C(F)(F)OC1=C(Cl)C=C(NC(=O)NC(=O)C2=C(F)C=CC=C2F)C=C1Cl
C-1513,-5.19,OC1=C(Br)C=C(\C=N\OC2=C(C=C(C=C2)[N+]([O-])=O)[N+]([O-])=O)C=C1Br
C-1514,-4.91,CC1COC(C[N]2C=NC=N2)(O1)C3=C(Cl)C=C(OC4=CC=C(Cl)C=C4)C=C3
C-1515,-6.33,O=C1C2=C(SC(=C(S2)C#N)C#N)C(=O)C3=C1C=CC=C3
C-1516,-2.49,CN(C)C1C2CC3C(O)C4=C(Cl)C=CC(=C4C(=O)C3=C(O)C2(O)C(=O)C(=C1O)C(N)=O)O
C-1517,-2.65,C[N]1N=C(C)C(=C1OCC(=O)C2=CC=CC=C2)C(=O)C3=CC=C(Cl)C=C3Cl
C-1518,-4.46,CCOC(=O)C1=C([N](C)N=C1)[S](=O)(=O)NC(=O)NC2=NC(=CC(=N2)OC)OC
C-1519,-6.66,CCOC(=O)C(C)OC(=O)C1=C(C=CC(=C1)OC2=C(Cl)C=C(C=C2)C(F)(F)F)[N+]([O-])=O
C-1520,-5.8,COC(=O)CSC1=CC(=C(F)C=C1Cl)N=C2SC(=O)N3CCCCN23
C-1521,-5.58,FC1=CC2=C(C=C1)N=C([N]3C=NC=N3)N(C2=O)C4=C(Cl)C=C(Cl)C=C4
C-1522,-3.43,CCOC(=O)C(C1=C(O)C2=C(OC1=O)C=CC=C2)C3=C(O)C4=C(OC3=O)C=CC=C4
C-1523,-6.24,CC(C)N=C1C=C2N(C3=CC=C(Cl)C=C3)C4=C(C=CC=C4)N=C2C=C1NC5=CC=C(Cl)C=C5
C-1524,-6.33,CC(=O)OC1C(=O)C2(C)C(O)CC3OCC3(OC(C)=O)C2C(OC(=O)C4=CC=CC=C4)C5(O)CC(OC(=O)C(O)C(NC(=O)C6=CC=CC=C6)C7=CC=CC=C7)C(=C1C5(C)C)C
C-1525,-2.4,CC(=C)C(C)=C
C-1526,-0.49,C1CCCNCC1
C-1527,0.64,CC1CNCCN1
C-1528,0.0,CCC(C)(O)C#C
C-1529,-4.87,CC(C)(C)C(C)(C)C
C-1530,0.66,NC(CO)(CO)CO
C-1531,0.49,CC1CNC(C)CN1
C-1532,0.97,COC(N)=O
C-1533,-0.28,OCC(CO)(CO)CO
C-1534,-3.13,CCCCCCCCC=O
C-1535,0.19,NC(=O)CC#N
C-1536,0.38,CCC(C)(N)C(O)=O
C-1537,-1.48,CCCC(=O)CCC
C-1538,-4.47,CC1(C)C2CCC(C2)C1=C
C-1539,-0.17,OC1CC(O)C(O)C(O)C1O
C-1540,-0.98,OC(=O)C(O)=O
C-1541,0.57,CCC(CO)NCCNC(CC)CO
C-1542,-1.85,N[C]12C[CH]3[CH2]C([CH2][CH](C3)C1)C2
C-1543,-6.41,CCCCCCCCCCCCCCCO
C-1544,-0.75,C\C(Cl)=C/C(O)=O
C-1545,-2.13,CN1CSC(=S)N(C)C1
C-1546,-3.22,I\C=C\I
C-1547,-6.77,CCCCCCCCCCCCCCCCO
C-1548,-0.35,CC(\C=N\O)=N/O
C-1549,-3.31,FC(F)(Cl)C(Cl)(Cl)Cl
C-1550,1.29,OCC1(O)OCC(O)C(O)C1O
C-1551,-0.11,CCCC(N)C(O)=O
C-1552,-7.63,CCCCCCCCCCCCCCCCCC
C-1553,-0.84,NCC(O)C(O)=O
C-1554,-7.51,CCCCCCCCCCCCCCCCCO
C-1555,0.1,OCC(Br)(CO)[N+]([O-])=O
C-1556,-0.43,OC(=O)CCI
C-1557,-8.39,CCCCCCCCCCCCCCCCCCO
C-1558,-0.6,C\C(Br)=C\C(O)=O
C-1559,-8.17,CCCCCCCCCCCCCCCCCCCC
C-1560,0.76,CC(C(O)=O)C(O)=O
C-1561,-1.44,CCC(Br)(CC)C(N)=O
C-1562,-0.73,CC(=O)NCC(O)=O
C-1563,-2.8,NCCCCCCCCCCC(O)=O
C-1564,-2.16,CC(=N\O)\C(C)=N\O
C-1565,-0.59,NC(=O)NCC(O)=O
C-1566,-3.81,CCCCCCCCCCCCC(O)=O
C-1567,0.73,CCC(C(O)=O)C(O)=O
C-1568,1.26,C\C(=C\C(O)=O)C(O)=O
C-1569,0.48,CC(CC(O)=O)C(O)=O
C-1570,-1.16,C\C(I)=C\C(O)=O
C-1571,-4.31,CCCCCCCCCCCCCCC(O)=O
C-1572,0.1,NCC(=O)NCC(O)=O
C-1573,0.09,CC(CCC(O)=O)CC(O)=O
C-1574,-1.53,CC1(C)CC(=O)CC(=O)C1
C-1575,-3.14,BrC(Br)(Br)Br
C-1576,0.68,CCCC(C(O)=O)C(O)=O
C-1577,-2.04,OC(=O)CCCCCCC(O)=O
C-1578,-0.19,OC(=O)CC(=C)C(O)=O
C-1579,-3.7,OC(=O)CCCCCCCCCCBr
C-1580,-2.26,CN(C)C(=O)NC1CCCCCCC1
C-1581,-3.6,IC(I)I
C-1582,0.01,OC1CC(=CC(O)C1O)C(O)=O
C-1583,-3.82,CC12C3CCC(O3)C1(C)C(=O)OC2=O
C-1584,-8.35,CCCCCCCCCCCCCCCCCCCCCCCCCC
C-1585,0.44,CCCCC(C(O)=O)C(O)=O
C-1586,-4.69,CCCCCCCCCCCCCCCCC(O)=O
C-1587,0.07,OC(=O)CC(Cl)C(O)=O
C-1588,-2.85,OC(=O)\C=C\C=C\C(O)=O
C-1589,0.36,OC(C(O)=O)C(Cl)(Cl)Cl
C-1590,-0.19,NCC[S](O)(=O)=O
C-1591,-2.31,OC(=O)CCCCCCCCC(O)=O
C-1592,-4.98,CCCCCCCCCCCCCCCCCC(O)=O
C-1593,0.39,O=C1CCC(=O)N1
C-1594,-3.93,CC(=O)OC1CC2CCC1(C)C2(C)C
C-1595,-1.87,NC(CCCC(O)=O)C(O)=O
C-1596,0.59,O=C1NC=NC=C1
C-1597,0.68,O=C1NC=CC=N1
C-1598,-1.16,ClCC[S](=O)CCCl
C-1599,-5.34,O=C1CCCCCCCCCCCCCCO1
C-1600,-2.99,ClC1=C(Cl)C(=O)C(=C(Cl)C1=O)Cl
C-1601,-0.01,NC1CONC1=O
C-1602,-3.76,OC(=O)CCCCCCCCCCC(O)=O
C-1603,-2.67,OC(=O)/C(S)=C/C1CCCCC1
C-1604,-2.93,OC(=O)C1CCC(=CC1)C(O)=O
C-1605,-3.79,OC(=O)CCCCCCCCCCCC(O)=O
C-1606,0.71,OC(C(O)C(O)=O)C(O)=O
C-1607,-2.15,CC(C)CNC(=O)N1CCNC1=O
C-1608,-1.09,CC1=CC=CC=C1CO
C-1609,-2.59,CCO[P](=O)(OCC)N=C1SCCS1
C-1610,-1.94,OC(=O)C1CCCCC1C(O)=O
C-1611,-3.17,CN(C)C(=O)NC1CC2CC1C3CCCC23
C-1612,-0.08,NC1=NC(=CC=C1)N
C-1613,-1.75,NC1=CC=CN=C1N
C-1614,-1.25,OC1=CC(=O)NC=C1
C-1615,-1.77,CC1(C)C(CCC1(C)C(O)=O)C(O)=O
C-1616,-0.48,NCC(O)C1=CC=CC=C1
C-1617,-0.84,O=C1CNC(=O)CN1
C-1618,-1.65,OC1=CC(=NC=N1)O
C-1619,-6.15,CCCCCCCCCCCCCCCCCC(=O)OC=C
C-1620,-8.48,CCCCCCCCCCCCCCCCCCCCCCCCCCCCCCCCCCCC
C-1621,-0.63,OC(=O)CC1(CC(O)=O)OCOC1=O
C-1622,-1.5,ClCC[S](=O)(=O)CCCl
C-1623,-3.06,O=C1NC(=O)C2(CCCC2)C(=O)N1
C-1624,-1.95,CC1=CC(=C(N)C=C1C)C
C-1625,-0.82,CC1=CC=C(O1)C(O)=O
C-1626,-1.44,CC1=CNC(=O)N=C1N
C-1627,-1.92,CCC(CC=C)(C(=O)NC(N)=O)C(=O)OC
C-1628,-0.94,NC1=NC(=O)NC=C1F
C-1629,-1.84,OC(=O)/C=C/C1=CC=CO1
C-1630,0.32,OCC(O)C(O)C(O)C(=O)CO
C-1631,-1.62,CNC(=O)O\N=C(CSC)/C(C)(C)C
C-1632,-2.41,NC1=CNC(=O)NC1=O
C-1633,-2.38,N#CC1=C(C=CC=C1)C#N
C-1634,-0.07,CN(C)C(CSC(N)=O)CSC(N)=O
C-1635,-1.21,OC(=O)CCC1=CC=CC=C1
C-1636,-0.74,O=CC(=O)C1=CC=CC=C1
C-1637,-2.83,O=CC1=CC=C(C=O)C=C1
C-1638,-1.69,OC(=O)C1=CC=C(Cl)O1
C-1639,-3.23,NC1=NC(=NC(=O)N1)N
C-1640,-0.24,OCC1OC(OC2C(O)C(O)C(O)OC2CO)C(O)C(O)C1O
C-1641,-1.34,O=CC1=CC=CC=C1C=O
C-1642,-2.74,CCCCNC(=O)OCC(C)(CCC)COC(N)=O
C-1643,-1.41,OC1=NC(=NC(=N1)O)O
C-1644,-1.77,O=C1CSC(=S)N1
C-1645,-1.78,OC(=O)CCCC1=CC=CC=C1
C-1646,-2.98,O=C1NC(=O)C2(CCCCCC2)C(=O)N1
C-1647,0.12,NCCC1=CC(=C(O)C=C1)O
C-1648,-1.55,CCC(=O)NC1=CC=CC=C1
C-1649,-2.99,CCC(C)(C)C1=CC=C(O)C=C1
C-1650,-2.8,CCCC1(CC)C(=O)NC(=S)NC1=O
C-1651,-0.44,OC1=C(O)C=C(C=O)C=C1
C-1652,-4.16,CC12CCC(O)CC1CCC3C2CCC4(C)C3CCC4=O
C-1653,-6.07,CC12CCC3C(CCC4CC(=O)CCC34C)C1CC=C2
C-1654,-0.85,CN(C)C(=O)OC1=CC(=O)CC(C)(C)C1
C-1655,-2.17,CCCCC1(CC=C)C(=O)NC(=O)NC1=O
C-1656,-2.43,CC1=CC(=O)NC(=S)N1
C-1657,-3.16,CC1=C(C)C=C(C=C1)C(O)=O
C-1658,-2.97,CC1=CC(=C(C=C1)C(O)=O)C
C-1659,-2.92,CC1=CC(=C(C)C=C1)C(O)=O
C-1660,-1.24,CNC(=O)C1=CC=C(N)C=C1
C-1661,-2.67,OC1=CC=C(C=C1)N=C=S
C-1662,-3.14,CCCCC1(CC)C(=O)NC(=S)NC1=O
C-1663,-1.99,OC1=CC=CC(=C1)N=C=S
C-1664,-1.19,CC1=C(OCC(O)CO)C=CC=C1
C-1665,-3.02,CC12CCC3C(CCC4=CC(=O)CCC34)C1CCC2O
C-1666,-1.13,CC1C(=O)NC(=O)NC1=O
C-1667,-0.75,CC1NC(=O)C(C)NC1=O
C-1668,-2.06,OC(=O)C(=C)C1=CC=CC=C1
C-1669,-4.19,CC(C)C1=C(Br)C=CC=C1
C-1670,-2.88,CNC1=C(C=CC=C1)C(O)=O
C-1671,-3.8,CC(C)C1=CC2=CCC3C(C)(CCCC3(C)C(O)=O)C2CC1
C-1672,-0.37,OC(=O)C(=O)C1=CC=CC=C1
C-1673,-3.59,CC12CCC(O)CC1CCC3C4CCC(=O)C4(C)CC(O)C23
C-1674,-2.63,OC(=O)C1=CC(=CC=C1)C#N
C-1675,-3.04,CC(C)C1=CC=C(C=C1)C(O)=O
C-1676,-2.68,CNC(=O)NC(=O)C(C)(C(=O)OC)C1=CCCCC1
C-1677,-3.71,CCCCCC1(CC)C(=O)NC(=S)NC1=O
C-1678,-1.14,OCNC(=S)C1=CC=CC=C1
C-1679,-1.96,CCCCCC1=C(O)C=C(O)C=C1
C-1680,-1.6,OC(=O)CCCNC(=O)N[C]12C[CH]3[CH2]C([CH2][CH](C3)C1)C2
C-1681,-2.04,CC1=CC=CC(=C1O)C(O)=O
C-1682,-2.04,CC1=CC=CC(=C1C(O)=O)O
C-1683,0.1,CCCCN(CCN(CCCC)C(=O)N1CCOCC1)C(=O)N2CCOCC2
C-1684,-2.92,CC(=O)NC1=CC=C(Cl)C=C1
C-1685,0.54,CNC(=O)C(C)SCCS[P](=O)(OC)OC
C-1686,-1.17,OC(=O)C1=C(Br)C=CO1
C-1687,-1.26,CN(C)C1=C(C)N=C(Cl)N=C1
C-1688,-2.19,O/N=C/C1=CC=C(O1)[N+]([O-])=O
C-1689,-4.08,CCCCCCC1(CC)C(=O)NC(=S)NC1=O
C-1690,-4.59,O=C1NC(=O)C2(CCCCCCCCC2)C(=O)N1
C-1691,-4.41,CC12CCC3C(CC=C4CC(CCC34C)OC=O)C1CCC2=O
C-1692,-1.41,OC(=O)C1=CC=C(O)C=C1O
C-1693,-1.25,CC(C)CC1NC(=O)CNC1=O
C-1694,0.69,O[S](=O)(=O)C[S](O)(=O)=O
C-1695,-7.36,CC(C)CCCC(C)C1CCC2C3CC=C4CC(O)CCC4(C)C3CCC12C
C-1696,-0.3,O[S](=O)(=O)C1=NC=C[NH]1
C-1697,-3.64,OC(=O)/C=C/C=C/C1=CC=CC=C1
C-1698,-2.15,CCCC1=CC(=O)NC(=S)N1
C-1699,-5.32,CC12CCC(=O)CC1CCC3C4CCC(OC=O)C4(C)CCC23
C-1700,-4.26,CCOC1=CC=C(C=C1)N=C=S
C-1701,-2.42,CNC(=O)NC(=O)C(C)(C(=O)OCOC)C1=CCCCC1
C-1702,-2.77,OC(=O)C1=C(O)C=CC(=C1)Cl
C-1703,-1.22,COC1=CC=C(C=C1)C(=O)NCO
C-1704,-3.3,COC(=O)C1=CC=C(C=C1)N(C)C
C-1705,-2.77,OC(=O)/C=C(Cl)/C1=CC=CC=C1
C-1706,-1.29,COC1=CC=CC(=C1)C(=O)NCO
C-1707,-0.67,CC1=C(CCC(O)=O)C(=O)NC1=O
C-1708,-2.17,CCOC1=CC=C(NC(N)=O)C=C1
C-1709,-2.18,OC1=C(Br)C=C(C=O)C=C1
C-1710,-3.65,CCCCCCC1=CC=C(C=C1)C(O)=O
C-1711,-2.19,CCOC1=C(OC)C=C(C=O)C=C1
C-1712,-0.41,CC1=NC2=C([NH]1)C=NC=N2
C-1713,-4.27,BrC1=CC=C(C=C1)N=C=S
C-1714,-3.67,CN1C(=O)C23CC4=CC=CC(O)C4N2C(=O)C1(CO)SS3
C-1715,0.17,CC1=NC=NC2=C1N=C[NH]2
C-1716,-2.13,OC(=O)C1=CN=C(C=C1)C(O)=O
C-1717,-4.93,CC12CCC3C(CCC4=CC(=O)CCC34C)C1CCC2OC=O
C-1718,-4.02,CC(=O)C1=CC=C(C=C1)N=C=S
C-1719,-1.21,NC1=NC2=C(C=N1)N=C[NH]2
C-1720,-2.43,NC1=NC2=C([NH]1)N=CN=C2
C-1721,-2.96,OC(=O)/C(S)=C/C1=CC=CC=C1
C-1722,-1.56,OC(=O)C(S)CC1=CC=CC=C1
C-1723,-2.22,OC(=O)C1=CC(=CN=C1)C(O)=O
C-1724,-1.83,OC(=O)C1=CC(=NC=C1)C(O)=O
C-1725,-1.72,O=C1NC2=C(C=N1)N=C[NH]2
C-1726,-1.52,O=C1NC2=C(N1)N=CN=C2
C-1727,-3.29,OC(=O)CCCOC1=CC=C(Cl)C=C1
C-1728,-1.6,OC(=O)C1=C(C=CC=C1)C(F)(F)F
C-1729,-1.48,OC(=O)C1=CC=CN=C1C(O)=O
C-1730,-2.15,O=C(NCN1CCCCC1)C2=CC=CC=C2
C-1731,-1.52,CC(=O)OC1=CC=C(C=C1)C(C)=O
C-1732,-2.89,CNC1=NC(=NC(=N1)Cl)NC(C)C
C-1733,-4.41,COC1=CC(=C(OC)C=C1Cl)Cl
C-1734,-1.64,CC(=O)OC1=CC=C(C=C1)C(N)=O
C-1735,-0.6,CC(=O)N1C=C(F)C(=O)NC1=O
C-1736,-3.55,[O-][N+](=O)C1=CC=CC(=C1)N=C=S
C-1737,-3.3,NCCC1=C[NH]C2=C1C=CC=C2
C-1738,-7.34,CC(CCC(O)=O)C1CCC2C3CCC4CC(O)CCC4(C)C3CCC12C
C-1739,-0.6,CC(=O)N1C(=O)NC=C(F)C1=O
C-1740,-6.46,CC(CCC(O)=O)C1CCC2C3C(O)CC4CCCCC4(C)C3CCC12C
C-1741,-2.34,NC(=S)C1=C(Cl)C=CC=C1Cl
C-1742,-4.52,CC(=O)OC(OC(C)=O)C(OC(C)=O)OC(C)=O
C-1743,-4.7,S=C=NC1=CC=CC(=C1)N=C=S
C-1744,-1.22,CC(C)(C)NCC(O)C1=CC=C(O)C(=C1)CO
C-1745,-4.53,CC(=O)OC1CCC2(C)C3CCC4(C)C(CCC4=O)C3CC=C2C1
C-1746,-2.95,OC1=CC=CC(=C1)NN=C(C#N)C#N
C-1747,-1.48,COC1=NC2=C([NH]C=N2)C=N1
C-1748,-3.32,CCC1=CC(=CC(=C1)OC(=O)NC)CC
C-1749,-3.6,NC(CSSCC(N)C(O)=O)C(O)=O
C-1750,-2.22,CC(OC1=CC(=CC=C1)Cl)C(O)=O
C-1751,-1.72,CCOC(=O)C1=CC(=C(O)C=C1)OC
C-1752,-3.53,CC(=O)NC1=CC=CC(=C1)N=C=S
C-1753,-1.53,COC1=NC=NC2=C1[NH]C=N2
C-1754,-2.22,CC(OC1=CC=CC=C1Cl)C(O)=O
C-1755,-1.52,OCC1=NC2=C([NH]1)C=NC=N2
C-1756,-1.9,COC(=O)C1=CC=C(NC(C)=O)C=C1
C-1757,-2.32,[O-][N+](=O)C1C(=O)NC(=O)NC1=O
C-1758,-0.01,CC1=NC2=C(C=NC=N2)N=C1
C-1759,-0.09,CC1=NC2=C(C=N1)N=CC=N2
C-1760,-3.24,NC1=CC(=CC(=C1Cl)C(O)=O)Cl
C-1761,-4.89,CC(CCC(O)=O)C1CCC2C3CC(O)C4CC(O)CCC4(C)C3CCC12C
C-1762,-2.81,CC(C)NC1=NC(=NC(=O)N1)NC(C)C
C-1763,-4.36,ClC1=CC=C(NN=C(C#N)C#N)C=C1
C-1764,-2.65,[O-][N+](=O)C1=CC2=C(COC2=O)C=C1
C-1765,-1.48,NC1=CC=CC(=C1)[S](O)(=O)=O
C-1766,-5.35,CC(=O)OC1CCC2C3CCC4CC(=O)CCC4(C)C3CCC12C
C-1767,-0.18,OC(=O)CC(C(CC(O)=O)C(O)=O)C(O)=O
C-1768,-1.78,OC(=O)C1=CC=C(O)C(=C1)C(O)=O
C-1769,-2.5,COC(=O)C1=CC=C(OC(C)=O)C=C1
C-1770,-0.49,CC1=NC=NC2=C1N=CC=N2
C-1771,-4.69,CCC(=O)OC1CCC2(C)C3CCC4(C)C(CCC4=O)C3CC=C2C1
C-1772,-2.31,NC1=NC2=C(C=NC=N2)N=C1
C-1773,-2.34,NC1=NC2=C(N=CN=C2)N=C1
C-1774,-2.3,NC1=NC2=C(C=N1)N=CC=N2
C-1775,-0.32,CCCC(=O)NNC(=O)C1=CC=NC=C1
C-1776,-2.67,[O-][N+](=O)C1=CC(=C(F)C=C1)[N+]([O-])=O
C-1777,-2.49,CC(=O)OC1=CC=C(NC(N)=O)C=C1
C-1778,-2.11,OC(=O)C1=C(O)C(=CC=C1)C(O)=O
C-1779,-4.02,CCCC(C)(C)C(=O)NC1=CC=C(Cl)C=C1
C-1780,-1.8,NC1=NC2=C(N=C[NH]2)C(=N1)N
C-1781,-3.64,CCNC1=NC(=NC(=O)N1)N(CC)CC
C-1782,-4.68,IC1=CC=CC(=C1)N=C=S
C-1783,-2.31,NC1=NC=NC2=C1N=CC=N2
C-1784,-1.94,CC1=CC2=NC(=CC=C2C=C1)C
C-1785,-7.32,CC1CCC2(OC1)OC3CC4C5CC=C6CC(O)CCC6(C)C5CCC4(C)C3C2C
C-1786,-2.12,O=C1NC2=C(C=NC=N2)N=C1
C-1787,-2.71,O=C1NC2=C(N=CN=C2)N=C1
C-1788,-2.62,CC(OC(=O)NC1=CC(=CC=C1)Cl)C#C
C-1789,-2.0,O=C1NC2=C(C=N1)N=CC=N2
C-1790,-2.11,OC(=O)C1=CC=CC(=C1C(O)=O)O
C-1791,-4.05,CCOC(=O)C1=CC=C(C=C1)N=C=S
C-1792,-3.74,CCCNC1=NC(=NC(=N1)Cl)NC(C)C
C-1793,-3.38,NC1=NC(=O)NC2=C1N=C[NH]2
C-1794,-3.6,O=C1NC2=C(N1)C=NC(=O)N2
C-1795,-1.47,O=C1NC=NC2=C1N=CC=N2
C-1796,-2.65,CC(C#C)N(C(=O)CCl)C1=CC=CC=C1
C-1797,-2.45,OC(=O)C1=C(Cl)C=C(Cl)C(=C1)Cl
C-1798,-0.59,C1=CC=C(N=C1)C2=CN=CC=C2
C-1799,-2.36,OC(=O)COC1=CC(=CC(=C1)Cl)Cl
C-1800,-2.96,O=C1NC2=C(N1)C(=O)NC=N2
C-1801,-1.23,CN(C)C(=O)CCCOC(=O)C1=CC=CC=C1
C-1802,-1.23,CC(=O)OC(C(O)=O)C1=CC=CC=C1
C-1803,-2.62,OC(=O)COC1=C(Cl)C=CC(=C1)Cl
C-1804,-2.81,OC(=O)COC1=C(Cl)C(=CC=C1)Cl
C-1805,-4.52,CC(C)NC1=NC(=NC(=N1)NC2CC2)Cl
C-1806,-1.11,OC(=O)C1=CC(=O)C=C(O1)C(O)=O
C-1807,-2.15,OC(=O)COC1=C(Cl)C=CC=C1Cl
C-1808,-1.3,CN(C)C1=NC=NC2=C1N=C[NH]2
C-1809,-2.4,CC(OC1=C(C)C=C(Cl)C=C1)C(O)=O
C-1810,-1.01,CCCCC(=O)NNC(=O)C1=CC=NC=C1
C-1811,-5.21,CC(=O)OC1CCC2C3CCC4=CC(=O)CCC4(C)C3CCC12C
C-1812,-1.89,COC1=CC=C2COC(=O)C2=C1OC
C-1813,-1.46,CCNC(=O)CS[P](=S)(OC)OC
C-1814,-1.28,CCCC(=O)N1C(=O)NC=C(F)C1=O
C-1815,-2.56,CCNC1=NC(=NC(=N1)OC)NC(C)CC
C-1816,-2.72,CCC(=O)OC1=CC=C(NC(C)=O)C=C1
C-1817,-1.48,CC1=CC=C(C=C1)[S](=O)(=O)NN
C-1818,-3.06,CCC(=O)NC1=NC(=C(Cl)S1)C
C-1819,-4.35,CC(CCC(O)=O)C1CCC2C3C(O)C(O)C4CC(O)CCC4(C)C3CCC12C
C-1820,-5.04,BrC1=C(Br)C(=CC=C1)Br
C-1821,-0.88,ClC1=NC2=C(C=NC=N2)N=C1
C-1822,-1.12,ClC1=NC2=C(N=CN=C2)N=C1
C-1823,-0.71,ClC1=NC2=C(C=N1)N=CC=N2
C-1824,-5.91,CCCC(=O)OC1CCC2C3CCC4=CC(=O)CCC4C3CCC12C
C-1825,-1.2,CC1=CC(=O)C2=C(N1)C=CC=C2
C-1826,-4.76,CCCCC(=O)OC1CCC2(C)C3CCC4(C)C(CCC4=O)C3CC=C2C1
C-1827,-3.66,CNC(=S)N(C)C1=C(C)C=C(Cl)C=C1
C-1828,-2.42,O[S](=O)(=O)C1=CC=C(C=C1)[N+]#N
C-1829,-1.71,CNC1=NC2=C(C=N1)N=CC=N2
C-1830,-2.56,CC1=C(CCCO1)C(=O)NC2=CC=CC=C2
C-1831,-1.69,COC(=O)OC1=CC=C(NC(C)=O)C=C1
C-1832,-1.62,CC1=C(C=C(N)C=C1)[S](O)(=O)=O
C-1833,-3.29,CCCOC(=O)C1=CC=C(NC(C)=O)C=C1
C-1834,-0.77,CCC(=O)OCN1C(=O)NC=C(F)C1=O
C-1835,-1.14,COC1=NC2=C(N=CN=C2)N=C1
C-1836,-0.91,COC1=NC2=C(C=NC=N2)N=C1
C-1837,-1.11,COC1=NC2=C(C=N1)N=CC=N2
C-1838,-1.57,CC1=CC(=C(N)C=C1)[S](O)(=O)=O
C-1839,-1.24,CCCCCC(=O)NNC(=O)C1=CC=NC=C1
C-1840,-3.35,CNC(=O)OC1=CC(=C(N(C)C)C(=C1)C)C
C-1841,0.48,COC(=O)C(N)CC1=CC(=C(O)C=C1)O
C-1842,-1.55,CNC(=O)OC1=CC(=CC=C1)N=CN(C)C
C-1843,-0.46,CC1=NC2=C(N=CN=C2)N=C1C
C-1844,-1.12,COC1=NC=NC2=C1N=CC=N2
C-1845,-2.71,S=C1NC2=C(C=NC=N2)N=C1
C-1846,-2.68,S=C1NC2=C(C=N1)N=CC=N2
C-1847,-0.46,C[N+](C)(C)C(CC1=CN=C(S)[NH]1)C([O-])=O
C-1848,-1.83,CCCNC(=O)N1C=C(F)C(=O)NC1=O
C-1849,-2.3,CCCCC(=O)N1C(=O)NC=C(F)C1=O
C-1850,-0.77,OCC1OC(C(O)C1O)N2C=CC(=O)CC2=O
C-1851,-2.83,CCCC(=O)OC1=CC=C(NC(C)=O)C=C1
C-1852,-0.92,CN1C(=O)C=NC2=C1N=CN=C2
C-1853,-5.28,CC(=O)OC1(C)CCC2C3CCC4=CC(=O)CCC4(C)C3CCC12C
C-1854,-1.07,CN1C=NC2=C(N=CC=N2)C1=O
C-1855,0.3,OCC1OC(OCC2OC(OC3(CO)OC(CO)C(O)C3O)C(O)C(O)C2O)C(O)C(O)C1O
C-1856,-3.31,NC1=NC2=C(N=C[NH]2)C(=S)N1
C-1857,-2.43,CCOC(=O)OCOC1=CC=C(NC(C)=O)C=C1
C-1858,-2.65,S=C1NC=NC2=C1N=CC=N2
C-1859,-3.48,CC12CC(=O)C3C(CCC4=CC(=O)CCC34C)C1CCC2=O
C-1860,-7.16,CC(C)(C)C(=O)OC1(CCC2C3CCC4=CC(=O)CCC4C3CCC12C)C#C
C-1861,-1.86,NNC1=NC=NC2=NC=CN=C12
C-1862,-3.01,CC(C)(C)C(=O)OC1=C(C=CC=C1)C(O)=O
C-1863,-2.1,CCCCCCC(=O)NNC(=O)C1=CC=NC=C1
C-1864,-5.95,ClC1=C(Cl)C2(Cl)C3CO[S](=O)(=O)OCC3C1(Cl)C2(Cl)Cl
C-1865,-1.52,NC1=NC2=C([NH]1)N=C(N)N=C2N
C-1866,-1.56,CC1=NC2=C(N=C1)C(=O)NC=N2
C-1867,-3.46,CCCCOC(=O)C1=CC=C(NC(C)=O)C=C1
C-1868,-2.35,CCOC(=O)OC1=CC=C(NC(C)=O)C=C1
C-1869,-1.65,CC1=NC2=C(N=CNC2=O)N=C1
C-1870,-2.69,NC1=NC2=C(N=CC=N2)C(=N1)N
C-1871,-5.93,CCCC(=O)OC1CCC2C3CCC4=CC(=O)CCC4(C)C3CCC12C
C-1872,-1.13,CCCC(=O)OCN1C(=O)NC=C(F)C1=O
C-1873,-2.71,CC(=O)C1=CC=C(NN=C(C#N)C#N)C=C1
C-1874,-3.36,NC1=NC(=O)NC2=C1N=CC=N2
C-1875,-2.06,CC(C)N1C(=O)NC(=C(Br)C1=O)C
C-1876,-3.97,NC1=NC(=O)C2=C(N1)N=CC=N2
C-1877,-2.4,CC(=O)NC(=O)COC(=O)C1=CC=CC=C1
C-1878,-2.69,O=C1NC2=C(NC1=O)N=CN=C2
C-1879,-2.84,CC(=O)OC1=CC=C(C=C1)\C=N\NC(N)=O
C-1880,-2.82,O=C1NC2=C(N=C1)C(=O)NC=N2
C-1881,-0.09,CN(C)C1=NC2=C(C=NC=N2)N=C1
C-1882,0.36,CN(C)C1=NC2=C(C=N1)N=CC=N2
C-1883,-2.96,O=C1NC2=C(N=CNC2=O)N=C1
C-1884,-2.12,O=C1NC(=O)C2=C(N1)N=CC=N2
C-1885,-5.15,OCC1=C(Cl)C(=C(Cl)C(=C1Cl)Cl)Cl
C-1886,-2.91,CCCCCCCC(=O)NNC(=O)C1=CC=NC=C1
C-1887,-6.19,CCCCC(=O)OC1CCC2C3CCC4=CC(=O)CCC4(C)C3CCC12C
C-1888,-1.93,COC1=C(OC)C(=C(C=O)C=C1)C(O)=O
C-1889,-1.03,CN(C)C1=NC=NC2=C1N=CC=N2
C-1890,-3.52,CCCCN(CC)C1=NC(=NC(=N1)N=[N+]=[N-])N
C-1891,-4.46,CCN(CC)C1=NC(=NC(=N1)Cl)N(CC)CC
C-1892,-3.0,[O-][N+](=O)C1=CC=C(N2CC2)C(=C1)[N+]([O-])=O
C-1893,-2.5,O=C(COC(=O)C1=CC=CC=C1)N2CCCCC2
C-1894,-2.57,CCCOC(=O)OC1=CC=C(NC(C)=O)C=C1
C-1895,-1.66,CCCCC(=O)OCN1C(=O)NC=C(F)C1=O
C-1896,-3.48,CSC1=NC(=NC(=N1)N=[N]#N)NC(C)C
C-1897,-3.96,C1=CC2=C3C(=C1)C=CC=C3C=C2
C-1898,-1.55,CSC1=NC2=C(C=NC=N2)N=C1
C-1899,-1.75,CSC1=NC2=C(C=N1)N=CC=N2
C-1900,-2.94,OC(=O)COC1=CC(=C(Cl)C(=C1)Cl)Cl
C-1901,-4.14,CCCCCC(=O)OC1=CC=C(NC(C)=O)C=C1
C-1902,-3.52,CCCCCCCCC(=O)NNC(=O)C1=CC=NC=C1
C-1903,-1.84,CCC(CC)C(=O)OC1=C(C=CC=C1)C(O)=O
C-1904,-3.0,OC(=O)COC1=C(Cl)C(=CC(=C1)Cl)Cl
C-1905,-3.01,OC(=O)COC1=C(Cl)C=C(Cl)C=C1Cl
C-1906,-2.3,CNC(=O)OC1=C(OC(CCl)OC)C=CC=C1
C-1907,-1.62,C=CCOC1=NC(=NC(=N1)OCC=C)OCC=C
C-1908,-1.99,CN1CCCCC1C(=O)NC2=C(C)C=CC=C2C
C-1909,-3.9,O=C(COC(=O)C1=CC=CC=C1)NC2CCCCC2
C-1910,-3.93,[O-][N+](=O)C1=C(NN=C(C#N)C#N)C=CC=C1
C-1911,-2.37,CSC1=NC=NC2=C1N=CC=N2
C-1912,-3.43,CC(=O)NC1=CC=C(C=C1)\C=N\NC(N)=S
C-1913,-2.62,OC(=O)COC1=C(Cl)C(=CC=C1Cl)Cl
C-1914,-1.15,CC1=NC2=C(C=N1)N=C(C)C(=N2)C
C-1915,-0.9,OC(=O)C1=CC(=CC(=C1)C(O)=O)C(O)=O
C-1916,-4.4,CC12CCC3C(=CCC4=C3C=CC(=C4)O)C1CCC2O
C-1917,-2.02,O=C(C1=CC=CC=C1)C2=NC=CC=C2
C-1918,-2.11,CCCCCC(=O)OCN1C(=O)NC=C(F)C1=O
C-1919,-3.83,OC(=O)CCCOC1=CC(=C(Cl)C=C1Cl)Cl
C-1920,-2.87,CN(C(C)=O)C(=O)COC(=O)C1=CC=CC=C1
C-1921,-3.58,CCCC(=N\OCC)/C1=C(O)CC(CC1=O)C2CCCSC2
C-1922,-3.37,CCCCOC(=O)OC1=CC=C(NC(C)=O)C=C1
C-1923,-3.44,CC(=O)OC1=CC2=C(C=CC=C2)C=C1
C-1924,-5.72,CCCCCCCCC(=O)OC1CCC2C3CCC4=CC(=O)CCC4C3CCC12C
C-1925,-2.28,CCN(CC)C(=O)C(C)OC(=O)C1=CC=CC=C1
C-1926,-1.66,CCC1(CCC(=O)N(CO)C1=O)C2=CC=CC=C2
C-1927,-1.98,OC(=O)C1=CC(=CC(=C1)[N+]([O-])=O)C(O)=O
C-1928,-2.54,O=C(COC(=O)C1=CC=CC=C1)N2CCCCCC2
C-1929,-4.17,CCCCCCCCCC(=O)NNC(=O)C1=CC=NC=C1
C-1930,-4.85,CC1=CC=C(OC2=CC=C(C)C=C2)C=C1
C-1931,-1.69,COCCOC(=O)OC1=CC=C(NC(C)=O)C=C1
C-1932,-2.65,OC(=O)CC1=CC=CC2=CC=CC=C12
C-1933,-2.7,OCN1C(=O)OC2=CC=C(Cl)C=C12
C-1934,-2.38,CC(=O)[N]1N=CC2=C1N=CNC2=O
C-1935,-5.25,ClC1=CC(=CC(=C1)C2(CO2)CC(Cl)(Cl)Cl)Cl
C-1936,-1.72,CCN(CC)C(=O)CSC1=CC=C(Cl)N=N1
C-1937,-2.29,CC1=NC2=C(N=C1C)C(=O)NC=N2
C-1938,-5.17,CC12CCC(=O)C=C1C=CC3C2CCC4(C)C3CCC4(O)CCC(O)=O
C-1939,-1.54,CC(=O)OC1=CC2=C(NC(=O)C2)C=C1
C-1940,-1.06,OC(=O)C1=C(C=C(C=C1)[N+]([O-])=O)[N+]([O-])=O
C-1941,-1.5,OC(=O)C1=CC(=C(C=C1)[N+]([O-])=O)[N+]([O-])=O
C-1942,-0.18,CCC1=NC2=C(N=CN=C2)N=C1CC
C-1943,-3.34,OC1=CC=C(C=C1)N=NC2=CC=CC=C2
C-1944,-2.87,NC(=N)NC(=O)C1=NC(=C(N)N=C1N)Cl
C-1945,-5.24,COC1=C(OC)C(=C(Cl)C(=C1Cl)Cl)Cl
C-1946,-2.2,CC1=NC2=C(NC1=O)N=CNC2=O
C-1947,-2.94,CCNC1=NC(=NC(=N1)NCC(=O)OCC)Cl
C-1948,-1.65,CCN(CC)CCOC(=O)C1=CC=C(NC(C)=O)C=C1
C-1949,-3.19,ClCC(=O)C1=CC=C(NN=C(C#N)C#N)C=C1
C-1950,-0.99,CCCCCOC(=O)C(N)CC1=CC(=C(O)C=C1)O
C-1951,-3.66,CCC(CC)(C(=O)NC(N)=O)C(=O)OCC1=CC=CC=C1
C-1952,-4.44,CCCCCCCC(=O)OC1=CC=C(NC(C)=O)C=C1
C-1953,-3.29,CN(C1CCCCC1)C(=O)COC(=O)C2=CC=CC=C2
C-1954,-3.86,NC1=NC(=O)C2=C(N1)N=CC(=O)N2
C-1955,-3.34,O=C1NC(=O)C2=C(N1)NC(=O)C=N2
C-1956,-2.72,CCC1CCCCN1C(=O)COC(=O)C2=CC=CC=C2
C-1957,-3.29,CCCCCCCC(=O)OCN1C(=O)NC=C(F)C1=O
C-1958,-3.69,O=C1NC=NC2=C1NC(=O)C(=O)N2
C-1959,-4.99,CC12CCC3C(=CCC4=C3C=CC(=C4)O)C1CCC2=O
C-1960,-2.75,CCC(C(=O)NC(N)=O)(C(=O)OC)C1=CC=CC=C1
C-1961,-2.06,CCO[P](=S)(OCC)SCC(=O)NC(C)C
C-1962,-2.48,COCC(C)OC(=O)OC1=CC=C(NC(C)=O)C=C1
C-1963,-4.32,CCCCCCOC(=O)OC1=CC=C(NC(C)=O)C=C1
C-1964,-3.3,CC1=C(C=CO1)C(=O)NC2=CC=CC=C2
C-1965,-1.72,OCN1C=NC2=C(C=N[N]2CO)C1=O
C-1966,-2.81,CCC(=O)[N]1N=CC2=C1N=CNC2=O
C-1967,-3.56,CC(C)CN(CC(C)C)C(=O)COC(=O)C1=CC=CC=C1
C-1968,0.12,OC(=O)CN(C[P](O)(O)=O)C[P](O)(O)=O
C-1969,-6.89,CCCCCCC(=O)OC1(CCC2C3CCC4=CC(=O)CCC4C3CCC12C)C#C
C-1970,-2.98,OC1=C(C2=C(C=CC=C2)C=C1)[N+]([O-])=O
C-1971,-1.17,CC(=O)C1=CC=C(OC2OC(CO)C(O)C(O)C2O)C=C1
C-1972,0.08,C[N]1C=NC2=C1C(=NC(=O)N2)NCCO
C-1973,-2.47,CNC(=O)N(C)C1=NN=C(S1)C(C)(C)CCl
C-1974,-2.56,CCOC(=O)CNC1=NC(=NC(=N1)NC(C)C)Cl
C-1975,-7.14,ClC1=CC2=C(C=C1)C=C(Cl)C(=C2)Cl
C-1976,-1.18,CC(O)CN(CC(C)O)C(=O)COC(=O)C1=CC=CC=C1
C-1977,-4.73,CC(C)(C)C1=C(O)C(=CC(=C1)[N+]([O-])=O)[N+]([O-])=O
C-1978,-4.53,CCCCCCCCCC(=O)OC1=CC=C(NC(C)=O)C=C1
C-1979,-3.58,CCC1(C(=O)NC(=S)NC1=O)C2=CC=CC=C2
C-1980,-4.6,CNC(=O)OC1=C(C=C(C)C=C1C(C)(C)C)C(C)(C)C
C-1981,-1.99,OC1(C(=O)NC(=O)NC1=O)C2(O)C(=O)NC(=O)NC2=O
C-1982,-4.85,S=C=NC1=CC=C(C=C1)C2=CC=CC=C2
C-1983,-1.86,NC1=CC(=C(C=C1)C(O)=O)[S](O)(=O)=O
C-1984,-1.27,NC(CC1=CC(=C(O)C=C1)O)C(=O)OC2CCCCC2
C-1985,-5.96,C1CC2=CC=C3CCCC4=CC=C(C1)C2=C34
C-1986,-3.41,OC(=O)COC1=C(Cl)C(=C(Cl)C=C1Cl)Cl
C-1987,-3.27,CCCC(=O)[N]1N=CC2=C1N=CNC2=O
C-1988,-3.04,CCC1=NC2=C(N=C(N)N=C2)N=C1CC
C-1989,-1.6,CN1CC(O)N(C1=O)C2=NN=C(S2)C(C)(C)C
C-1990,-3.73,OC(=O)CC1=CC=C(C=C1)C2=CC=CC=C2
C-1991,-2.3,CCC1=NC2=C(C=NC(=O)N2)N=C1CC
C-1992,-2.93,CCC1=NC2=C(N=C1CC)C(=NC=N2)N
C-1993,-2.63,CCN(CC)[S](=O)(=O)C1=CC=C(N)C=C1
C-1994,-0.76,CC[N]1C=NC2=C1C(=O)N(C)C(=O)N2C
C-1995,-0.72,CCN1C(=O)N(C)C2=C([N](C)C=N2)C1=O
C-1996,-4.4,CC(=O)OC1=CC=C(C=C1)C2=CC=CC=C2
C-1997,-3.03,OC1=CC(=C(C=C1)N=NC2=CC=CC=C2)O
C-1998,-8.76,CC(C)(C)NC(=O)C1CCC2C3CC=C4C=C(CCC4(C)C3CCC12C)C(O)=O
C-1999,-4.5,CC1(C)SC2C(N=CN3CCCCCC3)C(=O)N2C1C(O)=O
C-2000,-1.91,CCC1=NC2=C(N=C1CC)C(=O)NC=N2
C-2001,-0.71,OCC1OC(CC1O)N2C=C(C(=O)NC2=O)C(F)(F)F
C-2002,-0.41,CN1C(=O)N(C)C2=C([N](CO)C=N2)C1=O
C-2003,-4.51,CC1=CC=CC=C1N=NC2=CC=C(N)C(=C2)C
C-2004,-5.17,NC1=NC(=O)C2=C(N1)NC(=O)C(=O)N2
C-2005,-1.6,CCC1(C(=O)NC(=O)N(CO)C1=O)C2=CC=CC=C2
C-2006,-3.15,OC1=C(C=CC=C1)C(=O)OC2=CC=CC=C2
C-2007,-2.15,CC(=O)OCSC1=NC=NC2=C1N=C[NH]2
C-2008,-4.06,O=C1NC(=O)C2=C(N1)NC(=O)C(=O)N2
C-2009,-3.83,CC(=O)OC(C1=CC=C(Cl)C(=C1)Cl)C(Cl)(Cl)Cl
C-2010,-1.36,CC(C)C1(C)N=C(NC1=O)C2=NC=CC=C2C(O)=O
C-2011,-2.5,CNC(/NCCSCC1=CC=C(CN(C)C)O1)=C/[N+]([O-])=O
C-2012,-3.48,CC12CC(=O)C3C(CCC4=CC(=O)C=CC34C)C1CCC2(O)C(=O)CO
C-2013,-2.1,OC1CCN2C(=O)C3=C(C=CC=C3)N=C12
C-2014,-3.34,C1=CC2=CC=C3N=CC=CC3=C2C=C1
C-2015,0.02,CCC[N]1C=NC2=C1C(=O)N(C)C(=O)N2C
C-2016,-1.21,CCCN1C(=O)N(C)C2=C([N](C)C=N2)C1=O
C-2017,-1.99,CCC1=C(NC(=O)N1)C(=O)C2=CC=NC=C2
C-2018,-1.9,CC(=O)NC(CC1=CC=C(OC(C)=O)C=C1)C(N)=O
C-2019,-3.57,FC(F)(F)C1=NC2=C([NH]1)C=CC(=C2Cl)Cl
C-2020,-1.38,CC1=NC=C([N]1CCO[P](O)(O)=O)[N+]([O-])=O
C-2021,-6.36,ClC1=C(Cl)C(=O)C2=C(C=CC=C2)C1=O
C-2022,-4.02,CC1=CC2=C(N=C1)C(=C(Cl)C=C2)C(O)=O
C-2023,-4.6,CC#CC1=NC(=NC(=C1)C)NC2=CC=CC=C2
C-2024,-2.39,CCC(=O)OCSC1=NC=NC2=C1N=C[NH]2
C-2025,-4.11,CC(C)(C)C(=O)C1C(=O)C2=CC=CC=C2C1=O
C-2026,-0.06,O[S](=O)(=O)OCCOC1=C(Cl)C=C(Cl)C=C1
C-2027,-7.01,CC1=CC2=C(C=C1)C=C3C=CC=CC3=C2
C-2028,-1.04,CC1(C)SC2C(NC(=O)C3(N)CCCCC3)C(=O)N2C1C(O)=O
C-2029,-5.06,CC1=CC=CC(=C1)NC2=CC=CC=C2C(O)=O
C-2030,-2.04,CC1=C(C(=C(C=C1[N+]([O-])=O)[N+]([O-])=O)O)[N+]([O-])=O
C-2031,-3.27,CCC1=NC2=C(N=C1CC)C(=NC(=N2)N)N
C-2032,-3.55,CCC1=NC2=C(N=C1CC)C(=NC(=O)N2)N
C-2033,-4.28,CCC1=NC2=C(N=C1CC)C(=O)NC(=N2)N
C-2034,-5.85,CC1=CC=CC2=C1C=CC3=CC=CC=C23
C-2035,-5.17,NC1=CC2=CC3=CC=CC=C3C=C2C=C1
C-2036,-7.52,ClC1=CC=C(Cl)C2=C1C=C(Cl)C(=C2)Cl
C-2037,-2.39,CCC1=NC2=C(N=C1CC)C(=O)NC(=O)N2
C-2038,-2.69,CCCC(=O)OCSC1=NC=NC2=C1N=C[NH]2
C-2039,-1.87,COC1=C(OC2OC(CO)C(O)C(O)C2O)C=CC(=C1)\C=C\CO
C-2040,-6.3,ClC1=CC(=CC(=C1)Cl)C2=C(Cl)C=CC=C2
C-2041,-4.09,NC1=CC=CC(=C1)NC2=CC=CC=C2C(O)=O
C-2042,-3.75,OC(=O)COC1=C(Cl)C(=C(Cl)C(=C1Cl)Cl)Cl
C-2043,-7.51,ClC1=CC2=C(C(=CC=C2Cl)Cl)C(=C1)Cl
C-2044,-2.25,CCCCCCC(C(C)O)[N]1C=NC2=C1N=CN=C2N
C-2045,-4.66,COCC1(C)OC(=O)N(C1=O)C2=CC(=CC(=C2)Cl)Cl
C-2046,-3.5,NC(=O)C1=C[N](CC2=C(F)C=CC=C2F)N=N1
C-2047,-2.69,ClC1=CC=CC(=C1)N(C2CCOC2=O)C(=O)C3CC3
C-2048,-3.54,OC(=O)C1=CC=CC=C1NC2=CC(=CC=C2)O
C-2049,-2.08,COC(=O)C1CCCN1C(=O)COC(=O)C2=CC=CC=C2
C-2050,-3.57,OC(=O)C1=C(Cl)C=CC2=C1N=CC(=C2)Cl
C-2051,-5.08,COC1=C(C)C=C(C=C1)C(=O)C2=CC(=CC=C2)C
C-2052,-3.06,[NH]1C2=C(N=CN=C2)N=C1C3=CC=CC=C3
C-2053,-2.54,O=C(NNC(=O)C1=CC=NC=C1)C2=CC=CC=C2
C-2054,-3.51,OC1=C(C(=C(C=C1[N+]([O-])=O)[N+]([O-])=O)O)[N+]([O-])=O
C-2055,-4.32,BrC1=C(C=CC2=CC=CC=C12)N=C=S
C-2056,-2.78,CC(=O)NC1=CC=C(C=C1)[S](=O)(=O)NC(C)=O
C-2057,-4.73,OC1=C2C=CC=CC2=CC3=CC=CC=C13
C-2058,-5.01,FCCOC(=O)CC1=CC=C(C=C1)C2=CC=CC=C2
C-2059,-1.53,CC(COC1=CC=CC=C1)NC(C)C(O)C2=CC=C(O)C=C2
C-2060,-5.06,O=C(COC(=O)C1=CC=CC=C1)N(C2CCCCC2)C3CCCCC3
C-2061,-1.4,CN1C(=O)N(C)C2=C([N](C=N2)C(C)=O)C1=O
C-2062,-6.61,S=C(NNC1=CC=CC=C1)N=NC2=CC=CC=C2
C-2063,-1.88,CC(C(O)=O)C1=CC(=CC=C1)OC2=CC=CC=C2
C-2064,-3.1,CCCCC(=O)OCSC1=NC=NC2=C1N=C[NH]2
C-2065,-2.32,CCC1=CN=C(C2=NC(C)(C(C)C)C(=O)N2)C(=C1)C(O)=O
C-2066,-5.24,C1C2=CC=CC3=CC=C4C=CC=C1C4=C23
C-2067,-5.4,O=C(C1=CC=CC=C1)C2=CC=CC(=C2)N=C=S
C-2068,-3.47,CCOC(=O)CN(C(=O)CCl)C1=C(CC)C=CC=C1CC
C-2069,-5.3,OC(=O)C1=CC=CC=C1NC2=CC(=CC=C2)Cl
C-2070,-3.84,CC1=C(CC(O)=O)SC2=C1C=CC(=C2)Cl
C-2071,-3.27,NC1=CC2=C(C=C1)C=C(C=C2)[S](O)(=O)=O
C-2072,-1.87,OC1=CC(=C(C(=C1)O)C(=O)C2=CC=CC=C2)O
C-2073,-2.47,O=C(CC1=CC=CC=C1)NNC(=O)C2=CC=NC=C2
C-2074,-3.05,NC1=CC2=C(C=C1)C=CC(=C2)[S](O)(=O)=O
C-2075,-1.73,CC1=NC(=C(S1)C(=O)NC2=CC=CC=C2)C
C-2076,-5.91,ClC1=CC=C(OC2=C(Cl)C=CC=C2Cl)C=C1
C-2077,-3.63,CCCCCC(=O)OCSC1=NC=NC2=C1N=C[NH]2
C-2078,-2.24,NC1=CC=CC2=C1C=CC(=C2)[S](O)(=O)=O
C-2079,-2.09,CN(C)C(=O)OC1=CC(=N[N]1C2=CC=CC=C2)C
C-2080,-4.8,COC1=CC=CC(=C1)NC2=CC=CC=C2C(O)=O
C-2081,-6.11,ClC1=CC(=C(OC2=CC=CC=C2)C(=C1)Cl)Cl
C-2082,-2.66,COC1=CC=C2C3CC4=C5C(=C(OC)C=C4)OC1C25CCN3C
C-2083,-2.34,NC1=CC(=CC2=C1C=CC=C2)[S](O)(=O)=O
C-2084,-4.08,OC(=O)C1=C(C=CC=C1)C(=O)NC2=CC=CC=C2
C-2085,-4.58,CC(C)(C)C(=O)OCC(=O)C1(O)CCC2C3CCC4=CC(=O)C=CC4(C)C3C(O)CC12C
C-2086,-5.95,ClC1=CC=C(Cl)C(=C1Cl)OC2=CC=CC=C2
C-2087,-1.87,COC1=C(O)C2=C(CC3C4C=CC(=O)CC24CCN3C)C=C1
C-2088,-2.73,CC1=C(C=CC=C1)C(=O)NNC(=O)C2=CC=NC=C2
C-2089,-2.5,CCN1CCN2C(=O)C3=C(C=CC=C3)N=C2C1C
C-2090,-2.25,CCC(C)C1=C(OC(C)=O)C(=CC(=C1)[N+]([O-])=O)[N+]([O-])=O
C-2091,-1.1,CCC(=O)[N]1C=NC2=C1C(=O)N(C)C(=O)N2C
C-2092,-2.6,C1CN=C(CN(CC2=CC=CC=C2)C3=CC=CC=C3)N1
C-2093,-3.97,CC(=O)OCC(C(OC(C)=O)C1=CC=CC=C1)[N+]([O-])=O
C-2094,-2.75,NC1=CC2=C(C=C1)C(=CC=C2)[S](O)(=O)=O
C-2095,-1.1,OC(=O)C1=C(C=C(C=C1[N+]([O-])=O)[N+]([O-])=O)[N+]([O-])=O
C-2096,-2.57,NC1=CC2=C(C=CC=C2[S](O)(=O)=O)C=C1
C-2097,-4.64,CC12CCC3=C(C=CC4=C3C=CC(=C4)O)C1CCC2O
C-2098,-3.12,NC1=C(Br)C(=O)N(N=C1)C2=CC=CC=C2
C-2099,-3.32,CC(C1CC1)C(O)(C[N]2C=NC=N2)C3=CC=C(Cl)C=C3
C-2100,-3.37,CC(N(O)C(N)=O)C1=CC2=C(S1)C=CC=C2
C-2101,-2.35,NC1=CC=CC2=C1C=CC=C2[S](O)(=O)=O
C-2102,-5.51,CC(C)(C)CC(=O)OCC(=O)C1(O)CCC2C3CCC4=CC(=O)CCC4(C)C3C(O)CC12C
C-2103,-2.91,NC1=CC=C(C2=C1C=CC=C2)[S](O)(=O)=O
C-2104,-2.99,O=C1COC2(CCN(CCC3=C[NH]C4=C3C=CC=C4)CC2)CN1
C-2105,-3.13,CCNC(=O)C1=CC(=C(C=C1[N+]([O-])=O)[N+]([O-])=O)N2CC2
C-2106,-6.22,CSC(=O)C1(OC(C)=O)C(C)CC2C3CCC4=CC(=O)C=CC4(C)C3(F)C(O)CC12C
C-2107,-4.14,CC(=O)OC1=CC=C(NC(=O)C2=CC=CC=C2)C=C1
C-2108,-2.09,CC1CN(C)C(C)C2=NC3=C(C=CC=C3)C(=O)N12
C-2109,-3.07,NC1=CC=CC2=C1C(=CC=C2)[S](O)(=O)=O
C-2110,-2.59,CCC1CN2CCC1CC2C(O)C3=CC=NC4=C3C=CC=C4
C-2111,-1.05,OC(=O)C1=CC(=O)C2=C(O1)C=C3CCCCC3=C2
C-2112,-4.85,O=C(OC1=CC=CC(=C1)N=C=S)C2=CC=CC=C2
C-2113,-2.42,CN1C(=O)ON(C1=O)C2=CC(=C(Cl)C=C2)Cl
C-2114,-1.24,COC(=O)[N]1C=NC2=C1C(=O)N(C)C(=O)N2C
C-2115,-3.41,CC(C)CC1=CC=C(C=C1)C(C)C(=O)OCC(=O)N(C)CC(N)=O
C-2116,-4.33,CC(C)OC1=CC=CC(=C1)NC(=O)C2=C(C)C=CC=C2
C-2117,-1.83,CN1C(=O)N(C)C2=C([N](COC(C)=O)C=N2)C1=O
C-2118,-1.7,CCN(CC1=CC=NC=C1)C(=O)C(CO)C2=CC=CC=C2
C-2119,-4.3,O=C(OC1=CC=CC(=C1)N=C=S)C2=CC=CN=C2
C-2120,-1.95,CC[S](=O)(=O)C1=NN=C(S1)N(C)C(=O)NC
C-2121,-2.83,CN(C)C1=CC=C(C=C1)C(=O)C2=CC=C(C=C2)N(C)C
C-2122,-6.49,CCC1=CC=C(C=C1)C(C(Cl)Cl)C2=CC=C(CC)C=C2
C-2123,-4.62,CCCCCCCC(=O)OCSC1=NC=NC2=C1N=C[NH]2
C-2124,-2.31,CCCN1CCN2C(=O)C3=C(C=CC=C3)N=C2C1C
C-2125,-1.27,CC(CN1CC(=O)NC(=O)C1)N2CC(=O)NC(=O)C2
C-2126,-6.77,ClC1=CC=C(C=C1)C2=C(Cl)C(=CC(=C2)Cl)Cl
C-2127,-1.53,CCCC(=O)[N]1C=NC2=C1C(=O)N(C)C(=O)N2C
C-2128,-6.77,ClC1=CC(=CC=C1)C2=C(Cl)C(=C(Cl)C=C2)Cl
C-2129,-4.24,CC(=O)OCC(=O)C1(O)CCC2C3CCC4=CC(=O)C=CC4(C)C3C(=O)CC12C
C-2130,-7.25,ClC1=C(C=CC=C1)C2=CC(=C(Cl)C(=C2)Cl)Cl
C-2131,-3.89,CCCNC(=O)C1=CC(=C(C=C1[N+]([O-])=O)[N+]([O-])=O)N2CC2
C-2132,-7.02,ClC1=CC=C(C=C1Cl)C2=C(Cl)C=CC=C2Cl
C-2133,-7.15,ClC1=CC(=CC=C1)C2=C(Cl)C=C(Cl)C=C2Cl
C-2134,-4.96,CC12CCC3=C(C=CC4=C3C=CC(=C4)O)C1CCC2=O
C-2135,-6.68,ClC1=CC=C(C(=C1)Cl)C2=C(Cl)C(=CC=C2)Cl
C-2136,-1.65,OC(=O)C1CC[N]2C1=CC=C2C(=O)C3=CC=CC=C3
C-2137,-1.22,CC1=C(N2C(SC1)C(NC(=O)C(N)C3=CCC=CC3)C2=O)C(O)=O
C-2138,-1.86,CCOC(=O)OC[N]1C=NC2=C1C(=O)N(C)C(=O)N2C
C-2139,-3.5,CC(C)NC(=O)C1=CC(=C(C=C1[N+]([O-])=O)[N+]([O-])=O)N2CC2
C-2140,-6.23,ClC1=CC(=C(Cl)C(=C1)Cl)C2=CC=CC=C2Cl
C-2141,-1.65,CCOC(=O)[N]1C=NC2=C1C(=O)N(C)C(=O)N2C
C-2142,-2.46,CCN1CC(C)N2C(=O)C3=C(C=CC=C3)N=C2C1C
C-2143,-4.44,CC(=O)OC1=CC=C(NC(=O)NC2=CC=CC=C2)C=C1
C-2144,-3.3,CCC1NC(=O)C2=CC(=C(Cl)C=C2N1)[S](N)(=O)=O
C-2145,-2.3,CCC(=O)OC[N]1C=NC2=C1C(=O)N(C)C(=O)N2C
C-2146,-0.56,C[N]1C=NC2=C1C(=O)N(CCCCC(C)=O)C(=O)N2C
C-2147,-3.07,CO[P](=S)(OC)SCC1=NC(=NC(=N1)N)N
C-2148,-2.91,OCN1C(=O)CN(/N=C/C2=CC=C(O2)[N+]([O-])=O)C1=O
C-2149,-4.86,CC(=O)C1=CC=CC(=C1)NC2=CC=CC=C2C(O)=O
C-2150,-6.3,ClC1=CC=CC(=C1Cl)C2=C(Cl)C=CC=C2Cl
C-2151,-6.3,ClC1=CC=C(Cl)C(=C1Cl)C2=CC=CC=C2Cl
C-2152,-2.82,OCCN1C=CC(=O)C(=C1C(O)C2=CC=CC=C2)O
C-2153,-6.98,ClC1=C(Cl)C=C(OC2=CC=C(Cl)C(=C2)Cl)C=C1
C-2154,-3.31,CCC1=CC=CC2=C1[NH]C3=C2CCOC3(CC)CC(O)=O
C-2155,-1.68,C[S](=O)(=O)NC1=NN=C(S1)[S](N)(=O)=O
C-2156,-5.23,CNC1CCC(C2=CC(=C(Cl)C=C2)Cl)C3=C1C=CC=C3
C-2157,-4.92,N#CC(=NNC1=CC=C(C=C1)N=NC2=CC=CC=C2)C#N
C-2158,-7.35,ClC1=CC=C(OC2=CC(=C(Cl)C(=C2)Cl)Cl)C=C1
C-2159,-7.32,ClC1=CC(=CC(=C1)OC2=CC=C(Cl)C(=C2)Cl)Cl
C-2160,-2.12,CCCCC(=O)[N]1C=NC2=C1C(=O)N(C)C(=O)N2C
C-2161,-6.51,ClC(Cl)C(C1=CC=C(Cl)C=C1)C2=C(Cl)C=CC=C2
C-2162,-1.81,NC(CC1=CC(=C(O)C=C1)O)C(=O)OCC2=CC=CC=C2
C-2163,-7.0,ClC1=CC=C(OC2=CC(=C(Cl)C=C2)Cl)C(=C1)Cl
C-2164,-2.08,CC(CCC1=CC=CC=C1)NCC(O)C2=CC(=C(O)C=C2)C(N)=O
C-2165,-7.04,ClC1=CC=C(OC2=CC(=C(Cl)C=C2Cl)Cl)C=C1
C-2166,-5.45,[O-][N+](=O)C1=CC=C(OC2=C(Cl)C=C(Cl)C=C2)C=C1
C-2167,-5.4,[O-][N+](=O)C1=C(Cl)C2=C(C=CC=C2)C(=C1)[N+]([O-])=O
C-2168,-4.8,CO[P](=S)(NC(C)C)OC1=C(Cl)C=C(Cl)C=C1
C-2169,-3.85,CC(C)CNC(=O)C1=CC(=C(C=C1[N+]([O-])=O)[N+]([O-])=O)N2CC2
C-2170,-4.21,IC1=C(C=CC=C1)C(=O)NC2=CC=CC=C2
C-2171,-7.14,ClC1=CC=C(OC2=CC(=CC(=C2)Cl)Cl)C(=C1)Cl
C-2172,-7.07,ClC1=CC=C(Cl)C(=C1)OC2=CC=C(Cl)C(=C2)Cl
C-2173,-7.01,ClC1=CC=C(OC2=CC=C(Cl)C(=C2Cl)Cl)C=C1
C-2174,-2.46,CCC(=O)OCC1OC(CC1O)N2C=C(I)C(=O)NC2=O
C-2175,-7.14,ClC1=CC=C(OC2=CC(=CC(=C2Cl)Cl)Cl)C=C1
C-2176,-6.9,ClC1=C(Cl)C=C(OC2=CC=CC(=C2Cl)Cl)C=C1
C-2177,-2.17,CN1C(=O)N(C)C2=C([N](COC(=O)C(C)(C)C)C=N2)C1=O
C-2178,-7.27,ClC1=CC=CC(=C1)OC2=CC(=C(Cl)C=C2Cl)Cl
C-2179,-6.83,ClC1=CC=C(OC2=C(Cl)C=C(Cl)C=C2Cl)C=C1
C-2180,-6.43,OC(=O)C1=CC=CC=C1NC2=CC(=CC=C2)[N+]([O-])=O
C-2181,-7.09,ClC1=CC=CC(=C1)OC2=CC=C(Cl)C(=C2Cl)Cl
C-2182,-6.77,ClC1=CC=C(OC2=C(Cl)C=CC(=C2)Cl)C(=C1)Cl
C-2183,-4.16,COC1=CC=C(OC2=CC=C(NC(=O)N(C)C)C=C2)C=C1
C-2184,-1.45,CCCOC(=O)[N]1C=NC2=C1C(=O)N(C)C(=O)N2C
C-2185,-6.56,ClC1=C(Cl)C=C(OC2=C(Cl)C=CC=C2Cl)C=C1
C-2186,-6.65,ClC1=CC(=C(OC2=CC=CC(=C2Cl)Cl)C=C1)Cl
C-2187,-2.24,CCCN1CC(C)N2C(=O)C3=C(C=CC=C3)N=C2C1C
C-2188,-6.64,ClC1=CC=C(OC2=C(Cl)C=CC(=C2Cl)Cl)C=C1
C-2189,-4.08,OC(=O)C1(O)C2=C(C=CC=C2)C3=C1C=C(Cl)C=C3
C-2190,-3.17,CC(C)(C)NC(=O)C1=CC(=C(C=C1[N+]([O-])=O)[N+]([O-])=O)N2CC2
C-2191,-1.86,CCCC(=O)OC[N]1C=NC2=C1C(=O)N(C)C(=O)N2C
C-2192,-7.0,ClC1=C(OC2=CC(=C(Cl)C=C2Cl)Cl)C=CC=C1
C-2193,-2.86,NC(CC1=CC(=C(O)C(=C1)I)I)C(O)=O
C-2194,-6.74,ClC1=CC=C(OC2=C(Cl)C=CC=C2)C(=C1Cl)Cl
C-2195,-2.26,CC1CN(CCO1)[S](=O)(=O)NC(=O)NCC2CC3CC2C=C3
C-2196,-7.52,ClC1=C(Cl)C(=C(Cl)C(=C1)OC2=CC=CC=C2)Cl
C-2197,-2.59,CCN(CC)C(=O)C1=CC(=C(C=C1[N+]([O-])=O)[N+]([O-])=O)N2CC2
C-2198,-4.18,COC(=O)C1(O)C2=C(C=CC=C2)C3=C1C=C(Cl)C=C3
C-2199,-3.8,OC1C(O)C(O)C2C(NC(=O)C3=C(O)C4=C(OCO4)C=C23)C1O
C-2200,-7.06,ClC1=C(Cl)C(=C(OC2=CC=CC=C2)C(=C1)Cl)Cl
C-2201,-3.74,CC1CCC2=CC(=CC3=C2N1C=C(C(O)=O)C3=O)F
C-2202,-7.02,ClC1=C(Cl)C(=C(Cl)C(=C1)Cl)OC2=CC=CC=C2
C-2203,-4.61,O=C1OC(=NC2=C1C=CC=C2)C3=CC=CC=C3
C-2204,-1.93,CCCCOC(=O)[N]1C=NC2=C1C(=O)N(C)C(=O)N2C
C-2205,-2.37,CCCCC(=O)OC[N]1C=NC2=C1C(=O)N(C)C(=O)N2C
C-2206,-1.14,CN(CC(=O)NC1=NN=C(S1)[S](N)(=O)=O)C(N)=N
C-2207,-5.51,CCC(C)C1=C(OC(=O)C=C(C)C)C(=CC(=C1)[N+]([O-])=O)[N+]([O-])=O
C-2208,-3.41,OC(=O)CCC(=O)OCN1C(=O)OC2=CC=C(Cl)C=C12
C-2209,-4.76,CCO[P](=S)(OC(C)C)OC1=CN=C(N=C1)C(C)(C)C
C-2210,-3.61,CCC1COC(C[N]2C=NC=N2)(O1)C3=CC=C(Cl)C=C3Cl
C-2211,-3.19,C=CC1CN2CCC1CC2C(=O)C3=CC=NC4=C3C=CC=C4
C-2212,-3.17,[O-][N+](=O)C1=C(C=C(C(=O)N2CCCCC2)C(=C1)[N+]([O-])=O)N3CC3
C-2213,-7.47,ClC1=CC(=CC(=C1)Cl)C2=CC(=C(Cl)C=C2Cl)Cl
C-2214,-7.32,ClC1=CC(=C(Cl)C=C1)C2=CC(=C(Cl)C(=C2)Cl)Cl
C-2215,-6.75,CC1=C2C=CC3=C(C=CC=C3)C2=CC4=C1CCCC4
C-2216,-7.91,ClC1=CC(=C(C(=C1)Cl)C2=CC=C(Cl)C(=C2)Cl)Cl
C-2217,-2.64,CCCCCC(=O)OC[N]1C=NC2=C1C(=O)N(C)C(=O)N2C
C-2218,-2.54,CC(=O)OCSC1=NC=NC2=C1N=C[N]2COC(C)=O
C-2219,-7.41,ClC1=CC=CC(=C1Cl)C2=CC(=C(Cl)C(=C2)Cl)Cl
C-2220,-2.89,[O-][N+](=O)C1=C(C=C(C(=O)N2CCOCC2)C(=C1)[N+]([O-])=O)N3CC3
C-2221,-7.92,ClC1=CC(=C(C(=C1)Cl)C2=CC(=CC(=C2)Cl)Cl)Cl
C-2222,-7.95,ClC1=CC=C(C=C1)C2=C(Cl)C(=C(Cl)C=C2Cl)Cl
C-2223,-7.82,ClC1=CC=C(C(=C1)Cl)C2=C(Cl)C(=CC(=C2)Cl)Cl
C-2224,-2.05,CN1N=C(SC1=N[S](C)(=O)=O)[S](N)(=O)=O
C-2225,-0.74,COC(=O)C1=C(OC2OC(COC3OCC(O)C(O)C3O)C(O)C(O)C2O)C=CC=C1
C-2226,-7.88,ClC1=CC=C(C=C1)C2=C(Cl)C(=CC(=C2Cl)Cl)Cl
C-2227,-7.05,ClC1=CC=CC(=C1Cl)C2=CC=C(Cl)C(=C2Cl)Cl
C-2228,-7.95,ClC1=CC(=CC(=C1)Cl)C2=C(Cl)C(=CC=C2Cl)Cl
C-2229,-7.47,ClC1=CC=C(Cl)C(=C1)C2=C(Cl)C=C(Cl)C=C2Cl
C-2230,-6.96,ClC1=CC(=C(Cl)C(=C1)C2=C(Cl)C(=CC=C2)Cl)Cl
C-2231,-7.4,ClC1=CC(=C(C(=C1)Cl)C2=CC=CC(=C2Cl)Cl)Cl
C-2232,-7.76,ClC1=CC(=CC=C1)C2=C(Cl)C(=CC(=C2Cl)Cl)Cl
C-2233,-7.03,ClC1=CC=C(SC2=CC(=C(Cl)C=C2Cl)Cl)C=C1
C-2234,-6.78,ClC1=C(Cl)C(=C(C=C1)C2=C(Cl)C=CC=C2Cl)Cl
C-2235,-4.96,CCCN1C(=O)N(CCC)C2=C([NH]C(=N2)C3CCCC3)C1=O
C-2236,-4.17,CC1=CC=C(C=C1)C(=O)C2=CC(=C(O)C(=C2)O)[N+]([O-])=O
C-2237,-5.35,CC(C)OC(=O)C(O)(C1=CC=C(Cl)C=C1)C2=CC=C(Cl)C=C2
C-2238,-2.19,CC1=C(C)C(=NO1)N[S](=O)(=O)C2=CC=C(N)C=C2
C-2239,-1.9,CCCC1=C2CCCCC2=CC3=C1OC(=CC3=O)C(O)=O
C-2240,-3.3,OCN1C(=O)NC(C1=O)(C2=CC=CC=C2)C3=CC=CC=C3
C-2241,-3.0,CCCCCCOC(=O)[N]1C=NC2=C1C(=O)N(C)C(=O)N2C
C-2242,-7.4,ClC1=CC=CC=C1C2=C(Cl)C(=CC(=C2Cl)Cl)Cl
C-2243,-8.25,ClC1=CC=C(OC2=CC(=C(Cl)C(=C2)Cl)Cl)C=C1Cl
C-2244,-7.75,CC12CCC3C(CCC4=CC(=O)CCC34)C1CCC2(OC(=O)C5=CC=CC=C5)C#C
C-2245,-7.83,ClC1=CC=C(OC2=C(Cl)C=C(Cl)C(=C2)Cl)C=C1Cl
C-2246,-4.2,CC1CC2C3CCC(O)(C(=O)COC(=O)CCC(O)=O)C3(C)CC(O)C2C4(C)C=CC(=O)C=C14
C-2247,-7.89,ClC1=CC=C(OC2=CC(=C(Cl)C(=C2)Cl)Cl)C(=C1)Cl
C-2248,-4.23,O=C1NC=NC2=C1C=N[N]2C(=O)C3=CC=CC=C3
C-2249,-7.13,ClC1=CC=C(C=C1)C(C2=C(Cl)C=CC=C2)C(Cl)(Cl)Cl
C-2250,-8.06,ClC1=CC(=CC(=C1)Cl)OC2=C(Cl)C=C(Cl)C(=C2)Cl
C-2251,-7.83,ClC1=CC(=C(Cl)C(=C1)Cl)OC2=CC=C(Cl)C(=C2)Cl
C-2252,-7.61,ClC1=CC=C(OC2=C(Cl)C=C(Cl)C(=C2)Cl)C(=C1)Cl
C-2253,-7.86,ClC1=CC(=CC(=C1)Cl)OC2=C(Cl)C(=C(Cl)C=C2)Cl
C-2254,-8.06,ClC1=CC=C(OC2=C(Cl)C(=C(Cl)C(=C2)Cl)Cl)C=C1
C-2255,-7.62,ClC1=CC(=C(OC2=CC=C(Cl)C(=C2)Cl)C(=C1)Cl)Cl
C-2256,-4.56,CC(C)(C)C(O)C(CC1=CC=C(Cl)C=C1Cl)[N]2C=NC=N2
C-2257,-3.55,NC1=CC=C(C=C1)[S](=O)(=O)NC2=NC(=O)NC=C2
C-2258,-7.44,ClC1=CC=C(OC2=C(Cl)C(=C(Cl)C=C2)Cl)C(=C1)Cl
C-2259,-7.56,ClC1=CC=C(Cl)C(=C1)OC2=C(Cl)C=C(Cl)C(=C2)Cl
C-2260,-7.64,ClC1=CC=C(OC2=C(Cl)C(=CC(=C2)Cl)Cl)C(=C1)Cl
C-2261,-7.35,ClC1=CC=C(OC2=C(Cl)C(=CC=C2Cl)Cl)C=C1Cl
C-2262,-7.77,ClC1=CC=C(OC2=C(Cl)C(=C(Cl)C=C2Cl)Cl)C=C1
C-2263,-3.45,CCCCCCCC(=O)OC[N]1C=NC2=C1C(=O)N(C)C(=O)N2C
C-2264,-7.33,ClC1=CC=C(OC2=C(Cl)C=C(Cl)C=C2Cl)C(=C1)Cl
C-2265,-7.48,ClC1=C(Cl)C(=CC=C1)OC2=C(Cl)C=C(Cl)C(=C2)Cl
C-2266,-7.7,ClC1=CC=C(Cl)C(=C1)OC2=C(Cl)C(=C(Cl)C=C2)Cl
C-2267,-1.77,NC(=N)C1=CC(=CC=C1)NC(=O)NC2=CC(=CC=C2)C(N)=N
C-2268,-7.38,ClC1=C(Cl)C(=CC=C1)OC2=C(Cl)C(=C(Cl)C=C2)Cl
C-2269,-7.76,ClC1=CC=C(OC2=C(Cl)C(=CC(=C2Cl)Cl)Cl)C=C1
C-2270,-4.87,ClC1=CC=C(C=C1)N2N=NC3C4CC(C5N=NC45)C23
C-2271,-7.24,ClC1=CC=C(OC2=C(Cl)C(=CC=C2Cl)Cl)C(=C1)Cl
C-2272,-7.12,ClC1=CC=CC(=C1OC2=C(Cl)C=C(Cl)C(=C2)Cl)Cl
C-2273,-7.23,ClC1=C(Cl)C(=C(OC2=C(Cl)C=CC=C2Cl)C=C1)Cl
C-2274,-1.98,COC1=CC=C2C=C(C=CC2=C1)C(C)C(=O)OCCOC(=O)CN
C-2275,-2.68,CN(C)[S](=O)(=O)NC1=NN=C(S1)[S](N)(=O)=O
C-2276,-7.94,ClC1=C(Cl)C(=C(OC2=CC=CC=C2)C(=C1Cl)Cl)Cl
C-2277,-2.78,CCC(=O)OCSC1=NC=NC2=C1N=C[N]2COC(=O)CC
C-2278,-3.49,CC1=CSC(=N1)N[S](=O)(=O)C2=CC=C(N)C=C2
C-2279,-5.04,CC(OC1=CC=C(OC2=C(Cl)C=C(Cl)C=C2)C=C1)C(O)=O
C-2280,-3.19,OC(=O)C1=CC(=NC2=C1C=CC=C2)C3=CC=CC=C3
C-2281,-5.24,CCOCCC1=C(C)C(=C(OCCNC2=NC=NC(=C2Cl)CC)C=C1)C
C-2282,-4.7,CC(C(O)=O)C1=CC2=C(C=C1)C3=C([NH]2)C=CC(=C3)Cl
C-2283,-5.6,OC1=C(O)C2=C(C=C1)C(=O)C3=C(C=CC=C3)C2=O
C-2284,-5.15,C[S](=O)(=O)N(SC(Cl)(Cl)C(F)(Cl)Cl)C1=CC=CC=C1
C-2285,-2.44,COC1=CC=C2C=C(C=CC2=C1)C(C)C(=O)OC(C)OC(=O)CN
C-2286,-5.19,OC1=CC=CC2=C1C(=O)C3=C(C=CC=C3O)C2=O
C-2287,-2.36,CN1C=CC(=NC1=O)N[S](=O)(=O)C2=CC=C(N)C=C2
C-2288,-1.44,CCCOCC(=NC1=CC=C(Cl)C=C1C(F)(F)F)[N]2C=CN=C2
C-2289,-3.3,C[S](=O)(=O)C1=CC(=C(C=C1)C(=O)C2C(=O)CCCC2=O)Cl
C-2290,-4.41,CC(=O)NC1=CC=C(C=C1)C(=O)NC2=CC=C(OC(C)=O)C=C2
C-2291,-5.0,CN1C(=O)N(C)C2=C([NH]C(=N2)C3=CC=CC=C3)C1=O
C-2292,-4.59,CCCN1C(=O)N(CCC)C2=C([NH]C(=N2)C(C3CC3)C4CC4)C1=O
C-2293,-2.68,CCCC1=C2OC(=CC(=O)C2=C(O)C3=C1CCCC3)C(O)=O
C-2294,-1.99,CC1(C)SC2C(NC(=O)C(N)C3=CC=CC=C3)C(=O)N2C1C(O)=O
C-2295,-3.81,CC(C)C1(O)CCN2CC3C4=C(CCC5=C3C(=CC=C5)C2C1)C=CC=C4
C-2296,-2.21,CC1C\C=C\C=C\C=C\C=C\C(CC2OC(O)(CC(O)CC3OC3/C=C/C(=O)O1)CC(O)C2C([O-])=O)OC4OC(C)C(O)C([NH3+])C4O
C-2297,-2.76,CCN1C=C(C(O)=O)C(=O)C2=C1C=C(N3CCNCC3)C(=C2)F
C-2298,-3.71,CCCC(=O)OCSC1=NC=NC2=C1N=C[N]2COC(=O)CCC
C-2299,-1.58,CC1=C(N2C(SC1)C(NC(=O)C(N)C3=CC=CC=C3)C2=O)C(O)=O
C-2300,-3.59,CC(=O)NC1=CC=C(C=C1)[S](=O)(=O)NC2=NC=CC=N2
C-2301,-6.19,OC1=C(C=C(Cl)C=C1)C(=O)NC2=C(Cl)C=C(C=C2)[N+]([O-])=O
C-2302,-3.16,CCCN1C(=O)N(CCC)C2=C([NH]C(=N2)C3CCC(=O)C3)C1=O
C-2303,-8.49,ClC1=C(Cl)C(=C(OC2=CC(=C(Cl)C(=C2)Cl)Cl)C=C1)Cl
C-2304,-3.72,CC(C)C1(C)N=C(NC1=O)C2=NC3=C(C=CC=C3)C=C2C(O)=O
C-2305,-3.34,CC(=O)OCN1C=C(F)C(=O)N(C1=O)C(=O)C2=CC=CC=C2
C-2306,-2.89,CC1=NC=C([N]1CCOC(=O)C2=CC=C(CN3CCOCC3)C=C2)[N+]([O-])=O
C-2307,-4.94,NC1=CC=C(C=C1)[S](=O)(=O)NC2=CC=C(Cl)C(=C2)Cl
C-2308,-5.08,COC1=C(N[S](=O)(=O)C2=CC=C(N)C=C2)C=C(N)C=C1
C-2309,-2.92,CCN1C=C(C(O)=O)C(=O)C2=C1N=C(N3CCNCC3)C(=C2)F
C-2310,-2.7,CN(C)[S](=O)(=O)N=C1SC(=NN1C)[S](N)(=O)=O
C-2311,-8.41,ClC1=CC(=C(Cl)C(=C1)Cl)OC2=CC(=C(Cl)C=C2Cl)Cl
C-2312,-5.06,CCN(C(=O)OC1=CC=CC(=C1)NC(=O)OC(C)C)C2=CC=CC=C2
C-2313,-8.55,ClC1=CC(=C(Cl)C(=C1)OC2=C(Cl)C(=C(Cl)C=C2)Cl)Cl
C-2314,-5.59,CC(OC1=CC2=CC=CC=C2C=C1)C(=O)NC3=CC=CC=C3
C-2315,-8.3,ClC1=CC=C(OC2=C(Cl)C(=CC(=C2Cl)Cl)Cl)C=C1Cl
C-2316,-8.47,ClC1=CC(=C(OC2=C(Cl)C(=C(Cl)C=C2Cl)Cl)C=C1)Cl
C-2317,-4.24,CCOC(=O)C1=CN=C(N[S](=O)(=O)C2=CC=CC=C2)C=C1
C-2318,-3.89,CC(=O)OC1=CC=C(CC(NC(=O)C2=CC=CC=C2)C(N)=O)C=C1
C-2319,-7.88,ClC1=CC=C(Cl)C(=C1Cl)OC2=C(Cl)C=C(Cl)C(=C2)Cl
C-2320,-3.12,COC1=C2OC=CC2=C(OC)C3=C1OC(=CC3=O)C
C-2321,-1.13,CN(CC(=O)NCCC(=O)NC1=NN=C(S1)[S](N)(=O)=O)C(N)=N
C-2322,-6.66,CN1C(=O)N(C)C2=C([NH]C(=N2)\C=C\C3=CC=CC=C3)C1=O
C-2323,-8.42,ClC1=CC(=C(OC2=C(Cl)C(=CC(=C2Cl)Cl)Cl)C=C1)Cl
C-2324,-7.96,ClC1=C(Cl)C(=C(OC2=C(Cl)C=CC(=C2Cl)Cl)C=C1)Cl
C-2325,-4.58,CCC(CC1=C(I)C(=C(I)C=C1I)N)C(O)=O
C-2326,-1.16,CN1N=C(SC1=N[S](=O)(=O)C(F)(F)F)[S](N)(=O)=O
C-2327,-5.76,CCCN(CCC)C1=C(C=C(C=C1[N+]([O-])=O)[S](C)(=O)=O)[N+]([O-])=O
C-2328,-6.64,CC1=CC=CC2=C1C3=CC4=CC=CC=C4C=C3C=C2
C-2329,-3.31,CN1C(=O)N(C)C2=C([N](C)C(=N2)C3=CC=CC=C3)C1=O
C-2330,-2.29,CN(CC1=CC=C(OCCN2CCOCC2)C=C1)C(=O)C3=CC=C(O3)[N+]([O-])=O
C-2331,-6.64,CC1=C2C=CC3=C(C=CC=C3)C2=CC4=CC=CC=C14
C-2332,-3.11,NC1=CC=C(C=C1)[S](=O)(=O)NC2=NC(=O)N(CC=C)C=C2
C-2333,-6.57,CC1=C2C(=CC3=CC=CC=C13)C=CC4=C2C=CC=C4
C-2334,-3.43,CC(=O)NC1=CC=C(C=C1)[S](=O)(=O)NC2=NC=CS2
C-2335,-3.17,CC(C)N1C=CC(=NC1=O)N[S](=O)(=O)C2=CC=C(N)C=C2
C-2336,-6.57,CC1=CC2=C(C=CC3=CC=CC=C23)C4=C1C=CC=C4
C-2337,-6.59,CC1=CC2=C(C=CC=C2)C3=C1C4=CC=CC=C4C=C3
C-2338,-2.7,OC1=C(O)C2=C(C=C1)C3=C4C=C(O)C(=O)C=C4CC3(O)CO2
C-2339,-3.18,CCNC(=O)OC1=C(O)C(=CC(=C1)\C=C(C#N)/C(=O)N(CC)CC)[N+]([O-])=O
C-2340,-5.4,CCCCCCCCSC(=O)OC1=C(N=NC(=C1)Cl)C2=CC=CC=C2
C-2341,-4.33,CCCCC(=O)OCSC1=NC=NC2=C1N=C[N]2COC(=O)CCCC
C-2342,-3.07,CN(C)[P](=O)(N(C)C)[N]1N=C(N=C1N)C2=CC=CC=C2
C-2343,-4.64,COC1=CC=C(N[S](=O)(=O)C2=CC=C(C=C2)[N+]([O-])=O)C=C1
C-2344,-2.17,CC1(C)SC2C(NC(=O)C(N)C3=CC=C(O)C=C3)C(=O)N2C1C(O)=O
C-2345,-5.85,CCCN1C(=O)N(CCC)C2=C([NH]C(=N2)[C]34CC5[CH2]C(C[CH]3C5)C4)C1=O
C-2346,-4.14,CN1C=C(C(N)=O)C(=C(F)C1=O)NC2=C(F)C=C(Br)C=C2
C-2347,-3.82,COC1=CC=C2C=C(C=CC2=C1)C(C)C(=O)OCCOC(=O)C(N)CC(C)C
C-2348,-3.09,CCCCN1C=CC(=NC1=O)N[S](=O)(=O)C2=CC=C(N)C=C2
C-2349,-3.82,CCC(C)C(N)C(=O)OCCOC(=O)C(C)C1=CC2=CC=C(OC)C=C2C=C1
C-2350,-3.76,FC1=C(C2SCC3=NC4=C(C=CC=C4)[N]23)C(=CC=C1)F
C-2351,-1.14,CCN(CC)C(=O)CCC(=O)OC[N]1C=NC2=C1C(=O)N(C)C(=O)N2C
C-2352,-3.94,CN1C2=CC=CC=C2SC3=C1C=C(CC(O)=O)C=C3
C-2353,-5.46,CSC(=O)C1=C(CC(C)C)C(=C(N=C1C(F)F)C(F)(F)F)C(=O)SC
C-2354,-3.11,CC(C)CN1C=CC(=NC1=O)N[S](=O)(=O)C2=CC=C(N)C=C2
C-2355,-3.73,CCCC(=O)OCN1C=C(F)C(=O)N(C1=O)C(=O)C2=CC=CC=C2
C-2356,-3.73,CNN1C=C(C(O)=O)C(=O)C2=C1C=C(N3CCN(C)CC3)C(=C2)F
C-2357,-9.1,ClC1=C(Cl)C(=C(C(=C1)Cl)C2=CC(=C(Cl)C(=C2)Cl)Cl)Cl
C-2358,-3.73,CC(C)(C)C(=O)OC1=CC2=C(C=C1)N=C(S2)[S](N)(=O)=O
C-2359,-2.76,CCC(C)N1C=CC(=NC1=O)N[S](=O)(=O)C2=CC=C(N)C=C2
C-2360,-8.06,ClC1=CC=C(C(=C1Cl)Cl)C2=C(Cl)C(=C(Cl)C(=C2)Cl)Cl
C-2361,-4.3,COC1=CC2=CC=C(C=C2C=C1)C(C)C(=O)OCCOC(=O)CN3CCOCC3
C-2362,-8.9,ClC1=CC=C(C=C1Cl)C2=C(Cl)C(=C(Cl)C(=C2Cl)Cl)Cl
C-2363,-9.1,ClC1=CC(=C(Cl)C(=C1Cl)C2=CC(=C(Cl)C(=C2)Cl)Cl)Cl
C-2364,-3.48,CCCOC(=O)N1C2CN3C4=C(C(COC(N)=O)C3(OC)C12)C(=O)C(=C(C)C4=O)N
C-2365,-9.1,ClC1=CC(=C(Cl)C(=C1)C2=C(Cl)C(=C(Cl)C(=C2)Cl)Cl)Cl
C-2366,-8.68,ClC1=CC(=C(C(=C1)Cl)C2=CC(=C(Cl)C(=C2Cl)Cl)Cl)Cl
C-2367,-9.1,ClC1=CC(=CC(=C1)Cl)C2=C(Cl)C(=C(Cl)C(=C2Cl)Cl)Cl
C-2368,-5.55,CN1C(=O)N(C)C2=C([N](C)C(=N2)\C=C\C3=CC=CC=C3)C1=O
C-2369,-8.97,ClC1=CC(=C(C=C1)C2=C(Cl)C(=C(Cl)C(=C2Cl)Cl)Cl)Cl
C-2370,-8.68,ClC1=CC(=C(Cl)C(=C1)Cl)C2=C(Cl)C=C(Cl)C(=C2Cl)Cl
C-2371,-6.76,CCC1=C2C=CC3=C(C=CC=C3)C2=CC4=C1C=CC=C4
C-2372,-8.42,ClC1=C(Cl)C(=C(C=C1)C2=C(Cl)C(=CC(=C2Cl)Cl)Cl)Cl
C-2373,-4.52,CCC(C)C(N)C(=O)OCCCCOC(=O)C(C)C1=CC2=CC=C(OC)C=C2C=C1
C-2374,-8.59,ClC1=CC=C(Cl)C(=C1Cl)C2=CC(=C(Cl)C(=C2Cl)Cl)Cl
C-2375,-5.59,C[S](=O)(=O)C1=CC=C(C=C1)C2=C(C(=O)OC2)C3=CC=CC=C3
C-2376,-2.79,COC1=CC2=C(C=C1OC)C34CCN5CC6=CCOC7CC(=O)N2C3C7C6CC45
C-2377,-8.59,ClC1=CC(=C(Cl)C(=C1)C2=C(Cl)C(=CC(=C2Cl)Cl)Cl)Cl
C-2378,-8.49,ClC1=CC(=C(C(=C1)Cl)C2=C(Cl)C(=CC(=C2Cl)Cl)Cl)Cl
C-2379,-3.16,OC(=O)C1=CC=CC=C1C(=O)NC2=C3C=CC=CC3=CC=C2
C-2380,-8.15,ClC1=C(Cl)C(=C(Cl)C=C1)C2=C(Cl)C(=C(Cl)C=C2Cl)Cl
C-2381,-9.54,ClC1=CC(=CC(=C1Cl)Cl)OC2=C(Cl)C(=C(Cl)C(=C2)Cl)Cl
C-2382,-7.94,ClC1=C(Cl)C(=C(Cl)C=C1)C2=C(Cl)C(=CC(=C2Cl)Cl)Cl
C-2383,-2.97,C1CC2=CC3=CC4=C(C=CC=C4)C=C3C5=C2C1=CC=C5
C-2384,-4.3,CC(C)OC1=CC=C(C=C1)C(=O)N[S](=O)(=O)C2=CC=C(N)C=C2
C-2385,-5.32,CSC1=CC=C2OC3=C(C=C(C=C3)C(O)=O)C(=O)C2=C1
C-2386,-7.01,CC1=C(C)C2=C(C=CC3=C2C=CC=C3)C4=CC=CC=C14
C-2387,-2.33,CCN1C=C(C(O)=O)C(=O)C2=C1C(=C(N3CCNC(C)C3)C(=C2)F)F
C-2388,-3.18,CCN1CCN(CC1)C2=CC3=C(C=C2F)C(=O)C(=CN3C4CC4)C(O)=O
C-2389,-2.24,OC(=O)CCC1=NC(=C(O1)C2=CC=CC=C2)C3=CC=CC=C3
C-2390,-2.79,OC(=O)C1=CC(=C(O)C(=C1)O)OC(=O)C2=CC(=C(O)C(=C2)O)O
C-2391,-7.86,C1CC2=C3C=CC4=C(C=CC=C4)C3=CC5=CC=CC1=C25
C-2392,-2.64,CC(=O)NC1=C(I)C=C(I)C(=C1I)C(O)=O
C-2393,-2.38,OC1=CC=C(C=C1)C(C2=CC=C(O)C=C2)=C3C=CC(=O)C=C3
C-2394,-9.64,ClC1=CC=C(OC2=C(Cl)C(=C(Cl)C(=C2Cl)Cl)Cl)C(=C1)Cl
C-2395,-4.38,CCN(CC)C(=O)NC1CN(C)C2CC3=C(Br)[NH]C4=C3C(=CC=C4)C2=C1
C-2396,-3.85,O=C1OC(C2=CC=CC=C2)(C3=CC=CC=C3)C4=C1C=CC=C4
C-2397,-2.9,CN1CC2CC1CN2C3=CC4=C(C=C3F)C(=O)C(=CN4C5CC5)C(O)=O
C-2398,-3.61,OC1=CC2=C(C(=C1)O)C(=O)C=C(O2)C3=CC(=C(O)C=C3)O
C-2399,-3.63,CCCC1=C(O)N2N(C1=O)C3=CC(=CC=C3N=C2N(C)C)C
C-2400,-7.52,CCCCC1=CC2=C(C=C1)C=C3C=CC4=C(C=CC=C4)C3=C2
C-2401,-1.89,COC1=C(N2C(SC1)C(NC(=O)C(N)C3=CCC=CC3)C2=O)C(O)=O
C-2402,-4.26,CCOC(=O)C(C)N(C(=O)C1=CC=CC=C1)C2=CC(=C(Cl)C=C2)Cl
C-2403,-1.27,CNCC(=O)NC1=C(C=C(C(=C1)Cl)[S](N)(=O)=O)[S](N)(=O)=O
C-2404,-7.44,CC1=C2C=CC3=C(C=CC=C3)C2=CC4=CC=C(Cl)C=C14
C-2405,-4.29,CC(C)OC(=O)CC(C(=O)OC(C)C)[S](=O)(=O)C1=CC=C(C=C1)[N+]([O-])=O
C-2406,-2.73,CN1CCN(CC1)C2=C(F)C3=C(C=C2F)C(=O)C(=CN3CCF)C(O)=O
C-2407,-3.78,CC1CCC2=C(N3CCC(O)CC3)C(=CC4=C2N1C=C(C(O)=O)C4=O)F
C-2408,-2.71,CCN1C=CC(=NC1=O)N[S](=O)(=O)C2=CC=C(NC(C)=O)C=C2
C-2409,-3.4,CCC1=NN=C(N[S](=O)(=O)C2=CC=C(NC(C)=O)C=C2)S1
C-2410,-3.09,CC(OC1=CC=C(OC2=NC3=C(O2)C=C(Cl)C=C3)C=C1)C(O)=O
C-2411,-3.28,CONC(=O)C1=CN(C)C(=O)C(=C1NC2=CC=C(Br)C=C2F)C
C-2412,-9.7,ClC1=C(Cl)C(=CC(=C1)C2=C(Cl)C(=C(Cl)C(=C2Cl)Cl)Cl)Cl
C-2413,-3.18,CCO[P](=O)(OCC)OC1=CC2=C(C=C1)C(=C(Cl)C(=O)O2)C
C-2414,-9.42,ClC1=CC(=C(C(=C1Cl)Cl)C2=C(Cl)C(=C(Cl)C(=C2)Cl)Cl)Cl
C-2415,-9.5,ClC1=C(Cl)C=C(C(=C1)Cl)C2=C(Cl)C(=C(Cl)C(=C2Cl)Cl)Cl
C-2416,-9.29,ClC1=CC=C(C(=C1Cl)Cl)C2=C(Cl)C(=C(Cl)C(=C2Cl)Cl)Cl
C-2417,-9.29,ClC1=CC(=C(Cl)C(=C1Cl)Cl)C2=C(Cl)C(=CC(=C2Cl)Cl)Cl
C-2418,-9.42,ClC1=CC(=C(Cl)C(=C1)Cl)C2=C(Cl)C(=C(Cl)C(=C2Cl)Cl)Cl
C-2419,-9.1,ClC1=CC(=C(C(=C1Cl)Cl)C2=C(Cl)C(=C(Cl)C=C2Cl)Cl)Cl
C-2420,-9.48,ClC1=CC(=C(C(=C1)Cl)C2=C(Cl)C(=C(Cl)C(=C2Cl)Cl)Cl)Cl
C-2421,-9.2,ClC1=C(Cl)C(=C(C(=C1)Cl)C2=C(Cl)C(=CC(=C2Cl)Cl)Cl)Cl
C-2422,-2.47,CN(C)CC1=CC=C(C=C1)C(=O)OCCOC[N]2C=NC3=C2N=C(N)NC3=O
C-2423,-2.21,OCC(CO)C(=O)OCN1C(=O)NC(C1=O)(C2=CC=CC=C2)C3=CC=CC=C3
C-2424,-9.1,ClC1=C(Cl)C(=C(Cl)C=C1)C2=C(Cl)C(=C(Cl)C(=C2Cl)Cl)Cl
C-2425,-2.42,CC(C(=O)OCC(=O)N(C)CC(N)=O)C1=CC(=CC=C1)C(=O)C2=CC=CC=C2
C-2426,-8.57,CCCCCC1=C2C=CC3=C(C=CC=C3)C2=CC4=C1C=CC=C4
C-2427,-10.1,ClC1=CC(=C(Cl)C(=C1Cl)Cl)OC2=CC(=C(Cl)C(=C2Cl)Cl)Cl
C-2428,-3.82,CCONC(=O)C1=CN(C)C(=O)C(=C1NC2=C(F)C=C(Br)C=C2)C
C-2429,-6.52,CCCCCCCC(=O)OCN1C(=O)NC(C1=O)(C2=CC=CC=C2)C3=CC=CC=C3
C-2430,-3.26,OC1=CC=C(C=C1)C(C2=CC=C(O)C=C2)C3=CC=CC=C3C(O)=O
C-2431,-4.78,NC1=CC=C(C=C1)[S](=O)(=O)NC2=CC=C(C=C2Br)[N+]([O-])=O
C-2432,-5.02,C[S](=O)C1=CC=C2OC3=C(C=C(C=C3)C(O)=O)C(=O)C2=C1
C-2433,-3.98,CNC1=C(C(=O)C(O1)C2=CC=CC=C2)C3=CC(=CC=C3)C(F)(F)F
C-2434,-5.51,CSC1=CC=C(C=C1)C(=O)C2=CC(=CC3=C2OC=C3)CC(O)=O
C-2435,-1.71,COC1=NC(=NC(=N1)NC(=O)N[S](=O)(=O)C2=CC=CC=C2Cl)C
C-2436,-2.9,N[S](=O)(=O)C1=NN=C(N[S](=O)(=O)C2=CC=CC=C2)S1
C-2437,-8.0,C1=CC=C2C(=C1)C=CC3=C2C4=CC=CC5=C4C3=CC=C5
C-2438,-4.19,CCONC(=O)C1=CN(C)C(=O)C(=C1NC2=CC=C(Br)C=C2F)F
C-2439,-10.3,ClC1=CC2=C(C(=C1Cl)Cl)C3=C(O2)C(=C(Cl)C(=C3)Cl)Cl
C-2440,-8.22,C1=CC2=CC3=C4C(=C2C=C1)C=CC=C4C5=CC=CC=C35
C-2441,-10.7,ClC1=CC2=C(C=C1Cl)C3=C(O2)C(=C(Cl)C(=C3Cl)Cl)Cl
C-2442,-1.99,OC1=CC2=C(C(=C1)O)C(=O)C(=C(O2)C3=CC=C(O)C(=C3)O)O
C-2443,-3.08,OC1=CC=C(C(=C1)O)C2=C(O)C(=O)C3=C(O2)C=C(O)C=C3O
C-2444,-5.08,ClC1=CC(=C(COC(C[N]2C=CN=C2)C3=CC=C(Cl)C=C3Cl)C=C1)Cl
C-2445,-3.31,CN1C(=O)N(C)C2=C(N=C3C(=O)N(C)C(=O)N(C)C3=N2)C1=O
C-2446,-3.27,CC(=O)CCC1C(=O)N(N(C1=O)C2=CC=CC=C2)C3=CC=CC=C3
C-2447,-2.7,N[S](=O)(=O)C1=NN=C(N[S](=O)(=O)CC2=CC=CC=C2)S1
C-2448,-4.57,COC(=O)\C(=C\C1=CC=CC=C1)[S](=O)(=O)C2=CC=C(C=C2)[N+]([O-])=O
C-2449,-5.84,CC1(O)CC(C2=CC=C(Cl)C=C2)C3=C(O1)C4=C(OC3=O)C=CC=C4
C-2450,-4.52,CC1=C(C2=CC=C(C=C2)[S](N)(=O)=O)C(=NO1)C3=CC=CC=C3
C-2451,-2.96,CN1C=C(C(=O)NOCCO)C(=C(C)C1=O)NC2=C(F)C=C(Br)C=C2
C-2452,-1.3,NCC(=O)NCC(=O)OCCOC1=CC2=C(C=C1)N=C(S2)[S](N)(=O)=O
C-2453,-1.22,CC1=CC=C(C=C1)[S](=O)(=O)NC2=NN=C(S2)[S](N)(=O)=O
C-2454,-3.56,CCCCNC1=C(OC2=CC=CC=C2)C(=CC(=C1)C(O)=O)[S](N)(=O)=O
C-2455,-4.11,COC1=CC=C2C(OC(=O)C2=C1OC)C3N(C)CCC4=C3C=C5OCOC5=C4
C-2456,-3.37,CC1CN(CC(C)N1)C2=C(F)C3=C(C(=C2F)N)C(=O)C(=CN3C4CC4)C(O)=O
C-2457,-4.54,OCC(O)COC(=O)C1=C(NC2=C3C=CC(=CC3=NC=C2)Cl)C=CC=C1
C-2458,-1.5,NC1=CC=C(C=C1)[S](=O)(=O)NC2=NN=C(S2)[S](N)(=O)=O
C-2459,-3.71,CC1NC2=CC(=C(C=C2C(=O)N1C3=CC=CC=C3C)[S](N)(=O)=O)Cl
C-2460,-8.49,CCC(/C1=CC=CC=C1)=C(\C2=CC=CC=C2)C3=CC=C(OCCN(C)C)C=C3
C-2461,-8.52,CC1=C2C=CC3=C4C(=CC=C3)C=CC(=C24)C5=C1C=CC=C5
C-2462,-1.54,NC1=CC=CC(=C1)[S](=O)(=O)NC2=NN=C(S2)[S](N)(=O)=O
C-2463,-4.13,CC1=NC=C2CN=C(C3=C(F)C=CC=C3)C4=C(C=CC(=C4)Cl)[N]12
C-2464,-6.62,[NH]1C2=C(C3=C(C=CC=C3)C=C2)C4=C1C=CC5=C4C=CC=C5
C-2465,-3.08,COC(=O)C1=C(C=CC=C1)[S](=O)(=O)NC(=O)NC2=NC(=CC(=N2)C)C
C-2466,-5.54,COC1=CC2=C(C=C1)[N](C(=C2CC(O)=O)C)C(=O)\C=C\C3=CC=CC=C3
C-2467,-4.86,CCCN(CCC)C1=C(C=C(C=C1[N+]([O-])=O)[S](=O)(=O)N=[S](C)C)[N+]([O-])=O
C-2468,-1.57,CC1(C)SC2C(NC(=O)C(N)C3=CC=C(N)C=C3)C(=O)N2C1C4=NN=N[NH]4
C-2469,-1.37,N[S](=O)(=O)C1=NN=C(NC(=O)C2=C(F)C(=C(F)C(=C2F)F)F)S1
C-2470,-4.46,FC(F)(F)C1=NC2=C(C=C(Cl)C(=C2)Cl)[N]1C(=O)OC3=CC=CC=C3
C-2471,-0.35,CCCN(CCC)CC1=CC=CC(=C1)C(=O)OCCOC[N]2C=NC3=C2N=C(N)NC3=O
C-2472,-2.01,N[S](=O)(=O)C1=NN=C(N[S](=O)(=O)C2=CC=C(Cl)C=C2)S1
C-2473,-1.29,N[S](=O)(=O)C1=CC=C(CNC(=S)NC(C(O)C2=CC=CC=C2)C(O)=O)C=C1
C-2474,-3.8,CC1=CC(=CC=C1N[S](=O)(=O)C(F)(F)F)[S](=O)(=O)C2=CC=CC=C2
C-2475,-2.48,CN1N=C(SC1=N[S](=O)(=O)CC2=CC=CC=C2)[S](N)(=O)=O
C-2476,-2.25,COC1=CC=C(C=C1)[S](=O)(=O)NC2=NN=C(S2)[S](N)(=O)=O
C-2477,-7.37,C1=CC2=C(C=C1)C3=C(C=C2)C=C4C=CC5=C(C=CC=C5)C4=C3
C-2478,-5.09,COC1=CC2=C(C=C1OC)C(=NC(=N2)N3CCN(CC3)C(=O)C4=CC=CO4)N
C-2479,-6.24,C1=CC2=C(C=C1)C3=CC4=C(N=C3C=C2)C5=C(C=CC=C5)C=C4
C-2480,-2.84,CN1N=C(SC1=N[S](=O)(=O)C2=CC=C(C)C=C2)[S](N)(=O)=O
C-2481,-4.51,OC(=O)C1=C(C(=O)NC2=CC=CC(=C2Cl)Cl)C(=C(Cl)C(=C1Cl)Cl)Cl
C-2482,-3.75,COC1=CC=C2C=C(C=CC2=C1)C(C)C(=O)OCCOC(=O)C(N)CC3=CC=CC=C3
C-2483,-3.18,O=C1NC=NC2=C1N=C(C3=CC=CC=C3)C(=N2)C4=CC=CC=C4
C-2484,-0.91,OCC1OC2OC3C(O)C(O)C(OC3CO)OC4C(O)C(O)C(OC4CO)OC5C(O)C(O)C(OC5CO)OC6C(O)C(O)C(OC6CO)OC7C(O)C(O)C(OC7CO)OC1C(O)C2O
C-2485,-4.8,NC1=CC=C(C=C1)[S](=O)(=O)NC2=NC(=O)N(CC3=CC=CC=C3)C=C2
C-2486,-2.03,CN1N=C(SC1=N[S](=O)(=O)C2=CC=C(F)C=C2)[S](N)(=O)=O
C-2487,-5.3,FC1=C(C=C2N(CC#C)C(=O)COC2=C1)N3C(=O)C4=C(CCCC4)C3=O
C-2488,-1.21,CCN(C1CC(C)[S](=O)(=O)C2=C1C=C(S2)[S](N)(=O)=O)C(=O)CNC
C-2489,-2.5,CN1N=C(SC1=N[S](=O)(=O)C2=CC=C(N)C=C2)[S](N)(=O)=O
C-2490,-8.11,CC12CCC3C(CCC4=CC(=O)CCC34)C1CCC2(OC(=O)C5=CC=C(C=C5)C6=CC=CC=C6)C#C
C-2491,-2.45,CN1N=C(SC1=N[S](=O)(=O)C2=CC=CC(=C2)N)[S](N)(=O)=O
C-2492,-2.7,CC1=CC(=C(C(=C1)C)[S](=O)(=O)NC2=NN=C(S2)[S](N)(=O)=O)C
C-2493,-3.79,CC1CC2=C(C=CC=C2)N1NC(=O)C3=CC(=C(Cl)C=C3)[S](N)(=O)=O
C-2494,-1.64,CC1C(NC(=O)C(=N\OC(C)(C)C(O)=O)/C2=CSC(=N2)N)C(=O)N1[S](O)(=O)=O
C-2495,-3.5,COC1=CC=C2C=C(C=CC2=C1)C(C)C(=O)OC(C)OC(=O)C(N)CC3=CC=CC=C3
C-2496,-2.13,N[S](=O)(=O)C1=NN=C(N[S](=O)(=O)C2=CC=C(Br)C=C2)S1
C-2497,-2.44,CN1N=C(SC1=N[S](=O)(=O)C2=CC=C(Cl)C=C2)[S](N)(=O)=O
C-2498,-2.05,CC(=O)N1CCN(CC1)C(=O)/C=C/C2=CC(=C(SC3=CC4=C(OCCO4)C=C3)C=C2)Cl
C-2499,-6.9,FC1=CC=C(NC(=O)C2=CC=CN=C2OC3=CC=CC(=C3)C(F)(F)F)C(=C1)F
C-2500,-5.63,COC1=CC2=C(C=C1OC)C(=NC=N2)N3CCN(CC3)C(=S)NCC4=CC=CO4
C-2501,-5.3,COC1=CC2=C(C=C1OC)C(=NC=N2)N3CCN(CC3)C(=O)NC4=CSC=C4
C-2502,-1.27,N[S](=O)(=O)C1=CC=C(NC2=NC(=NC=C2)NC(=O)C3=CC=CN=C3)C=C1
C-2503,-2.01,CC(=O)NC1=C(I)C(=C(I)C(=C1I)C(O)=O)NC(C)=O
C-2504,-6.84,CC12CCC3C(CCC4=CC(=O)CCC34)C1CCC2(OC(=O)C5=CC=C(OC6=CC=CC=C6)C=C5)C#C
C-2505,-2.76,COC1=CC=C(C=C1)[S](=O)(=O)N=C2SC(=NN2C)[S](N)(=O)=O
C-2506,-1.33,N[S](=O)(=O)C1=NN=C(N[S](=O)(=O)C2=CC=C(C=C2)[N+]([O-])=O)S1
C-2507,-1.23,NCC(=O)NCC(=O)NC1=C(Cl)C(=C(C=C1[S](N)(=O)=O)[S](N)(=O)=O)Cl
C-2508,-0.94,CN(C)C1C2CC3CC4=C(C=CC(=C4C(=O)C3=C(O)C2(O)C(=O)C(=C1O)C(N)=O)O)N(C)C
C-2509,-1.46,N[S](=O)(=O)C1=NN=C(N[S](=O)(=O)C2=CC(=CC=C2)[N+]([O-])=O)S1
C-2510,-2.7,CC(C)C1=C(SC2=C(C=C(\C=C\C(=O)N3CCN(CC3)C(C)=O)C=C2)[N+]([O-])=O)C=CC=C1
C-2511,-2.33,OC1=CC2=C(C=C1)C3(OC(=O)C4=C3C=CC=C4)C5=C(O2)C=C(O)C=C5
C-2512,-2.32,N[S](=O)(=O)C1=NN=C(N[S](=O)(=O)C2=C(C=CC=C2)C(O)=O)S1
C-2513,-1.62,CC(=O)NC1=CC=C(C=C1)[S](=O)(=O)NC2=NN=C(S2)[S](N)(=O)=O
C-2514,-1.82,N[S](=O)(=O)C1=NN=C(N[S](=O)(=O)C2=C(C=CC=C2)[N+]([O-])=O)S1
C-2515,-2.74,CC(=O)N1CCN(CC1)C(=O)/C=C/C2=CC(=C(SC3=CC4=C([NH]C=C4)C=C3)C=C2)Cl
C-2516,-3.0,CN1N=C(SC1=N[S](=O)(=O)C2=C(C)C=C(C)C=C2C)[S](N)(=O)=O
C-2517,-3.97,COC1=NC(=NC(=C1)OC)NC(=O)N[S](=O)(=O)C2=NC=CC=C2C(=O)N(C)C
C-2518,-5.09,COC1=CC=C(Cl)C=C1C(=O)NCCC2=CC=C(C=C2)[S](=O)(=O)NC(=O)NC3CCCCC3
C-2519,-9.16,C1=CC2=C(C=C1)C3=CC4=CC=CC5=C4C6=C3C2=CC=C6C=C5
C-2520,-2.2,N[S](=O)(=O)C1=NN=C(N[S](=O)(=O)C2=CC=C(I)C=C2)S1
C-2521,-2.95,COC1=CC=C(C=C1)C2SC3=CC=CC=C3N(CCN(C)C)C(=O)C2OC(C)=O
C-2522,-2.51,CN1N=C(SC1=N[S](=O)(=O)C2=CC=C(Br)C=C2)[S](N)(=O)=O
C-2523,-3.19,COC(=O)C1=C(C=CS1)[S](=O)(=O)NC(=O)NC2=NC(=NC(=N2)OC)OC
C-2524,-3.14,OC(=O)C1=CN(C2=CC=C(F)C=C2)C3=C(C=C(F)C(=C3)N4CCNCC4)C1=O
C-2525,-4.26,CN1CCC(C(O)C1)C2=C(O)C=C(O)C3=C2OC(=CC3=O)C4=C(Cl)C=CC=C4
C-2526,-8.4,FC1=CC=C(C=C1)C([N]2C=CN=C2)(C3=CC=CC=C3)C4=C(F)C=CC=C4
C-2527,-3.88,CN1C(=C(O)C2=C(C=CS2)[S]1(=O)=O)C(=O)NC3=NC=CC=C3
C-2528,-1.19,NCC(=O)NC1=CC=C(C=C1)[S](=O)(=O)NC2=NN=C(S2)[S](N)(=O)=O
C-2529,-2.7,CN1N=C(SC1=N[S](=O)(=O)C2=CC=C(C=C2)[N+]([O-])=O)[S](N)(=O)=O
C-2530,-2.67,CN1N=C(SC1=N[S](=O)(=O)C2=CC=CC(=C2)[N+]([O-])=O)[S](N)(=O)=O
C-2531,-3.82,CN1CCN(CC1)C2=CC3=C(C=C2F)C(=O)C(=CN3C4=CC=C(F)C=C4)C(O)=O
C-2532,-2.95,CCNC1CN(CCCOC)[S](=O)(=O)C2=C1C=C(S2)[S](N)(=O)=O
C-2533,-5.52,CC1=NC(=C(S1)C(=O)NC2=C(Br)C=C(OC(F)(F)F)C=C2Br)C(F)(F)F
C-2534,-1.69,CN1N=C(SC1=N[S](=O)(=O)C2=CC=C(NC(C)=O)C=C2)[S](N)(=O)=O
C-2535,-2.51,CN1N=C(SC1=N[S](=O)(=O)C2=C(C=CC=C2)C(O)=O)[S](N)(=O)=O
C-2536,-6.14,OC(=O)C1=C(O)C=CC(=C1)N=NC2=CC=C(C=C2)[S](=O)(=O)NC3=CC=CC=N3
C-2537,-4.2,CCCCC(=O)N(CC1=CC=C(C=C1)C2=C(C=CC=C2)C3=NN=N[NH]3)C(C(C)C)C(O)=O
C-2538,-2.79,CN1N=C(SC1=N[S](=O)(=O)C2=CC=CC=C2[N+]([O-])=O)[S](N)(=O)=O
C-2539,-1.99,N[S](=O)(=O)C1=NN=C(N[S](=O)(=O)C2=CC(=C(Cl)C=C2)[N+]([O-])=O)S1
C-2540,-6.95,COC1=CC2=C(C=C1OC)C(=NC=N2)N3CCN(CC3)C(=O)NC4=CC=C(C=C4)[N+]([O-])=O
C-2541,-3.82,OC(=O)C1=CC=CC=C1C2=C3C=CC(=O)C=C3OC4=C2C=CC(=C4)O
C-2542,-3.76,COC1=C(N=CN=C1)N2CCN(CC2)CCC3=C[NH]C4=C3C=C(C[S](=O)(=O)N(C)C)C=C4
C-2543,-2.77,CN1N=C(SC1=N[S](=O)(=O)C2=CC=C(I)C=C2)[S](N)(=O)=O
C-2544,-2.62,CC1=NN=C(SCC2=C(N3C(SC2)C(NC(=O)C[N]4C=NN=N4)C3=O)C(O)=O)S1
C-2545,-3.62,CC(C)(C)NC(=O)C1N(CSC1(C)C)C(=O)C(O)C(CC2=CC=CC=C2)NC(=O)C3=CC=CC=C3
C-2546,-1.21,N[S](=O)(=O)C1=NN=C(N[S](=O)(=O)C2=C(F)C(=C(F)C(=C2F)F)F)S1
C-2547,-0.14,C[N]1N=NN=C1SCC2=C(N3C(SC2)C(NC(=O)C(O)C4=CC=CC=C4)C3=O)C(O)=O
C-2548,-6.39,CC1=C(C(O)=O)C2=CC(=CC=C2N=C1C3=CC=C(C=C3)C4=C(F)C=CC=C4)F
C-2549,-5.42,FC(F)(F)N=C1SC(=NC2=CC=CC=C2)N(C3=CC=CC=C3)C1=NC(F)(F)F
C-2550,-3.72,CC(C)(C)NC(=O)C1N(CSC1(C)C)C(=O)C(O)C(CC2=CC=CC=C2)NC(=O)CC3=CC=CC=C3
C-2551,-3.8,CC1CN(CCN1)C2=CC3=C(C=C2F)C(=O)C(=CN3C4=C(F)C=C(F)C=C4)C(O)=O
C-2552,-4.11,CC1=CC=C(C=C1)C(=O)NC(CC2=CC=CC=C2)C(O)C(=O)N3CSC(C)(C)C3C(=O)NC(C)(C)C
C-2553,-5.44,NC1=NC(=O)C2=C(N1)N=CC(=N2)CNC3=CC=C(C=C3)C(=O)NC(CCC(O)=O)C(O)=O
C-2554,-4.53,NC1C2CN(CC12)C3=NC4=C(C=C3F)C(=O)C(=CN4C5=CC=C(F)C=C5F)C(O)=O
C-2555,-2.47,CN1N=C(SC1=N[S](=O)(=O)C2=CC(=C(Cl)C=C2)[N+]([O-])=O)[S](N)(=O)=O
C-2556,-2.55,N[S](=O)(=O)C1=CC=C(NC2=NC(=NC=C2)N[S](=O)(=O)C3=CC=CC=C3)C=C1
C-2557,-1.84,OCC1OC2OC3C(O)C(O)C(OC3CO)OC4C(O)C(O)C(OC4CO)OC5C(O)C(O)C(OC5CO)OC6C(O)C(O)C(OC6CO)OC7C(O)C(O)C(OC7CO)OC8C(O)C(O)C(OC8CO)OC1C(O)C2O
C-2558,-3.83,CC(C)(C)NC(=O)C1N(CSC1(C)C)C(=O)C(O)C(CC2=CC=CC=C2)NC(=O)COC3=CC=CC=C3
C-2559,-2.7,N[S](=O)(=O)C1=CC=C(NC2=CC=NC(=N2)N[S](=O)(=O)CC3=CC=CC=C3)C=C1
C-2560,-4.28,CC(C)(C)NC(=O)C1N(CSC1(C)C)C(=O)C(O)C(CC2=CC=CC=C2)NC(=O)C3=CC=C(Cl)C=C3
C-2561,-2.91,N[S](=O)(=O)C1=NN=C(N[S](=O)(=O)C2=C(C=C(C=C2)[N+]([O-])=O)[N+]([O-])=O)S1
C-2562,-4.11,COC1=CC=C(C=C1)C(=O)NC(CC2=CC=CC=C2)C(O)C(=O)N3CSC(C)(C)C3C(=O)NC(C)(C)C
C-2563,-1.29,NCC(=O)NCC(=O)NC1=CC=C(C=C1)[S](=O)(=O)NC2=NN=C(S2)[S](N)(=O)=O
C-2564,-5.69,COC(=O)C1=C(C(=CC=C1)C)[S](=O)(=O)NC(=O)NC2=NC(=NC(=N2)OCC(F)(F)F)N(C)C
C-2565,-5.01,CC1=C(OCC(=O)NC(CC2=CC=CC=C2)C(O)C(=O)N3CSC(C)(C)C3C(=O)NC(C)(C)C)C(=CC=C1)C
C-2566,-2.74,CN1N=C(SC1=N[S](=O)(=O)C2=C(C=C(C=C2)[N+]([O-])=O)[N+]([O-])=O)[S](N)(=O)=O
C-2567,-3.98,CC(C)(C)NC(=O)C1N(CSC1(C)C)C(=O)C(O)C(CC2=CC=CC=C2)NC(=O)C3=CC=C(C=C3)[N+]([O-])=O
C-2568,-5.61,NC1=CC=C(C=C1)[S](=O)(=O)NC2=NC(=CS2)C3=CC=C(C=C3)C4=CC=CC=C4
C-2569,-2.62,N[S](=O)(=O)C1=CC=C(NC2=NC(=NC=C2)N[S](=O)(=O)C3=CC=C(Br)C=C3)C=C1
C-2570,-4.3,CC1=CC=C(C=C1)[S](=O)(=O)NC(=O)NC2=NC(=CC=N2)NC3=CC=C(C=C3)[S](N)(=O)=O
C-2571,-8.65,FC1=CC=CC(=C1C(=O)NC(=O)NC2=CC(=C(OC3=C(Cl)C=C(C=N3)C(F)(F)F)C(=C2)Cl)Cl)F
C-2572,-2.55,COC1=C(F)C=C(C=C1)C2=C(Cl)N=C[N]2C3=CC=C(C=C3)[S](=O)(=O)N[P](O)(O)=O
C-2573,-1.82,N[S](=O)(=O)C1=CC=C(NC2=CC=NC(=N2)N[S](=O)(=O)C3=CC(=CC=C3)C(F)(F)F)C=C1
C-2574,-4.0,N[S](=O)(=O)C1=CC=C(NC2=CC=NC(=N2)NC(=O)N[S](=O)(=O)C3=CC=C(Cl)C=C3)C=C1
C-2575,-0.75,OCC1OC2OC3C(O)C(O)C(OC3CO)OC4C(O)C(O)C(OC4CO)OC5C(O)C(O)C(OC5CO)OC6C(O)C(O)C(OC6CO)OC7C(O)C(O)C(OC7CO)OC8C(O)C(O)C(OC8CO)OC9C(O)C(O)C(OC9CO)OC1C(O)C2O
C-2576,-4.0,COCCNC(=O)C(NC(=O)C(CC(O)C(CC1=CC=CC=C1)NC(=O)OC(C)(C)C)CC2=CC(=C(OC)C(=C2)OC)OC)C(C)C
C-2577,-2.58,CC1=C(C(O)=O)C(=CC2=C1C(=O)C3=C(C(=C(O)C(=C3O)C4OC(CO)C(O)C(O)C4O)O)C2=O)O
C-2578,-1.57,N[S](=O)(=O)C1=CC=C(NC2=NC(=NC=C2)N[S](=O)(=O)C3=C(F)C(=C(F)C(=C3F)F)F)C=C1
C-2579,-6.77,CCCOC1=CC=C2C(C(C(C3=CC=C(OC)C=C3OCC(O)=O)C2=C1)C(O)=O)C4=CC5=C(OCO5)C=C4
C-2580,-5.27,CC(C)C1(NC(=O)C2CC3C(CC4=C[NH]C5=C4C3=CC=C5)N(C)C2)OC6(O)C7CCCN7C(=O)C(CC8=CC=CC=C8)N6C1=O
C-2581,-5.97,COC1C(CC2CN3CCC4=C([NH]C5=C4C=CC(=C5)OC)C3CC2C1C(=O)OC)OC(=O)C6=CC(=C(OC)C(=C6)OC)OC
C-2582,-4.45,OC(CC(C1=CC=CC=C1)C2=C(O)C3=C(OC2=O)C=CC=C3)C4=CC=C(C=C4)C5=CC=C(Br)C=C5
C-2583,-8.46,CC(C)CCCC(C)C1CCC2C3CCC4CC(C)(CCC=C(C5=CC(=C(O)C(=C5)C(O)=O)Cl)C6=CC(=C(O)C(=C6)C(O)=O)Cl)CCC4(C)C3CCC12C
C-2584,-2.37,CC(C)CC(NC(=O)C(CC1=C[NH]C=N1)NC(=O)C(CC2=CC=CC=C2)NC(=O)OC(C)(C)C)C(O)CC(=O)NC(CC(C)C)C(=O)NCCCN(CCO)CCO
C-2585,-2.22,CC(C)CC(NC(=O)C(CC1=C[NH]C=N1)NC(=O)C(CC2=CC=CC=C2)NC(=O)OC(C)(C)C)C(O)CC(=O)NC(CC(C)C)C(=O)NCCC(N)C(O)=O
C-2586,-3.95,CSCC(NC(=O)COC1=CC=CC2=C1C=CN=C2)C(=O)NC(CC3=CC=CC=C3)C(O)C(=O)N4CSCC4C(=O)NC(C)(C)C
C-2587,-5.18,CC(C)C1=C(Br)C(=C(C)C=C1C2(O[S](=O)(=O)C3=C2C=CC=C3)C4=CC(=C(O)C(=C4C(C)C)Br)C)O
C-2588,-3.36,CC(C)CC(NC(=O)C(CC1=C[NH]C=N1)NC(=O)C(CC2=CC=CC=C2)NC(=O)OC(C)(C)C)C(O)CC(=O)NC(CC(C)C)C(=O)NCC3=CC=NC=C3
C-2589,-3.42,CC(C)CC(NC(=O)C(CC1=C[NH]C=N1)NC(=O)C(CC2=CC=CC=C2)NC(=O)OC(C)(C)C)C(O)CC(=O)NC(CC(C)C)C(=O)NCC3=CC=CC=N3
C-2590,-2.38,CC(C)CC(NC(=O)C(CC1=C[NH]C=N1)NC(=O)C(CC2=CC=CC=C2)NC(=O)OC(C)(C)C)C(O)CC(=O)NC(CC(C)C)C(=O)NCC3=CC=[N+]([O-])C=C3
C-2591,-2.85,CC(C)CC(NC(=O)C(CC1=C[NH]C=N1)NC(=O)C(CC2=CC=CC=C2)NC(=O)OC(C)(C)C)C(O)CC(=O)NC(CC(C)C)C(=O)NCC3=CC=CC(=C3)CN
C-2592,-3.4,CC(C)CC(NC(=O)C(CC1=C[NH]C=N1)NC(=O)C(CC2=CC=CC=C2)NC(=O)OC(C)(C)C)C(O)CC(=O)NC(CC(C)C)C(=O)NCC(N)C3=CC=CC=N3
C-2593,-3.39,OC(=O)C1=C(I)C(=C(I)C=C1I)NC(=O)CCCCC(=O)NC2=C(I)C=C(I)C(=C2I)C(O)=O
C-2594,-4.7,CC(C)CC(NC(=O)CC(O)C(CC1CCCCC1)NC(=O)C(CC2=C[NH]C=N2)NC(=O)C(CC3=CC=CC=C3)NC(=O)OC(C)(C)C)C(=O)NCC4=CC=CC(=C4)CN
C-2595,-3.13,CC(C)CC(NC(=O)C(CC1=C[NH]C=N1)NC(=O)C(CC2=CC=CC=C2)NC(=O)OC(C)(C)C)C(O)CC(=O)NC(CC(C)C)C(=O)NC(C(O)=O)C3=CC=CC=C3
C-2596,-5.57,CCC(C)C1NC(=O)C(CC2=CC=CC=C2)NC(=O)C3CCCN3C(=O)C(CC4=CC=CC=C4)N(C)C(=O)C5CCCCN5C(=O)C6CCCCN6C1=O
C-2597,-2.82,CC(C)CC(NC(=O)C(CC1=C[NH]C=N1)NC(=O)C(CC2=CC=CC=C2)NC(=O)OC(C)(C)C)C(O)CC(=O)NC(CC(C)C)C(=O)NC(CC3=CC(=CC=C3)CN)C(O)=O
C-2598,-2.58,CCC(C)C1NC(=O)C(CC2=C[NH]C3=C2C=CC=C3)NC(=O)C4CCCN4C(=O)C(CC5=C[NH]C=N5)NC(=O)C6CCCCN6C(=O)C7CCCCN7C1=O
C-2599,-2.7,CCC(C)C1NC(=O)C(CC2=CC=CC=C2)NC(=O)C3CCCN3C(=O)C(CC4=CC=CC=C4)N(C)C(=O)C(CCCN)NC(=O)C5CCC=NN5C1=O
C-2600,-3.98,CCC(C)C1NC(=O)C(CC2=CC3=C(C=CC=C3)C=C2)NC(=O)C4CCCN4C(=O)C(CC5=C[NH]C=N5)NC(=O)C6CCCCN6C(=O)C7CCCCN7C1=O
C-2601,-2.75,CCC(C)C1NC(=O)C(CC2=C[NH]C3=C2C=CC=C3)NC(=O)C4CCCN4C(=O)C(CC5=CC=CC=C5)N(C)C(=O)C6CNCCN6C(=O)C7CCCCN7C1=O
C-2602,-2.6,CCC(C)C1NC(=O)C(CC2=C[NH]C3=C2C=CC=C3)NC(=O)C4CCCN4C(=O)C(CC5=C[NH]C=N5)NC(=O)C6CCCCN6C(=O)C7CCC=NN7C1=O
C-2603,-4.04,CCC(C)C1NC(=O)C(CC2=CC=CC=C2)NC(=O)C3CCCN3C(=O)C(CC4=CC=CC=C4)N(C)C(=O)C5CCC=NN5C(=O)C6CCC=NN6C1=O
D-1,-3.076,CC(C)C
D-2,-3.671,CCC(C)(C)C
D-3,-3.583,CC(C)C(C)C
D-4,-3.683,CCC(C)CC
D-5,-3.302,CC1CCCC1
D-6,-2.978,CCCC
D-7,-3.278,CCCCC
D-8,-3.958,CCCCCC
D-9,-3.185,C1CCCCC1
D-10,-5.238,CCCCCCCC
D-11,-6.41,CCCCCCCCCCCC
D-12,-4.469,CCCCCCC
D-13,-2.653,C1CCCC1
D-14,-4.152,C1CCCCCCC1
D-15,-3.337,CC(C)(C)C
D-16,-7.456,CCCCCCCCCCCCCC
D-17,-2.288,ClC(Cl)(Cl)Cl
D-18,-4.6,ClC1C(Cl)C(Cl)C(Cl)C(Cl)C1Cl
D-19,-1.177,ClC(Cl)Cl
D-20,-4.488,ClC(Cl)(Cl)C(Cl)(Cl)Cl
D-21,-1.952,CC(Cl)(Cl)Cl
D-22,-0.796,CBr
D-23,-0.977,CCl
D-24,-1.012,CI
D-25,-1.165,BrCBr
D-26,-1.086,CCBr
D-27,-0.889,ClCBr
D-28,-1.055,CCCl
D-29,-1.601,CCI
D-30,-0.815,ClCCl
D-31,-2.334,ICI
D-32,-1.404,CC(C)Cl
D-33,-1.291,CC(Cl)Cl
D-34,-1.315,CC(F)F
D-35,-0.738,FC(Cl)Cl
D-36,-1.494,FC(F)Cl
D-37,-1.233,FC(F)F
D-38,-2.668,FC(F)(F)Br
D-39,-2.096,FC(Cl)(Cl)Cl
D-40,-2.635,FC(F)(Cl)Cl
D-41,-3.065,FC(F)(F)Cl
D-42,-2.625,ClC(Cl)C(Cl)(Cl)Cl
D-43,-3.042,FC(F)(Cl)C(F)(Cl)Cl
D-44,-3.119,FC(F)(Cl)C(F)(F)Cl
D-45,-1.48,ClCC(Cl)Cl
D-46,-1.754,ClC(Cl)C(Cl)Cl
D-47,-1.656,BrCCBr
D-48,-1.701,CCCBr
D-49,-1.065,ClCCCl
D-50,-2.294,BrC1CCCCC1
D-51,-2.198,CCCCBr
D-52,-1.925,CCCCCl
D-53,-1.847,ClCCCBr
D-54,-3.075,CCCCCBr
D-55,-3.808,CCCCCCBr
D-56,-5.063,CCCCCCCCBr
D-57,-1.614,ClCCCCl
D-58,-1.704,FC(F)(F)C(Cl)Br
D-59,-5.163,ClC1C(Cl)C(Cl)C(Cl)C(Cl)C1Cl
D-60,-6.083,ClC1C(Cl)C(Cl)C(Cl)C(Cl)C1Cl
D-61,-4.464,ClC1C(Cl)C(Cl)C(Cl)C(Cl)C1Cl
D-62,-1.461,CCCCl
D-63,-0.176,CF
D-64,-4.431,CCCCCCCBr
D-65,-3.996,CCCCCCCCl
D-66,-4.81,CCCCCCCI
D-67,-2.405,CCC=C
D-68,-1.867,C=CC=C
D-69,-2.586,C1CCC=CC1
D-70,-4.437,CCCCCCC=C
D-71,-2.329,CC(C)=C
D-72,-5.052,CCCCCCCC=C
D-73,-2.172,C1C=CC=CC=C1
D-74,-1.93,C\C=C/C
D-75,-2.087,C=CCC=C
D-76,-3.226,CCCCC=C
D-77,-2.687,C=CCCC=C
D-78,-3.732,CCCCCC=C
D-79,-2.041,C\C=C\C
D-80,-2.059,C1C=CCC=C1
D-81,-1.634,ClC(Cl)=C
D-82,-0.706,FC(F)=C
D-83,-5.181,ClC1=C(Cl)C(Cl)(Cl)C(=C1Cl)Cl
D-84,-2.077,ClC=C(Cl)Cl
D-85,-4.911,ClC(Cl)=C(Cl)C(Cl)=C(Cl)Cl
D-86,-1.5,BrCC=C
D-87,-2.919,ClC(Cl)=C(Cl)Cl
D-88,-1.442,Cl\C=C/Cl
D-89,-1.187,Cl\C=C\Cl
D-90,-1.442,Cl\C=C\Cl
D-91,-1.275,BrC=C
D-92,-2.247,BrCCC=C
D-93,-1.742,Br\C=C\Br
D-94,-1.637,CCCC#C
D-95,-0.089,CCOCC
D-96,-0.429,CCOC(C)OCC
D-97,-1.708,CC(C)OC(C)C
D-98,0.982,CC(C)OCCO
D-99,1.119,COCCO
D-100,0.506,COCOC
D-101,-0.858,CCOC=C
D-102,1.142,C1CCOC1
D-103,1.045,COCCOC
D-104,1.045,CCOCCO
D-105,0.288,C1OCOCO1
D-106,-1.319,CCCOCCC
D-107,-0.92,ClCCOCCCl
D-108,0.927,CCCCOCCO
D-109,0.872,CCOCCOCCO
D-110,0.872,COCCOCCOC
D-111,-1.169,CCCCCCOCCO
D-112,0.79,CCOCCOCCOCC
D-113,-1.94,CCCCOCCOCCCC
D-114,-1.862,CCCCOCCOCCOCCCC
D-115,0.884,COC
D-116,-0.072,CC1OC(C)OC(C)O1
D-117,1.055,C1COCCO1
D-118,-0.031,C1CCOCC1
D-119,-2.638,CCCCOCCCC
D-120,-0.173,CCOCOCC
D-121,-0.15,CCOCCOCC
D-122,1.13,C1COCO1
D-123,-0.238,COC(C)(C)C
D-124,-1.516,FC(F)OC(F)(F)C(F)Cl
D-125,-1.616,FC(F)OC(Cl)C(F)(F)F
D-126,0.016,CCN(CC)N=O
D-127,0.935,O=NN1CCOCC1
D-128,1.13,CN(C)N=O
D-129,-3.753,O=NN(c1ccccc1)c2ccccc2
D-130,-2.238,Oc1ccc2ccccc2c1N=O
D-131,-2.54,Oc1c(ccc2ccccc12)N=O
D-132,-1.001,CC(C)N(N=O)C(C)C
D-133,-1.001,CCCN(CCC)N=O
D-134,-2.096,CCCCN(CCCC)N=O
D-135,-1.035,CCCCN(CC)N=O
D-136,-0.7,CCCCN(C)N=O
D-137,0.532,CCN(C)N=O
D-138,-0.815,ClCCN(CCCl)[P]1(=O)NCCCO1
D-139,-7.809,Clc1ccc(cc1)C(c2ccc(Cl)cc2)C(Cl)(Cl)Cl
D-140,-0.331,CO[P](=O)(OC)C(O)C(Cl)(Cl)Cl
D-141,-4.569,CO[P](=S)(OC)Oc1ccc(SC)c(C)c1
D-142,-4.649,CCO[P](=S)(OCC)Oc1ccc(cc1)[N+]([O-])=O
D-143,-6.864,ClC1CC2C(C1Cl)C3(Cl)C(=C(Cl)C2(Cl)C3(Cl)Cl)Cl
D-144,-0.962,CNC(=O)CS[P](=S)(OC)OC
D-145,-6.291,ClC1=C(Cl)C2(Cl)C3C4CC(C5OC45)C3C1(Cl)C2(Cl)Cl
D-146,-2.226,CC(=O)O[Hg]c1ccccc1
D-147,-1.344,CO[P](=O)(OC)OC=C(Cl)Cl
D-148,-3.387,CNC(=O)Oc1cccc2ccccc12
D-149,-6.183,ClC1=C(Cl)C2(Cl)C3C4CC(C5OC45)C3C1(Cl)C2(Cl)Cl
D-150,-6.539,COc1ccc(cc1)C(c2ccc(OC)cc2)C(Cl)(Cl)Cl
D-151,-6.551,ClC(Cl)C(c1ccc(Cl)cc1)c2ccc(Cl)cc2
D-152,-6.9,Clc1ccc(cc1)C(=C(Cl)Cl)c2ccc(Cl)cc2
D-153,-6.317,ClC1C=CC2C1C3(Cl)C(=C(Cl)C2(Cl)C3(Cl)Cl)Cl
D-154,-5.634,CCCCS[P](=O)(SCCCC)SCCCC
D-155,-4.259,CC(=O)CC(c1ccccc1)C2=C(O)Oc3ccccc3C2=O
D-156,-4.181,CO[P](=S)(OC)SCN1N=Nc2ccccc2C1=O
D-157,-3.665,CCC(C)c1cc(cc(c1O)[N+]([O-])=O)[N+]([O-])=O
D-158,-2.539,CC(Oc1ccc(Cl)cc1C)C(O)=O
D-159,-3.579,CC(Oc1cc(Cl)c(Cl)cc1Cl)C(O)=O
D-160,-2.963,OC(=O)COc1cc(Cl)c(Cl)cc1Cl
D-161,-2.514,OC(=O)COc1ccc(Cl)cc1Cl
D-162,-3.672,OC(=O)CCCOc1ccc(Cl)cc1Cl
D-163,-0.938,CC(O[P](C)(F)=O)C(C)(C)C
D-164,-6.109,CCO[P](=S)(OCC)Oc1ccc(Cl)cc1Cl
D-165,-4.537,Clc1nc(Cl)nc(Nc2ccccc2Cl)n1
D-166,-3.38,CC(C)OC(=O)Nc1cccc(Cl)c1
D-167,-1.61,CN(C)C(=O)Nc1ccccc1
D-168,-2.003,CC(CCl)OC(C)CCl
D-169,-2.051,CNC(=O)Oc1ccccc1OC(C)C
D-170,-5.448,OC(c1ccc(Cl)cc1)(c2ccc(Cl)cc2)C(Cl)(Cl)Cl
D-171,-2.188,CCO[P](=S)(OCC)Oc1ccc(cc1)[S](C)=O
D-172,-1.499,CNC(=O)O\N=C\C(C)(C)SC
D-173,-2.827,CC(Oc1ccc(Cl)cc1Cl)C(O)=O
D-174,-3.364,CCOC(=O)CC(S[P](=S)(OC)OC)C(=O)OCC
D-175,-3.863,CO[P](=S)(OC)Oc1ccc(c(C)c1)[N+]([O-])=O
D-176,-4.549,CCNc1nc(Cl)nc(NCC)n1
D-177,-3.001,CC(C)OC(=O)Nc1ccccc1
D-178,-4.77,ClC(Cl)(Cl)SN1C(=O)C2CC=CCC2C1=O
D-179,-4.427,CC(C)Nc1nc(Cl)nc(NC(C)C)n1
D-180,0.625,CO[P](=O)(OC)OC(/C)=C/C(=O)N(C)C
D-181,-2.936,CN(C)C(=O)Nc1ccc(Cl)cc1
D-182,-3.844,CO[P](=S)(OC)Oc1ccc(cc1)[N+]([O-])=O
D-183,-3.717,CCO[P](=S)(OCC)SCSCC
D-184,-4.226,CCO[P](=S)(OCC)SCCSCC
D-185,-5.507,CO[P](=S)(OC)Oc1cc(Cl)c(Cl)cc1Cl
D-186,-4.798,CO[P](=S)(NC(C)C)Oc1ccc(Cl)cc1Cl
D-187,-3.164,CN[P](=O)(OC)Oc1ccc(cc1Cl)C(C)(C)C
D-188,-2.28,CO[P](=O)(OC)OC(Br)C(Cl)(Cl)Br
D-189,-7.332,ClC1=C(Cl)C2(Cl)C3C4CC(C=C4)C3C1(Cl)C2(Cl)Cl
D-190,-2.059,CCO[P](=O)(OCC)Oc1ccc(cc1)[N+]([O-])=O
D-191,-2.506,CCC(C)N1C(=O)NC(=C(Br)C1=O)C
D-192,-5.752,CCO[P](=S)(CC)Oc1cc(Cl)c(Cl)cc1Cl
D-193,-3.744,CN(C)C(=O)Nc1ccc(Cl)c(Cl)c1
D-194,-3.521,CON(C)C(=O)Nc1ccc(Cl)c(Cl)c1
D-195,-3.881,CCO[P](=S)(OCC)Oc1cc(C)nc(n1)C(C)C
D-196,-3.462,CCO[P](=O)(OCC)OC(=C\Cl)/c1ccc(Cl)cc1Cl
D-197,0.79,C1CC[C@H](NC1)c2cccnc2
D-198,-3.872,CO[P](=S)(OC)Oc1ccc(c(Cl)c1)[N+]([O-])=O
D-199,-4.758,CCCCN(C)C(=O)Nc1ccc(Cl)c(Cl)c1
D-200,-0.983,CN=C=S
D-201,-5.284,CCO[P](=S)(OCC)SCS[P](=S)(OCC)OCC
D-202,-0.657,CCCCOC(N)=O
D-203,0.964,COC(N)=O
D-204,-0.13,CCCOC(N)=O
D-205,-2.986,CCC(=O)Nc1ccc(Cl)c(Cl)c1
D-206,-4.114,CO[P](=S)(OC)SCN1C(=O)c2ccccc2C1=O
D-207,-2.703,CCCN(CCC)C(=O)SCC
D-208,-5.736,CCO[P](=S)(OCC)SCSc1ccc(Cl)cc1
D-209,-3.037,CCNc1nc(NC(C)C)nc(SC)n1
D-210,-3.985,CCNc1nc(NC(C)(C)C)nc(SC)n1
D-211,-3.209,COC1=NN(CS[P](=S)(OC)OC)C(=O)S1
D-212,-5.294,CO[P](=S)(OC)SCSc1ccc(Cl)cc1
D-213,-5.902,ClC1=C(Cl)C2(Cl)[C@H]3CO[S](=O)OC[C@H]3[C@]1(Cl)C2(Cl)Cl
D-214,-4.522,CO[P](=O)(OC)OC(=C/Cl)/c1cc(Cl)c(Cl)cc1Cl
D-215,0.799,[Cl-].C[N+](C)(C)CCCl
D-216,-2.676,CCNc1nc(NCC)nc(SC)n1
D-217,-6.289,ClC1C2OC2C3C1C4(Cl)C(=C(Cl)C3(Cl)C4(Cl)Cl)Cl
D-218,-1.803,CNC(=O)Oc1cccc(C)c1
D-219,-2.84,CNC(=O)Oc1cccc2CC(C)(C)Oc12
D-220,-6.048,CCCN(CCC)c1c(cc(cc1[N+]([O-])=O)C(F)(F)F)[N+]([O-])=O
D-221,-2.478,COc1nc(NC(C)C)nc(NC(C)C)n1
D-222,-1.347,CNC(=O)O\N=C\C(C)(C)[S](C)(=O)=O
D-223,-2.744,NC1=C(Cl)C(=O)N(N=C1)c2ccccc2
D-224,-2.363,CON(C)C(=O)Nc1ccc(Cl)cc1
D-225,-5.453,[O-][N+](=O)c1ccc(Oc2ccc(Cl)cc2Cl)cc1
D-226,-5.62,[O-][N+](=O)c1ccc(Oc2c(Cl)cc(Cl)cc2Cl)cc1
D-227,-5.822,COC(=O)c1c(Cl)c(Cl)c(c(Cl)c1Cl)C(=O)OC
D-228,-5.647,Clc1c(Cl)c(C#N)c(Cl)c(C#N)c1Cl
D-229,-3.887,CCNc1nc(Cl)nc(NC(C)C)n1
D-230,-4.06,CCNc1nc(Cl)nc(n1)N(CC)CC
D-231,-1.691,COc1c(Cl)ccc(Cl)c1C(O)=O
D-232,-2.481,CC(C)N(C(=O)CCl)c1ccccc1
D-233,-2.357,CNC(=O)Oc1ccc(N(C)C)c(C)c1
D-234,-5.017,CCO[P](=S)(Oc1ccc(cc1)[N+]([O-])=O)c2ccccc2
D-235,-6.086,CO[P](=S)(OC)Oc1cc(Cl)c(Br)cc1Cl
D-236,-3.436,CN(C)C(=O)Nc1cccc(c1)C(F)(F)F
D-237,-2.286,CCSC(=O)N1CCCCCC1
D-238,-4.45,CCCC(C)C(=O)Nc1ccc(C)c(Cl)c1
D-239,-5.233,CCO[P](=S)(OCC)SCN1C(=O)Oc2cc(Cl)ccc12
D-240,-5.846,CC(C)(C)c1ccc(OC2CCCCC2O[S](=O)OCC#C)cc1
D-241,-2.139,CNC(=O)Oc1ccc(C)c(C)c1
D-242,-4.306,CO[P](=S)(OC)Oc1ccc(cc1Cl)[N+]([O-])=O
D-243,-3.357,CNC(=O)Oc1cc(C)cc(c1)C(C)C
D-244,-2.684,CNC(=O)Oc1ccccc1C(C)C
D-245,-3.723,CO[P](=S)(OC)Oc1ccc(cc1)C#N
D-246,-4.517,CCO[P](=S)(OCC)SCN1N=Nc2ccccc2C1=O
D-247,-2.581,CNC(=O)Oc1cc(C)cc(C)c1
D-248,-5.496,CCO[P](=S)(OCC)Oc1nc(Cl)c(Cl)cc1Cl
D-249,-2.895,CON(C)C(=O)Nc1ccc(Br)cc1
D-250,-1.663,COC(=O)N[S](=O)(=O)c1ccc(N)cc1
D-251,-6.237,CO[P](=S)(OC)Oc1ccc(Sc2ccc(O[P](=S)(OC)OC)cc2)cc1
D-252,-3.897,CC(C#C)N(C)C(=O)Nc1ccc(Cl)cc1
D-253,-2.497,CCC(C)c1ccccc1OC(=O)NC
D-254,-3.571,CO[P]1(=S)OCc2ccccc2O1
D-255,-5.952,CCO[P](=S)(OCC)Oc1cc(Cl)c(Br)cc1Cl
D-256,-4.831,CO[P](=S)(OC)Oc1nc(Cl)c(Cl)cc1Cl
D-257,-2.485,CC1=C(Cl)C(=O)N(C(=O)N1)C(C)(C)C
D-258,-2.706,CC(C)Nc1nc(N)nc(Cl)n1
D-259,-3.864,CSc1nc(NC(C)C)nc(NC(C)C)n1
D-260,-4.022,CCCC(C)(C)C(=O)Nc1ccc(Cl)cc1
D-261,-3.386,CCCO[P](=O)(OCCC)Oc1ccc(SC)cc1
D-262,0.85,CO[P](N)(=O)SC
D-263,-6.34,CCO[P](=S)(OCC)SC(CCl)N1C(=O)c2ccccc2C1=O
D-264,-5.704,CCO[P](=S)(Oc1ccc(cc1)C#N)c2ccccc2
D-265,-4.755,CCO[P](=S)(OCC)SCSC(C)(C)C
D-266,-3.924,CON(C)C(=O)Nc1ccc(Br)c(Cl)c1
D-267,-4.63,CCO[P](=S)(OCC)O\N=C(C#N)\c1ccccc1
D-268,-5.215,[O-][N+](=O)c1ccc(Oc2ccc(cc2[N+]([O-])=O)C(F)(F)F)cc1
D-269,-3.483,CN(C)C(=O)Nc1ccc(C)c(Cl)c1
D-270,-3.051,CCc1cccc(CC)c1N(COC)C(=O)CCl
D-271,-0.447,CNC(=O)O\N=C(/C)SC
D-272,-3.331,CCO[P](=O)(Sc1ccccc1)Sc2ccccc2
D-273,-4.883,CCCCNC(=O)n1c(NC(=O)OC)nc2ccccc12
D-274,-6.616,CO[P](=S)(OC)Oc1cc(Cl)c(I)cc1Cl
D-275,-5.693,CC(C)Oc1cc(N2N=C(OC2=O)C(C)(C)C)c(Cl)cc1Cl
D-276,-2.581,COc1ccc(NC(=O)N(C)C)cc1Cl
D-277,-2.245,CSC1=NN=C(C(=O)N1N)C(C)(C)C
D-278,-7.138,CO[P](=S)(Oc1cc(Cl)c(Br)cc1Cl)c2ccccc2
D-279,-3.151,CCNc1nc(Cl)nc(NC(C)(C)C#N)n1
D-280,-2.965,CCO[P](=O)(NC(C)C)Oc1ccc(SC)c(C)c1
D-281,0.106,CNC(=O)O\N=C(SC)\C(=O)N(C)C
D-282,-4.924,CCO[P](=S)(OCC)Oc1cc(C)nc(n1)N(CC)CC
D-283,-4.102,CCO[P](=S)(OCC)Oc1ncn(n1)c2ccccc2
D-284,-4.15,CCCO[P](=S)(OCCC)SCC(=O)N1CCCCC1C
D-285,-2.682,CC(C)N1C(=O)c2ccccc2N[S]1(=O)=O
D-286,-4.194,CCO[P](=S)(NC(C)C)Oc1ccccc1C(=O)OC(C)C
D-287,-2.858,CC(C)O[P](=O)(OC(C)C)SCc1ccccc1
D-288,-5.037,Clc1c(Cl)c(Cl)c2C(=O)OCc2c1Cl
D-289,-3.964,CCN(CC)C(=O)SCc1ccc(Cl)cc1
D-290,-4.133,CCN(CC)c1nc(C)cc(O[P](=S)(OC)OC)n1
D-291,0.65,CO[P](=O)(NC(C)=O)SC
D-292,-4.8,CC12CC1(C)C(=O)N(C2=O)c3cc(Cl)cc(Cl)c3
D-293,-3.239,CCNc1nc(NC(C)(C)C)nc(OC)n1
D-294,-3.536,CC(C)c1ccc(NC(=O)N(C)C)cc1
D-295,-6.015,Fc1cccc(F)c1C(=O)NC(=O)Nc2ccc(Cl)cc2
D-296,-1.993,CCO[P](=O)(OCC)SCN1N=Nc2ccccc2C1=O
D-297,-4.125,CCCS[P](=O)(OCC)Oc1ccc(Br)cc1Cl
D-298,-3.32,CCO[P](=S)(OCC)Oc1nn(C(C)C)c(Cl)n1
D-299,-5.934,COC(=O)c1cc(Oc2ccc(Cl)cc2Cl)ccc1[N+]([O-])=O
D-300,-6.558,CCOc1cc(Oc2ccc(cc2Cl)C(F)(F)F)ccc1[N+]([O-])=O
D-301,-3.614,CC(C)(C)C(=O)C(Oc1ccc(Cl)cc1)n2cncn2
D-302,-3.782,CC(C)OC(=O)C(C(=O)OC(C)C)=C1SCCS1
D-303,-3.834,COC(=O)C(C)Oc1ccc(Oc2ccc(Cl)cc2Cl)cc1
D-304,-7.243,CC(C)C(C(=O)OC(C#N)c1cccc(Oc2ccccc2)c1)c3ccc(Cl)cc3
D-305,-8.017,CC1(C)C(C=C(Cl)Cl)C1C(=O)OC(C#N)c2cccc(Oc3ccccc3)c2
D-306,-6.99,CC1(C)[C@@H](C=C(Cl)Cl)[C@H]1C(=O)OCc2cccc(Oc3ccccc3)c2
D-307,-4.829,CC(C)(C)C(O)C(Oc1ccc(cc1)c2ccccc2)n3cncn3
D-308,-3.392,CC(C)(C)C(O)C(Oc1ccc(Cl)cc1)n2cncn2
D-309,-1.601,COCC(=O)N(C(C)C(=O)OC)c1c(C)cccc1C
D-310,-4.269,CSC(/C)=N/OC(=O)N(C)SN(C)C(=O)O\N=C(/C)SC
D-311,-4.583,CCCCOC(=O)N(C)SN(C)C(=O)Oc1cccc2CC(C)(C)Oc12
D-312,-4.044,CCCN(CCOc1c(Cl)cc(Cl)cc1Cl)C(=O)n2ccnc2
D-313,-6.876,CC(C)C(C(=O)OC(C#N)c1cccc(Oc2ccccc2)c1)c3ccc(OC(F)F)cc3
D-314,-5.025,Nc1c(Cl)c(Oc2ccccc2)ccc1[N+]([O-])=O
D-315,-3.084,COC(=O)c1ccccc1[S](=O)(=O)NC(=O)Nc2nc(C)cc(C)n2
D-316,-1.604,COC(=O)c1ccccc1[S](=O)(=O)NC(=O)Nc2nc(C)nc(OC)n2
D-317,-4.562,CC(C)(C)C(O)C(Cc1ccc(Cl)cc1Cl)n2cncn2
D-318,-3.534,COC(=O)c1ccccc1C[S](=O)(=O)NC(=O)Nc2nc(OC)cc(OC)n2
D-319,-7.28,Fc1cccc(F)c1C(=O)NC(=O)Nc2cc(Cl)c(F)c(Cl)c2F
D-320,-4.576,CCOC(=O)c1ccccc1[S](=O)(=O)NC(=O)Nc2nc(Cl)cc(OC)n2
D-321,-4.347,c1ccc(cc1)c2ccccc2
D-322,-5.553,Brc1ccc(cc1)c2ccccc2
D-323,-4.618,Cc1ccc(cc1)c2ccccc2
D-324,-5.798,Clc1cccc(c1)c2cccc(Cl)c2
D-325,-6.556,Clc1ccc(cc1)c2ccc(Cl)cc2
D-326,-10.827,Clc1c(Cl)c(Cl)c(c(Cl)c1Cl)c2c(Cl)c(Cl)c(Cl)c(Cl)c2Cl
D-327,-4.592,Clc1ccccc1c2ccccc2
D-328,-4.716,Clc1cccc(c1)c2ccccc2
D-329,-5.149,Clc1ccc(cc1)c2ccccc2
D-330,-9.466,Clc1cc(Cl)c(Cl)c(c1Cl)c2c(Cl)c(Cl)cc(Cl)c2Cl
D-331,-6.732,Clc1ccc(c(Cl)c1)c2ccc(Cl)cc2Cl
D-332,-6.39,Clc1ccc(cc1Cl)c2ccccc2
D-333,-5.979,Clc1ccc(cc1)c2ccc(Cl)cc2Cl
D-334,-5.081,Clc1ccccc1c2ccccc2Cl
D-335,-6.199,Clc1cc(Cl)c(cc1Cl)c2ccccc2
D-336,-7.39,Clc1cccc(Cl)c1c2c(Cl)cccc2Cl
D-337,-5.35,Clc1cccc(c2ccccc2)c1Cl
D-338,-6.256,Clc1ccc(cc1)c2cc(Cl)ccc2Cl
D-339,-7.911,Clc1c(Cl)c(Cl)c(c2ccccc2)c(Cl)c1Cl
D-340,-5.585,Clc1cccc(c1)c2ccccc2Cl
D-341,-7.387,Clc1ccc(cc1Cl)c2cc(Cl)c(Cl)cc2Cl
D-342,-6.9,Clc1ccc(c(Cl)c1)c2ccc(Cl)c(Cl)c2
D-343,-6.853,Clc1ccc(Cl)c(c1)c2ccc(Cl)c(Cl)c2
D-344,-8.71,Clc1ccc(cc1Cl)c2ccc(Cl)c(Cl)c2
D-345,-7.77,Clc1ccc(cc1)c2cc(Cl)c(Cl)cc2Cl
D-346,-6.875,Clc1ccc(cc1)c2ccc(Cl)c(Cl)c2Cl
D-347,-4.966,Clc1cccc(Cl)c1c2ccccc2
D-348,-5.288,Clc1ccc(c(Cl)c1)c2ccccc2
D-349,-7.319,Clc1cc(c2ccccc2)c(Cl)c(Cl)c1Cl
D-350,-8.947,Clc1cc(Cl)c(c(Cl)c1)c2c(Cl)cc(Cl)cc2Cl
D-351,-5.299,Clc1ccc(Cl)c(c1)c2ccccc2
D-352,-5.28,Clc1ccc(cc1)c2ccccc2Cl
D-353,-8.58,Clc1cc(Cl)c(cc1Cl)c2cc(Cl)c(Cl)cc2Cl
D-354,-8.381,Clc1ccc(c(Cl)c1Cl)c2cc(Cl)c(Cl)cc2Cl
D-355,-6.009,Clc1cc(Cl)c(c(Cl)c1)c2ccccc2
D-356,-7.281,Clc1ccc(Cl)c(c1)c2cc(Cl)ccc2Cl
D-357,-8.52,Clc1ccc(c(Cl)c1)c2cc(Cl)c(Cl)c(Cl)c2Cl
D-358,-7.756,Brc1ccc(c(Br)c1Br)c2ccc(Br)c(Br)c2Br
D-359,-5.809,Clc1ccc(Cl)c(c1)c2ccccc2Cl
D-360,-6.49,Clc1ccc(c(Cl)c1)c2ccccc2Cl
D-361,-7.326,Clc1ccc(Cl)c(c1)c2cc(Cl)c(Cl)cc2Cl
D-362,-7.19,Clc1ccc(Cl)c(c1)c2c(Cl)ccc(Cl)c2Cl
D-363,-7.95,Clc1ccc(c(Cl)c1)c2cc(Cl)c(Cl)cc2Cl
D-364,-7.045,Clc1ccc(Cl)c(c1)c2ccc(Cl)c(Cl)c2Cl
D-365,-7.65,Clc1ccc(cc1Cl)c2c(Cl)ccc(Cl)c2Cl
D-366,-9.013,Clc1ccc(c(Cl)c1Cl)c2ccc(Cl)c(Cl)c2Cl
D-367,-7.903,Clc1ccc(Cl)c(c1Cl)c2c(Cl)ccc(Cl)c2Cl
D-368,-5.9,Clc1ccccc1c2c(Cl)cccc2Cl
D-369,-6.209,Clc1ccc(cc1)c2c(Cl)cccc2Cl
D-370,-5.944,Clc1cccc(c1Cl)c2ccccc2Cl
D-371,-6.008,Clc1cccc(c1)c2cc(Cl)ccc2Cl
D-372,-6.259,Clc1ccc(cc1)c2cccc(Cl)c2Cl
D-373,-6.287,Clc1ccc(cc1Cl)c2ccccc2Cl
D-374,-6.554,Clc1ccc(cc1)c2ccc(Cl)c(Cl)c2
D-375,-7.272,Clc1cccc(c1Cl)c2cccc(Cl)c2Cl
D-376,-6.465,Clc1ccc(Cl)c(c1)c2cccc(Cl)c2Cl
D-377,-6.573,Clc1ccc(c(Cl)c1)c2cc(Cl)ccc2Cl
D-378,-7.06,Clc1cccc(c1Cl)c2cc(Cl)c(Cl)cc2Cl
D-379,-6.83,Clc1ccc(c(Cl)c1Cl)c2ccccc2Cl
D-380,-6.78,Clc1cccc(c1Cl)c2c(Cl)ccc(Cl)c2Cl
D-381,-7.82,Clc1ccc(Cl)c(c1)c2cc(Cl)cc(Cl)c2Cl
D-382,-7.822,Clc1cc(Cl)c(Cl)c(c1)c2c(Cl)ccc(Cl)c2Cl
D-383,-8.421,Clc1cccc(c1Cl)c2cc(Cl)c(Cl)c(Cl)c2Cl
D-384,-8.192,c1ccc2c(c1)cc3ccc4cccc5ccc2c3c45
D-385,-8.048,c1ccc2c(c1)ccc3cc4c(ccc5ccccc45)cc23
D-386,-7.966,Cc1ccc2cc3c(ccc4ccccc34)c5CCc1c25
D-387,-7.385,c1ccc2cc3c(ccc4ccccc34)cc2c1
D-388,-6.624,Cc1c2ccccc2c(C)c3c4ccccc4ccc13
D-389,-1.826,c1cnc2c(c1)ccc3cccnc23
D-390,-4.597,C1Cc2cccc3cccc1c23
D-391,-5.19,c1ccc2c(c1)ccc3ccccc23
D-392,-4.944,C1c2ccccc2c3ccccc13
D-393,-4.968,[nH]1c2ccccc2c3ccccc13
D-394,-8.18,c1ccc2cc3cc4ccccc4cc3cc2c1
D-395,-6.614,c1ccc2cc3ccccc3cc2c1
D-396,-6.176,c1cc2ccc3cccc4ccc(c1)c2c34
D-397,-5.098,s1c2ccccc2c3ccccc13
D-398,-9.026,c1cc2ccc3ccc4ccc5cccc6c(c1)c2c3c4c56
D-399,-8.8,c1cc2cccc3c4cccc5cccc(c(c1)c23)c45
D-400,-5.891,c1ccc2c(c1)c3cccc4cccc2c34
D-401,-3.976,c1cc2cccc3C=Cc(c1)c23
D-402,-8.24,c1ccc2cc3c4ccccc4c5ccccc5c3cc2c1
D-403,-6.745,c1ccc2c(c1)c3ccccc3c4ccccc24
D-404,-8.057,c1ccc2c(c1)ccc3c4ccccc4ccc23
D-405,-8.432,c1ccc2c(c1)ccc3cc4ccc5ccccc5c4cc23
D-406,-2.681,c1cnc2c(c1)ccc3ncccc23
D-407,-6.678,C1c2ccccc2c3ccc4ccccc4c13
D-408,-8.034,C1c2ccccc2c3cc4ccccc4cc13
D-409,-3.669,c1ccc2nc3ccccc3cc2c1
D-410,-4.224,Nc1cccc2nc3ccccc3cc12
D-411,-6.292,[O-][N+](=O)c1c2ccccc2cc3ccccc13
D-412,-5.99,[O-][N+](=O)c1ccc2c(Cc3ccccc23)c1
D-413,-6.956,Cc1ccc2cc3ccccc3cc2c1
D-414,-5.172,Nc1ccc2cc3ccccc3cc2c1
D-415,-5.867,Cc1c2ccccc2cc3ccccc13
D-416,-6.566,Cc1c2ccccc2c(C)c3ccccc13
D-417,-5.854,Cc1cccc2c1ccc3ccccc23
D-418,-5.218,Cc1cccc2c1Cc3ccccc23
D-419,-5.837,Cc1ccc2c(ccc3ccccc23)c1
D-420,-6.196,Nc1cc2c3ccccc3ccc2c4ccccc14
D-421,-6.886,CCc1ccc2cc3ccccc3cc2c1
D-422,-1.64,c1ccccc1
D-423,-5.839,Cc1c(C)c(C)c(C)c(C)c1C
D-424,-2.776,Cc1ccccc1C
D-425,-3.324,Cc1ccc(C)c(C)c1
D-426,-4.586,Cc1cc(C)c(C)cc1C
D-427,-3.658,CC(C)(C)c1ccccc1
D-428,-3.292,CC(C)c1ccccc1
D-429,-3.008,CC(=C)c1ccccc1
D-430,-3.759,CC(C)c1ccc(C)cc1
D-431,-2.798,CCc1ccccc1
D-432,-2.526,C=Cc1ccccc1
D-433,-4.077,C(c1ccccc1)c2ccccc2
D-434,-4.627,C(Cc1ccccc1)c2ccccc2
D-435,-5.793,c1ccc(cc1)\C=C\c2ccccc2
D-436,-3.362,CCCc1ccccc1
D-437,-4.056,CCCCc1ccccc1
D-438,-3.733,CCc1ccc(CC)cc1
D-439,-2.816,Cc1ccc(C)cc1
D-440,-2.819,Cc1cccc(C)c1
D-441,-3.397,Cc1cc(C)cc(C)c1
D-442,-2.243,Cc1ccccc1
D-443,-3.276,CCc1ccccc1CC
D-444,-3.882,CCC(C)c1ccccc1
D-445,-3.748,CCc1cccc(CC)c1
D-446,-3.204,Cc1cccc(C)c1C
D-447,-2.35,C#Cc1ccccc1
D-448,-4.643,CCCCCc1ccccc1
D-449,-4.123,CC(C)Cc1ccccc1
D-450,-3.207,CCc1ccccc1C
D-451,-6.018,Cc1ccc(cc1)c2ccc(C)cc2
D-452,-3.103,CCc1ccc(C)cc1
D-453,-3.981,Cc1cc(C)c(C)c(C)c1C
D-454,-5.255,CCCCCCc1ccccc1
D-455,-6.46,CCCCCCCCc1ccccc1
D-456,-5.817,[O-][N+](=O)c1c(Cl)c(Cl)c(Cl)c(Cl)c1Cl
D-457,-4.325,COc1c(Cl)cc(Cl)cc1Cl
D-458,-4.003,Clc1cccc(Cl)c1Cl
D-459,-2.896,[O-][N+](=O)c1ccccc1Cl
D-460,-4.137,[O-][N+](=O)c1cc(Cl)ccc1Cl
D-461,-3.887,[O-][N+](=O)c1cc(Cl)c(Cl)cc1Cl
D-462,-2.53,Cc1ccccc1Cl
D-463,-2.974,Clc1ccccc1Cl
D-464,-5.56,Clc1cc(Cl)c(Cl)cc1Cl
D-465,-3.201,[O-][N+](=O)c1ccc(Cl)c(Cl)c1
D-466,-2.845,[O-][N+](=O)c1ccc(Cl)cc1
D-467,-4.072,Brc1ccc(Br)cc1
D-468,-3.192,Cc1ccc(Br)cc1
D-469,-3.63,Clc1ccc(Br)cc1
D-470,-3.077,Cc1ccc(Cl)cc1
D-471,-3.257,Clc1ccc(Cl)cc1
D-472,-3.543,Brc1cccc(Br)c1
D-473,-3.21,Clc1cccc(Br)c1
D-474,-4.48,Clc1cc(Cl)cc(Cl)c1
D-475,-2.547,Brc1ccccc1
D-476,-2.354,Clc1ccccc1
D-477,-5.096,[O-][N+](=O)c1c(Cl)c(Cl)cc(Cl)c1Cl
D-478,-7.662,Clc1c(Cl)c(Cl)c(Cl)c(Cl)c1Cl
D-479,-3.569,Clc1ccc(Cl)c(Cl)c1
D-480,-2.761,[O-][N+](=O)c1cccc(Cl)c1
D-481,-2.544,Fc1ccc(CCl)cc1
D-482,-2.0,Fc1cccc(F)c1
D-483,-1.795,Fc1ccccc1
D-484,-1.971,Fc1ccc(F)cc1
D-485,-3.07,Clc1cccc(Cl)c1
D-486,-3.5,Brc1ccccc1Br
D-487,-3.523,Cc1cccc(Br)c1
D-488,-2.778,Ic1ccccc1
D-489,-5.479,Clc1cc(Cl)c(Cl)c(Cl)c1Cl
D-490,-2.346,Fc1cccc(Cl)c1
D-491,-5.6,Brc1cc(Br)cc(Br)c1
D-492,-4.562,Clc1ccc(Cl)c(Cl)c1Cl
D-493,-4.627,Clc1cc(Cl)c(Cl)c(Cl)c1
D-494,-6.993,Brc1cc(Br)c(Br)cc1Br
D-495,-4.553,[O-][N+](=O)c1cc(Cl)c(Cl)c(Cl)c1Cl
D-496,-2.666,Fc1cccc(Br)c1
D-497,-3.94,[O-][N+](=O)c1ccc(Cl)c(Cl)c1Cl
D-498,-4.559,[O-][N+](=O)c1c(Cl)cc(Cl)cc1Cl
D-499,-0.953,NC(=O)c1ccccc1
D-500,-3.032,CC1=CC(=O)c2ccccc2C1=O
D-501,-5.991,CN(C)c1ccc(cc1)N=Nc2ccccc2
D-502,-3.394,CCCCNC(=O)N[S](=O)(=O)c1ccc(C)cc1
D-503,-1.823,NC(=O)c1ccccc1O
D-504,-1.378,O=C1OC(=O)c2ccccc12
D-505,-3.589,Oc1ccccc1C(=O)Nc2ccccc2
D-506,-7.107,c1ccc(cc1)c2ccc(cc2)c3ccccc3
D-507,-4.425,O=C(OOC(=O)c1ccccc1)c2ccccc2
D-508,-2.511,FC(F)(F)c1ccccc1
D-509,-2.382,ClCc1ccccc1
D-510,-0.737,ONc1ccccc1
D-511,-2.017,COc1ccccc1
D-512,-2.39,CSc1ccccc1
D-513,-3.976,O(c1ccccc1)c2ccccc2
D-514,-0.678,O=CNc1ccccc1
D-515,-3.177,S=C=Nc1ccccc1
D-516,-2.332,CCOc1ccccc1
D-517,-1.29,CC(=O)Nc1ccccc1
D-518,-1.607,CC(=O)Nc1ccc(cc1)[S](N)(=O)=O
D-519,-1.4,CC(=O)Nc1ccccc1Cl
D-520,-2.091,CC(=O)Nc1cccc(C)c1
D-521,-1.909,CC(=O)Nc1ccccc1[N+]([O-])=O
D-522,-0.951,CN(C(C)=O)c1ccccc1
D-523,-2.235,CC(=O)Nc1ccccc1O
D-524,-3.136,S=C=NCc1ccccc1
D-525,-1.995,Oc1ccc2CCCCc2c1
D-526,-1.843,NC(=O)c1c(Cl)cccc1Cl
D-527,-4.661,Cc1cccc(Oc2ccc(cc2)[N+]([O-])=O)c1
D-528,-4.282,ClC(Cl)(Cl)CC(=C)c1ccccc1
D-529,-0.075,CCNCNC(=O)c1ccccc1
D-530,1.541,CN
D-531,1.346,CCN
D-532,1.228,CC(C)N
D-533,1.178,CN(C)C
D-534,1.136,CC(C)(C)N
D-535,1.136,CC(C)CN
D-536,0.97,NCc1ccccc1
D-537,-2.282,CCCN(CCC)CCC
D-538,-1.713,CCCCC(CC)CN
D-539,1.228,CCCN
D-540,1.243,NCC=C
D-541,1.004,NC1CCCCC1
D-542,1.136,CCCCN
D-543,1.136,CCNCC
D-544,1.06,CCCCCN
D-545,-0.926,CCCCCCN
D-546,-1.439,CCCCNCCCC
D-547,-0.138,CCN(CC)CC
D-548,-0.053,C=CCNCC=C
D-549,1.558,CNC
D-550,1.214,NCCO
D-551,-0.237,CCCNCCC
D-552,-0.413,Nc1ccccc1
D-553,-1.973,Nc1ccccc1[N+]([O-])=O
D-554,-3.028,CCN(CC)c1ccccc1
D-555,-4.912,Nc1ccc(cc1Cl)c2ccc(N)c(Cl)c2
D-556,-2.758,Nc1ccc(cc1)c2ccc(N)cc2
D-557,-1.194,Nc1ccccc1Cl
D-558,-0.81,Cc1ccccc1N
D-559,-0.428,Nc1ccccc1N
D-560,-0.737,Nc1ccccc1O
D-561,-3.246,Nc1ccc(Cl)c(Cl)c1
D-562,-2.153,Nc1cc(cc(c1O)[N+]([O-])=O)[N+]([O-])=O
D-563,-2.061,Nc1cccc(c1)[N+]([O-])=O
D-564,-2.278,Nc1ccc(cc1)[N+]([O-])=O
D-565,-1.28,CNc1ccccc1
D-566,-2.297,Nc1ccc(Cc2ccc(N)cc2)cc1
D-567,-1.515,Nc1ccc(Cl)cc1
D-568,-1.217,Cc1ccc(N)cc1
D-569,-0.466,Nc1ccc(N)cc1
D-570,-1.373,Nc1cccc(Cl)c1
D-571,-0.854,Cc1cccc(N)c1
D-572,0.343,Nc1cccc(N)c1
D-573,-3.61,COc1cc(ccc1N)c2ccc(N)c(OC)c2
D-574,-1.922,CN(C)c1ccccc1
D-575,-3.504,N(c1ccccc1)c2ccccc2
D-576,-1.502,COc1ccc(C=O)cc1
D-577,-0.834,Nc1ccc(O)cc1
D-578,-2.417,Nc1ccc(Cl)cc1Cl
D-579,-0.607,Nc1cccc(O)c1
D-580,-2.315,Nc1cc(Cl)cc(Cl)c1
D-581,-3.691,Nc1c(Cl)cc(Cl)cc1Cl
D-582,-1.819,Oc1ccc(cc1[N+]([O-])=O)[N+]([O-])=O
D-583,-4.004,Oc1c(Cl)cc(Cl)c(Cl)c1Cl
D-584,-3.279,CC(C)(c1ccc(O)cc1)c2ccc(O)cc2
D-585,-1.933,Oc1c(Cl)cccc1Cl
D-586,-4.279,Oc1c(Cl)c(Cl)c(Cl)c(Cl)c1Cl
D-587,-2.392,Oc1c(Cl)cc(Cl)cc1Cl
D-588,-1.745,Oc1ccccc1[N+]([O-])=O
D-589,-1.256,Oc1c(cc(cc1[N+]([O-])=O)[N+]([O-])=O)[N+]([O-])=O
D-590,-2.222,CC(C)c1ccc(C)cc1O
D-591,-1.359,CCc1ccccc1O
D-592,-0.822,COc1ccccc1O
D-593,-2.386,Oc1ccccc1c2ccccc2
D-594,-0.952,COc1cccc(OC)c1O
D-595,-3.481,Oc1ccc(cc1)c2ccccc2
D-596,-0.621,Cc1ccccc1O
D-597,-1.056,Oc1ccccc1Cl
D-598,-1.409,Cc1ccc(O)cc1C
D-599,-1.538,Cc1ccc(C)c(O)c1
D-600,-2.216,Oc1cc(Cl)c(Cl)cc1Cl
D-601,-3.953,Oc1ccc(Cl)cc1Cc2cc(Cl)ccc2O
D-602,-2.413,CC(C)(C)c1ccc(O)cc1
D-603,-1.079,Oc1ccc(cc1)[N+]([O-])=O
D-604,-1.191,Cc1ccc(O)c(C)c1
D-605,-1.092,Oc1ccc(Br)cc1
D-606,-0.702,Cc1ccc(O)cc1
D-607,-0.729,Oc1ccc(Cl)cc1
D-608,-0.678,Cc1cccc(O)c1
D-609,-0.694,Oc1cccc(Cl)c1
D-610,0.814,Oc1cccc(O)c1
D-611,-1.399,Cc1cc(C)cc(O)c1
D-612,-1.075,Oc1cc(O)cc(O)c1
D-613,-0.056,Oc1ccccc1
D-614,-3.674,Oc1c(Br)cc(Br)cc1Br
D-615,-2.384,Cc1ccc(O)c(c1)[N+]([O-])=O
D-616,0.622,Oc1ccccc1O
D-617,-1.559,Oc1ccc(Cl)cc1Cl
D-618,-1.141,COc1cc(C=O)ccc1O
D-619,-1.475,CCc1ccc(O)cc1
D-620,-0.976,Oc1ccc(C=O)cc1
D-621,-2.589,CCCCCCc1ccc(O)cc1O
D-622,-0.492,COc1ccc(O)cc1
D-623,-2.68,Oc1cc(ccc1[N+]([O-])=O)[N+]([O-])=O
D-624,-2.503,Oc1ccc(cc1[N+]([O-])=O)C(F)(F)F
D-625,-2.05,Oc1cc(F)ccc1[N+]([O-])=O
D-626,-2.055,Cc1cc(C)c(O)c(C)c1
D-627,-3.0,Cc1cc(cc(c1O)[N+]([O-])=O)[N+]([O-])=O
D-628,-1.013,Oc1cccc(c1)[N+]([O-])=O
D-629,-1.55,Oc1c(cccc1[N+]([O-])=O)[N+]([O-])=O
D-630,-1.656,Oc1cccc(Cl)c1Cl
D-631,-1.305,Cc1cccc(C)c1O
D-632,-1.911,Oc1cc(Cl)ccc1Cl
D-633,-1.663,Oc1cc(cc(c1)[N+]([O-])=O)[N+]([O-])=O
D-634,-0.876,Oc1cccc(Br)c1
D-635,-1.559,Oc1cc(Cl)cc(Cl)c1
D-636,-2.073,Oc1cccc(O)c1[N+]([O-])=O
D-637,-2.123,Oc1ccc(Br)cc1Br
D-638,-4.41,Oc1ccc(cc1[N+]([O-])=O)c2ccccc2
D-639,-2.642,Oc1c(Cl)ccc(Cl)c1Cl
D-640,-2.839,COc1ccc(O)c(c1)[N+]([O-])=O
D-641,-1.552,Cc1cc(Cl)ccc1O
D-642,-1.936,Cc1ccc(C)c(O)c1C
D-643,-2.11,Cc1cc(O)ccc1[N+]([O-])=O
D-644,-2.949,Oc1ccc(C=O)cc1[N+]([O-])=O
D-645,-3.84,CCC(C)c1ccc(O)c(c1)[N+]([O-])=O
D-646,-1.641,Cc1cccc(O)c1[N+]([O-])=O
D-647,-4.39,Cc1cc(O)c(cc1Cl)[N+]([O-])=O
D-648,1.045,CC(O)C(O)=O
D-649,-6.807,CCCCCCCCCCCCCCCC(O)=O
D-650,1.337,OC=O
D-651,1.221,CC(O)=O
D-652,0.519,OC(=O)C(Cl)(Cl)Cl
D-653,-2.209,OC(=O)C(O)(c1ccccc1)c2ccccc2
D-654,-1.841,CC12[C@@H](O)C=C[C@@]3(OC1=O)[C@@H]4CC[C@]5(O)C[C@]4(CC5=C)[C@H]([C@H]23)C(O)=O
D-655,0.489,OC(=O)CC(O)(CC(O)=O)C(O)=O
D-656,1.13,CCC(O)=O
D-657,0.928,OC(=O)CCl
D-658,0.278,CC(C)C(O)=O
D-659,0.014,CC(=C)C(O)=O
D-660,0.89,OC(=O)C(Cl)Cl
D-661,-0.378,CCC(Br)C(O)=O
D-662,-2.647,OC(=O)Cc1cccc2ccccc12
D-663,-2.067,OC(=O)Cc1c[nH]c2ccccc12
D-664,-0.81,CCC(CC)C(O)=O
D-665,0.075,OC(C(O)=O)c1ccccc1
D-666,-2.503,Cc1cc(Cl)ccc1OCC(O)=O
D-667,-1.445,OC(=O)C1CCCCC1
D-668,-1.858,CCCC(CCC)C(O)=O
D-669,-0.914,OC(=O)Cc1ccccc1
D-670,1.055,CCCC(O)=O
D-671,-0.416,CCCCC(O)=O
D-672,-0.152,OC(=O)CCC(O)=O
D-673,-1.22,OC(=O)\C=C\C(O)=O
D-674,-1.652,C/C=C/C=C/C(O)=O
D-675,1.083,OC(=O)CCCC(O)=O
D-676,-0.506,OC(=O)CCCCCC(O)=O
D-677,-2.746,CCCCCCCCC(O)=O
D-678,-3.553,CCCCCCCCCCC(O)=O
D-679,-3.398,OC(=O)CCCCCCCCC=C
D-680,-3.223,OC(=O)C(c1ccccc1)c2ccccc2
D-681,-1.103,OC(=O)COc1ccccc1
D-682,-2.29,OC(=O)COc1ccc(Cl)cc1
D-683,-1.894,OC(=O)CCCCCCCC(O)=O
D-684,-0.676,OC(=O)CCCCC(O)=O
D-685,-2.262,CCCCCCCC(O)=O
D-686,-2.434,OC(=O)\C=C\c1ccccc1
D-687,-1.052,CCCCCC(O)=O
D-688,-3.561,CCCCCCCCCCCC(O)=O
D-689,-1.858,CCCCC(CC)C(O)=O
D-690,-3.445,CCCCCCCCCC(O)=O
D-691,-1.679,OC(=O)CNC(=O)c1ccccc1
D-692,-1.406,OC(=O)CCc1ccccc1
D-693,-0.931,OCC(C(O)=O)c1ccccc1
D-694,-5.329,CCCCCCCCCCCCCC(O)=O
D-695,-2.685,OC(=O)COc1ccc(Cl)c(Cl)c1
D-696,1.045,CC(O)C(O)=O
D-697,-2.164,OC(=O)COc1ccccc1Cl
D-698,-2.415,OC(=O)\C=C\c1ccccc1
D-699,-2.398,COc1ccc(\C=C\C(O)=O)cc1
D-700,0.0,C/C=C/C(O)=O
D-701,0.873,OC(CC(O)=O)C(O)=O
D-702,-1.593,CC(=O)Oc1ccccc1C(O)=O
D-703,-3.114,OC(=O)c1cc(Cl)cc(Cl)c1
D-704,-3.495,OC(=O)c1ccc(Cl)c(Cl)c1
D-705,-1.374,OC(=O)c1ccncc1
D-706,-2.922,OC(=O)c1ccc(cc1)[N+]([O-])=O
D-707,-1.957,Nc1ccc(C(O)=O)c(O)c1
D-708,-1.655,OC(=O)c1ccccc1
D-709,-1.79,OC(=O)c1ccccc1O
D-710,-3.337,OC(=O)c1ccc(Cl)cc1
D-711,-3.302,OC(=O)c1cccc2ccccc12
D-712,-1.474,OC(=O)c1cscc1
D-713,-0.48,OC(=O)c1occc1
D-714,-2.731,OC(=O)c1ccccc1I
D-715,-1.375,OC(=O)c1ccccc1C(O)=O
D-716,-3.564,OC(=O)c1ccc2ccccc2c1
D-717,-3.804,CC(C)(C)c1ccc(cc1)C(O)=O
D-718,-2.143,Cc1cccc(c1)C(O)=O
D-719,-1.366,Nc1cccc(c1)C(O)=O
D-720,-1.28,OC(=O)c1cccc(O)c1
D-721,-2.196,OC(=O)c1cc(cc(c1)[N+]([O-])=O)[N+]([O-])=O
D-722,-0.928,OC(=O)c1ccc(O)c(O)c1
D-723,-2.603,Cc1ccc(cc1)C(O)=O
D-724,-1.441,OC(=O)c1ccc(O)cc1
D-725,-2.458,COc1ccc(cc1)C(O)=O
D-726,-2.062,Cc1ccccc1C(O)=O
D-727,-1.875,OC(=O)c1ccccc1Cl
D-728,-1.593,Nc1ccccc1C(O)=O
D-729,-2.05,COc1cc(ccc1O)C(O)=O
D-730,-3.22,OC(=O)c1cccc(c1)C(O)=O
D-731,-1.669,OC(=O)c1cccc(c1)[N+]([O-])=O
D-732,-2.469,Nc1cc(Cl)cc(C(O)=O)c1Cl
D-733,-1.155,OC(=O)c1cc(O)c(O)c(O)c1
D-734,-1.351,Nc1ccc(cc1)C(O)=O
D-735,-1.207,OC(=O)c1c(O)cccc1O
D-736,-1.289,OC(=O)c1ccccc1F
D-737,-1.97,OC(=O)c1cccc(F)c1
D-738,-2.067,OC(=O)c1ccc(F)cc1
D-739,-2.284,OC(=O)c1ccccc1c2ccccc2C(O)=O
D-740,-1.489,OC(=O)c1cc(O)ccc1O
D-741,-2.541,OC(=O)c1cccc(Cl)c1
D-742,-3.036,CC(C)c1ccc(cc1)C(O)=O
D-743,-1.328,OC(=O)c1ccccc1[N+]([O-])=O
D-744,-1.483,COc1ccccc1C(O)=O
D-745,-2.699,OC(=O)c1cccc(Br)c1
D-746,-3.525,OC(=O)c1ccc(Br)cc1
D-747,-1.021,OC(=O)c1cccc(c1C(O)=O)[N+]([O-])=O
D-748,-3.271,OC(=O)c1cccc(I)c1
D-749,-3.963,OC(=O)c1ccc(I)cc1
D-750,-3.398,CN(C)c1ccc(cc1)C(O)=O
D-751,-3.417,OC(=O)c1c2ccccc2cc3ccccc13
D-752,-0.741,OCCc1ccccc1
D-753,1.337,CCO
D-754,1.494,CO
D-755,1.221,CC(C)O
D-756,1.221,CCCO
D-757,-0.069,CCCCO
D-758,-0.603,CCCCCO
D-759,1.13,CC(C)(C)O
D-760,-0.401,CC(C)(C)CO
D-761,0.096,CCC(C)(C)O
D-762,0.059,CC(C)CO
D-763,0.388,CCC(C)O
D-764,-0.295,OCc1ccccc1O
D-765,-2.549,OC(c1ccccc1)c2ccccc2
D-766,-0.432,OCc1ccccc1
D-767,1.236,OCC=C
D-768,1.251,OCC#C
D-769,-0.377,OC1CCCCC1
D-770,-1.239,CCCCCCO
D-771,-1.842,CCCCCCCO
D-772,-2.382,CCCCCCCCO
D-773,-3.631,CCCCCCCCCCO
D-774,-4.668,CCCCCCCCCCCCO
D-775,1.075,CC(C)(O)C#C
D-776,-1.38,OCCCc1ccccc1
D-777,-0.714,OCCOc1ccccc1
D-778,-0.519,CC(C)CCO
D-779,-2.065,CCCCCCC(C)O
D-780,-0.472,CCC(C)CO
D-781,-3.013,CCCCCCCCCO
D-782,1.193,OCCF
D-783,-0.624,CC(O)C(C)(C)C
D-784,-1.551,CCCCCC(C)O
D-785,-0.233,CCC(O)CC
D-786,-1.2,Cc1ccc(CO)cc1
D-787,-1.393,CCCC(O)CCC
D-788,-1.463,CCCCC(O)CC
D-789,-0.882,CC1CCC(O)CC1
D-790,-0.197,CC(C)C(C)O
D-791,-0.803,CCCC(O)CC
D-792,1.041,OCC[N+]([O-])=O
D-793,-0.873,CCCCC(C)O
D-794,-0.296,CCCC(C)O
D-795,-2.102,OCc1c(Cl)cccc1Cl
D-796,1.121,C=O
D-797,-1.249,CCCCCC=O
D-798,1.356,CC=O
D-799,-0.691,ClC(Cl)(Cl)C=O
D-800,-0.096,O=Cc1occc1
D-801,-1.967,[O-][N+](=O)c1cccc(C=O)c1
D-802,-1.208,O=Cc1ccccc1
D-803,-0.647,Oc1cccc(C=O)c1
D-804,-1.969,O=C/C=C/c1ccccc1
D-805,0.578,C=CC=O
D-806,-1.632,O=Cc1ccc2OCOc2c1
D-807,0.722,CCC=O
D-808,-0.007,CCCC=O
D-809,-1.814,[O-][N+](=O)c1ccccc1C=O
D-810,-1.81,[O-][N+](=O)c1ccc(C=O)cc1
D-811,0.516,COC(C)=O
D-812,-0.824,COC(=O)C(C)=C
D-813,-2.313,CCOC(=O)c1ccccc1C(=O)OCC
D-814,-4.652,CC(C)COC(=O)c1ccccc1C(=O)OCC(C)C
D-815,-4.395,CCCCOC(=O)c1ccccc1C(=O)OCCCC
D-816,-5.065,CCCCOC(=O)c1ccccc1C(=O)OCc2ccccc2
D-817,-1.812,COC(=O)c1ccccc1
D-818,-0.46,COC(=O)c1cccnc1
D-819,-2.319,CCOC(=O)c1ccccc1
D-820,-2.101,CCOC(=O)c1ccc(N)cc1
D-821,-2.328,CCCOC(=O)c1ccc(N)cc1
D-822,-2.557,CCCOC(=O)c1ccc(O)cc1
D-823,-2.972,CCCCOC(=O)c1ccc(O)cc1
D-824,-0.241,COC(=O)C=C
D-825,1.065,O=C1CCCO1
D-826,-1.325,CCOC(=O)C(C)=C
D-827,-2.039,CC(C)COC(=O)C(C)=C
D-828,-2.25,CCCCOC(=O)C(C)=C
D-829,-1.24,COC(=O)c1cc(O)c(O)c(O)c1
D-830,-1.784,COC(=O)c1ccc(O)cc1
D-831,-2.996,CCOC(=O)\C=C\c1ccccc1
D-832,-0.726,CCOC(=O)CC
D-833,0.826,CCOC(=O)NC
D-834,-0.839,CCOC(=O)CC(=O)OCC
D-835,-1.853,CC(C)COC(=O)C=C
D-836,-0.634,CC(=O)OC=C
D-837,0.176,COCC(C)OC(C)=O
D-838,-1.901,CC(=C)C(=O)OCCOCCOCCOC(=O)C(C)=C
D-839,-0.733,CCCOC(C)=O
D-840,0.076,CCOC=O
D-841,-4.627,CCCCCCCCCC(=O)OC
D-842,-0.603,CCCOC=O
D-843,-6.968,CCCCC(CC)COC(=O)c1ccccc1C(=O)OCC(CC)CCCC
D-844,-1.313,COC(=O)c1ccccc1O
D-845,-2.309,CCOC(=O)c1ccc(O)cc1
D-846,-1.783,CCCOC(=O)c1cc(O)c(O)c(O)c1
D-847,-2.412,COC(=O)c1ccc(OC)cc1
D-848,-0.96,CCOC(=O)CCC(=O)OCC
D-849,-1.141,CCCCOC(C)=O
D-850,-1.686,COC(=O)c1ccccc1C(=O)OC
D-851,-3.365,CCCOC(=O)c1ccccc1C(=O)OCCC
D-852,-3.131,C=CCOC(=O)c1ccccc1C(=O)OCC=C
D-853,-4.515,Nc1ccc(c(O)c1)C(=O)Oc2ccccc2
D-854,-3.48,CCCCOC(=O)c1ccccc1
D-855,-1.685,CC(=O)OCc1ccccc1
D-856,-0.824,CCOC(=O)C=C
D-857,-1.807,CCCCOC(=O)C=C
D-858,-0.042,CCOC(C)=O
D-859,-0.073,CCOC(=O)CC(C)=O
D-860,-0.15,CCC(=O)OC
D-861,-2.153,CC(=C)C(=O)OC(C)(C)C
D-862,-2.877,CC(C)OC(=O)c1ccccc1C(=O)OC(C)C
D-863,-1.597,COC(=O)c1ccc(N)cc1
D-864,0.935,OCCOC(=O)C=C
D-865,-0.114,CC(=C)C(=O)OCCO
D-866,-0.674,CC(=O)OCCBr
D-867,0.886,CC(O)COC(=O)C=C
D-868,-3.876,CCCCCCCCC(=O)OC
D-869,-2.415,CC(=O)OC[C@@H](OC(C)=O)[C@@H](OC(C)=O)[C@H](OC(C)=O)[C@@H](OC(C)=O)C=O
D-870,-3.35,CCCCCOC(=O)c1ccc(N)cc1
D-871,-4.6,CCCCCCCOC(=O)c1ccc(N)cc1
D-872,-5.4,CCCCCCCCOC(=O)c1ccc(N)cc1
D-873,1.236,CC(C)=O
D-874,-2.639,CCC(=O)c1ccc(O)cc1
D-875,-1.061,CC1=CC(=O)CC(C)(C)C1
D-876,0.49,CCC(C)=O
D-877,-5.188,O=C1c2ccccc2C(=O)c3ccccc13
D-878,-1.827,CCC(=O)c1ccccc1
D-879,-0.253,CCC(=O)CC
D-880,-1.292,CC(=O)c1ccccc1
D-881,-1.606,CC(=O)c1ccc(N)cc1
D-882,-1.138,CC(=O)c1ccc(O)cc1
D-883,-0.989,O=C1C=CC(=O)C=C1
D-884,-0.302,CCCC(C)=O
D-885,-0.722,CC(C)CC(C)=O
D-886,-0.594,O=C1CCCCC1
D-887,-1.325,CC(C)CCC(C)=O
D-888,-1.424,CCCCCC(C)=O
D-889,-2.154,CCCCCCC(C)=O
D-890,-3.124,O=C(c1ccccc1)c2ccccc2
D-891,-0.184,Oc1ccc(O)cc1
D-892,0.22,CC(=O)CC(C)=O
D-893,0.366,CC(=O)C(C)=O
D-894,-0.151,CC(C)C(C)=O
D-895,-0.758,CCCCC(C)=O
D-896,-3.309,CCCCCCCCC(C)=O
D-897,-2.584,CCCCCCCC(C)=O
D-898,1.356,C1CO1
D-899,1.007,CC1CO1
D-900,-1.603,C1OC1c2ccccc2
D-901,-0.147,ClCC1CO1
D-902,1.13,OCC1CO1
D-903,1.065,C1OC1C2CO2
D-904,-1.346,CC(C)(O)C(Cl)(Cl)Cl
D-905,1.0,OCC(F)(F)F
D-906,1.094,OCCCl
D-907,-0.254,OCC(Cl)(Cl)Cl
D-908,0.903,OCCBr
D-909,1.568,C#N
D-910,1.387,CC#N
D-911,-1.712,N#Cc1ccccc1
D-912,0.272,CCC#N
D-913,0.147,C=CC#N
D-914,-0.321,CCCC#N
D-915,0.304,N#CCC#N
D-916,0.204,N#CCCC#N
D-917,-0.131,N#CCCCCC#N
D-918,-0.422,CC(=C)C#N
D-919,1.026,N#CCCCC#N
D-920,-3.98,Clc1cccc(Cl)c1C#N
D-921,-1.069,FC1=CNC(=O)NC1=O
D-922,-2.216,[O-][N+](=O)OCC(CO[N+]([O-])=O)O[N+]([O-])=O
D-923,-0.966,Cn1cnc2N(C)C(=O)N(C)C(=O)c12
D-924,-1.389,CN1C(=O)N(C)c2nc[nH]c2C1=O
D-925,-2.139,O=C1Nc2ccccc2C=C1
D-926,-0.15,CN1CC(=O)N=C1N
D-927,1.337,CNN
D-928,-1.519,CC1=CNC(=O)NC1=O
D-929,-1.493,O=C1NC=CC(=O)N1
D-930,-1.127,C[C@H]1C[C@H](C)C(=O)[C@@H](C1)[C@H](O)CC2CC(=O)NC(=O)C2
D-931,-2.006,[O-][N+](=O)C(Cl)(Cl)Cl
D-932,-2.337,CCC1(CCC(=O)NC1=O)c2ccccc2
D-933,-2.633,[O-][N+](=O)O[C@H]1CO[C@@H]2[C@@H](CO[C@H]12)O[N+]([O-])=O
D-934,0.034,c1cnc2ncncc2n1
D-935,-1.095,CNCC(C)c1ccccc1
D-936,-0.174,O=NN1CCCCC1
D-937,-4.454,c1ccc(cc1)N=Nc2ccccc2
D-938,0.995,CN1CCOCC1
D-939,1.065,C1CNCCN1
D-940,1.07,C1CCNCC1
D-941,1.06,C1COCCN1
D-942,-1.271,O=C1NNC(=O)C=C1
D-943,-0.309,NC(N)=NC#N
D-944,-0.402,O=C1CNC(=O)N1
D-945,-0.8,CN1C=CC(=O)NC1=O
D-946,1.07,O=C1CCCN1
D-947,0.962,CN1C=CC=CC1=O
D-948,1.004,CN1CCCC1=O
D-949,0.999,O=NN1CCCC1
D-950,-4.67,CCCCCCCCCCCCN1CCCC1=O
D-951,-3.223,CCCCCCCCCCCCN1CC(CC1=O)C(O)=O
D-952,-0.954,CN1CC(CC1=O)C(O)=O
D-953,-2.48,CNC(=O)N1C=C(F)C(=O)NC1=O
D-954,0.804,COC(=O)C1CN(C)C(=O)C1
D-955,-2.446,CCCCNC(=O)N1C=C(F)C(=O)NC1=O
D-956,-1.246,CCCCCCN1CC(CC1=O)C(=O)OC
D-957,0.79,CN1CCC[C@H]1c2cccnc2
D-958,0.009,NNC(=O)c1ccncc1
D-959,-0.835,OC(=O)c1cccnc1
D-960,0.612,NC(=O)c1cccnc1
D-961,0.962,OCc1cccnc1
D-962,0.501,CCc1ccccn1
D-963,0.447,Cc1cccc(C)n1
D-964,-0.539,Cc1cc(C)nc(C)c1
D-965,1.031,Cc1ccncc1
D-966,1.031,Cc1cccnc1
D-967,-0.456,Oc1cccnc1
D-968,-0.881,Brc1ccccn1
D-969,1.031,Cc1ccccn1
D-970,-0.754,Clc1ccccn1
D-971,1.102,c1ccncc1
D-972,-1.421,c1ccc(nc1)c2ccccn2
D-973,-1.538,c1cc(ccn1)c2ccncc2
D-974,-0.914,NC(=O)c1cnccn1
D-975,1.026,Cc1cnccn1
D-976,1.096,c1cncnc1
D-977,-1.284,Cc1cc(N)nc(C)n1
D-978,-2.321,CCC1(C(=O)NC(=O)NC1=O)c2ccccc2
D-979,-2.0,CCC1(CC)C(=O)NC(=O)N(C)C1=O
D-980,-3.812,CCCCC1C(=O)N(N(C1=O)c2ccccc2)c3ccccc3
D-981,-2.227,COC(=O)[C@H]1[C@H](CC2CCC1N2C)OC(=O)c3ccccc3
D-982,-4.187,CN(C)CCCN1c2ccccc2CCc3ccccc13
D-983,-5.097,CN(C)CCCN1c2ccccc2Sc3ccc(Cl)cc13
D-984,-2.119,CN1C2CCC1CC(C2)OC(=O)C(CO)c3ccccc3
D-985,-2.169,CCC1(C(=O)NC(=O)NC1=O)C2=CCCCC2
D-986,-2.061,C=CCC1(CC=C)C(=O)NC(=O)NC1=O
D-987,-0.128,CC(C)(S)[C@@H](N)C(O)=O
D-988,-4.429,OC1(CCN(CCCC(=O)c2ccc(F)cc2)CC1)c3ccc(Cl)cc3
D-989,-3.656,N[S](=O)(=O)c1cc(C(O)=O)c(NCc2occc2)cc1Cl
D-990,-2.735,CN1C(=O)NC(=O)C(C)(C1=O)C2=CCCCC2
D-991,-4.35,CC\C(c1ccc(O)cc1)=C(\CC)c2ccc(O)cc2
D-992,-2.111,OCC(NC(=O)C(Cl)Cl)C(O)c1ccc(cc1)[N+]([O-])=O
D-993,-3.32,O=C1C[C@@H]2OCC=C3CN4CC[C@@]56[C@@H]4C[C@@H]3[C@@H]2[C@@H]5N1c7ccccc67
D-994,-3.897,O=C1NC(=O)C(N1)(c2ccccc2)c3ccccc3
D-995,-2.574,CCC1(CCC(C)C)C(=O)NC(=O)NC1=O
D-996,-1.393,CCC1(CC)C(=O)NC(=O)NC1=O
D-997,-1.667,CCCC(C)(COC(N)=O)COC(N)=O
D-998,-2.268,Cc1cc(C)nc(N[S](=O)(=O)c2ccc(N)cc2)n1
D-999,-0.629,CN(C)C1=C(C)N(C)N(c2ccccc2)C1=O
D-1000,-4.155,OCCN1CCN(CCCN2c3ccccc3Sc4ccc(Cl)cc24)CC1
D-1001,-4.302,CN(C)CCCN1c2ccccc2Sc3ccccc13
D-1002,-2.615,N[S](=O)(=O)c1cc2c(NCN[S]2(=O)=O)cc1Cl
D-1003,-3.046,N[S](=O)(=O)c1cc2c(NC=N[S]2(=O)=O)cc1Cl
D-1004,0.749,CCN(CC)C(=O)c1cccnc1
D-1005,-1.398,CCN(CC)CCOC(=O)c1ccc(N)cc1
D-1006,-2.356,CC(=O)Nc1sc(nn1)[S](N)(=O)=O
D-1007,-0.564,CN1N(C(=O)C=C1C)c2ccccc2
D-1008,-4.26,CC(CN1c2ccccc2Sc3ccccc13)N(C)C
D-1009,-3.217,[O-][N+](=O)c1sc(nc1)N2CCNC2=O
D-1010,-1.524,[Cl-].COC(C[Hg+])CNC(N)=O
D-1011,-2.369,CCOc1ccc(NC(C)=O)cc1
D-1012,-1.361,Nc1ccc(cc1)[S](N)(=O)=O
D-1013,0.809,COC(=O)C1=CCCN(C)C1
D-1014,-4.149,OCCN1CCN(CCCN2c3ccccc3Sc4ccc(cc24)C(F)(F)F)CC1
D-1015,-1.951,Nc1ncnc2n(ccc12)C3OC(CO)C(O)C3O
D-1016,-2.425,Nc1ccc(cc1)[S](=O)(=O)Nc2sccn2
D-1017,-2.523,CCCC(C)C1(CC)C(=O)NC(=O)NC1=O
D-1018,-2.214,CCC1(C(C)C)C(=O)NC(=O)NC1=O
D-1019,-1.712,CC(C)C1(CC=C)C(=O)NC(=O)NC1=O
D-1020,-3.458,CCCC(C)C1(CC=C)C(=O)NC(=S)NC1=O
D-1021,-2.676,CCC(Br)(CC)C(=O)NC(N)=O
D-1022,-3.28,COc1ccc(N[S](=O)(=O)c2ccc(N)cc2)nn1
D-1023,-1.661,O=C1N[S](=O)(=O)c2ccccc12
D-1024,-2.737,Cn1cnc2N(C)C(=O)NC(=O)c12
D-1025,-2.611,O=C1NC(=O)c2ccccc12
D-1026,-1.886,O=C1Oc2ccccc2C=C1
D-1027,-3.03,CCCNC(=O)N[S](=O)(=O)c1ccc(Cl)cc1
D-1028,-1.562,COc1cc(CC=C)ccc1O
D-1029,-4.86,CCN(CC)C(=S)SSC(=S)N(CC)CC
D-1030,-0.575,CC(=O)OCC(COC(C)=O)OC(C)=O
D-1031,-2.152,C=CCC1(C(=O)NC(=O)NC1=O)c2ccccc2
D-1032,-2.176,CCCCCC1(CC)C(=O)NC(=O)NC1=O
D-1033,-4.524,CN1CCN(CCCN2c3ccccc3Sc4ccc(cc24)C(F)(F)F)CC1
D-1034,-2.957,COc1cc(N[S](=O)(=O)c2ccc(N)cc2)nc(OC)n1
D-1035,-2.64,CCC1(C(=O)NCNC1=O)c2ccccc2
D-1036,-4.611,COC1CC(=O)C[C@@H](C)[C@]12Oc3c(Cl)c(OC)cc(OC)c3C2=O
D-1037,-3.733,CCCCC1C(=O)N(N(C1=O)c2ccc(O)cc2)c3ccccc3
D-1038,-2.677,N[S](=O)(=O)c1cc2c(NC(N[S]2(=O)=O)C(Cl)Cl)cc1Cl
D-1039,-1.757,CCN(CC)CC(=O)Nc1c(C)cccc1C
D-1040,-0.855,OC[C@H]1O[C@@H](Oc2ccccc2CO)[C@H](O)[C@@H](O)[C@@H]1O
D-1041,-1.234,CC(=O)N[S](=O)(=O)c1ccc(N)cc1
D-1042,-2.411,Cc1sc(N[S](=O)(=O)c2ccc(N)cc2)nn1
D-1043,0.699,OCC(O)C(O)CO
D-1044,-0.415,CN[C@@H](C)[C@H](O)c1ccccc1
D-1045,-2.379,O=C1N=CN=C2NNC=C12
D-1046,-2.178,CCCCNC(=O)N[S](=O)(=O)c1ccc(N)cc1
D-1047,-2.091,COc1cc2N3C4[C@@H]5C(CC3=O)OCC=C6CN7CC[C@]4([C@@H]7C[C@H]56)c2cc1OC
D-1048,-3.755,CN1C(=O)CN=C(c2ccccc2)c3cc(Cl)ccc13
D-1049,-1.256,Cc1ncc(n1CCO)[N+]([O-])=O
D-1050,-3.81,CCOc1ccc2nc(sc2c1)[S](N)(=O)=O
D-1051,-2.321,Nc1ccc(cc1)[S](=O)(=O)Nc2ccnn2c3ccccc3
D-1052,-3.615,Oc1cc(O)c2C(=O)C[C@H](Oc2c1)c3ccc(O)c(O)c3
D-1053,-2.82,Cc1cnc(N[S](=O)(=O)c2ccc(N)cc2)nc1
D-1054,-2.584,COc1cnc(N[S](=O)(=O)c2ccc(N)cc2)nc1
D-1055,-4.207,Cc1ccc(cc1)[S](=O)(=O)NC(=O)NC2CCCCC2
D-1056,-2.618,Cc1onc(N[S](=O)(=O)c2ccc(N)cc2)c1
D-1057,-2.861,COc1cc(Cc2cnc(N)nc2N)cc(OC)c1OC
D-1058,-3.604,OC1N=C(c2ccccc2Cl)c3cc(Cl)ccc3NC1=O
D-1059,-3.678,Cc1ccc(cc1)[S](=O)(=O)NC(=O)NN2CCCCCC2
D-1060,-3.761,Clc1cccc(n1)C(Cl)(Cl)Cl
D-1061,-2.549,CCCC1(CCC)C(=O)NC(=O)NC1=O
D-1062,-2.543,COc1cc(N[S](=O)(=O)c2ccc(N)cc2)nc(C)n1
D-1063,-2.934,CN(C)C(=O)Nc1cccc(OC(=O)NC(C)(C)C)c1
D-1064,-4.485,CC(C(O)=O)c1ccc(c(F)c1)c2ccccc2
D-1065,-3.352,CCO[P](=S)(OCC)N1C(=O)c2ccccc2C1=O
D-1066,-3.141,CC1=C(SCCO1)C(=O)Nc2ccccc2
D-1067,-2.427,CC1=C(C(=O)Nc2ccccc2)[S](=O)(=O)CCO1
D-1068,-2.862,CN(C)C=Nc1ccc(Cl)cc1C
D-1069,-2.193,O/N=C/c1oc(cc1)[N+]([O-])=O
D-1070,-1.571,CNC(=O)Oc1ccccc1C2OCCO2
D-1071,-3.992,CC(C)Cc1ccc(cc1)C(C)C(O)=O
D-1072,-3.698,CC(C(O)=O)c1cccc(c1)C(=O)c2ccccc2
D-1073,-4.161,COc1ccc2cc(ccc2c1)C(C)C(O)=O
D-1074,-2.813,[O-][N+](=O)c1nccn1CC(=O)NCc2ccccc2
D-1075,-5.061,OC(=O)CCC(=O)c1ccc(cc1)c2ccccc2
D-1076,-1.982,NC1=CC(=NC(=N)N1O)N2CCCCC2
D-1077,-1.345,CN=C(NCCSCc1nc[nH]c1C)NC#N
D-1078,-2.101,COCCOc1c(OC)cc(Cc2cnc(N)nc2N)cc1OC
D-1079,-3.706,CCC(=O)N(c1ccccc1)C2(CCN(CCc3sccc3)CC2)COC
D-1080,-3.365,OC(Cn1cncn1)(c2ccc(F)cc2)c3ccccc3F
D-1081,-6.3,CNc1cccc2C(=O)c3ccccc3C(=O)c12
D-1082,-5.859,Nc1ccc(N)c2C(=O)c3ccccc3C(=O)c12
D-1083,-2.009,[Cl-].CN(C)c1ccc(cc1)[C+](c2ccc(cc2)N(C)C)c3ccc(cc3)N(C)C
D-1084,-5.746,COc1cc(N)c2C(=O)c3ccccc3C(=O)c2c1N
D-1085,-6.293,CCN(CCO)c1ccc(cc1)N=Nc2ccc(cc2)[N+]([O-])=O
D-1086,-6.57,Cc1cc(ccc1N=Nc2ccc(cc2Cl)[N+]([O-])=O)N(CCO)CCO
D-1087,-6.269,[O-][N+](=O)c1cc(ccc1Nc2ccccc2)[S](=O)(=O)Nc3ccccc3
D-1088,-6.13,OCCN(CCC#N)c1ccc(cc1)N=Nc2ccc(cc2Cl)[N+]([O-])=O
D-1089,-6.209,O=C1C(c2ccc3ccccc3n2)C(=O)c4ccccc14
D-1090,-8.9,COc1cc(N=Nc2c(Br)cc(cc2[N+]([O-])=O)[N+]([O-])=O)c(NC(C)=O)cc1N(CCC#N)CC=C
D-1091,-6.69,CCN1C(=O)C(=N/Nc2ccc(Cl)cc2[N+]([O-])=O)/C(=C(C#N)C1=O)C
D-1092,-3.644,C[C@@H]1C[C@H]2[C@@H]3CCC4=CC(=O)C=C[C@]4(C)[C@@]3(F)[C@@H](O)C[C@]2(C)[C@@]1(O)C(=O)CO
D-1093,-4.458,CC(=O)OCC(=O)[C@@]1(O)CC[C@H]2[C@@H]3CCC4=CC(=O)CC[C@]4(C)[C@H]3[C@@H](O)C[C@]12C
D-1094,-4.304,CC(=O)OCC(=O)[C@@]1(O)CC[C@H]2[C@@H]3CCC4=CC(=O)CC[C@]4(C)[C@H]3C(=O)C[C@]12C
D-1095,-3.241,C[C@]12C[C@H](O)[C@H]3[C@@H](CCC4=CC(=O)CC[C@]34C)[C@@H]1CC[C@@H]2C(=O)CO
D-1096,-3.054,C[C@]12CCC(=O)C=C1CC[C@H]3[C@@H]4CC[C@](O)(C(=O)CO)[C@@]4(C)C[C@H](O)[C@H]23
D-1097,-3.209,C[C@]12C[C@H](O)[C@H]3[C@@H](CCC4=CC(=O)C=C[C@]34C)[C@@H]1CC[C@]2(O)C(=O)CO
D-1098,-4.277,CC(=O)S[C@@H]1CC2=CC(=O)CC[C@]2(C)[C@H]3CC[C@@]4(C)[C@@H](CC[C@@]45CCC(=O)O5)[C@H]13
D-1099,-4.369,CC(=O)OCC(=O)[C@@]1(O)CC[C@H]2[C@@H]3CCC4=CC(=O)C=C[C@]4(C)[C@H]3[C@@H](O)C[C@]12C
D-1100,-3.11,C[C@]12CCC(=O)C=C1CC[C@H]3[C@@H]4CC[C@](O)(C(=O)CO)[C@@]4(C)CC(=O)[C@H]23
D-1101,-3.955,C[C@]12CC[C@H]3[C@@H](CCc4cc(O)ccc34)[C@@H]1CCC2=O
D-1102,-4.63,CC(=O)OCC(=O)[C@H]1CC[C@H]2[C@@H]3CCC4=CC(=O)CC[C@]4(C)[C@H]3CC[C@]12C
D-1103,-4.553,CC(=O)[C@H]1CC[C@H]2[C@@H]3CCC4=CC(=O)CC[C@]4(C)[C@H]3CC[C@]12C
D-1104,-3.95,C[C@]1(O)CC[C@H]2[C@@H]3CCC4=CC(=O)CC[C@]4(C)[C@H]3CC[C@]12C
D-1105,-4.091,C[C@]12CC[C@H]3[C@@H](CCC4=CC(=O)CC[C@]34C)[C@@H]1CC[C@@H]2O
D-1106,-3.695,C[C@]12CC[C@H]3[C@@H](CCC4=CC(=O)CC[C@]34C)[C@@H]1CCC2=O
D-1107,-3.745,C[C@]12CC[C@H]3[C@@H](CCC4=CC(=O)CC[C@]34C)[C@@H]1CC[C@@H]2C(=O)CO
D-1108,-4.13,CC(=O)OCC(=O)[C@@]1(O)[C@@H](C[C@H]2[C@@H]3CCC4=CC(=O)C=C[C@]4(C)[C@@]3(F)[C@@H](O)C[C@]12C)OC(C)=O
D-1109,-4.708,CC(=O)[C@@]1(O)CC[C@H]2[C@@H]3CCC4=CC(=O)CC[C@]4(C)[C@H]3CC[C@]12C
D-1110,-4.316,CC1(C)O[C@@H]2C[C@H]3[C@@H]4CCC5=CC(=O)C=C[C@]5(C)[C@@]4(F)[C@@H](O)C[C@]3(C)[C@@]2(O1)C(=O)CO
D-1111,-3.693,C[C@]12C[C@H](O)[C@@]3(F)[C@@H](CCC4=CC(=O)C=C[C@]34C)[C@@H]1C[C@@H](O)[C@]2(O)C(=O)CO
D-1112,-3.434,C[C@]12C[C@H](O)[C@@]3(F)[C@@H](CCC4=CC(=O)CC[C@]34C)[C@@H]1CC[C@]2(O)C(=O)CO
D-1113,-3.771,C[C@H]1C[C@H]2[C@@H]3CCC4=CC(=O)C=C[C@]4(C)[C@@]3(F)[C@@H](O)C[C@]2(C)[C@@]1(O)C(=O)CO
D-1114,-4.099,C[C@H]1C[C@H]2[C@@H]3CC[C@](O)(C(C)=O)[C@@]3(C)C[C@H](O)[C@]2(F)[C@@]4(C)C=CC(=O)C=C14
D-1115,-4.9,C[C@@H]1C[C@H]2[C@@H]3CCC4=CC(=O)C=C[C@]4(C)[C@@]3(F)[C@@H](O)C[C@]2(C)[C@@]1(O)C(=O)COC(C)=O
D-1116,-4.71,CCCCC(=O)O[C@@]1([C@@H](C)C[C@H]2[C@@H]3CCC4=CC(=O)C=C[C@]4(C)[C@@]3(F)[C@@H](O)C[C@]12C)C(=O)CO
D-1117,0.44,OC1CNC(C1)C(O)=O
D-1118,-0.412,NC1(CCCC1)C(O)=O
D-1119,1.101,NCCCC(O)=O
D-1120,-0.318,NC(CC(O)=O)C(O)=O
D-1121,0.585,NCCCCCC(O)=O
D-1122,-0.421,CSCCC(N)C(O)=O
D-1123,-0.788,NC(Cc1ccccc1)C(O)=O
D-1124,-0.302,CC(C)C(N)C(O)=O
D-1125,0.311,CCC(N)C(O)=O
D-1126,-0.069,CCCC(N)C(O)=O
D-1127,-2.421,Cc1c[nH]c2ccccc12
D-1128,-3.357,c1ccc2c(c1)ccc3ncccc23
D-1129,-1.325,c1ccc2ncccc2c1
D-1130,-2.494,Nc1nc(N)nc(n1)c2ccccc2
D-1131,-5.098,N1c2ccccc2Sc3ccccc13
D-1132,-0.779,[nH]1nc2ccccc2n1
D-1133,-3.014,s1ccc2ccccc12
D-1134,-1.497,s1cnc2ccccc12
D-1135,1.008,OCc1occc1
D-1136,-0.173,[nH]1cccc1
D-1137,-0.833,o1cccc1
D-1138,-1.446,s1cccc1
D-1139,-1.456,c1ccc2cnccc2c1
D-1140,-5.4,c1ccc2nc(ccc2c1)c3ccc4ccccc4n3
D-1141,-1.517,[nH]1ccc2ccccc12
D-1142,-2.417,Oc1cccc2cccnc12
D-1143,-3.182,S=C1Nc2ccccc2S1
D-1144,-0.415,c1ccc2cnncc2c1
D-1145,-2.155,[nH]1ncc2ccccc12
D-1146,-1.155,o1cnc2ccccc12
D-1147,1.096,c1ccnnc1
D-1148,-3.035,C1Cc2ccccc2C1
D-1149,-1.437,Cc1occc1
D-1150,-2.542,[O-]c1cccc2[nH+]cccc12
D-1151,-2.162,Oc1ccc2ncccc2c1
D-1152,-1.155,COCc1oc(cc1)[N+]([O-])=O
D-1153,-1.96,Cc1[nH]c2ccccc2n1
D-1154,-3.161,CSc1sc2ccccc2n1
D-1155,-2.39,Cc1cscc1
D-1156,1.013,NCc1occc1
D-1157,-3.364,CN(C)c1nc(nc(n1)N(C)C)N(C)C
D-1158,-2.585,CCc1sccc1
D-1159,-0.067,CC1=CC(=O)NO1
D-1160,-3.117,COC(=O)C(C)N(C(=O)c1occc1)c2c(C)cccc2C
D-1161,0.271,NC(N)=S
D-1162,-2.528,NC(=S)Nc1cccc2ccccc12
D-1163,-0.708,S=C1NCCN1
D-1164,-1.79,NC(=S)Nc1ccccc1
D-1165,1.036,OCC(O)CO
D-1166,0.788,OC[C@H]1O[C@H](O[C@]2(CO)O[C@H](CO)[C@@H](O)[C@@H]2O)[C@H](O)[C@@H](O)[C@@H]1O
D-1167,1.119,CC(O)CO
D-1168,-1.189,Cc1ccccc1OCC(O)CO
D-1169,0.872,CCC(CO)(CO)CO
D-1170,0.872,CC(O)COC(C)CO
D-1171,1.207,OCCO
D-1172,0.815,CC(O)CNCC(C)O
D-1173,0.978,OCCNCCO
D-1174,-0.275,OCC(CO)(CO)CO
D-1175,0.564,OC1COC(O)C(O)C1O
D-1176,1.045,C[C@@H](O)[C@H](C)O
D-1177,-0.838,OCC(CO)(CBr)CBr
D-1178,0.336,CC(N)=S
D-1179,-1.343,CCO[S](=O)(=O)OCC
D-1180,1.107,C[S](C)=O
D-1181,1.036,OC(=O)CS
D-1182,-1.81,S=C=S
D-1183,-0.654,CO[S](=O)(=O)OC
D-1184,-2.815,Nc1ccc(cc1)[S](=O)(=O)c2ccc(N)cc2
D-1185,-2.12,Sc1ccccc1
D-1186,-2.179,CCCCS
D-1187,-1.46,CCSCC
D-1188,-0.515,C[S](F)(=O)=O
D-1189,0.439,CCO[P](=O)(OCC)OCC
D-1190,-5.235,O=[P](Oc1ccccc1)(Oc2ccccc2)Oc3ccccc3
D-1191,-2.978,CCCCO[P](=O)(OCCCC)OCCCC
D-1192,0.553,CO[P](=O)(OC)OC
D-1193,0.747,CN(C)[P](=O)(N(C)C)N(C)C
D-1194,0.906,CO[P](C)(=O)OC
D-1195,-0.052,CC(C)O[P](C)(=O)OC(C)C
D-1196,-2.987,Oc1cccc2c(O)cccc12
D-1197,-4.276,[O-][N+](=O)c1cccc2ccccc12
D-1198,-3.741,Cc1cccc2ccccc12
D-1199,-3.971,Clc1cccc2ccccc12
D-1200,-2.221,Oc1cccc2ccccc12
D-1201,-3.563,N(c1ccccc1)c2cccc3ccccc23
D-1202,-3.616,c1ccc2ccccc2c1
D-1203,-3.762,Cc1ccc2ccccc2c1
D-1204,-4.143,Clc1ccc2ccccc2c1
D-1205,-2.738,Oc1cc2ccccc2cc1O
D-1206,-1.949,Oc1cc(O)c2ccccc2c1
D-1207,-1.925,Nc1cccc2ccccc12
D-1208,-2.281,Oc1ccc2ccccc2c1
D-1209,-2.27,Nc1cccc2cccc(N)c12
D-1210,-4.602,S=C=Nc1cccc2ccccc12
D-1211,-4.137,Cc1ccc(C)c2ccccc12
D-1212,-4.756,Cc1cccc2c(C)cccc12
D-1213,-4.291,Cc1cc(C)c2ccccc2c1
D-1214,-4.895,Cc1cc2ccccc2cc1C
D-1215,-4.893,Cc1ccc2cc(C)ccc2c1
D-1216,-2.205,Oc1ccc2cc(O)ccc2c1
D-1217,-4.273,[O-][N+](=O)c1ccc2ccccc2c1
D-1218,-5.001,Cc1ccc2cc(C)c(C)cc2c1
D-1219,-4.29,CCc1ccc2ccccc2c1
D-1220,-4.164,CCc1cccc2ccccc12
D-1221,-5.716,Clc1cccc2c(Cl)cccc12
D-1222,-5.803,Clc1ccc(Cl)c2ccccc12
D-1223,-5.796,Clc1cccc2cccc(Cl)c12
D-1224,-6.357,Clc1cc2ccccc2cc1Cl
D-1225,-4.909,Cc1ccc(C)c2c(C)cccc12
D-1226,-5.922,Clc1ccc2ccc(Cl)cc2c1
D-1227,-9.703,Clc1c(Cl)c(Cl)c2c(Cl)c(Cl)c(Cl)c(Cl)c2c1Cl
D-1228,-2.619,Nc1cccc2c(N)cccc12
D-1229,-1.744,OCc1cccc2ccccc12
D-1230,-7.795,Clc1c(Cl)c(Cl)c2ccccc2c1Cl
D-1231,-7.857,Clc1cccc2c(Cl)c(Cl)c(Cl)cc12
D-1232,-7.823,Clc1cc(Cl)c2cc(Cl)cc(Cl)c2c1
D-1233,-6.556,Clc1ccc2cc(Cl)cc(Cl)c2c1
D-1234,-7.516,Clc1ccc(Cl)c2cc(Cl)c(Cl)cc12
D-1235,-3.368,C[C@H](CCC(O)=O)[C@H]1CC[C@H]2[C@@H]3[C@H](O)C[C@@H]4C[C@H](O)CC[C@]4(C)[C@H]3C[C@H](O)[C@]12C
D-1236,-3.954,C[C@H](CCC(O)=O)[C@H]1CC[C@H]2[C@@H]3CC[C@@H]4C[C@H](O)CC[C@]4(C)[C@H]3C[C@H](O)[C@]12C
D-1237,-4.293,C[C@H](CCC(O)=O)[C@H]1CC[C@H]2[C@@H]3[C@@H](O)C[C@@H]4C[C@H](O)CC[C@]4(C)[C@H]3CC[C@]12C
D-1238,-3.64,C[C@H](CCC(O)=O)[C@H]1CC[C@H]2[C@@H]3[C@H](O)C[C@@H]4C[C@H](O)CC[C@]4(C)[C@H]3CC[C@]12C
D-1239,-4.346,C[C@H](CCC(O)=O)[C@H]1CC[C@H]2[C@@H]3[C@H](O)[C@H](O)[C@@H]4C[C@H](O)CC[C@]4(C)[C@H]3CC[C@]12C
D-1240,-4.734,o1c2ccccc2c3ccccc13
D-1241,-5.311,O1c2ccccc2Oc3ccccc13
D-1242,-9.207,Clc1cc2Oc3cc(Cl)c(Cl)cc3Oc2cc1Cl
D-1243,-12.06,Clc1c(Cl)c(Cl)c2Oc3c(Cl)c(Cl)c(Cl)c(Cl)c3Oc2c1Cl
D-1244,-8.708,Clc1c(Cl)c(Cl)c2Oc3ccccc3Oc2c1Cl
D-1245,-9.003,Clc1cc(Cl)c2Oc3cc(Cl)cc(Cl)c3Oc2c1
D-1246,-7.829,Clc1ccc2Oc3cc(Cl)ccc3Oc2c1
D-1247,-10.949,Clc1cc2Oc3c(Cl)c(Cl)c(Cl)c(Cl)c3Oc2cc1Cl
D-1248,-5.72,Clc1cccc2Oc3ccccc3Oc12
D-1249,-5.836,Clc1ccc2Oc3ccccc3Oc2c1
D-1250,-7.534,Clc1cc(Cl)c2Oc3ccccc3Oc2c1Cl
D-1251,-9.473,Clc1ccc2Oc3c(Cl)c(Cl)c(Cl)c(Cl)c3Oc2c1
D-1252,-8.646,Clc1cc2oc3cc(Cl)c(Cl)cc3c2cc1Cl
D-1253,-8.874,Clc1ccc2Oc3c(Cl)c(Cl)c(Cl)cc3Oc2c1
D-1254,-2.324,Cc1ccccc1[N+]([O-])=O
D-1255,-1.957,COc1ccccc1[N+]([O-])=O
D-1256,-1.77,[O-][N+](=O)c1ccccc1
D-1257,-2.438,Cc1cccc(c1)[N+]([O-])=O
D-1258,-2.885,[O-][N+](=O)c1cc(cc(c1)[N+]([O-])=O)[N+]([O-])=O
D-1259,-2.499,[O-][N+](=O)c1cccc(c1)[N+]([O-])=O
D-1260,-2.492,Cc1ccc(cc1)[N+]([O-])=O
D-1261,-2.414,COc1ccc(cc1)[N+]([O-])=O
D-1262,-3.387,[O-][N+](=O)c1ccc(cc1)[N+]([O-])=O
D-1263,-3.242,Cc1c(cc(cc1[N+]([O-])=O)[N+]([O-])=O)[N+]([O-])=O
D-1264,-2.829,Cc1ccc(cc1[N+]([O-])=O)[N+]([O-])=O
D-1265,-3.102,[O-][N+](=O)c1ccccc1[N+]([O-])=O
D-1266,-2.486,COc1cccc(c1)[N+]([O-])=O
D-1267,-3.0,Cc1c(cccc1[N+]([O-])=O)[N+]([O-])=O
D-1268,-3.26,Cc1ccc(c(c1)[N+]([O-])=O)[N+]([O-])=O
D-1269,0.731,CCOC(N)=O
D-1270,1.581,CC(N)=O
D-1271,1.136,CN(C)C=O
D-1272,1.346,NC=O
D-1273,0.954,NC(=O)C=C
D-1274,-0.017,NC(=O)CCl
D-1275,1.136,CNC(C)=O
D-1276,-1.033,CC(=O)Nc1ccc(O)cc1
D-1277,0.834,O=C1CCCCCN1
D-1278,1.06,CN(C)C(C)=O
D-1279,0.272,CCCC(N)=O
D-1280,1.113,NC(=O)CF
D-1281,0.958,NC(N)=O
D-1282,1.119,NC(=O)NO
D-1283,-1.728,ClCCNC(=O)N(CCCl)N=O
D-1284,-0.946,NC(=O)NCc1ccccc1
D-1285,1.13,CNC(N)=O
D-1286,0.935,CN(C)C(=O)N(C)C
D-1287,-0.855,CN(N=O)C(N)=O
D-1288,-0.955,CCN(N=O)C(N)=O
D-1289,0.26,C[N+]([O-])=O
D-1290,-0.203,CC[N+]([O-])=O
D-1291,-0.774,CCC[N+]([O-])=O
D-1292,-3.571,[O-][N+](=O)N1CN(CN(C1)[N+]([O-])=O)[N+]([O-])=O
D-1293,-0.366,OC(CO[N+]([O-])=O)CO[N+]([O-])=O
D-1294,-1.351,CCCC[N+]([O-])=O
D-1295,-1.955,CCCCC[N+]([O-])=O
D-1296,-1.35,[O-][N+](=O)OCCO[N+]([O-])=O
D-1297,-1.734,Cc1ccc(cc1)[S](N)(=O)=O
D-1298,-2.024,Cc1ccccc1[S](N)(=O)=O
D-1299,-1.563,N[S](=O)(=O)c1ccccc1
D-1300,-1.341,Cc1cccc(c1)[S](N)(=O)=O
D-1301,-1.032,N[S](=O)(=O)c1ccc(CCCO)cc1
D-1302,-1.193,N[S](=O)(=O)c1ccc(CCCCO)cc1
D-1303,-1.971,N[S](=O)(=O)c1ccc(CCCCCO)cc1
D-1304,-1.569,O=C(COC(=O)c1ccccc1)N2CCCC2
D-1305,-4.108,CC(=O)Oc1ccccc1C(=O)Oc2ccccc2
D-1306,-4.195,CC(=O)Nc1ccc(OC(=O)c2ccccc2OC(C)=O)cc1
D-1307,-1.641,NC(=O)COC(=O)c1ccccc1
D-1308,-2.237,CCNC(=O)COC(=O)c1ccccc1
D-1309,-2.4,CC(=O)NC(=O)COC(=O)c1ccccc1
D-1310,-2.64,CSCOC(=O)c1ccccc1OC(C)=O
D-1311,-1.782,CC(=O)Oc1ccccc1C(=O)OC[S](C)=O
D-1312,-3.394,CC(=O)Oc1ccccc1C(=O)OC[S](C)(=O)=O
D-1313,-1.718,CNC(=O)COC(=O)c1ccccc1
D-1314,-2.539,CCCNC(=O)COC(=O)c1ccccc1
D-1315,-1.372,CN(C)C(=O)COC(=O)c1ccccc1
D-1316,-2.501,O=C(COC(=O)c1ccccc1)N2CCCCC2
D-1317,-1.773,O=C(COC(=O)c1ccccc1)N2CCOCC2
D-1318,-1.609,O=C(COC(=O)c1ccccc1)N2CCC2
D-1319,-1.349,OC1CCN(CC1)C(=O)COC(=O)c2ccccc2
D-1320,-1.592,OC(=O)[C@@H]1CCCN1C(=O)COC(=O)c2ccccc2
D-1321,-1.229,CN(C)C(=O)CCCOC(=O)c1ccccc1
D-1322,-2.759,CCCCNC(=O)COC(=O)c1ccccc1
D-1323,-3.902,CCCCCCNC(=O)COC(=O)c1ccccc1
D-1324,-0.798,CCOC(=O)OCC
D-1325,-1.063,CC1=C(O)C(=O)C=CO1
D-1326,-0.923,CCC(O)(COC(N)=O)c1ccccc1
D-1327,-1.467,OC(=O)c1c(Cl)ccc(Cl)c1Cl
D-1328,-4.702,Oc1ccc(Cl)cc1C(=O)Nc2ccc(cc2Cl)[N+]([O-])=O
D-1329,0.277,OCC(O)C1OC(=C(O)C1=O)O
D-1330,-2.603,OC(=O)c1ccc(Cl)cc1Cl
D-1331,-0.504,CN1[C@@H]2CC(C[C@H]1C3OC23)OC(=O)[C@H](CO)c4ccccc4
D-1332,-1.12,NCCc1ccc(O)cc1
D-1333,0.097,OCC(Br)(CO)[N+]([O-])=O
D-1334,-6.505,ClC(Cl)C(c1ccc(Cl)cc1)c2ccccc2Cl
D-1335,-4.402,C[C@]12CC[C@@H](O)C[C@@H]1CC[C@@H]3[C@@H]2CC[C@@]4(C)[C@H]3CCC4=O
D-1336,-4.122,C[C@]12CC[C@H]3[C@@H](CC=C4C[C@@H](O)CC[C@]34C)[C@@H]1CCC2=O
D-1337,-4.625,CC(=O)Nc1ccc2c(Cc3ccccc23)c1
D-1338,-3.816,C[C@@]12[C@H]3CC[C@H](O3)[C@]1(C)C(=O)OC2=O
D-1339,-1.343,NC(Cc1c[nH]c2ccc(O)cc12)C(O)=O
D-1340,-5.384,CCO[P](=S)(OCC)Oc1ccc2C(=C(Cl)C(=O)Oc2c1)C
D-1341,-0.489,OCC(O)C=O
D-1342,-1.695,C=CCN=C=S
D-1343,1.221,CN(C)N
D-1344,0.711,O=C1CCO1
D-1345,-4.419,C[C@]12CC[C@H]3[C@@H](CCc4cc(O)ccc34)[C@@H]1CC[C@@]2(O)C#C
D-1346,-5.367,CCC(=O)O[C@H]1CC[C@H]2[C@@H]3CCC4=CC(=O)CC[C@]4(C)[C@H]3CC[C@]12C
D-1347,-4.397,CN1CCN(CCCN2c3ccccc3Sc4ccc(Cl)cc24)CC1
D-1348,-3.046,OC(=O)CCCCC1SCC2NC(=O)NC12
D-1349,0.824,OC1COC(O)C(O)C1O
D-1350,0.579,OCC1OC(O)C(O)C(O)C1O
D-1351,-4.603,Nc1ccc(cc1)[S](=O)(=O)Nc2cnc3ccccc3n2
D-1352,-0.155,OCC(S)CS
D-1353,-3.181,Nc1ccc(cc1)N=Nc2ccccc2
D-1354,-2.64,OC[C@H]1O[C@@H](Oc2cc(O)cc(O)c2C(=O)CCc3ccc(O)cc3)[C@H](O)[C@@H](O)[C@@H]1O
D-1355,0.402,CCO[S](C)(=O)=O
D-1356,-2.366,CCC(C)C(C)(COC(N)=O)COC(N)=O
D-1357,-1.933,OC(=O)C1=CC(=O)NC(=O)N1
D-1358,-4.627,C[C@]12CC[C@H]3[C@@H](CCC4=CC(=O)CC[C@H]34)[C@@H]1CC[C@@]2(O)C#C
D-1359,0.522,OC(=O)CC(S)C(O)=O
D-1360,-2.627,CCC(=O)c1ccc(N)cc1
D-1361,-2.779,Oc1ccc2C(=O)c3ccccc3C(=O)c2c1O
D-1362,-3.591,N[S](=O)(=O)c1cc2c(NC(Cc3ccccc3)N[S]2(=O)=O)cc1C(F)(F)F
D-1363,-3.286,CCC1NC(=O)c2cc(c(Cl)cc2N1)[S](N)(=O)=O
D-1364,-0.495,CS
D-1365,-1.36,ClC=C
D-1366,-0.276,FC=C
D-1367,-0.6,CCS
D-1368,-0.994,CSC
D-1369,-1.808,BrC(Br)Br
D-1370,-1.631,CC(C)Br
D-1371,-1.733,ClC(Cl)Br
D-1372,-2.084,CC(C)I
D-1373,-0.722,CC(=O)C(C)(C)C
D-1374,-0.673,CC(C)(C)C(O)=O
D-1375,0.545,CC(Cl)(Cl)C(O)=O
D-1376,-0.757,CC(O)C(Cl)(Cl)Cl
D-1377,-3.189,FC(Cl)(Cl)C(F)(Cl)Cl
D-1378,-3.411,FC(F)(F)C(F)(F)Cl
D-1379,-4.518,FC(F)(F)C(F)(F)C(F)(F)F
D-1380,-1.685,CCC(C)([S](=O)(=O)CC)[S](=O)(=O)CC
D-1381,-1.987,CC1(C)C2CCC1(C)C(=O)C2
D-1382,-2.901,Oc1ccc(cc1)C2(OC(=O)c3ccccc23)c4ccc(O)cc4
D-1383,-3.451,N[S](=O)(=O)c1cc(ccc1Cl)C2(O)NC(=O)c3ccccc23
D-1384,-0.38,CCC(C)(O)CC
D-1385,0.115,CCC(C)(O)C#C
D-1386,-0.603,CCOC(=O)CC(O)(CC(=O)OCC)C(=O)OCC
D-1387,0.179,OC1CC(O)(CC(O)C1O)C(O)=O
D-1388,-1.56,CCC(C)(CC)OC(N)=O
D-1389,-2.938,CCCC(C)(COC(N)=O)COC(=O)NC(C)C
D-1390,-1.987,CC(C)=CCCC(C)(O)C=C
D-1391,-2.141,CC(Br)CBr
D-1392,-2.432,CC(C)CBr
D-1393,-3.163,CCC(C)C
D-1394,-2.034,CC(=C)C=C
D-1395,0.091,CC(C)C=O
D-1396,-0.039,CC(=C)C=O
D-1397,-1.966,CCC(C)Cl
D-1398,-1.606,CC(Cl)CCl
D-1399,-1.713,ClCC(Cl)=C
D-1400,-2.732,BrC(Br)C(Br)Br
D-1401,-0.615,CC(C)[N+]([O-])=O
D-1402,-1.245,CC1(C)OC(=O)C[C@@H]1C([O-])=O
D-1403,-2.597,Nc1ccc(cc1)[S](=O)(=O)c2ccc(NCCO)cc2
D-1404,-2.99,CCC(C)(C)c1ccc(O)cc1
D-1405,-1.634,CC(C)(O)C1CCC(C)(O)CC1
D-1406,-3.82,CC(=O)C1CC[C@H]2[C@@H]3CCC4=CC(=O)CC[C@]4(C)[C@H]3[C@H](O)C[C@]12C
D-1407,-2.039,CN1C(c2ccc(Cl)cc2)[S](=O)(=O)CCC1=O
D-1408,-3.263,Oc1ccc(cc1)C(c2ccc(O)cc2)c3ccccc3C(O)=O
D-1409,-1.662,Oc1c(cc(c(O)c1[N+]([O-])=O)[N+]([O-])=O)[N+]([O-])=O
D-1410,-2.426,CN1CCN(CC1)C(c2ccccc2)c3ccccc3
D-1411,-4.107,CC(C)(C)C(=O)C1C(=O)c2ccccc2C1=O
D-1412,-3.494,C[C@H]1C[C@H]2[C@@H]3CC[C@](O)(C(=O)CO)[C@@]3(C)C[C@H](O)[C@@H]2[C@@]4(C)C=CC(=O)C=C14
D-1413,-5.269,c1ccc(cc1)c2ccccc2c3ccccc3
D-1414,-4.353,CCC(C(CC)c1ccc(O)cc1)c2ccc(O)cc2
D-1415,-4.948,C/C=C(c1ccc(O)cc1)/C(=C/C)c2ccc(O)cc2
D-1416,-5.031,COc1ccc2nccc(C(=O)C3CC4CCN3CC4C=C)c2c1
D-1417,-3.81,COc1c2C=CC(=O)Oc2cc3OC(C)(C)C=Cc13
D-1418,-2.149,OC(=O)c1cccc(c1O)[N+]([O-])=O
D-1419,-2.407,Cc1cccc(NC(=O)c2ccccc2C(O)=O)c1
D-1420,-5.916,Nc1ccc2ccccc2c1N=Nc3ccccc3
D-1421,-1.44,CN1C2CCC1CC(C2)OC(=O)C(O)c3ccccc3
D-1422,-3.157,CC(C)CCOC(=O)c1ccccc1O
D-1423,-2.312,CC(=O)N[C@@H](Cc1c[nH]c2ccccc12)C([O-])=O
D-1424,-1.49,Clc1ncnc2nc[nH]c12
D-1425,0.604,Oc1cccc(O)c1O
D-1426,0.589,OC(C(O)C(O)=O)C(O)=O
D-1427,0.301,OCC(O)C(O)C(O)C(=O)CO
D-1428,-0.1,OC1C(O)C(O)C(O)C(O)C1O
D-1429,0.625,OCC(O)C(O)C(O)CO
D-1430,-2.797,Cc1cc(O)cc(C)c1Cl
D-1431,-2.669,[O-][N+](=O)c1cc(c(Cl)c(c1)[N+]([O-])=O)[N+]([O-])=O
D-1432,-1.182,OC(=O)c1cccnc1C(O)=O
D-1433,-1.259,OC(=O)c1cc(C(O)=O)c(cc1C(O)=O)C(O)=O
D-1434,-2.535,CC(C)[C@@H]1CC[C@@H](C)C[C@H]1O
D-1435,-4.347,Brc1cccc2ccccc12
D-1436,-1.887,C1CCN2C[C@@H]3C[C@@H](CN4CCCC[C@H]34)[C@@H]2C1
D-1437,-5.192,C1CCC2CCCCC2C1
D-1438,-5.183,c1ccc(cc1)c2cccc(c2)c3ccccc3
D-1439,-0.598,COc1ccccc1OCC(O)CO
D-1440,-1.944,Cc1ccc2ccc(C)nc2c1
D-1441,-0.945,ClCC(=O)N(CC=C)CC=C
D-1442,-2.944,CC(C)COC(=O)c1ccc(N)cc1
D-1443,-2.715,CCOc1ccc(cc1)C(=O)OCCN(CC)CC
D-1444,-2.755,CCCCOC(=O)c1ccc(N)cc1
D-1445,-3.853,O=C(/C=C/C=C/c1ccc2OCOc2c1)N3CCCCC3
D-1446,-3.678,Cc1cc(Cl)ccc1OCCCC(O)=O
D-1447,-1.387,CCCC(O)C(CC)CO
D-1448,-3.35,CCN(CC)C(=S)SCC(Cl)=C
D-1449,-3.792,Cc1ccc(Cl)c(Cl)c1
D-1450,-2.374,ClCC(Br)CBr
D-1451,-0.115,OC(CCl)CCl
D-1452,0.31,CC1CCCO1
D-1453,0.299,COC1OC(CO)C(O)C(O)C1O
D-1454,-4.508,Cc1ccccc1N=Nc2ccc(N)c(C)c2
D-1455,-0.229,OC(=O)CC(=C)C(O)=O
D-1456,-2.403,CC(C)COC(=O)C(C)C
D-1457,-1.407,CCC(CC)CO
D-1458,-3.567,ClC(Cl)(Cl)c1ccccc1
D-1459,-1.92,CC(C)(C)c1ccc(O)c(O)c1
D-1460,-1.889,CC1=CC[C@@H](CC1)C(C)(C)O
D-1461,0.567,OC(=O)C1CCC(=O)N1
D-1462,-0.46,CC(N)c1ccccc1
D-1463,-2.809,ClC(Cl)c1ccccc1
D-1464,0.275,OC(=O)CC(CC(O)=O)C(O)=O
D-1465,-4.471,Nc1c(Cl)cc(cc1Cl)[N+]([O-])=O
D-1466,-2.063,CC(=C)C1CC=C(C)C(=O)C1
D-1467,-2.194,CCC(C)c1ccc(O)cc1
D-1468,-2.13,OC(=O)c1ccc(nc1)C(O)=O
D-1469,-3.335,C=CC1CCC=CC1
D-1470,-3.123,Cc1cccc(C=C)c1
D-1471,-4.37,ClCC#CCOC(=O)Nc1cccc(Cl)c1
D-1472,-3.116,CCCCN(CCCC)CCCC
D-1473,-3.695,C(OCc1ccccc1)c2ccccc2
D-1474,-2.52,CC(C)CC(=O)CC(C)C
D-1475,-2.699,CCOCCOC(=O)/C=C/c1ccc(OC)cc1
D-1476,-1.307,OCC(O)COc1ccc(Cl)cc1
D-1477,-3.126,COc1ccc(\C=C\C)cc1
D-1478,-2.27,CCCCC(CC)CO
D-1479,-1.724,Cc1ccc(C=O)cc1
D-1480,-1.964,OC(=O)/C=C/c1[nH]cnc1
D-1481,-1.231,CCCC(C)CO
D-1482,0.634,COC(=O)CC(C)=O
D-1483,-1.273,CCC(C)OC(C)=O
D-1484,-1.275,CCCC(=O)OCC
D-1485,-0.753,CCOC(=O)CC#N
D-1486,-1.905,CCCOC(=O)CCC
D-1487,-2.737,CCCCCCC(=O)OCC
D-1488,-3.391,CCCCCCCC(=O)OCC
D-1489,-0.902,CCCCC(=O)CC
D-1490,-1.34,CCCOC(=O)CC
D-1491,-1.991,CCCCCC(=O)OC
D-1492,-0.086,CCC1CO1
D-1493,0.092,C=CCOCC1CO1
D-1494,-1.275,CCC#C
D-1495,-1.318,ClCCBr
D-1496,-1.884,ClCC=C
D-1497,-2.201,CC(C)I
D-1498,0.704,COC=O
D-1499,-0.191,NCC[S](O)(=O)=O
D-1500,-1.284,NC(=O)OCC(Cl)(Cl)Cl
D-1501,-2.887,CC(C)CCBr
D-1502,-3.74,CCCC(C)C
D-1503,0.189,NC(=O)CC#N
D-1504,-4.261,CC(C)CC(C)C
D-1505,-0.795,CC(C)CC(C)O
D-1506,0.036,CC(C)NC(C)C
D-1507,-0.519,CC(C)OC(C)=O
D-1508,0.07,CC(=O)OC(C)=O
D-1509,-0.983,C=C1OC(=O)C=C1
D-1510,0.234,CC1COC(=O)O1
D-1511,0.514,Cc1ccnc(C)c1
D-1512,-1.652,CCOC(=O)CC(C)C
D-1513,-2.159,CC(C)CC(O)CC(C)C
D-1514,-1.731,CC(C)CC(=O)CC(C)C
D-1515,-2.045,CC(C)CC(C)OC(C)=O
D-1516,-3.788,CC1CCCCC1
D-1517,0.638,CC1CNCCN1
D-1518,-2.46,CCCCOC(=O)CCC
D-1519,-0.294,NC(=S)NCC=C
D-1520,-2.075,BrCCCBr
D-1521,-2.676,CCCC=C
D-1522,-2.538,CC\C=C/C
D-1523,-1.261,C=COC=C
D-1524,-3.165,CC(C)(C)OOC(C)(C)C
D-1525,0.58,OC(=O)\C=C\C(O)=O
D-1526,-1.266,CC(C)COC(C)=O
D-1527,-4.1,CCCCCCCCCC(=O)OCC
D-1528,-3.51,CCOC(=O)CCCCCCCCC(=O)OCC
D-1529,-1.547,CC(C)CCOC=O
D-1530,-0.867,CCCCC=O
D-1531,-3.39,CCCCCCCC(=O)OC
D-1532,-1.664,CCCCCCC(O)=O
D-1533,0.272,CCOCCOC(C)=O
D-1534,-0.68,OC(=O)CCSCCC(O)=O
D-1535,-2.306,OC(=O)CCCCCCCCC(O)=O
D-1536,-1.524,CCCCOC=C
D-1537,0.086,CC(=O)OCCOC(C)=O
D-1538,-1.961,CCCCCCC=O
D-1539,-5.766,CCCCCCCCC
D-1540,0.835,NCCNCCNCCN
D-1541,-0.996,ClCCOCCOCCCl
D-1542,0.723,NCCNCCNCCNCCN
D-1543,-5.854,CCCCCCCCCCCCCCO
D-1544,-8.391,CCCCCCCCCCCCCCCCCCO
D-1545,-1.927,CC[S](=O)(=O)C(C)(C)[S](=O)(=O)CC
D-1546,-3.638,FC1(F)C(F)(F)C(F)(F)C1(F)F
D-1547,-2.661,COC1=CC=C2[C@H]3Cc4ccc(OC)c5O[C@@H]1[C@]2(CCN3C)c45
D-1548,-2.121,CO[P](=O)(Oc1ccccc1)Oc2ccccc2
D-1549,-1.457,CCNC(=O)CS[P](=S)(OC)OC
D-1550,-4.382,ClC1=C(Cl)C(=O)c2ccccc2C1=O
D-1551,-3.155,Oc1ccccc1C(=O)Oc2ccccc2
D-1552,-3.107,COc1ccc(cc1[N+]([O-])=O)[N+]([O-])=O
D-1553,-2.85,OC(c1ccccc1)C(=O)c2ccccc2
D-1554,-3.452,C1CCc2ccccc2C1
D-1555,-2.878,CNc1ccccc1C(O)=O
D-1556,-0.735,OCCN(CCO)c1ccccc1
D-1557,-3.167,Oc1ccc(Cl)cc1Cc2ccccc2
D-1558,-0.848,CN(C)C(=O)OC1=CC(=O)CC(C)(C)C1
D-1559,-1.796,C1OC1COc2ccccc2
D-1560,-3.172,CCCCC(CC)CCl
D-1561,-1.552,CCCC(=O)CCC
D-1562,-0.847,OC(=O)CCC(=O)OOC(=O)CCC(O)=O
D-1563,-3.8,CCCCCCCCC(=O)OCC
D-1564,0.296,O=C1CCC(=O)N1
D-1565,-2.36,CCCCCC(=O)OCC
D-1566,0.33,C/C=C/C=O
D-1567,-1.814,CC(C)CCOC(C)=O
D-1568,0.935,NCCCCCCN
D-1569,-2.36,CCCCCCCC=O
D-1570,-0.497,CCCCOCCOCCOC(C)=O
D-1571,-3.171,CCCCCCCCC=O
D-1572,-1.919,ClC(Br)Br
D-1573,-1.901,FC(Br)C(F)(F)F
D-1574,-3.537,CC(=O)C1C(=O)C=C2Oc3c(C(C)=O)c(O)c(C)c(O)c3C2(C)C1=O
D-1575,0.821,OCC(CO)(CO)[N+]([O-])=O
D-1576,-1.825,NC(=O)OC1(CCCCC1)C#C
D-1577,-2.111,CCO[P](=O)(OCC)SCCSCC
D-1578,-1.175,CCCC1OC1(CC)C(N)=O
D-1579,-3.139,COc1ccc2[C@H](OC(=O)c2c1OC)[C@@H]3N(C)CCc4cc5OCOc5c(OC)c34
D-1580,-1.098,OC(=O)c1c(cc(cc1[N+]([O-])=O)[N+]([O-])=O)[N+]([O-])=O
D-1581,-2.535,COc1ccc(C(=O)Cc2c(CCN(C)C)cc3OCOc3c2OC)c(C(O)=O)c1OC
D-1582,-4.249,Oc1c(cc(cc1[N+]([O-])=O)[N+]([O-])=O)C2CCCCC2
D-1583,-3.193,OC(=O)c1cc(nc2ccccc12)c3ccccc3
D-1584,-3.163,OC(=O)c1ccccc1C(=O)Nc2cccc3ccccc23
D-1585,0.156,OC(C(O)C(O)=O)C(O)=O
D-1586,-2.98,Cc1cc(O)c(Cl)c(C)c1Cl
D-1587,-3.043,N[S](=O)(=O)c1cc2c(NCN[S]2(=O)=O)cc1C(F)(F)F
D-1588,-4.639,Nc1ccc(cc1)c2ccc(Cl)cc2
D-1589,-3.211,CCOc1ccc(cc1N)[N+]([O-])=O
D-1590,-1.955,Cc1cc(C)c(N)cc1C
D-1591,-0.563,CCCCOC(=O)C(C)O
D-1592,-0.065,OC1CC(=CC(O)C1O)C(O)=O
D-1593,-4.194,CC(=C)C1CCC(=CC1)C
D-1594,-0.441,Oc1ccc(C=O)cc1O
D-1595,-2.858,CCNC(=O)Nc1sc(cn1)[N+]([O-])=O
D-1596,-2.92,COc1ccc(CC=C)cc1
D-1597,-1.68,CCOC(=O)CCCCC(=O)OCC
D-1598,-0.43,OC(=O)CCI
D-1599,-0.531,CC(C)=CC(C)=O
D-1600,0.865,OC(=O)CC(O)=O
D-1601,-2.105,C1CC=CC1
D-1602,-2.451,CCCCCCOC(C)=O
D-1603,-4.652,CC(=O)[C@H]1CC[C@H]2[C@@H]3CC=C4C[C@@H](O)CC[C@]4(C)[C@H]3CC[C@]12C
D-1604,0.824,O[C@@H]([C@H](O)C(O)=O)C(O)=O
D-1605,0.572,OC(C(O)C(O)=O)C(O)=O
D-1606,-2.352,Cc1c(cc(cc1[N+]([O-])=O)[N+]([O-])=O)C(N)=O
D-1607,-0.06,O[S](=O)(=O)OCCOc1ccc(Cl)cc1Cl
D-1608,-2.173,CCOc1ccc(NC(N)=O)cc1
D-1609,-3.113,C[C@@H]1C[C@H]2[C@@H]3C[C@H](F)C4=CC(=O)C=C[C@]4(C)[C@H]3[C@@H](O)C[C@]2(C)[C@H]1C(=O)CO
D-1610,-5.238,C1c2cccc3ccc4cccc1c4c23
D-1611,-8.004,c1ccc2c(c1)ccc3c4cccc5cccc(c45)c23
D-1612,-8.226,c1ccc2c(c1)cc3c4ccccc4c5cccc2c35
D-1613,-8.499,c1ccc2cc3c4cccc5cccc(c3cc2c1)c45
D-1614,-2.776,c1ccc2c(c1)cnc3ccccc23
D-1615,0.603,C1CN2CCN1CC2
D-1616,-3.515,C1CCCCCC1
D-1617,-2.338,CCO[P](=S)(OCC)Oc1cnccn1
D-1618,-3.634,CCO[P](=S)(OCC)OCCSCC
D-1619,-3.657,COc1c2occc2cc3C=CC(=O)Oc13
D-1620,-0.946,CCC(C)(OC(N)=O)C#C
D-1621,-3.347,CNC(=O)Oc1cc(C)c(N(C)C)c(C)c1
D-1622,-2.376,Fc1cc(F)c(F)cc1F
D-1623,-2.416,Fc1ccccc1Cl
D-1624,-3.126,Fc1ccc(I)cc1
D-1625,-2.0,Fc1ccccc1F
D-1626,-3.484,C[C@]12CC(=O)[C@H]3[C@@H](CCC4=CC(=O)CC[C@]34C)[C@@H]1CCC2=O
D-1627,-1.478,FC(F)(F)COC=C
D-1628,-1.598,OC(=O)c1ccccc1C(F)(F)F
D-1629,-5.658,C[C@]12CCC(=O)C=C1CC[C@@H]3[C@@H]2CC[C@@]4(C)[C@H]3CC[C@@]4(O)C#C
D-1630,-6.0,C[C@H](CCC(O)=O)[C@H]1CC[C@H]2[C@@H]3CC[C@@H]4C[C@H](O)CC[C@]4(C)[C@H]3CC[C@]12C
D-1631,-2.321,CC(=O)NCc1c(I)c(NC(C)=O)c(I)c(C(O)=O)c1I
D-1632,-0.849,CCC[C@H]1CCCCN1
D-1633,-2.319,CC1(C)C2CCC1(C)[C@@H](O)C2
D-1634,-3.183,CC1(C)[C@H]2CC[C@@]1(C)C(=O)C2
D-1635,-3.955,CC1OC(O[C@H]2CC[C@]3(C)[C@H]4CC[C@]5(C)[C@H](CC[C@]5(O)[C@@H]4CCC3=C2)C6=COC(=O)C=C6)C(O)C(O)C1O
D-1636,-1.887,CC12CCC(CC1)C(C)(C)O2
D-1637,-2.805,Nc1ccc(cc1)[S](=O)(=O)c2sc(N)nc2
D-1638,-5.279,C[C@]12CC[C@H]3C(=CCc4cc(O)ccc34)[C@@H]1CCC2=O
D-1639,-3.617,COc1cc(cc(OC)c1OC)[C@H]2[C@H]3[C@H](COC3=O)[C@@H](O)c4cc5OCOc5cc24
D-1640,-7.861,C1Cc2c3ccc4ccccc4c3cc5cccc1c25
D-1641,0.012,OC[C@H]1O[C@@H](O[C@@H]2OC=C[C@H]3[C@H](O)C=C(CO)[C@@H]23)[C@H](O)[C@@H](O)[C@@H]1O
D-1642,-3.082,Oc1ccc(c(O)c1)C2=C(O)C(=O)c3c(O)cc(O)cc3O2
D-1643,-2.357,Cc1cc(C)c(c(C)c1)C(O)=O
D-1644,-3.09,C[C@H]1[C@@H]2CC[C@@]3(C)C=CC(=O)C(=C3[C@H]2OC1=O)C
D-1645,-4.158,C[C@]12CC[C@H](O)C[C@@H]1CC[C@@H]3[C@@H]2CC[C@@]4(C)[C@H]3CCC4=O
D-1646,-0.017,CN1C2CCC1[C@H]([C@@H](O)C2)C(O)=O
D-1647,-4.309,COc1ccc2C=CC(=O)Oc2c1CC=C(C)C
D-1648,0.363,O=C1C=CC=C2[C@@H]3CNC[C@H](C3)CN12
D-1649,-3.168,OC(C1CC2CCN1CC2C=C)c3ccnc4ccccc34
D-1650,-2.118,O=C1NC(=O)c2nccnc2N1
D-1651,-1.251,OC1C(O)C(O)C(O)C(O)C1O
D-1652,-0.174,O[C@@H]1C[C@@H](O)[C@H](O)C(O)[C@H]1O
D-1653,-1.854,OC(=O)c1ccncc1C(O)=O
D-1654,-2.057,OC(=O)C(=C)c1ccccc1
D-1655,0.443,OC[C@H]1O[C@H](O)[C@H](O)[C@@H](O)[C@@H]1O
D-1656,-1.933,OC(C(O)c1ccccc1)c2ccccc2
D-1657,-3.683,O=C(NN\C=C/1C=CC=CC1=O)c2ccncc2
D-1658,0.703,CC(CC(O)=O)C(O)=O
D-1659,0.779,C\C(=C\C(O)=O)C(O)=O
D-1660,-0.694,C\C(=C/C(O)=O)C(O)=O
D-1661,0.458,OC(=O)C\C(=C/C(O)=O)C(O)=O
D-1662,-2.08,CC(C)c1ccc(C)c(O)c1
D-1663,-1.827,OC(=O)c1ccnc(c1)C(O)=O
D-1664,-3.296,ClCCC(=O)NCc1ccccc1
D-1665,-2.593,CCCCC(=O)CCCC
D-1666,0.754,O[S](=O)(=O)C[S](O)(=O)=O
D-1667,-0.4,CC(C)CC(O)=O
D-1668,-1.169,OC(=O)CCCCCCC(O)=O
D-1669,-2.212,OC(=O)CCCCCCCCCCCC(O)=O
D-1670,-2.363,ClCCSCCCl
D-1671,-2.852,OC(=O)\C=C/C=C\C(O)=O
D-1672,-2.359,CC(C)(C)Br
D-1673,-1.507,CC(C)(C)Cl
D-1674,-5.511,CC(C)(C)CC(=O)OCC(=O)C1(O)CCC2C3CCC4=CC(=O)CCC4(C)C3C(O)CC12C
D-1675,-4.512,CCOC(=O)C(O)(c1ccc(Cl)cc1)c2ccc(Cl)cc2
D-1676,-7.317,C[C@@H]1CC[C@@]2(OC1)O[C@H]3C[C@H]4[C@@H]5CC=C6C[C@@H](O)CC[C@]6(C)[C@H]5CC[C@]4(C)[C@H]3[C@@H]2C
D-1677,-2.56,CC=C(C)C
D-1678,-2.0,CC(C)CCl
D-1679,-2.4,CC(=C)C(C)=C
D-1680,-3.593,CC12CC[C@H](O)CC1CCC3C4CCC(=O)C4(C)CC(O)C23
D-1681,-2.129,Cc1csc(N[S](=O)(=O)c2ccc(N)cc2)n1
D-1682,-2.238,Cc1cc(N[S](=O)(=O)c2ccc(N)cc2)nc(C)n1
D-1683,0.76,CC(C(O)=O)C(O)=O
D-1684,-5.244,CC12CCc3c(ccc4cc(O)ccc34)C1CCC2=O
D-1685,0.193,CC(=O)C1CCOC1=O
D-1686,-4.503,COc1cc(cc(OC)c1OC)[C@H]2[C@@H]3[C@H](COC3=O)Cc4c(O)c5OCOc5cc24
D-1687,-1.72,Oc1cc(O)c(c(O)c1)C(=O)c2ccc(O)c(O)c2
D-1688,-1.226,CC(=O)C1C(=O)OC(=CC1=O)C
D-1689,-1.784,COC1=C(C#N)C(=O)N(C)C=C1
D-1690,-1.427,Cc1cccc(O)c1C
D-1691,-0.517,OC[C@H](O)[C@@H](O)C(O)[C@H](O)[C@H](O)CO
D-1692,-2.022,CC(=O)c1ccc(O)c(O)c1O
D-1693,-1.0,OC(=O)c1ccc(C(O)=O)c(c1)C(O)=O
D-1694,-1.501,OC(=O)c1ccc(c(c1)[N+]([O-])=O)[N+]([O-])=O
D-1695,-2.747,CC(C)C(CC=C)C(=O)NC(N)=O
D-1696,-4.733,Oc1c2ccccc2cc3ccccc13
D-1697,-1.174,CC(=O)c1ccc(O[C@@H]2O[C@H](CO)[C@@H](O)[C@H](O)[C@H]2O)cc1
D-1698,-4.436,C=C(c1ccccc1)c2ccccc2
D-1699,-3.3,OC(=O)c1ccccc1Nc2cccc(c2)C(F)(F)F
D-1700,-0.985,COc1ccccc1OCC(O)COC(N)=O
D-1701,-0.595,CCN(CC)C(=O)CC(C)C
D-1702,-1.397,OC(CI)CI
D-1703,0.437,CCCCC(C(O)=O)C(O)=O
D-1704,-3.74,CC(C)(C)c1sc(N[S](=O)(=O)c2ccc(N)cc2)nn1
D-1705,-1.261,CN(C)c1cc(C)nc(Cl)n1
D-1706,0.827,CCc1ccncc1
D-1707,0.538,CCc1cccnc1
D-1708,-2.369,CN1C2CCC1CC(C2)OC(=O)c3ccccc3
D-1709,-1.839,OC(=O)/C=C/c1occc1
D-1710,-1.77,CCCCC(=O)OCC
D-1711,-0.768,CCOC(=O)NCC(C)C
D-1712,-2.467,CCCCCOC(=O)CCC
D-1713,-4.746,CC(C)CC(C)(C)C
D-1714,-1.144,CC(=O)OC(C)(C)C
D-1715,-2.4,CCCC(Cl)Cl
D-1716,0.987,CC(N)CC(O)=O
D-1717,-1.001,CC(C)COC=O
D-1718,-2.96,CCCCI
D-1719,-2.045,ClC\C=C/Cl
D-1720,-0.649,CC(=O)NCC(O)=O
D-1721,-2.898,CC(C)CCOCCC(C)C
D-1722,0.184,C=C1CCOC1=O
D-1723,-3.426,CCOC(=O)C(C1=C(O)Oc2ccccc2C1=O)C3=C(O)Oc4ccccc4C3=O
D-1724,-0.265,COC(=O)C1=CO[C@@H](O[C@@H]2O[C@H](CO)[C@@H](O)[C@H](O)[C@H]2O)[C@@H]3[C@@H](C)CC(=O)[C@H]13
D-1725,-3.288,CC(C)c1ccc(C)c(C(O)=O)c1O
D-1726,-0.402,OC[C@H]1O[C@H]([C@H](O)[C@@H]1O)n2cnc3cncnc23
D-1727,-2.976,Oc1ccc2ccccc2c1[N+]([O-])=O
D-1728,-3.159,CCCOc1ccc(cc1N)[N+]([O-])=O
D-1729,-0.56,CC1=C(N)NC(=O)N=C1
D-1730,-2.281,OC(=O)\C=C/C(=O)Nc1ccccc1
D-1731,-0.386,CCCOC
D-1732,-0.02,C=CCOCC=C
D-1733,-3.14,BrC(Br)(Br)Br
D-1734,-2.797,CN1CC[C@]23[C@H]4Oc5c(OC(C)=O)ccc(C[C@@H]1[C@@H]2C=C[C@@H]4OC(C)=O)c35
D-1735,-4.229,CCC(C)(C)CC
D-1736,-2.732,CC(C)C=C
D-1737,-2.732,CCC(C)=C
D-1738,-4.678,CCC(C)C(C)(C)C
D-1739,-4.281,CCC(C)C(C)C
D-1740,-0.722,CCC(C)C(C)O
D-1741,-0.681,CCC(C)C(C)=O
D-1742,-0.706,CCC(O)C(C)C
D-1743,-0.81,CCC(=O)C(C)C
D-1744,-4.696,CC(C)C(C)C(C)C
D-1745,-1.302,CC(C)C(=O)C(C)C
D-1746,-4.125,COc1cc(cc(OC)c1O)[C@H]2[C@@H]3[C@H](COC3=O)Cc4c(O)c5OCOc5cc24
D-1747,-1.89,COc1ccc2COC(=O)c2c1OC
D-1748,-0.837,OC(=O)c1cccc(C(O)=O)c1C(O)=O
D-1749,-2.494,OC(=O)c1[nH]cnc1C(O)=O
D-1750,-3.013,OC(=O)COc1c(Cl)cc(Cl)cc1Cl
D-1751,-1.933,OC(C(O)c1ccccc1)c2ccccc2
D-1752,-2.348,CCc1cccc(CC)c1N
D-1753,-4.272,CC1CCCCC1C
D-1754,0.359,Cc1ccncc1C
D-1755,0.385,Cc1cccnc1C
D-1756,-3.504,CCCOC(=O)CN1C=C(I)C(=O)C(=C1)I
D-1757,-4.306,CCCC(C)CC
D-1758,-1.376,CCC(C)CCO
D-1759,-0.833,CCCC(=O)CC
D-1760,-5.159,CCCCC(C)CC
D-1761,-4.452,Brc1ccc(I)cc1
D-1762,-4.466,CC1CCC(C)CC1
D-1763,0.401,Cc1ccc(C)nc1
D-1764,-1.938,CCCCOC(=O)CC
D-1765,-4.357,CCCC(C)(C)C
D-1766,-0.499,CCCC(C)(C)O
D-1767,-0.293,CC1=CCC(=O)O1
D-1768,-1.874,CC1CCCC(=O)C1
D-1769,-3.267,CC1=CCCCC1
D-1770,-4.596,CCCCC(C)C
D-1771,-1.957,C/C=C/CCl
D-1772,-3.816,CCCC\C=C\C
D-1773,-1.131,CCCCOC=O
D-1774,-0.411,CC(C)C(C)(C)O
D-1775,-0.723,CC(C)(C)C(C)(C)O
D-1776,-5.284,CC(=O)O[C@@]1(CC[C@H]2[C@@H]3C=C(C)C4=CC(=O)CC[C@]4(C)[C@H]3CC[C@]12C)C(C)=O
D-1777,-0.85,CCC(C)(O)C(C)C
D-1778,-0.167,CC(C)(C(O)=O)C(O)=O
D-1779,0.043,CC[S](=O)(=O)CC
D-1780,-0.32,CC(C)(CC(O)=O)C(O)=O
D-1781,-0.84,CCC(O)(CC)CC
D-1782,-1.001,CCCC(C)(O)CC
D-1783,-0.057,COC(C)C
D-1784,-1.189,CCC(Cl)[N+]([O-])=O
D-1785,-1.22,CC(C)C(O)C(C)C
D-1786,0.732,CCC(C(O)=O)C(O)=O
D-1787,-0.419,OC(=O)c1c(Br)c(O)c(O)c(O)c1Br
D-1788,-3.085,COc1c(cc(cc1[N+]([O-])=O)[N+]([O-])=O)[N+]([O-])=O
D-1789,-1.067,OC(=O)c1ccc(cc1[N+]([O-])=O)[N+]([O-])=O
D-1790,-2.651,[O-][N+](=O)c1ccc2COC(=O)c2c1
D-1791,-1.481,O=C1C=CNc2ccccc12
D-1792,0.053,OC(C(O)=O)c1ccccc1
D-1793,-2.273,O=C(NC(=O)c1ccccc1)c2ccccc2
D-1794,-3.532,Clc1ccccc1I
D-1795,-4.217,Ic1ccccc1I
D-1796,-4.498,Brc1ccc(Br)c(Br)c1
D-1797,-2.63,CCC(Cl)CC
D-1798,0.02,CCC(O)C=C
D-1799,0.713,CC[NH+](C)CC
D-1800,-1.32,CCCC(O)C(C)C
D-1801,-1.198,OC[C@H]1O[C@@H](Oc2ccccc2C=O)[C@H](O)[C@@H](O)[C@@H]1O
D-1802,-2.482,OC(=O)c1cc(O)cc(c1)C(O)=O
D-1803,-3.066,Cc1ccc(cc1C)C([O-])=O
D-1804,-3.123,Cc1ccc(C=C)cc1
D-1805,-2.827,O=Cc1ccc(C=O)cc1
D-1806,-0.833,CCCC(=O)OC
D-1807,-2.49,CCCCC(O)CCCC
D-1808,-5.372,Ic1ccc(I)cc1
D-1809,-0.256,COC(=O)\C=C/C(=O)OC
D-1810,-2.654,CCCCCCC(O)CC
D-1811,-3.216,ICCI
D-1812,-0.5,CC(C)(C)CCO
D-1813,-0.961,CC(C)CC(C)(C)O
D-1814,-1.078,CCCCC(C)(C)O
D-1815,-1.72,CCCCCC(C)(C)O
D-1816,-2.63,CCCC(C)Cl
D-1817,-0.9,COCC(C)C
D-1818,-0.551,CCOC(C)C
D-1819,-0.629,CC(C)OC=O
D-1820,-3.532,Clc1cccc(I)c1
D-1821,-4.518,Ic1cccc(I)c1
D-1822,-1.25,OC1=CC(=O)C=CN1
D-1823,-1.14,CC(C)CCCO
D-1824,-1.337,CCCOC(C)C
D-1825,0.009,OCCCBr
D-1826,-2.538,CC\C=C/C
D-1827,0.422,OCCCCl
D-1828,-1.38,CC(C)CCC(C)O
D-1829,-0.99,CCCCOC
D-1830,-0.845,CCCOCC
D-1831,-1.877,CCCCCOC(C)=O
D-1832,-3.01,CCCCCC#C
D-1833,-3.163,C1CCC=CCC1
D-1834,-2.744,CCCCCCCC(C)O
D-1835,-3.662,CCCCCCC#C
D-1836,-6.35,CCCCCCCCCCCCCCCO
D-1837,-1.245,OC(=O)c1ccnc(C(O)=O)c1C(O)=O
D-1838,-2.783,OC(=O)c1ccc(O)c(c1)C(O)=O
D-1839,-1.29,CCC(=O)OC(C)C
D-1840,-4.076,Clc1ccc(I)cc1
D-1841,-1.368,CC1NC(C)SC(C)S1
D-1842,-3.813,CCCCCCCCCCCCC(O)=O
D-1843,0.35,OC1C(O)C(O)C(O)C(O)C1O
D-1844,-2.538,CC\C=C\C
D-1845,-1.464,C=CC#C
D-1846,-3.244,CC(C)CC=C
D-1847,-3.76,OC(=O)CCCCCCCCCCC(O)=O
D-1848,-3.203,Clc1ccccc1Br
D-1849,-2.202,Cc1oc(N[S](=O)(=O)c2ccc(N)cc2)nc1C
D-1850,-3.033,CCCC(C)=C
D-1851,-1.083,C1CC[C@@H]2NCCC[C@H]2C1
D-1852,-6.62,Clc1ccc(cc1)C(c2ccccc2Cl)C(Cl)(Cl)Cl
D-1853,-1.33,CCOC(=O)CCCC(=O)OCC
D-1854,-0.179,OCCCC=C
D-1855,-2.928,COCCCNc1nc(NC(C)C)nc(SC)n1
D-1856,-0.215,OC(=O)CC(Br)C(O)=O
D-1857,-2.167,CCC#CCC
D-1858,-2.964,CN(C)C(=O)C(c1ccccc1)c2ccccc2
D-1859,-3.834,[O-][N+](=O)c1ccc(Nc2ccccc2)c(c1)[N+]([O-])=O
D-1860,-2.427,CCOc1ccc(N[S](=O)(=O)c2ccc(N)cc2)nn1
D-1861,-5.272,CC(=O)C1(C)CCC2C3C=C(C)C4=CC(=O)CCC4(C)C3CCC12C
D-1862,-2.566,CNc1nc(NC(C)C)nc(SC)n1
D-1863,-2.695,Fc1ccccc1Br
D-1864,-4.583,CC(C)(C)C(=O)OCC(=O)C1(O)CCC2C3CCC4=CC(=O)C=CC4(C)C3C(O)CC12C
D-1865,-2.771,CCCCC#CC
D-1866,-1.129,CCC(C)(C)CO
D-1867,0.026,NCC1CCC(CC1)C(O)=O
D-1868,-1.944,Cc1cc(C)c2ccccc2n1
D-1869,-7.506,CCCCCCCCCCCCCCCCCO
D-1870,-0.346,CC[C@@H]1CCCCN1
D-1871,-2.589,CC(=O)Oc1ccc(Br)cc1C(O)=O
D-1872,-1.592,COc1ccc(NC(N)=O)cc1
D-1873,0.015,C/C=C/C(C)O
D-1874,-0.205,CN(C)NC(=O)CCC(O)=O
D-1875,-1.585,OCC(CO[N+]([O-])=O)(CO[N+]([O-])=O)CO[N+]([O-])=O
D-1876,-2.94,CCCCCCCCCC(C)O
D-1877,-5.195,Cc1cnc2c(ccc3c(C)c(C)cnc23)c1C
D-1878,-3.947,CN(C)CC\C=C1/c2ccccc2COc3ccccc13
D-1879,-4.251,CCC1CCCCC1
D-1880,-3.343,O=C1C=CC(C=C1)=NNc2ccccc2
D-1881,-3.328,Oc1c(Br)cc(cc1Br)C#N
D-1882,-2.283,OC(=O)c1nc(Cl)ccc1Cl
D-1883,-6.571,Cc1cc2c3ccccc3ccc2c4ccccc14
D-1884,-5.959,C1Cc2ccc3CCCc4ccc(C1)c2c34
D-1885,-1.716,CCN(CC)C(=O)CSc1ccc(Cl)nn1
D-1886,-6.525,CCCCN(CC)c1c(cc(cc1[N+]([O-])=O)C(F)(F)F)[N+]([O-])=O
D-1887,-1.57,Nc1ncnc2n(cnc12)[C@]3(CO)O[C@H](CO)[C@@H](O)[C@H]3O
D-1888,-2.749,Nc1c(Cl)c(Cl)nc(C(O)=O)c1Cl
D-1889,-2.336,NC(=S)c1c(Cl)cccc1Cl
D-1890,-2.617,CC(OC(=O)Nc1cccc(Cl)c1)C#C
D-1891,-4.895,CN(C)C(=O)Nc1ccc(Oc2ccc(Cl)cc2)cc1
D-1892,-4.111,CC1CCCCC1NC(=O)Nc2ccccc2
D-1893,-0.935,NC1=C(F)C=NC(=O)N1
D-1894,-5.298,CC(C)c1ccc2ccccc2c1
D-1895,-4.353,CNC(=O)Oc1cc(C)c(SC)c(C)c1
D-1896,-4.15,CCC(C)(C)c1ccccc1
D-1897,-2.013,CCOC(=O)CCCCCC(=O)OCC
D-1898,-2.53,CCOC(=O)CCCCCCC(=O)OCC
D-1899,-4.74,CCCC1CCCC1
D-1900,-3.272,C[C@H]1CCCC[C@H]1C
D-1901,-4.466,CC1CCC(C)CC1
D-1902,-2.057,CCO[P](=S)(OCC)SCC(=O)NC(C)C
D-1903,-1.935,OC(=O)C1CCCCC1C(O)=O
D-1904,-3.888,CCCCOC(=O)C1(O)c2ccccc2c3ccccc13
D-1905,-5.407,CC12CCC3C(CCC4CC5SC5CC34C)C1CCC2O
D-1906,-2.306,Fc1cc(F)c(F)c(F)c1
D-1907,-1.52,CCCC(C)(C)CO
D-1908,-6.816,Cc1ccc2cc3c(ccc4ccccc34)cc2c1
D-1909,-2.271,CCOC(=O)[C@H](Cc1c[nH]c2ccccc12)N(C)C=O
D-1910,-1.747,C#CCCCC#C
D-1911,-2.983,C#CCCCCCC#C
D-1912,-2.487,CC(C)CCCCCCO
D-1913,-4.161,OC(=O)C1(O)c2ccccc2c3ccc(Cl)cc13
D-1914,-4.472,CC(=O)Oc1c(cc(c(C)c1C(C)(C)C)[N+]([O-])=O)[N+]([O-])=O
D-1915,-6.644,Cc1cccc2ccc3cc4ccccc4cc3c12
D-1916,-7.343,Cc1c2ccccc2cc3c4ccccc4ccc13
D-1917,-1.19,CC(=C)[C@@H]1[C@H]2OC(=O)[C@@H]1[C@]3(O)[C@H]4O[C@H]4[C@]5(CO5)[C@]3(C)[C@@H]2O
D-1918,-4.413,COc1cc(Cl)c(OC)cc1Cl
D-1919,0.486,C[C@H]1C[NH2+][C@H](C)C[NH2+]1
D-1920,-5.358,CC(=O)Nc1ccc(N\N=C\2C=C(C)C=CC2=O)cc1
D-1921,-3.699,OC(=O)CCCCCCCCCCBr
D-1922,0.288,CCC(N)C(O)=O
D-1923,-2.809,OC(=O)COc1cccc(Cl)c1Cl
D-1924,0.19,CC(CCC(O)=O)CC(O)=O
D-1925,-3.34,C=CCCCC=C
D-1926,-4.853,CC1CCCC(C)(C)C1
D-1927,-1.551,CC(C)(C)CCCO
D-1928,-1.704,Oc1ccccc1C(=O)N2CCOCC2
D-1929,-4.462,Oc1cc(Cl)ccc1Oc2ccc(Cl)cc2Cl
D-1930,-4.094,CCCCCCCC#C
D-1931,0.597,OCC1OC(O)C(O)C(O)C1O
D-1932,-1.42,CC(=C)C1(O)[C@H]2OC(=O)[C@@H]1[C@]3(O)[C@H]4O[C@H]4[C@]5(CO5)[C@]3(C)[C@@H]2O
D-1933,-5.428,Clc1c(Cl)c(Cl)c2nccnc2c1Cl
D-1934,-5.047,CC(C)CCC(C)(C)C
D-1935,-5.124,OCCN(Cc1ccc(Oc2ccc(cc2)[N+]([O-])=O)cc1)C(=O)C(Cl)Cl
D-1936,-6.592,Cc1cc2ccccc2c3ccc4ccccc4c13
D-1937,-7.011,Cc1c(C)c2c3ccccc3ccc2c4ccccc14
D-1938,-0.624,CCO[P](=O)(OCC)SCC(=O)NC(C)(C)C#N
D-1939,-1.151,CCC(O)C(C)(C)C
D-1940,-2.62,OC(=O)COc1c(Cl)ccc(Cl)c1Cl
D-1941,0.362,C\C=C/CO
D-1942,-2.036,CCCCCCC(C)O
D-1943,-4.203,CCSc1nc(NC(C)C)nc(NC(C)C)n1
D-1944,-2.824,CC[C@@H]1[C@@H](O)N2[C@H]3C[C@@H]1C4C(O)[C@@]5(C[C@H]24)[C@H]3N(C)c6ccccc56
D-1945,-0.451,CC(=O)CC1CCCCN1
D-1946,-4.478,CC1CCC(C)(C)C1
D-1947,0.463,CN(C=C)N=O
D-1948,-1.85,CC1(C)[C@@H]2CC[C@@](C)(C2)C1=O
D-1949,-5.76,CCCN(CCC)c1c(cc(cc1[N+]([O-])=O)[S](C)(=O)=O)[N+]([O-])=O
D-1950,-2.632,[O-]C(=O)c1cccc(Cl)c1[N+]([O-])=O
D-1951,-0.429,C/C=C/C#N
D-1952,-0.599,CCCC(O)C=C
D-1953,-0.5,CC(C)C(O)C=C
D-1954,-0.4,CCC(O)\C=C\C
D-1955,-0.91,CCC(C)C(C)(C)O
D-1956,-2.242,CCCCC1=C(C)NC(=NC1=O)N(C)C
D-1957,-2.055,CC(C)=CCC\C(C)=C\C=O
D-1958,-1.77,CC1(C)C(CCC1(C)C(O)=O)C(O)=O
D-1959,-1.6,CCCCC(C)(O)CC
D-1960,-0.641,CCOC1CC1
D-1961,-2.307,CC[S](=O)CS[P](=S)(OC(C)C)OC(C)C
D-1962,-4.53,CC(C)OC(=O)C(O)(c1ccc(Cl)cc1)c2ccc(Cl)cc2
D-1963,-4.864,OC1=C(C2CCCc3ccccc23)C(=O)c4ccccc4O1
D-1964,-2.591,CCCCCC(O)CCC
D-1965,-3.994,CC(=C)[C@@H]1CCC(=CC1)C
D-1966,-0.605,C\C(Cl)=C/C(O)=O
D-1967,0.709,CNCC(O)C(O)C(O)C(O)CO
D-1968,-1.6,CC(C)CC(C)CO
D-1969,-2.92,C\C=C/C(=O)O[C@@H]1C[C@H]2O[C@@H]3C=C(C)C(=O)C[C@]3(C)[C@]1(C)[C@@]24CO4
D-1970,-2.937,CCNc1nc(Cl)nc(NCC(=O)OCC)n1
D-1971,-0.73,CCC(C)OC
D-1972,-4.334,C[C@H]1CCCC[C@@H]1C
D-1973,0.651,CNC(=O)\C=C(/C)O[P](=O)(OC)OC
D-1974,-2.539,CC(Oc1ccc(Cl)cc1C)C(O)=O
D-1975,-3.263,COC(=O)c1cc(Cl)cc(N)c1Cl
D-1976,-1.27,CCC(C)(O)C(C)(C)C
D-1977,-0.476,NCC(O)c1ccccc1
D-1978,-2.354,CC(Cl)C(C)Cl
D-1979,-1.839,Cn1c(COC(N)=O)ncc1[N+]([O-])=O
D-1980,-4.858,CC(C)=C[C@@H]1[C@@H](C(=O)OCN2C(=O)C3=C(CCCC3)C2=O)C1(C)C
D-1981,-2.497,CO[P](=O)(OC)OC(/C)=C/C(=O)OC(C)c1ccccc1
D-1982,-3.558,Nc1cc(ccc1Br)[N+]([O-])=O
D-1983,-2.596,COc1ccc(cc1)C(O)(C2CC2)c3cncnc3
D-1984,-2.509,CCCS[P](=O)(OCC)SCCC
D-1985,0.09,CC1CCOC1
D-1986,-0.688,C[C@H]([C@H](C)C([O-])=O)C([O-])=O
D-1987,-4.132,CCO[P](=S)(OCC)Oc1cnc2ccccc2n1
D-1988,-4.789,ClCC(CCl)O[P](=O)(OC(CCl)CCl)OC(CCl)CCl
D-1989,-4.632,CCOC(=O)Nc1cccc(OC(=O)Nc2ccccc2)c1
D-1990,-4.779,COC(=O)Nc1cccc(OC(=O)Nc2cccc(C)c2)c1
D-1991,-4.945,CC(=O)OC1(CCC2C3C=C(Cl)C4=CC(=O)C=CC4(C)C3CCC12C)C(C)=O
D-1992,0.185,CCC(C)N
D-1993,-3.942,CN1c2ccccc2Sc3ccc(CC(O)=O)cc13
D-1994,-2.492,CC(C)[C@@H]1CC[C@@H](C)CC1=O
D-1995,-2.419,CCCC(CC)(CC)CO
D-1996,-4.156,COc1ccc(Oc2ccc(NC(=O)N(C)C)cc2)cc1
D-1997,-3.787,Cc1cccc(C)c1NC(=O)c2cc(c(Cl)cc2O)[S](N)(=O)=O
D-1998,-2.973,CN1CC[C@]23[C@H]4Oc5c(OCc6ccccc6)ccc(C[C@@H]1[C@@H]2C=C[C@@H]4O)c35
D-1999,-3.765,COC(=O)C(Cl)Cc1ccc(Cl)cc1
D-2000,-1.969,Cc1ccccc1Oc2cccnn2
D-2001,-3.57,CCN(CC)C(=O)C(C)Oc1cccc2ccccc12
D-2002,-4.208,Ic1ccccc1C(=O)Nc2ccccc2
D-2003,-4.811,CCCCC(C)(C)CCC
D-2004,-1.843,OCC(O)[C@H]1OC2O[C@@H](O[C@@H]2[C@H]1O)C(Cl)(Cl)Cl
D-2005,0.077,OC(=O)CC(Cl)C(O)=O
D-2006,-1.829,CCNC(=O)[C@H](C)OC(=O)Nc1ccccc1
D-2007,-1.1,C=COC1CC1
D-2008,0.158,O[C@H](C(O)=O)c1ccccc1
D-2009,-2.366,CC(C)OC(C)(C)C
D-2010,-3.783,CC1Nc2cc(Cl)c(cc2C(=O)N1c3ccccc3C)[S](N)(=O)=O
D-2011,-4.933,CC(C)OC(=O)C(O)(c1ccc(Br)cc1)c2ccc(Br)cc2
D-2012,-0.591,COC(=O)C1=CO[C@@H](O[C@@H]2O[C@H](CO)[C@@H](O)[C@H](O)[C@H]2O)[C@@H]3[C@@H](C)[C@@H](O)C[C@H]13
D-2013,-1.224,CC(C)(C)NCC(O)c1ccc(O)c(CO)c1
D-2014,-3.574,CNC(=O)N(C)c1sc2ccccc2n1
D-2015,-3.61,CCCN(CCC)c1c(cc(cc1[N+]([O-])=O)[S](N)(=O)=O)[N+]([O-])=O
D-2016,-2.51,CCC(C)C(O)C(C)CC
D-2017,-0.37,CC(C)C(C)CO
D-2018,-7.8,CCCCCCCCCCCCOC(=O)c1ccc(N)cc1
D-2019,-4.263,CCOC(=O)C(C)N(C(=O)c1ccccc1)c2ccc(Cl)c(Cl)c2
D-2020,-4.522,CO[P](=O)(OC)OC(=C/Cl)/c1cc(Cl)c(Cl)cc1Cl
D-2021,-3.747,CNC(=O)Oc1cccc2OC(C)(C)Oc12
D-2022,-1.608,COc1ccc(C[C@@H]2NC[C@@H](O)[C@@H]2OC(C)=O)cc1
D-2023,-3.708,CCNc1nc(NC(C)C(C)C)nc(SC)n1
D-2024,-1.946,CN(C)C(=O)Oc1nc(nc(C)c1C)N(C)C
D-2025,-4.193,CCCCOCN(C(=O)CCl)c1c(CC)cccc1CC
D-2026,-2.001,CO[P](=O)(OC)OC1=C(Cl)C2C=CCC12
D-2027,-1.938,OC(=O)C1=CNC(=O)NC1=O
D-2028,-3.02,CCCCC1=C(C)NC(=NC1=O)NCC
D-2029,-4.232,CC(C)(NC(=O)c1cc(Cl)cc(Cl)c1)C#C
D-2030,-2.559,CC1=C(CCCO1)C(=O)Nc2ccccc2
D-2031,-3.304,Cc1occc1C(=O)Nc2ccccc2
D-2032,-3.592,CCO[P](=S)(OCC)SCCl
D-2033,-2.058,CNC(=O)N(C)c1sc(nn1)C(F)(F)F
D-2034,-3.416,CCOC1Oc2ccc(O[S](C)(=O)=O)cc2C1(C)C
D-2035,-2.575,CCNc1nc(NC(C)CC)nc(OC)n1
D-2036,-6.541,CCCN(CC1CC1)c2c(cc(cc2[N+]([O-])=O)C(F)(F)F)[N+]([O-])=O
D-2037,-1.614,CC(Cl)=CCl
D-2038,-5.026,ClC(Cl)C(=O)NC1=C(Cl)C(=O)c2ccccc2C1=O
D-2039,-0.976,OC(=O)c1cccc(Cl)c1C(O)=O
D-2040,-0.171,CCOC(C)C(=O)C(O)O
D-2041,-5.467,CCN(CC)c1c(cc(c(N)c1[N+]([O-])=O)C(F)(F)F)[N+]([O-])=O
D-2042,-7.43,CCCN(CCC)c1c(cc(c(N)c1[N+]([O-])=O)C(F)(F)F)[N+]([O-])=O
D-2043,-2.093,CCSCc1ccccc1OC(=O)NC
D-2044,-1.945,CC[S](=O)(=O)c1sc(nn1)N(C)C(=O)NC
D-2045,-5.363,OCCOCCOC(=O)c1ccccc1Nc2cccc(c2)C(F)(F)F
D-2046,-8.522,Cc1cc2cccc3ccc4c5ccccc5cc1c4c23
D-2047,-6.02,COc1cc(Oc2ccc(Cl)cc2Cl)ccc1[N+]([O-])=O
D-2048,-4.551,CCCN(CCCl)c1c(cc(cc1[N+]([O-])=O)C(F)(F)F)[N+]([O-])=O
D-2049,-5.47,CCC(C)Nc1c(cc(cc1[N+]([O-])=O)C(C)(C)C)[N+]([O-])=O
D-2050,-6.49,CCCN(CCC)c1c(cc(cc1[N+]([O-])=O)C(C)C)[N+]([O-])=O
D-2051,-1.997,CNC(=O)N(C)c1sc(nn1)C(C)(C)C
D-2052,-4.717,Clc1cc(Br)c(OC(=O)C=C)c2ncccc12
D-2053,-4.814,CCO[P](=S)(NC(C)CC)Oc1cc(C)ccc1[N+]([O-])=O
D-2054,-5.774,CCO[P](=O)(Oc1ccc(Cl)cc1Cl)Oc2ccc(Cl)cc2Cl
D-2055,-2.745,CCC#CC(C)C
D-2056,-3.429,CO[P](=S)(OC)SCCSC(C)C
D-2057,-7.258,CCCCCCCCCCCCCCCCO
D-2058,-5.048,CCC(C)N(C(C)CC)C(=O)SCc1ccccc1
D-2059,-2.081,NC(=O)c1cc(Cl)cc(Cl)c1N
D-2060,-6.001,CCCCCCCCCOC(=O)c1ccc(N)cc1
D-2061,-1.619,ClC(Cl)C(=O)N(CC=C)CC=C
D-2062,-4.726,CC(C)(C)C(=O)C(Oc1ccc(Cl)cc1)n2ccnc2
D-2063,-4.552,CC\1=C(CC(O)=O)c2cc(F)ccc2C1=C\c3ccc(cc3)[S](C)=O
D-2064,-3.473,CCOC(=O)CN(C(=O)CCl)c1c(CC)cccc1CC
D-2065,-6.025,CC1(C)C(C(=O)OC(C#N)c2cccc(Oc3ccccc3)c2)C1(C)C
D-2066,-1.202,COC(=O)[C@@H]1C2CC(C=C2)[C@@H]1C(=O)OC
D-2067,-5.972,CCC(CC)Nc1c(cc(C)c(C)c1[N+]([O-])=O)[N+]([O-])=O
D-2068,-5.346,COC(C)(C)CCCC(C)C\C=C\C(C)=C\C(=O)OC(C)C
D-2069,-5.693,CCOC(=O)\C=C(C)\C=C\CC(C)CCCC(C)C
D-2070,-5.08,COc1ccc(cc1C)C(=O)c2cccc(C)c2
D-2071,-2.073,Cc1cccc2sc3nncn3c12
D-2072,-2.086,COCCN(C(=O)CCl)c1c(C)cccc1C
D-2073,-1.231,CC(=O)O[C@@H](C(O)=O)c1ccccc1
D-2074,-3.795,CCCOCCN(C(=O)CCl)c1c(CC)cccc1CC
D-2075,-2.301,CNC(=O)Oc1ccccc1OC(CCl)OC
D-2076,0.586,O=C1CC=NC=N1
D-2077,-4.306,CC(C)OC(=O)C(C)N(C(=O)c1ccccc1)c2ccc(F)c(Cl)c2
D-2078,-3.982,COC(=O)C(C)N(C(=O)c1ccccc1)c2ccc(F)c(Cl)c2
D-2079,-8.402,CC1(C)[C@@H](C=C(Br)Br)[C@H]1C(=O)O[C@H](C#N)c2cccc(Oc3ccccc3)c2
D-2080,-3.044,CC(C)Cc1ccc(cc1)C(C)C(=O)NO
D-2081,-3.237,CC(=O)Nc1cc(N[S](=O)(=O)C(F)(F)F)c(C)cc1C
D-2082,-2.893,O=C1CN(CC2N1CCc3ccccc23)C(=O)C4CCCCC4
D-2083,-6.222,CCN(CC(C)=C)c1c(cc(cc1[N+]([O-])=O)C(F)(F)F)[N+]([O-])=O
D-2084,-2.766,OC(=O)COc1nc(Cl)c(Cl)cc1Cl
D-2085,-5.877,CO[P](=S)(OC)Oc1c(Cl)cc(C)cc1Cl
D-2086,-8.403,FC(F)(F)c1cccc(c1)C(n2cncn2)(c3ccccc3)c4ccccc4
D-2087,-4.561,CC(C)OC(=O)[C@H](C)N(C(=O)c1ccccc1)c2ccc(F)c(Cl)c2
D-2088,0.087,COC1OC(CNC(=O)N(CCCl)N=O)C(O)C(O)C1O
D-2089,-4.438,CN1C=C(c2ccccc2)C(=O)C(=C1)c3cccc(c3)C(F)(F)F
D-2090,-4.383,OC(c1ccc(Cl)cc1)(c2cncnc2)c3ccccc3Cl
D-2091,-3.493,CCCC1COC(Cn2cncn2)(O1)c3ccc(Cl)cc3Cl
D-2092,-3.613,CCC1COC(Cn2cncn2)(O1)c3ccc(Cl)cc3Cl
D-2093,-6.625,CCN(Cc1c(F)cccc1Cl)c2c(cc(cc2[N+]([O-])=O)C(F)(F)F)[N+]([O-])=O
D-2094,-4.083,OC(c1ccc(F)cc1)(c2cncnc2)c3ccccc3Cl
D-2095,-4.432,CO[P](=S)(OC)SCC(=O)N(C(C)C)c1ccc(Cl)cc1
D-2096,-3.972,CC(=O)OC[C@H]([C@@H](OC(C)=O)c1ccccc1)[N+]([O-])=O
D-2097,-1.179,Nc1nc(N)nc(NC2CC2)n1
D-2098,-4.532,CC(C)Oc1cccc(NC(=O)c2ccccc2C(F)(F)F)c1
D-2099,-4.562,CC(C)(C)C(O)C(Cc1ccc(Cl)cc1Cl)n2cncn2
D-2100,-5.674,CCOC(=O)C(C)Oc1cccc(Oc2sc3cc(Cl)ccc3n2)c1
D-2101,-4.213,Cc1cccc(C)c1N(Cn2cccn2)C(=O)CCl
D-2102,-3.637,CC(CN1C[C@H](C)O[C@H](C)C1)Cc2ccc(cc2)C(C)(C)C
D-2103,-2.562,CCOC(=O)CNc1nc(Cl)nc(NC(C)C)n1
D-2104,-8.4,CC(C)C(Nc1ccc(cc1Cl)C(F)(F)F)C(=O)OC(C#N)c2cccc(Oc3ccccc3)c2
D-2105,-2.688,Clc1cccc(c1)N(C2CCOC2=O)C(=O)C3CC3
D-2106,-5.584,CCCCOC(=O)C(C)Oc1ccc(Oc2ccc(cn2)C(F)(F)F)cc1
D-2107,-2.53,COC(=O)c1ccc(C)cc1C2=NC(C)(C(C)C)C(=O)N2
D-2108,-2.326,COC(=O)c1cc(C)ccc1C2=NC(C)(C(C)C)C(=O)N2
D-2109,-3.944,COC(=O)C(C)N(C(=O)Cc1ccccc1)c2c(C)cccc2C
D-2110,-4.701,CCOC(=O)NCCOc1ccc(Oc2ccccc2)cc1
D-2111,-2.223,CC(Oc1ccccc1Cl)C(O)=O
D-2112,-6.094,CCOC(=O)C(C)Oc1ccc(Oc2cnc3cc(Cl)ccc3n2)cc1
D-2113,-5.604,CCOC(=O)C(C)Oc1ccc(Oc2oc3cc(Cl)ccc3n2)cc1
D-2114,-3.639,CC(C)C12CCC(C)(O1)C(C2)OCc3ccccc3C
D-2115,-3.308,CCCCC(Cn1cncn1)(C#N)c2ccc(Cl)cc2
E-1,-3.18,CCCCC
E-2,-2.64,C1CCCC1
E-3,-3.84,CCCCCC
E-4,-3.74,CCCC(C)C
E-5,-3.55,CCC(C)(C)C
E-6,-3.1,C1CCCCC1
E-7,-3.3,C1CCCC1C
E-8,-4.53,CCCCCCC
E-9,-3.85,C1CCCCC1C
E-10,-5.24,CCCCCCCC
E-11,-3.52,C1CCCCCC1
E-12,-4.15,C1CCCCCCC1
E-13,-2.54,CCC=CC
E-14,-2.1,C1CC=CC1
E-15,-3.23,CCCCC=C
E-16,-3.24,CC(C)CC=C
E-17,-3.82,CCCCC=CC
E-18,-3.27,C1CC=C(C)CC1
E-19,-4.44,CCCCCCC=C
E-20,-5.05,CCCCCCCC=C
E-21,-2.68,C=CCCC=C
E-22,-2.03,C=C(C)C=C
E-23,-1.87,C=CC=C
E-24,-1.97,C1C=CCC=C1
E-25,-4.0,C(=CCC(C(=C)C)C1)(C1)C
E-26,-1.64,CCCC#C
E-27,-2.36,CCCCC#C
E-28,-3.01,CCCCCC#C
E-29,-4.24,CCCCCCCC#C
E-30,-1.64,c1ccccc1
E-31,-2.21,c1ccccc1C
E-32,-2.8,c1cccc(C)c1C
E-33,-2.77,c1cc(C)ccc1C
E-34,-2.82,c1ccc(C)cc1C
E-35,-3.37,c1ccccc1CCC
E-36,-3.31,c1cc(C)cc(C)c1C
E-37,-3.2,c1ccc(C)c(C)c1C
E-38,-3.21,c1cccc(C)c1CC
E-39,-3.11,c1cc(C)ccc1CC
E-40,-3.27,c1ccccc1C(C)C
E-41,-4.06,c1ccccc1CCCC
E-42,-3.75,c1cc(CC)ccc1CC
E-43,-3.77,c1cc(C)ccc1C(C)C
E-44,-3.66,c1ccccc1C(C)(C)C
E-45,-3.89,c1ccccc1C(C)CC
E-46,-4.0,c1c(C)c(C)c(C)c(C)c1C
E-47,-4.64,c1ccccc1CCCCC
E-48,-4.15,c1ccccc1C(CC)(C)C
E-49,-2.82,c1ccccc1C=C
E-50,-4.31,c1ccccc1c2ccccc2
E-51,-4.17,c1ccccc1Cc2ccccc2
E-52,-4.91,c(c(c(c1ccc2)c2)ccc3)(c3)C1
E-53,-5.22,c1ccc2c3ccccc3Cc2c1C
E-54,-3.6,c1ccc2ccccc2c1
E-55,-3.77,Cc1ccc2ccccc2c1
E-56,-3.7,c1ccc2ccccc2c1C
E-57,-4.29,CCc1ccc2ccccc2c1
E-58,-4.74,c1ccc2c(C)cccc2c1C
E-59,-4.72,Cc1c(C)cc2ccccc2c1
E-60,-3.96,c1ccc2cccc3c2c1C=C3
E-61,-4.14,c1cc(C)c2ccccc2c1C
E-62,-4.89,Cc1ccc2cc(C)ccc2c1
E-63,-4.63,c1ccc2cccc3c2c1CC3
E-64,-4.92,c1cc(C)c2c(C)cccc2c1C
E-65,-5.26,c(c(c(c(c1)ccc2)c2)ccc3)(c1)c3
E-66,-5.89,c(c(c(c(c1ccc2)c2)C)ccc3)(c3)c1
E-67,-6.96,Cc1cc2cc3ccccc3cc2cc1
E-68,-6.19,c(c(c(cc1)ccc2)c2cc3)(c1ccc4)c34
E-69,-6.0,c(c(ccc1)ccc2)(c1c(c3ccc4)c4)c23
E-70,-5.96,c1c(CC3)c2c(C3)ccc(CC4)c2c(C4)c1
E-71,-6.68,C3c1ccccc1c4ccc2ccccc2c34
E-72,-8.04,c1ccc2c3cc4ccccc4cc3Cc2c1
E-73,-6.74,c1ccc2c3ccccc3c4ccccc4c2c1
E-74,-8.19,c(c(c(cc1)ccc2)c2cc3)(c3cc(c4ccc5)c5)c14
E-75,-7.02,c(c(c(c(c1)ccc2)c2)c(c(c3ccc4)c4)C)(c3C)c1
E-76,-7.8,c1ccc2c(c1)c4cccc5ccc3cccc2c3c45
E-77,-8.8,c(c(ccc1)ccc2)(c1c(c(c(cc3)ccc4)c45)c3)c25
E-78,-9.03,c16cccc2ccc3ccc4ccc5cccc6c5c4c3c12
E-79,-4.38,s(c(c(c1cccc2)ccc3)c3)c12
E-80,-3.67,n(c(c(ccc1)cc2cccc3)c1)c23
E-81,-4.22,c1ccc2nc3cccc(N)c3cc2c1
E-82,-5.17,Nc3ccc2cc1ccccc1cc2c3
E-83,-6.89,c1cc2cc3cc(CC)ccc3cc2cc1
E-84,-8.23,c12ccccc1cc3c4ccccc4c5c3c2ccc5
E-85,-8.0,c1ccc4c(c1)ccc5c2cccc3cccc(c23)c45
E-86,-8.49,c2ccc1cc3c(cc1c2)c4cccc5cccc3c45
E-87,-8.66,c(c(c(c(c1)ccc2)c2)cc(c3c(c(c4)ccc5)c5)c4)(c1)c3
E-88,-1.0,CI
E-89,-0.63,ClCCl
E-90,-0.89,BrCCl
E-91,-1.17,ClC(Cl)Cl
E-92,-1.54,ClC(Br)Cl
E-93,-1.9,ClC(Br)Br
E-94,-1.91,BrC(Br)Br
E-95,-3.14,BrC(Br)(Br)Br
E-96,-1.09,CCBr
E-97,-1.6,CCI
E-98,-1.29,ClC(Cl)C
E-99,-1.32,ClCCBr
E-100,-1.68,BrCCBr
E-101,-2.0,ClC(Cl)(Cl)C
E-102,-1.48,ClC(Cl)CCl
E-103,-2.18,ClC(Cl)(Cl)CCl
E-104,-2.6,ClC(Cl)(Cl)C(Cl)Cl
E-105,-3.04,ClC(Cl)(F)C(F)(F)Cl
E-106,-3.67,ClC(Cl)(Cl)C(Cl)(Cl)Cl
E-107,-1.41,CC(Cl)C
E-108,-1.73,CCCBr
E-109,-1.59,CC(Br)C
E-110,-2.29,CCCI
E-111,-1.62,ClCCCCl
E-112,-1.6,ClCC(Cl)C
E-113,-1.85,BrCCCCl
E-114,-2.08,BrCCCBr
E-115,-2.38,BrCC(Br)CCl
E-116,-1.92,ClCC(Cl)CCl
E-117,-2.03,CCCCCl
E-118,-1.96,CC(Cl)CC
E-119,-2.96,ICCCC
E-120,-2.0,CC(C)CCl
E-121,-2.43,CC(C)CBr
E-122,-2.4,ClC(Cl)CCC
E-123,-2.73,CCCCCCl
E-124,-2.63,CC(Cl)CCC
E-125,-2.63,CCC(Cl)CC
E-126,-2.51,CC(C)(Cl)CC
E-127,-2.69,CC(C)(Cl)C(Cl)C
E-128,-3.12,CCCCCCCl
E-129,-3.07,CCCCCBr
E-130,-3.81,CCCCCCBr
E-131,-2.3,C1CCCCC1Br
E-132,-1.71,FC(F)(F)C(Cl)Br
E-133,-3.12,FC(F)(C(F)(F)Cl)Cl
E-134,-4.59,C(C(C(C(C1Cl)Cl)Cl)Cl)(C1Cl)Cl
E-135,-3.99,CCCCCCCCl
E-136,-4.81,CCCCCCCI
E-137,-1.64,ClC(Cl)=C
E-138,-1.3,ClC=CCl
E-139,-3.22,IC=CI
E-140,-1.96,ClC=C(Cl)Cl
E-141,-2.54,ClC(Cl)=C(Cl)Cl
E-142,-1.36,C=CCCl
E-143,-6.29,ClC2C1OC1C3C2C4(Cl)C(=C(Cl)C3(Cl)C4(Cl)Cl)Cl
E-144,-7.33,ClC3=C(Cl)C4(Cl)C2C1CC(C=C1)C2C3(Cl)C4(Cl)Cl
E-145,-6.18,ClC4=C(Cl)C5(Cl)C3C1CC(C2OC12)C3C4(Cl)C5(Cl)Cl
E-146,-1.5,C=CCBr
E-147,-5.18,C(=C(C(=C1Cl)Cl)Cl)(C1(Cl)Cl)Cl
E-148,-4.23,ClC(=C(C=C(Cl)Cl)Cl)Cl
E-149,-1.8,c1ccccc1F
E-150,-2.38,c1ccccc1Cl
E-151,-3.13,c1cc(I)ccc1F
E-152,-3.27,c1cc(Cl)ccc1Cl
E-153,-3.05,c1cccc(Cl)c1Cl
E-154,-3.04,c1ccc(Cl)cc1Cl
E-155,-3.21,c1ccc(Cl)cc1Br
E-156,-3.63,c1cc(Cl)ccc1Br
E-157,-4.07,c1cc(Br)ccc1Br
E-158,-3.5,c1cccc(Br)c1Br
E-159,-3.59,c1cc(Cl)cc(Cl)c1Cl
E-160,-4.0,c1ccc(Cl)c(Cl)c1Cl
E-161,-4.48,c1c(Cl)cc(Cl)cc1Cl
E-162,-5.04,c1ccc(Br)c(Br)c1Br
E-163,-2.31,c1c(F)cc(F)c(F)c1F
E-164,-2.38,c1c(F)c(F)cc(F)c1F
E-165,-4.63,c1c(Cl)cc(Cl)c(Cl)c1Cl
E-166,-4.57,c1cc(Cl)c(Cl)c(Cl)c1Cl
E-167,-2.78,c1ccccc1I
E-168,-3.19,c1cc(Br)ccc1C
E-169,-2.54,c1cc(F)ccc1CCl
E-170,-1.97,c1cc(F)ccc1F
E-171,-3.52,c1ccc(Br)cc1C
E-172,-3.52,c1cccc(Cl)c1C
E-173,-2.39,c1ccccc1CCl
E-174,-3.08,c1cc(Cl)ccc1C
E-175,-4.54,c1ccccc1c2c(Cl)cccc2
E-176,-4.88,c1ccccc1c2cc(Cl)ccc2
E-177,-6.56,c1cc(Cl)ccc1c2ccc(Cl)cc2
E-178,-5.27,c1cccc(Cl)c1c2c(Cl)cccc2
E-179,-5.8,c1ccc(Cl)cc1c2cc(Cl)ccc2
E-180,-6.39,c1ccccc1c2cc(Cl)c(Cl)cc2
E-181,-5.25,c1ccccc1c2c(Cl)cc(Cl)cc2
E-182,-5.21,c1ccccc1c2c(Cl)cccc2Cl
E-183,-6.27,c1ccccc1c2c(Cl)cc(Cl)c(Cl)c2
E-184,-6.25,c1cc(Cl)ccc1c2c(Cl)ccc(Cl)c2
E-185,-6.14,c1ccccc1c2c(Cl)cc(Cl)cc2Cl
E-186,-6.01,c1ccc(Cl)cc1c2c(Cl)ccc(Cl)c2
E-187,-6.26,c1cc(Cl)ccc1c2c(Cl)c(Cl)ccc2
E-188,-6.21,c1cc(Cl)ccc1c2c(Cl)cc(Cl)cc2
E-189,-6.29,c1ccccc1c2c(Cl)c(Cl)ccc2Cl
E-190,-7.28,c1ccc(Cl)c(Cl)c1c2c(Cl)c(Cl)ccc2
E-191,-7.8,c1cc(Cl)c(Cl)cc1c2c(Cl)cc(Cl)cc2
E-192,-6.47,c1ccc(Cl)c(Cl)c1c2c(Cl)ccc(Cl)c2
E-193,-6.57,c1cc(Cl)cc(Cl)c1c2c(Cl)ccc(Cl)c2
E-194,-7.0,c1c(Cl)ccc(Cl)c1c2c(Cl)ccc(Cl)c2
E-195,-7.39,Clc1cccc(Cl)c1c2c(Cl)cccc2Cl
E-196,-7.25,c1cc(Cl)c(Cl)cc1c2c(Cl)ccc(Cl)c2
E-197,-6.51,c1cc(Cl)cc(Cl)c1c2c(Cl)cc(Cl)cc2
E-198,-7.05,c1cc(Cl)c(Cl)cc1c2c(Cl)c(Cl)c(Cl)cc2
E-199,-7.32,Clc1cccc(Cl)c1c2c(Cl)cc(Cl)cc2Cl
E-200,-7.39,c1cc(Cl)c(Cl)cc1c2c(Cl)cc(Cl)c(Cl)c2
E-201,-7.21,c1c(Cl)c(Cl)c(Cl)c(Cl)c1c2c(Cl)cccc2
E-202,-7.43,Clc1cc(Cl)c(Cl)c(Cl)c1c2c(Cl)cccc2
E-203,-8.56,c1c(Cl)c(Cl)cc(Cl)c1c2c(Cl)cc(Cl)c(Cl)c2
E-204,-8.65,Clc1cc(Cl)c(Cl)cc1c2c(Cl)c(Cl)ccc2Cl
E-205,-8.6,Clc1cc(Cl)c(Cl)cc1c2c(Cl)c(Cl)cc(Cl)c2
E-206,-8.32,c1cc(Cl)c(Cl)c(Cl)c1c2c(Cl)cc(Cl)c(Cl)c2
E-207,-7.42,Clc1c(Cl)cc(Cl)c(Cl)c1c2c(Cl)ccc(Cl)c2
E-208,-8.71,Clc1c(Cl)cc(Cl)cc1c2c(Cl)cc(Cl)cc2Cl
E-209,-7.82,c1cc(Cl)c(Cl)cc1c2c(Cl)c(Cl)c(Cl)c(Cl)c2
E-210,-7.66,c1cc(Cl)c(Cl)cc1c2c(Cl)c(Cl)c(Cl)cc2Cl
E-211,-8.42,c1ccc(Cl)c(Cl)c1c2c(Cl)c(Cl)c(Cl)c(Cl)c2
E-212,-7.92,Clc1cc(Cl)c(Cl)c(Cl)c1c2c(Cl)cc(Cl)c(Cl)c2
E-213,-8.3,c1cc(Cl)c(Cl)c(Cl)c1c2c(Cl)c(Cl)c(Cl)cc2Cl
E-214,-8.94,c1c(Cl)ccc(Cl)c1c2c(Cl)c(Cl)c(Cl)c(Cl)c2Cl
E-215,-9.16,c1c(Cl)c(Cl)c(Cl)c(Cl)c1c2c(Cl)c(Cl)c(Cl)c(Cl)c2
E-216,-10.26,c1c(Cl)c(Cl)c(Cl)c(Cl)c1c2c(Cl)c(Cl)c(Cl)c(Cl)c2Cl
E-217,-10.41,Clc1c(Cl)c(Cl)c(Cl)c(Cl)c1c2c(Cl)c(Cl)cc(Cl)c2Cl
E-218,-11.62,Clc1c(Cl)c(Cl)c(Cl)c(Cl)c1c2c(Cl)c(Cl)c(Cl)c(Cl)c2Cl
E-219,-6.9,ClC(Cl)=C(c1ccc(Cl)cc1)c2ccc(Cl)cc2
E-220,-4.14,c(c(ccc1Cl)ccc2)(c2)c1
E-221,-3.93,c1ccc2ccccc2c1Cl
E-222,-4.35,c1ccc2ccccc2c1Br
E-223,0.0,CCCCO
E-224,0.43,CCC(O)C
E-225,0.04,OCC(C)C
E-226,-0.6,CCCCCO
E-227,-0.24,CCC(O)CC
E-228,0.08,CC(O)(CC)C
E-229,-0.47,CCC(C)CO
E-230,-0.52,OCCC(C)C
E-231,-0.2,OC(C(C)C)C
E-232,-1.24,CCCCCCO
E-233,-0.8,CCC(O)CCC
E-234,-0.89,CC(O)CCCC
E-235,-0.7,CCC(O)C(C)C
E-236,-0.8,OC(CC(C)C)C
E-237,-0.49,OC(CCC)(C)C
E-238,-1.11,OCC(CCC)C
E-239,-1.04,CCC(C)(C)CO
E-240,-0.5,OCCC(C)(C)C
E-241,-1.17,OCC(CC)CC
E-242,-0.72,CC(O)C(C)CC
E-243,-0.38,OC(CC)(CC)C
E-244,-0.41,CC(O)(C)C(C)C
E-245,-0.44,C1CCCCC1O
E-246,-1.81,OCCCCCCC
E-247,-1.47,CCCCC(O)CC
E-248,-1.4,CCCC(O)CCC
E-249,-0.92,CC(O)(C)CC(C)C
E-250,-1.52,OCC(C)(C)CCC
E-251,-1.55,OCCCC(C)(C)C
E-252,-1.38,CC(O)CCC(C)C
E-253,-1.08,CCCCC(O)(C)C
E-254,-1.15,CC(C)(C)C(O)CC
E-255,-1.0,CCC(O)(C)CCC
E-256,-0.89,CC(O)(C)C(C)CC
E-257,-0.85,CC(C)C(C)(O)CC
E-258,-0.85,OC(CC)(CC)CC
E-259,-2.39,OCCCCCCCC
E-260,-2.09,OC(CCCCCC)C
E-261,-2.11,OCC(CCCC)CC
E-262,-1.72,CCCCC(C)C(C)O
E-263,-1.27,CC(C)(C)C(O)(C)CC
E-264,-1.72,CC(O)(C)CCCCC
E-265,-0.74,c1ccccc1CCO
E-266,-2.55,OC(c(cccc1)c1)c(cccc2)c2
E-267,-4.67,OCCCCCCCCCCCC
E-268,-1.38,OCCCc(cccc1)c1
E-269,-0.71,OCCOc(cccc1)c1
E-270,-3.01,OCCCCCCCCC
E-271,-0.88,OC(CCC(C1)C)C1
E-272,-2.1,c1c(Cl)c(CO)c(Cl)cc1
E-273,0.0,Oc(cccc1)c1
E-274,0.81,Oc(cccc1O)c1
E-275,-0.17,c1cc(O)ccc1O
E-276,-0.62,Oc(c(ccc1)C)c1
E-277,-0.4,c1ccccc1CO
E-278,-0.7,c1cc(C)ccc1O
E-279,-0.29,OCc(c(O)ccc1)c1
E-280,-0.92,OC(c1ccccc1)C
E-281,-1.19,c1cc(C)cc(C)c1O
E-282,-1.4,c1c(C)cc(C)cc1O
E-283,-2.41,Oc(ccc(c1)C(C)(C)C)c1
E-284,-3.48,Oc(ccc(c(cccc1)c1)c2)c2
E-285,-2.82,Oc(ccc(c1)C(c(ccc(O)c2)c2)(C)C)c1
E-286,-2.22,Oc(c(c(ccc1)cc2)c1)c2
E-287,-2.92,Oc(c(c(c(O)cc1)cc2)c1)c2
E-288,-1.36,Oc(c(ccc1)CC)c1
E-289,-2.39,Oc(c(c(cccc1)c1)ccc2)c2
E-290,0.58,CCC=O
E-291,-0.85,CCCCC=O
E-292,-1.3,O=CCCCCC
E-293,-1.7,O=CCCCCCC
E-294,-2.36,O=CCCCCCCC
E-295,0.57,O=CC=C
E-296,0.32,O=CC=CC
E-297,-1.19,O=Cc(cccc1)c1
E-298,-1.63,O=Cc(ccc(OCO1)c12)c2
E-299,0.52,O=C(CC)C
E-300,-0.19,O=C(CCC)C
E-301,-0.8,O=C(CCCC)C
E-302,-1.42,O=C(CC(C)C)C
E-303,-1.42,O=C(CCCCC)C
E-304,-1.3,O=C(CCC)CCC
E-305,-2.05,O=C(CCCCCC)C
E-306,-2.59,O=C(CCCC)CCCC
E-307,-0.83,O=C(C=C)CCC
E-308,-1.06,O=C(C=C(CC1(C)C)C)C1
E-309,-1.33,O=C(CCC(C)C)C
E-310,-1.83,O=C(c(cccc1)c1)CC
E-311,0.22,CC(=O)CC(=O)C
E-312,-3.31,O=C(CCCCCCCC)C
E-313,-4.43,O=C(C(C(C(C(C(C(C(=CC(=O)C1)C2)(C1)C)C3)C2)C4)(C3)C)C4)C
E-314,-1.28,O=C(c(cccc1)c1)C
E-315,-5.19,O=C(c(c(C(=O)c1cccc2)ccc3)c3)c12
E-316,1.22,CC(=O)O
E-317,0.38,OC(=O)C(=O)O
E-318,-0.19,CCCC(=O)O
E-319,1.0,O=C(O)CCCC(=O)O
E-320,-1.06,O=C(O)CCCCC
E-321,-0.82,O=C(O)CCCCC(=O)O
E-322,-2.3,O=C(O)CCCCCCC
E-323,-4.62,O=C(O)CCCCCCCCCCC
E-324,0.01,O=C(O)C(=C)C
E-325,-1.77,O=C(O)C=CC=CC
E-326,-1.55,O=C(O)c(cccc1)c1
E-327,-2.6,c1cc(C)ccc1C(=O)O
E-328,-2.06,c1cccc(C)c1C(=O)O
E-329,-0.89,O=C(O)Cc(cccc1)c1
E-330,-2.11,O=C(O)c(c(ccc1)C(=O)O)c1
E-331,-6.81,O=C(O)CCCCCCCCCCCCCCC
E-332,-2.21,O=C(O)C(O)(c(cccc1)c1)c(cccc2)c2
E-333,-1.84,O=C(OC(C1C(C2(CC(O)(C3=C)CC4)C3)C(=O)O)(C24)C=CC5O)C15C
E-334,0.28,O=C(O)C(C)C
E-335,-0.81,O=C(O)C(CC)CC
E-336,-1.86,CCCC(CCC)C(O)=O
E-337,-1.45,O=C(O)C(CCCC1)C1
E-338,-1.1,O=C(O)COc(cccc1)c1
E-339,-3.55,O=C(O)CCCCCCCCCC
E-340,-3.4,O=C(O)CCCCCCCCC=C
E-341,-1.68,O=C(NCC(=O)O)c(cccc1)c1
E-342,-1.47,OC(=O)c1ccsc1
E-343,-0.48,O=C(O)C(OC=C1)=C1
E-344,0.58,O=COC
E-345,0.52,O=C(OC)C
E-346,-0.04,O=C(OCC)C
E-347,-0.49,O=COCCC
E-348,-0.14,O=C(OC)CC
E-349,-0.72,O=C(OCCC)C
E-350,-0.82,O=C(OC)CCC
E-351,-1.01,O=COCC(C)C
E-352,-0.55,O=C(OC(C)C)C
E-353,-1.24,O=C(OCCCC)C
E-354,-1.36,O=C(OC)CCCC
E-355,-1.21,O=C(OCC(C)C)C=C
E-356,-0.82,O=C(OCC)CC(=O)OCC
E-357,-1.89,O=C(OCCCCC)C
E-358,-2.0,O=C(OC)CCCCC
E-359,-1.75,O=C(OCC)CCCC
E-360,-1.92,O=C(OCCC(C)C)C
E-361,-2.46,O=C(OCCCCCC)C
E-362,-3.39,O=C(OC)CCCCCCC
E-363,-2.71,O=C(OCC)CCCCCC
E-364,-0.6,O=C(OCC(OC(=O)C)COC(=O)C)C
E-365,-3.39,O=C(OCC)CCCCCCC
E-366,-4.1,O=C(OCC)CCCCCCCCC
E-367,-0.22,O=C(OC)C=C
E-368,-0.74,O=C(OCC)C=C
E-369,-0.8,O=C(OC)C(=C)C
E-370,-2.32,O=C(OCC)c(cccc1)c1
E-371,-1.66,O=C(OC)c(c(ccc1)C(=O)OC)c1
E-372,-2.67,O=C(OCCC)c(cccc1)c1
E-373,-2.35,O=C(OCC)c(c(ccc1)C(=O)OCC)c1
E-374,-4.66,O=C(OCC(C)C)c(c(ccc1)C(=O)OCC(C)C)c1
E-375,-6.96,O=C(OCC(CCCC)CC)c(c(ccc1)C(=O)OCC(CCCC)CC)c1
E-376,-5.64,O=C(OCc(cccc1)c1)c(c(ccc2)C(=O)OCCCC)c2
E-377,0.48,COCOC
E-378,-0.39,COCCC
E-379,-0.06,COC(C)C
E-380,-0.99,COCCCC
E-381,-0.66,CCOCCC
E-382,-0.55,CCOC(C)C
E-383,-0.03,O(CCCC1)C1
E-384,-1.62,CCCOCCC
E-385,-1.1,O(C(C)C)C(C)C
E-386,-0.77,CCOCCOCC
E-387,-0.43,O(C(OCC)C)CC
E-388,-1.85,CCCCOCCCC
E-389,-0.85,CCOC=C
E-390,-3.96,c1ccccc1Oc2ccccc2
E-391,-5.31,o2c1ccccc1oc3ccccc23
E-392,-4.85,Cc1cccc(c1)Oc2cccc(c2)C
E-393,-0.59,O(C1C)C1
E-394,0.56,O(CCC1)C1
E-395,0.11,O(C(CC1)C)C1
E-396,-0.82,O1C=CC=C1
E-397,-4.6,o(c(c(c1cccc2)ccc3)c3)c12
E-398,0.51,O=C(O)C(O)(CC(=O)O)CC(=O)O
E-399,0.74,OCC1C(O)C(O)C(O)C(O)O1
E-400,0.64,O1CC(O)C(O)C(O)C1(O)CO
E-401,-3.11,CC13CCC(=O)C=C1CCC4C2CCC(O)(C(=O)CO)C2(C)CC(=O)C34
E-402,-3.64,C1(=O)C=C2CCC3C4CC(C)C(O)(C(=O)CO)C4(C)CC(O)C3(F)C2(C)C=C1
E-403,-4.3,CC(=O)OCC(=O)C3(O)CCC4C2CCC1=CC(=O)CCC1(C)C2C(=O)CC34C
E-404,-3.21,C1C2=CC(=O)C=CC2(C)C3C(O)CC4(C)C(O)(C(=O)CO)CCC4C3C1
E-405,-4.28,O=C(OC(C(C(C(C(C(C(=CC(=O)C1)C2)(C1)C)C3)C2SC(=O)C)C4)(C3)C)(C4)C5)C5
E-406,-3.96,O=C(C(C(C(C(c(c(cc(O)c1)C2)c1)C3)C2)C4)(C3)C)C4
E-407,-4.63,C1C(=O)C=C2CCC3C4CCC(C(=O)COC(=O)C)C4(C)CCC3C2(C)C1
E-408,-3.99,O=C(C=C(C(C(C(C(C(C(O)(C)C1)(C2)C)C1)C3)C2)(C4)C)C3)C4
E-409,-3.69,C1C(=O)C=C2CCC3C4CCC(=O)C4(C)CCC3C2(C)C1
E-410,-4.13,O=C1C=C2CCC3C4CC(OC(=O)C)C(O)(C(=O)COC(=O)C)C4(C)CC(O)C3(F)C2(C)C=C1
E-411,-4.71,CC(=O)C3(O)CCC4C2CCC1=CC(=O)CCC1(C)C2CCC34C
E-412,-4.32,O=C1C=C2CCC3C4CC5OC(C)(C)OC5(C(=O)CO)C4(C)CC(O)C3(F)C2(C)C=C1
E-413,-3.69,CC34CC(O)C1(F)C(CCC2=CC(=O)C=CC12C)C3CC(O)C4(O)C(=O)CO
E-414,-3.77,C1=CC(=O)C=C2CCC3C4CC(C)C(O)(C(=O)CO)C4(C)CC(O)C3(F)C12C
E-415,-4.1,CC1CC2C3CCC(O)(C(=O)C)C3(C)CC(O)C2(F)C4(C)C=CC(=O)C=C14
E-416,-4.9,C1(=O)C=C2CCC3C4CC(C)C(O)(C(=O)COC(=O)C)C4(C)CC(O)C3(F)C2(C)C=C1
E-417,-4.71,C1=CC(=O)C=C2CCC3C4CC(C)C(OC(=O)CCCC)(C(=O)CO)C4(C)CC(O)C3(F)C12C
E-418,-1.96,O(c(c(O)ccc1)c1)C
E-419,-1.41,O=C(O)c(ccc(O)c1)c1
E-420,-0.96,O=Cc(ccc(O)c1)c1
E-421,-1.49,O=Cc(ccc(OC)c1)c1
E-422,-0.85,O(C(C(O)C(O)C1O)CO)C1Oc(c(ccc2)CO)c2
E-423,-3.15,O=C(Oc(cccc1)c1)c(c(O)ccc2)c2
E-424,-0.11,ClCC(O)CCl
E-425,0.3,FC(F)(F)C(O)C
E-426,-0.7,Oc(ccc(c1)Cl)c1
E-427,-0.7,c1ccc(Cl)cc1O
E-428,-1.09,Oc(ccc(c1)Br)c1
E-429,-1.55,c1cc(Cl)cc(Cl)c1O
E-430,-2.21,c1c(Cl)c(Cl)cc(Cl)c1O
E-431,-4.28,Oc(c(c(c(c1Cl)Cl)Cl)Cl)c1Cl
E-432,-1.57,c1cc(Cl)c(C)cc1O
E-433,0.93,O=C(O)CCl
E-434,-1.89,O=C(O)c(c(ccc1)Cl)c1
E-435,-2.59,O=C(O)c(cccc1Cl)c1
E-436,-1.12,ClCCOCCCl
E-437,-6.89,COc1ccc(cc1)C(c2ccc(OC)cc2)C(Cl)(Cl)Cl
E-438,-1.7,COc1c(Cl)ccc(Cl)c1C(O)=O
E-439,-0.14,CCN(CC)CC
E-440,-0.46,CCCNCCC
E-441,-1.85,CCCCCCCN
E-442,0.84,CN(C)C
E-443,-2.28,CCCN(CCC)CCC
E-444,-1.71,NCC(CCCC)CC
E-445,-1.44,CCCCNCCCC
E-446,-0.41,c1ccccc1N
E-447,-0.42,c1cccc(N)c1N
E-448,-0.38,c1cc(N)ccc1N
E-449,-0.85,c1cccc(C)c1N
E-450,-1.21,c1cc(C)ccc1N
E-451,-0.85,c1ccc(C)cc1N
E-452,-1.53,c1ccccc1CN
E-453,-1.7,c1ccccc1NCC
E-454,-3.03,c1ccccc1N(CC)CC
E-455,-2.7,Nc(ccc(c(ccc(N)c1)c1)c2)c2
E-456,-3.51,c1ccccc1Nc2ccccc2
E-457,-2.3,Nc(ccc(c1)Cc(ccc(N)c2)c2)c1
E-458,0.07,N(N)c(cccc1)c1
E-459,0.76,c1ccccn1
E-460,0.38,c1ccc(C)c(C)n1
E-461,0.38,c1cc(C)cc(C)n1
E-462,0.45,Cc1cccc(C)n1
E-463,0.36,c1cc(C)c(C)cn1
E-464,0.38,c1c(C)cc(C)cn1
E-465,-1.3,n(c(c(ccc1)cc2)c1)c2
E-466,-1.42,n(c(ccc1)c(nccc2)c2)c1
E-467,-1.54,n(ccc(c1)c(ccnc2)c2)c1
E-468,0.79,n(cccc1C(N(CC2)C)C2)c1
E-469,0.01,NNC(=O)c1ccncc1
E-470,0.61,O=C(N)c(cccn1)c1
E-471,0.96,n(cccc1CO)c1
E-472,-0.91,O=C(N)c(nccn1)c1
E-473,1.1,n(cccn1)c1
E-474,-3.36,c1ccc2c(c1)ccc3ncccc23
E-475,-1.5,c1ccc2ncsc2c1
E-476,-1.45,s1cccc1
E-477,-5.4,n(c(c(ccc1)cc2)c1)c2c(nc(c(ccc3)c4)c3)c4
E-478,-2.42,n(c(c(ccc1)cc2)c1O)c2
E-479,-1.16,o(c(c(n1)ccc2)c2)c1
E-480,1.1,n(nccc1)c1
E-481,-2.54,c1cc2ncccc2c(O)c1
E-482,-2.39,C1(C)=CSC=C1
E-483,-2.59,C1=CSC(CC)=C1
E-484,-0.07,Cc1cc(O)no1
E-485,-3.81,O=C(N(N(C1=O)c(cccc2)c2)c(cccc3)c3)C1CCCC
E-486,-2.23,COC(=O)C1C(CC2CCC1N2C)OC(=O)c3ccccc3
E-487,-4.19,CN(C)CCCN2c1ccccc1CCc3ccccc23
E-488,-5.01,CN(C)CCCN2c1ccccc1Sc3ccc(Cl)cc23
E-489,-2.17,CCC1(C(=O)NC(=O)NC1=O)C2=CCCCC2
E-490,-2.06,C=CCC1(CC=C)C(=O)NC(=O)NC1=O
E-491,-0.13,CC(C)(S)C(N)C(O)=O
E-492,-4.43,OC2(CCN(CCCC(=O)c1ccc(F)cc1)CC2)c3ccc(Cl)cc3
E-493,-2.74,CN2C(=O)NC(=O)C(C)(C1=CCCCC1)C2=O
E-494,-4.35,Oc(ccc(C(=C(c(ccc(O)c1)c1)CC)CC)c2)c2
E-495,-2.11,O=C(NC(C(O)c(ccc(N(=O)=O)c1)c1)CO)C(Cl)Cl
E-496,-3.32,O=C(N(c(c(C1(C(N(C2)CC(C3C4C5OC6)=C6)C3)C2)ccc7)c7)C14)C5
E-497,-1.39,CCC1(CC)C(=O)NC(=O)NC1=O
E-498,-1.67,O=C(OCC(CCC)(C)COC(=O)N)N
E-499,-2.27,O=S(=O)(Nc(nc(cc1C)C)n1)c(ccc(N)c2)c2
E-500,-0.63,c1ccccc1N2C(=O)C(N(C)C)=C(C)N2C
E-501,-4.3,c1ccc2Sc3ccccc3N(CCCN(C)C)c2c1
E-502,-2.62,O=S(=O)(N)c(c(cc(NCNS1(=O)=O)c12)Cl)c2
E-503,-3.05,NS(=O)(=O)c1c(Cl)cc2N=CNS(=O)(=O)c2c1
E-504,-1.4,O=C(OCCN(CC)CC)c(ccc(N)c1)c1
E-505,-4.26,c1ccc2Sc3ccccc3N(CC(C)N(C)C)c2c1
E-506,-3.22,O=C1NCCN1c2ncc(s2)N(=O)=O
E-507,-2.37,CC(=O)Nc1ccc(OCC)cc1
E-508,-1.36,O=S(=O)(N)c(ccc(N)c1)c1
E-509,-4.15,OCCN4CCN(CCCN2c1ccccc1Sc3ccc(cc23)C(F)(F)F)CC4
E-510,-1.95,c12ncnc(N)c1ccn2C3OC(CO)C(O)C3(O)
E-511,-2.43,c1cc(N)ccc1S(=O)(=O)Nc2nccs2
E-512,-2.52,CCCC(C)C1(CC)C(=O)NC(=O)NC1=O
E-513,-1.71,CC(C)C1(CC=C)C(=O)NC(=O)NC1=O
E-514,-3.46,O=C1NC(=S)NC(=O)C1(CC=C)C(C)CCC
E-515,-1.64,CCCCC1(CC)C(=O)NC(=O)NC1=O
E-516,-2.68,O=C(NC(=O)C(Br)(CC)CC)N
E-517,-2.61,O=C(NC(=O)c1cccc2)c12
E-518,-1.89,c1cc2OC(=O)C=Cc2cc1
E-519,-1.94,CCc2nnc(NS(=O)(=O)c1ccc(N)cc1)s2
E-520,-1.56,O(c(c(O)ccc1CC=C)c1)C
E-521,-2.18,c1ccccc1C2(CC=C)C(=O)NC(=O)NC2=O
E-522,-4.52,CN4CCN(CCCN2c1ccccc1Sc3ccc(cc23)C(F)(F)F)CC4
E-523,-2.96,c1cc(N)ccc1S(=O)(=O)Nc2nc(OC)nc(OC)c2
E-524,-2.64,CCC1(C(=O)NCNC1=O)c2ccccc2
E-525,-3.73,CCCCC1C(=O)N(N(C1=O)c2ccc(O)cc2)c3ccccc3
E-526,-2.68,O=S(=O)(N)c(c(cc(NC(NS1(=O)=O)C(Cl)Cl)c12)Cl)c2
E-527,-1.76,O=C(Nc(c(ccc1)C)c1C)CN(CC)CC
E-528,-1.23,O=C(NS(=O)(=O)c(ccc(N)c1)c1)C
E-529,0.7,OCC(O)C(O)CO
E-530,-0.42,OC(c(cccc1)c1)C(NC)C
E-531,-2.18,O=C(NCCCC)NS(=O)(=O)c(ccc(N)c1)c1
E-532,-3.18,CCN(CC)CCNC(=O)c1cc(Cl)c(N)cc1OC
E-533,-1.26,Cc1ncc(N(=O)=O)n1CCO
E-534,-3.81,CCOc2ccc1nc(sc1c2)S(N)(=O)=O
E-535,-3.0,CCC1(C(=O)NC(=O)NC1=O)C2=CCCCCC2
E-536,-3.62,Oc1cc(O)c2C(=O)CC(c3cc(O)c(O)cc3)Oc2c1
E-537,-2.82,c1cc(N)ccc1S(=O)(=O)Nc2ncc(C)cn2
E-538,-2.58,c1cc(N)ccc1S(=O)(=O)Nc2ncc(OC)cn2
E-539,-4.21,c1cc(C)ccc1S(=O)(=O)NC(=O)NC2CCCCC2
E-540,-2.86,COc2cc(Cc1cnc(N)nc1N)cc(OC)c2OC
E-541,-3.6,OC3N=C(c1ccccc1Cl)c2cc(Cl)ccc2NC3=O
E-542,-3.68,Cc1ccc(cc1)S(=O)(=O)NC(=O)NN2CCCCCC2
E-543,-3.76,n(c(ccc1)C(Cl)(Cl)Cl)c1Cl
E-544,-2.93,CN(C)C(=O)Nc1cccc(OC(=O)NC(C)(C)C)c1
E-545,-4.49,c1ccccc1c2c(F)cc(C(C)C(=O)O)cc2
E-546,-3.35,CCOP(=S)(OCC)N2C(=O)c1ccccc1C2=O
E-547,-3.14,CC1=C(SCCO1)C(=O)Nc2ccccc2
E-548,-2.86,CN(C)C=Nc1ccc(Cl)cc1C
E-549,-2.19,o1c(N(=O)(=O))ccc1C=NO
E-550,-1.57,CNC(=O)Oc1ccccc1C2OCCO2
E-551,-3.99,O=C(O)C(c(ccc(c1)CC(C)C)c1)C
E-552,-4.16,COc2ccc1cc(ccc1c2)C(C)C(O)=O
E-553,-2.81,c1ccccc1CNC(=O)CN2C(N(=O)=O)=NC=C2
E-554,-5.06,c1ccccc1c2ccc(C(=O)CCC(=O)O)cc2
E-555,-1.98,C1CCCCN1c2nc(N)n(=O)c(N)c2
E-556,-2.1,n1c(N)nc(N)c(Cc2cc(OC)c(OCCOC)c(OC)c2)c1
E-557,-3.71,C1CN(CCC2=CC=CS2)CCC1(COC)N(C(=O)CC)c3ccccc3
E-558,-3.37,n1cncn1CC(O)(c2ccc(F)cc2)c3ccccc3F
E-559,-1.07,N1C(=O)NC(=O)C(F)=C1
E-560,1.34,CNN
E-561,-1.52,C1=C(C)C(=O)NC(=O)N1
E-562,-1.48,C1=CC(=O)NC(=O)N1
E-563,-2.34,CCC1(CCC(=O)NC1=O)c2ccccc2
E-564,-0.17,O=NN(CCCC1)C1
E-565,-4.45,N(=Nc(cccc1)c1)c(cccc2)c2
E-566,1.0,O(CCN(C1)C)C1
E-567,1.07,N(CCCC1)C1
E-568,1.06,O(CCNC1)C1
E-569,1.15,N(CCC1)C1
E-570,-0.31,NC(=NC(#N))N
E-571,-0.8,C1=CC(=O)NC(=O)N1C
E-572,1.07,O=C(NCC1)C1
E-573,0.23,N(CCCC1)(C1)C
E-574,0.96,CN1C(=O)C=CC=C1
E-575,0.15,C=CC#N
E-576,-1.0,c1ccccc1C#N
E-577,-2.38,N#Cc(c(C#N)ccc1)c1
E-578,-2.92,N(Nc(cccc1)c1)c(cccc2)c2
E-579,-0.8,Oc(ccc(N)c1)c1
E-580,-1.52,c1cccc(N)c1C(=O)O
E-581,-0.4,O=C(O)c(ccc(N)c1)c1
E-582,0.97,O=C(OC)N
E-583,-0.66,O=C(OCCCC)N
E-584,-0.3,O=C(OCC(C)C)N
E-585,0.1,O=C(OC(C)(C)C)N
E-586,-0.35,O=C(OCc1ccccc1)N
E-587,0.96,NC(=O)N
E-588,1.12,O=C(N)NO
E-589,-0.85,O=C(N)N(C)N=O
E-590,-0.96,O=C(N)N(CC)N=O
E-591,0.94,O=C(N(C)C)N(C)C
E-592,-0.95,NC(=O)NCc1ccccc1
E-593,1.58,CC(=O)N
E-594,1.11,CC(=O)N(C)C
E-595,-0.96,O=C(N)c(cccc1)c1
E-596,-2.92,O=C(N)c(c(ccc1)C(=O)N)c1
E-597,-1.33,O=C(Nc(cccc1)c1)C
E-598,-1.6,O=C(N(C)C)Nc(cccc1)c1
E-599,-2.05,CNC(=O)Oc1ccccc1OC(C)C
E-600,-3.28,C1=CC2C(N(C)C5)Cc3ccc(O)c4c3C2(C5)C(O4)C1O
E-601,-1.52,COc1ccc2CC5C3C=CC(O)C4Oc1c2C34CCN5C
E-602,-0.8,CCCN(=O)=O
E-603,-1.8,O=N(=O)c(cccc1)c1
E-604,-2.33,O=N(=O)c(c(ccc1)C)c1
E-605,-2.44,O=N(=O)c(cccc1C)c1
E-606,-2.49,O=N(=O)c(ccc(c1)C)c1
E-607,-0.74,O=N(=O)c(ccc(O)c1)c1
E-608,-1.74,O=N(=O)c(c(O)ccc1)c1
E-609,-1.01,O=N(=O)c(cccc1O)c1
E-610,-3.38,O=N(=O)c(cc(N(=O)=O)c(O)c1C(CC)C)c1
E-611,-1.68,O=C(O)c(cccc1N(=O)=O)c1
E-612,-1.96,O=N(=O)c(c(OC)ccc1)c1
E-613,-2.41,O=N(=O)c(ccc(OC)c1)c1
E-614,-2.19,O=N(=O)c(cccc1N)c1
E-615,-2.37,O=N(=O)c(ccc(N)c1)c1
E-616,-1.51,NC(=N)NCC(=O)O
E-617,-1.66,Nc(ccc(c1)Cl)c1
E-618,-1.52,Nc(c(ccc1)Cl)c1
E-619,-3.24,Nc(ccc(c1Cl)Cl)c1
E-620,-1.47,FC(F)(F)c(cccc1N)c1
E-621,-4.92,Nc(c(cc(c(ccc(N)c1Cl)c1)c2)Cl)c2
E-622,-4.24,Clc1cccc(Cl)c1C#N
E-623,-4.55,n(c(nc(n1)NCC)NCC)c1Cl
E-624,-4.06,n(c(nc(n1)N(CC)CC)NCC)c1Cl
E-625,-3.15,CCNc1nc(Cl)nc(NC(C)(C)C#N)n1
E-626,-4.43,CC(C)Nc1nc(Cl)nc(NC(C)C)n1
E-627,-3.38,CC(C)OC(=O)Nc1cccc(Cl)c1
E-628,-2.57,O=C(N(OC)C)Nc(ccc(c1)Cl)c1
E-629,-2.89,O=C(N(C)C)Nc(ccc(c1)Cl)c1
E-630,-3.52,O=C(N(OC)C)Nc(ccc(c1Cl)Cl)c1
E-631,-3.43,O=C(N(C)C)Nc(cccc1C(F)(F)F)c1
E-632,-2.48,CC(C)N(C(=O)CCl)c1ccccc1
E-633,-4.77,CCCCN(C)C(=O)Nc1ccc(Cl)c(Cl)c1
E-634,-2.48,CC1=C(Cl)C(=O)N(C(C)(C)C)C(=O)N1
E-635,-4.89,CN(C)C(=O)Nc2ccc(Oc1ccc(Cl)cc1)cc2
E-636,-5.46,O=N(=O)c(ccc(Oc(c(cc(c1)Cl)Cl)c1)c2)c2
E-637,-5.68,CCCN(CCC)c1c(cc(cc1N(=O)=O)C(F)(F)F)N(=O)=O
E-638,-3.61,CC(C)(C)C(=O)C(Oc1ccc(Cl)cc1)n2cncn2
E-639,-2.18,CCCCS
E-640,-2.12,c1ccccc1S
E-641,-3.04,CCNc1nc(NC(C)C)nc(SC)n1
E-642,-4.0,CCNc1nc(NC(C)(C)C)nc(SC)n1
E-643,-0.71,N(C(=S)NC1)C1
E-644,-1.46,CCNC(=S)NCC
E-645,-1.77,NC(=S)Nc(cccc1)c1
E-646,-2.26,n(ccc(n1)O)c1S
E-647,-1.64,O=C(NS(=O)(=O)c1cccc2)c12
E-648,-1.74,O=S(=O)(N)c(ccc(c1)C)c1
E-649,-2.02,O=S(=O)(N)c(c(ccc1)C)c1
E-650,-5.16,CCCN(CCC)c1c(cc(cc1N(=O)=O)S(N)(=O)=O)N(=O)=O
E-651,0.43,O=P(OCC)(OCC)OCC
E-652,-6.7,O=P(Oc1ccc(O)cc1C)(Oc2cc(O)ccc2C)Oc3c(O)cccc3C
E-653,-4.11,CCOP(=S)(OCC)SCSCC
E-654,-4.23,CCOP(=S)(OCC)SCCSCC
E-655,-4.1,COP(=S)(OC)SCN2C(=O)c1ccccc1C2=O
E-656,-4.82,COP(=S)(OC)Oc1nc(Cl)c(Cl)cc1Cl
E-657,-3.68,COP(=S)(OC)Oc1ccc(cc1)N(=O)=O
E-658,-4.31,COP(=S)(OC)Oc1ccc(cc1Cl)N(=O)=O
E-659,-5.54,CCOP(=S)(OCC)SCSP(=S)(OCC)OCC
E-660,-5.14,O=P(SCCCC)(SCCCC)SCCCC
E-661,-6.09,COP(=S)(OC)Oc1cc(Cl)c(Br)cc1Cl
E-662,-5.72,COP(=S)(OC)Oc1cc(Cl)c(Cl)cc1Cl
E-663,-3.37,O=C(O)CCC(C(C(C(C(C(C(C(C1)CC(O)C2)(C2)C)C3)C1O)C4)(C3O)C)C4)C
E-664,-3.95,O=C(O)CCC(C(C(C(C(C(C(C(C1)CC(O)C2)(C2)C)C3)C1)C4)(C3O)C)C4)C
E-665,-3.82,C1C(O)CC2CC(O)C3C4CCC(C(C)CCC(=O)O)C4(C)CCC3C2(C)C1
E-666,-3.64,CC(CCC(O)=O)C3CCC4C2C(O)CC1CC(O)CCC1(C)C2CCC34C
E-667,-4.08,c1cc2N3C(C)=NN=C3CN=C(c4c(Cl)cccc4)c2cc1Cl
E-668,-4.62,COc1ccc2n(C(=O)c3ccc(Cl)cc3)c(C)c(CC(=O)O)c2c1
E-669,-0.36,s1c(N)ncc1
E-670,-4.6,N(c(c(c(ccc1)cc2)c1)c2)=C=S
E-671,-0.29,N#CCCCl
E-672,-0.96,N#CCC=CC
E-673,-0.98,O=C(Nc(ccc(N)c1)c1)C
E-674,-3.08,O=C(Nc(ccc(c1)Br)c1)C
E-675,-1.78,O=C(Nc(ccc(c1)F)c1)C
E-676,-1.58,O=C(Nc(ccc(c1)C=O)c1)C
E-677,-3.25,O=C(Nc(ccc(c1)I)c1)C
E-678,-1.3,O=C(Nc(ccc(c1)OC)c1)C
E-679,-2.36,CN(C)C(=O)NC1CCCCCCC1
E-680,-3.7,CCCCOc2cc(C(=O)NCCN(CC)CC)c1ccccc1n2
E-681,-3.4,CN(C)CCC=C2c1ccccc1COc3ccccc23
E-682,-8.4,FC(F)(F)c(cccc1C(n(ncn2)c2)(c(cccc3)c3)c(cccc4)c4)c1
E-683,-1.04,N(c(c(ccc1)C2)c1)C2
E-684,-3.01,O=C(NC1C2C3CCCC3C(C1)C2)N(C)C
E-685,-3.54,CC(C)c1ccc(NC(=O)N(C)C)cc1
E-686,-3.37,Cc1ccc2C(=O)C(C(=O)O)=CN(CC)c2n1
E-687,-2.98,C1CNCCN1c2ncc3C(=O)C(C(=O)O)=CN(CC)c3n2
E-688,-4.57,CC34CCC1C(CCC2=CC(=O)CCC12)C3CCC4(O)C#C
E-689,-4.79,CC(=O)OC3(CCC4C2CCC1=CC(=O)CCC1C2CCC34C)C#C
E-690,-2.99,O=C1C=C2C(C)CC3C4CCC(O)(C(=O)CO)C4(C)CC(O)C3C2(C)C=C1
E-691,-3.61,Oc1c(I)cc(C#N)cc1I
E-692,-3.36,O=C1NC(=S)NC(=O)C1(CC)C(C)CCC
E-693,-2.23,O=C(NC(=O)C(O)(C1=O)C(O)(C(=O)NC(=O)N2)C2=O)N1
E-694,-3.68,Cc1c(C)cc2N=C3C(=O)NC(=O)N=C3N(CC(O)C(O)C(O)CO)c2c1
E-695,-2.47,O=C(O)c(c(c(N)cc1Cl)Cl)c1
E-696,-4.37,ClCC#CCOC(=O)Nc1cccc(Cl)c1
E-697,-3.12,CN(C)C2C1CC4C(=C(O)C1(O)C(=O)C(=C2O)C(N)=O)C(=O)c3c(O)cccc3C4(C)O
E-698,-3.14,O=C(N)C(=C(O)C(N(C)C)C(C1(O)C(O)=C(C2C(O)(c(c3c(O)cc4)c4)C)C3=O)C2O)C1=O
E-699,-1.23,O=C(O)C(N)Cc(cccc1)c1
E-700,-2.98,CN(C)C(=O)C(c1ccccc1)c2ccccc2
E-701,-4.88,CC(C)N(C(C)C)C(=O)SCC(Cl)=C(Cl)Cl
E-702,-0.42,O=C(O)C(N)CCSC
E-703,-3.35,CCCCN(CC)C(=O)SCCC
E-704,-0.46,O=C(OC)c(cccn1)c1
E-705,-2.33,CCCOC(=O)c1ccc(N)cc1
E-706,1.07,O=C(OCC1)C1
E-707,-1.24,O=C(OC)c(cc(O)c(O)c1O)c1
E-708,-1.78,O=C(OC)c(ccc(O)c1)c1
E-709,-3.0,O=C(OCC)C=Cc(cccc1)c1
E-710,-0.96,O=C(OCC)CCC(=O)OCC
E-711,-3.13,O=C(OCC=C)c(c(ccc1)C(=O)OCC=C)c1
E-712,-3.48,O=C(OCCCC)c(cccc1)c1
E-713,-1.59,O=C(OC)c(ccc(N)c1)c1
E-714,-3.95,CCCCCCOC(=O)c1ccc(N)cc1
E-715,-4.6,CCCCCCCOC(=O)c1ccc(N)cc1
E-716,-5.4,CCCCCCCCOC(=O)c1ccc(N)cc1
E-717,-3.59,O=C(Nc(cccc1)c1)c(c(O)ccc2)c2
E-718,-0.74,ONc(cccc1)c1
E-719,-2.39,S(c(cccc1)c1)C
E-720,-0.68,O=CNc(cccc1)c1
E-721,-1.61,c1cc(NC(=O)C)ccc1S(=O)(=O)N
E-722,-2.09,O=C(Nc(cccc1C)c1)C
E-723,-1.91,O=C(Nc(c(N(=O)=O)ccc1)c1)C
E-724,-0.95,O=C(N(c(cccc1)c1)C)C
E-725,-2.24,O=C(Nc(c(O)ccc1)c1)C
E-726,-3.27,c1cc(N)ccc1C(=O)OCCNCCCCC
E-727,-3.8,c1c(N(=O)(=O))cc2C(c3ccccc3)=NCC(=O)N(C)c2c1
E-728,-3.84,c1cc(OCCCC)ccc1C(=O)OCCN(CC)CC
E-729,-2.64,n(c(N(Cc(cccc1)c1)CCN(C)C)ccc2)c2
E-730,-5.27,C1C(=O)C=C2C(C)=CC3C4CCC(C(=O)C)(C)C4(C)CCC3C2(C)C1
E-731,-5.35,C1C(=O)C=C2C(C)=CC3C4CCC(C(=O)C)(OC(=O)C)C4(C)CCC3C2(C)C1
E-732,-4.25,C1CCCCC1CC
E-733,-2.53,c1c(Cl)c(Cl)cc(O)c1OC
E-734,-2.06,O=C(C(=CCC1C(=C)C)C)C1
E-735,-1.37,O=N(=O)NC(=N)N
E-736,-0.02,O=C(N)CCl
E-737,-0.4,O=C(NC(=O)C1=O)N1
E-738,-0.43,O=C(O)CCI
E-739,-2.22,O=N(=O)OCC(ON(=O)=O)CON(=O)=O
E-740,-0.9,O=C(NC(=O)C)N
E-741,1.12,OCC(O)CO
E-742,-1.25,O=C(NC(=O)C(=O)C1=O)N1
E-743,-2.28,O=C(NC(=O)C(N(=O)=O)C1=O)N1
E-744,0.59,O=C1N=CN=CC1
E-745,0.3,O=C(NC(=O)C1)C1
E-746,-0.83,O=C(NCC(=O)N1)C1
E-747,-1.6,O=C(NC(NC(=O)N1)C1=O)N
E-748,-1.16,ClCCS(=O)CCCl
E-749,-1.5,ClCCS(=O)(=O)CCl
E-750,1.05,O(CC(O)C1)C1
E-751,0.31,CCC(N)C(=O)O
E-752,1.08,O=C(O)CC(N)C
E-753,-0.09,O=C(O)C(N)C(O)C
E-754,-1.93,C1(=O)NC(=O)NC(C(=O)O)=C1
E-755,1.02,n(c(O)ccc1)c1
E-756,-0.46,n(cccc1O)c1
E-757,-2.6,O=C(N(C(C1=O)(C)C)Cl)N1Cl
E-758,-2.45,n(cc(c(n1)O)C)c1S
E-759,-2.43,n(c(O)cc(n1)C)c1S
E-760,-0.06,CCC1NC(=O)NC1(=O)
E-761,-1.83,CC(=O)N=C1N(C)N=C(S(=O)(=O)N)S1
E-762,-0.55,O=C(O)C(N)CCC(=O)N
E-763,-2.13,N(CSC(N1C)=S)(C1)C
E-764,-4.98,c1c(Cl)c(Cl)c2nsnc2c1Cl
E-765,-0.87,c1c(Cl)nc2cncnc2n1
E-766,0.02,c1cnc2cncnc2n1
E-767,-2.77,c1cnc2cnc(S)nc2n1
E-768,-2.71,c1c(S)nc2cncnc2n1
E-769,-1.96,O=C(O)C=CC(N=CN1)=C1
E-770,-1.56,CN1C(=O)NC(NC2=O)=C(N2)C1=O
E-771,-2.63,O=N(=O)OC(C(OCC1ON(=O)=O)C1O2)C2
E-772,-0.53,O=C(O)C(N)CC(N=CN1)=C1
E-773,-0.83,C=CCS(=O)SCC=C
E-774,-0.2,CN(C)NC(=O)CCC(O)=O
E-775,-0.17,OC1C(O)C(O)C(O)C(O)C1
E-776,0.35,OC1C(O)C(O)C(O)C(O)C1O
E-777,-1.47,NC(=O)OCCCCC
E-778,-0.8,NC(=O)OCC(C)(C)C
E-779,1.09,OCC(O)C(O)C(O)C(O)CO
E-780,-5.82,O=N(=O)c(c(c(c(c1Cl)Cl)Cl)Cl)c1Cl
E-781,-3.33,Oc1c(Br)cc(C#N)cc1Br
E-782,-3.31,O=C(O)c(c(O)c(cc1I)I)c1
E-783,-2.73,O=C(O)c(c(ccc1)I)c1
E-784,-0.12,c1cnc2c(C)ncnc2n1
E-785,-0.47,c1cnc2cnc(C)nc2n1
E-786,0.06,c1c(C)nc2cncnc2n1
E-787,-1.11,c1cnc2cnc(OC)nc2n1
E-788,-0.91,c1c(OC)nc2cncnc2n1
E-789,-1.76,c1cnc2c(SC)ncnc2n1
E-790,-2.36,c1cnc2cnc(SC)nc2n1
E-791,-0.86,O=Cc(c(O)ccc1)c1
E-792,-1.16,O=C(O)c(cc(O)c(O)c1O)c1
E-793,-1.76,O=C(N)c(c(O)ccc1)c1
E-794,-2.33,c1ccccc1NC(=O)NN
E-795,-1.99,c1cc(N)ccc1S(=O)(=O)NC(=N)N
E-796,-1.87,O=C(CCCC1C)C1
E-797,-0.94,C1CCCC(C)C1=O
E-798,-1.92,NC(=O)OCCCCCC
E-799,-1.39,O=C(OC(=O)c1cccc2)c12
E-800,-3.08,O=C(O)Cc(c(ccc1Cl)Cl)c1Cl
E-801,-2.96,O=C(O)COc(c(cc(c1Cl)Cl)Cl)c1
E-802,-1.6,OC(=O)c1ccccc1C(F)(F)F
E-803,-2.16,OC(=O)COc1ccccc1Cl
E-804,-2.29,O=C(O)COc(ccc(c1)Cl)c1
E-805,-3.26,O=C(OC)c(c(c(N)cc1Cl)Cl)c1
E-806,-1.67,C1CCCCC1OC(=O)C
E-807,-2.05,O=C(O)c(ccc(O)c1OC)c1
E-808,-2.8,Oc(cc(c(c1C)Cl)C)c1
E-809,-1.28,c1ccc(N)cc1C(=O)C
E-810,-1.61,O=C(c(ccc(N)c1)c1)C
E-811,-1.43,Oc(c(c(cc1)C)C)c1
E-812,-1.54,Oc(c(ccc1C)C)c1
E-813,-1.31,Oc(c(ccc1)C)c1C
E-814,-1.41,Oc(ccc(c1C)C)c1
E-815,-0.27,O=C(O)C(C(C(=O)O)C(O1)CC2)C12
E-816,-1.62,O=C(N(CC=C)CC=C)C(Cl)Cl
E-817,-1.84,O(C(OC(C1O)C(O)CO)C1O2)C2C(Cl)(Cl)Cl
E-818,-0.48,OC(c(cccc1)c1)CN
E-819,-3.39,CCN(CC)C(=S)SCC(Cl)=C
E-820,-1.56,CCCCC(=O)CC(=O)C
E-821,-0.88,CC(=O)C(CCC)C(=O)C
E-822,-1.63,CC(C)(C)C(=O)CC(=O)C
E-823,-0.45,N1CCCCC1CC(=O)C
E-824,-2.15,O=C1NCCN1C(=O)NCC(C)C
E-825,-4.48,CC1(C)CC(C)CC1
E-826,-4.47,CC1CCC(C)CC1
E-827,-4.74,C1C(CCC)CCC1
E-828,-4.33,C1C(C)C(C)CCC1
E-829,-2.62,NC(=O)OCCCCCCC
E-830,-0.54,CCCC(O)C(CC)CO
E-831,-2.82,CN2C(=O)ON(c1ccc(Cl)c(Cl)c1)C2=O
E-832,-2.07,Cc1cccc2sc3nncn3c12
E-833,-2.45,O=C(O)C(Oc(c(cc(c1)Cl)Cl)c1)C
E-834,-2.06,c1ccccc1C(=C)C(=O)O
E-835,-2.23,O=C(O)COc(c(cc(c1)Cl)C)c1
E-836,-2.86,O=C(C(Cc1cc(c(c(c1)I)O)I)N)O
E-837,-1.41,O=C(O)CCc(cccc1)c1
E-838,-0.93,OCC(C(O)=O)c1ccccc1
E-839,-2.63,O=C(c(ccc(N)c1)c1)CC
E-840,-1.92,c1ccccc1NC(=O)CC
E-841,-1.8,O=C(Oc(cccc1C)c1)NC
E-842,-1.6,O=C(O)C(N)Cc(ccc(O)c1O)c1
E-843,-0.29,OC(=O)CC(C)(C(=O)O)C(C)(C)C(=O)O
E-844,-0.02,C1C(N2C)CC(O)C(C(=O)O)C2C1
E-845,-1.89,O=C(O)CCCCCCCC(=O)O
E-846,-1.62,O=C(ON=C(C(C)(C)C)CSC)NC
E-847,-3.3,CCCCCCCCOC(=O)N
E-848,-5.64,ClC1=C(Cl)C(Cl)(C2(Cl)Cl)C3CC=CC3C12Cl
E-849,-5.46,OC1C=CC2C1C3(Cl)C(=C(Cl)C2(Cl)C3(Cl)Cl)Cl
E-850,-3.12,O=C1C(Br)=C(N)C=NN1c2ccccc2
E-851,-5.4,ClC(Cl)C(Cl)(Cl)SN2C(=O)C1CC=CCC1C2=O
E-852,-1.2,c1ccc2c(O)cc(C)nc2c1
E-853,-3.77,COC(=O)C(Cl)Cc1ccc(Cl)cc1
E-854,-3.67,OC(=O)CCCOc1ccc(Cl)cc1Cl
E-855,-3.7,c1cc(N)ccc1S(=O)(=O)Nc2cnccn2
E-856,-1.89,COc1ccc2COC(=O)c2c1OC
E-857,-1.92,OC(=O)c1c(C=O)ccc(OC)c1OC
E-858,-2.55,O=C(O)C(Oc(c(cc(c1)Cl)C)c1)C
E-859,-2.08,CNC(=O)ON=C1C(C2)C(C#N)CC2C1Cl
E-860,-3.29,CCC2NC(=O)c1cc(c(Cl)cc1N2)S(N)(=O)=O
E-861,-2.68,O=C(N(S(=O)(=O)Nc1cccc2)C(C)C)c12
E-862,-1.23,OCC1OC(C(O)C1O)n2cnc3C(=O)NC=Nc23
E-863,-3.13,O(c(ccc(c1)C=CC)c1)C
E-864,-3.03,c1cc(Cl)ccc1S(=O)(=O)NC(=O)NCCC
E-865,-4.19,ClC(Cl)(Cl)C(NC=O)N1CCN(CC1)C(NC=O)C(Cl)(Cl)Cl
E-866,-0.17,O=C(N(C(=O)C(N(C=N1)CC(O)CO)=C12)C)N2C
E-867,-2.35,Nc(c(ccc1)CC)c1CC
E-868,-0.73,OCCN(c(cccc1)c1)CCO
E-869,-1.99,O=C(C(C(C1C2)(C)C)(C2)C)C1
E-870,-2.06,O=CC=C(CCC=C(C)C)C
E-871,-2.18,O=C1C(C)CCC(C(C)=C)C1
E-872,-1.42,O=C(O)C(C(C(C(=O)O)C1)(C)C)(C1)C
E-873,-2.32,OC(C(C(C1C2)(C)C)(C2)C)C1
E-874,-1.64,O(C(CCC1C2)(C2)C)C1(C)C
E-875,-1.99,OC(C=C)(CCC=C(C)C)C
E-876,-2.53,OC(C(CCC1C)C(C)C)C1
E-877,-3.03,c1cc2C(=O)C=C(C)C(=O)c2cc1
E-878,-2.07,c1ccc2C(O)N3CCC(O)C3=Nc2c1
E-879,-1.94,n(c(c(ccc1C)cc2)c1)c2C
E-880,-2.7,O=S(=O)(Nc(nccc1)c1)c(ccc(N)c2)c2
E-881,-2.85,O=S(=O)(Nc(nccc1C)n1)c(ccc(N)c2)c2
E-882,-3.24,Cc1cc(C)c(NC(=O)C)cc1NS(=O)(=O)C(F)(F)F
E-883,-0.62,O=C1N(c2ccccc2)N(C)C(C)=C1N
E-884,-2.44,c1cc(N)ccc1S(=O)(=O)Nc2nc(C)c(C)o2
E-885,-2.91,O=S(=O)(Nc(onc1C)c1C)c(ccc(N)c2)c2
E-886,0.36,C1=CC(=O)N2CC(C3)CNCC3C2=C1
E-887,-2.09,CCSCc1ccccc1OC(=O)NC
E-888,-2.34,CNC(=O)Oc1cccc(N=CN(C)C)c1
E-889,-5.74,CCOP(=S)(OCC)SCSc1ccc(Cl)cc1
E-890,-2.36,CNC(=O)Oc1ccc(N(C)C)c(C)c1
E-891,-0.85,C1C(C)(C)CC(=O)C=C1OC(=O)N(C)C
E-892,-2.3,CCOP(=S)(OCC)Oc1ccc(cc1)S(C)=O
E-893,-1.95,CN(C)C(=O)Oc1nc(nc(C)c1C)N(C)C
E-894,-2.24,Cc1c(CCCC)c(O)nc(N(C)C)n1
E-895,-3.4,CCSC(=O)N(CC)C1CCCCC1
E-896,-4.63,O=C(OC)CCCCCCCCC
E-897,-3.68,O=C(N(CC(C)C)CC(C)C)SCC
E-898,-2.7,O=C(O)CCCCCCCCCCN
E-899,-4.46,O(c(c(O)cc(c1)Cl)c1)c(c(cc(c2)Cl)Cl)c2
E-900,-3.66,O=C1C=Cc2cc3ccoc3c(OC)c2O1
E-901,-4.04,c1c(C(F)(F)F)cccc1N2C(=O)C(Cl)=C(NC)C=N2
E-902,-3.75,O=NN(c(cccc1)c1)c(cccc2)c2
E-903,-3.3,Cc1occc1C(=O)Nc2ccccc2
E-904,-2.82,O=S(=O)(c(ccc(N)c1)c1)c(ccc(N)c2)c2
E-905,-3.9,CC(C#C)N(C)C(=O)Nc1ccc(Cl)cc1
E-906,-2.24,c1cc(N)ccc1S(=O)(=O)Nc2nc(C)nc(C)c2
E-907,-1.83,CCNC(=O)C(C)OC(=O)Nc1ccccc1
E-908,-3.74,c1cc(N)ccc1S(=O)(=O)Nc2nnc(C(C)(C)C)s2
E-909,-3.16,O=C(OCCC(C)C)c(c(O)ccc1)c1
E-910,-3.39,O=C(NCCCC)NS(=O)(=O)c(ccc(c1)C)c1
E-911,-3.12,N(CCCC)(CCCC)CCCC
E-912,-4.7,Clc1cc(N(=O)(=O))ccc1NC(=O)c2cc(Cl)ccc2O
E-913,-4.17,OC(=O)c1cccnc1Nc2cc(C(F)(F)F)ccc2
E-914,-2.78,c1ccc2c(c1)cnc3ccccc23
E-915,-3.15,O=C(Nc(cccc1)c1)Nc(cccc2)c2
E-916,-2.56,CC1=C(CCCO1)C(=O)Nc2ccccc2
E-917,-2.09,CN(C)C(=O)Oc1cc(C)nn1c2ccccc2
E-918,-3.59,c1cc(N)ccc1S(=O)(=O)N(C(=O)C)c2onc(C)c2C
E-919,-4.47,CC(=O)Oc1c(N(=O)(=O))c(C)c(N(=O)(=O))cc1C(C)(C)C
E-920,-3.42,CCOC2Oc1ccc(OS(C)(=O)=O)cc1C2(C)C
E-921,-3.04,c1cc(CC(C)C)ccc1C(C)C(=O)NO
E-922,-1.22,c1c(CO)c(O)ccc1C(O)CNC(C)(C)C
E-923,-4.69,O=C(OC)CCCCCCCCCCC
E-924,-6.36,ClC(=C(c1ccccc1Cl)c2ccc(cc2)Cl)Cl
E-925,-2.78,O=C(c(c(C(=O)c1c(O)c(O)cc2)ccc3)c3)c12
E-926,-6.02,O=C(NC(=O)c(c(F)ccc1)c1F)Nc(ccc(c2)Cl)c2
E-927,-4.61,c1ccc2C(=O)N=C(c3ccccc3)Oc2c1
E-928,-6.51,ClC(Cl)C(c1ccc(Cl)cc1)c2ccccc2Cl
E-929,-4.36,OC(=O)c1ccccc1Nc2cc(C(F)(F)F)ccc2
E-930,-4.73,c1ccc2cc3ccccc3c(O)c2c1
E-931,-2.93,Oc1ccc2Oc3cc(OC)cc(O)c3C(=O)c2c1
E-932,-2.27,c1ccccc1C(=O)NC(=O)c2ccccc2
E-933,-3.8,Cc1cc(ccc1NS(=O)(=O)C(F)(F)F)S(=O)(=O)c2ccccc2
E-934,-3.68,N(c(c(S1)cc(c2)C)c2)=C1c(ccc(N)c3)c3
E-935,-2.4,CC1=CC(=O)c2c(OC)c3ccoc3c(OC)c2O1
E-936,-3.97,n(c(c(c(c1)C)ccc2c(ccn3)C)c23)c1
E-937,-2.52,OC(c(cccc1)c1)Cc(cccc2)c2
E-938,-1.93,c1ccccc1C(O)C(O)c2ccccc2
E-939,-5.38,S=P(OCC)(OCC)Oc1ccc2C(C)=C(Cl)C(=O)Oc2c1
E-940,-6.34,c1ccc2C(=O)N(C(CCl)SP(=S)(OCC)OCC)C(=O)c2c1
E-941,-2.64,O=C1NC(=O)NC(=O)C1(CC)C2=CC(C3)CCC3C2
E-942,-1.61,COc2ccc(CC1NCC(O)C1OC(C)=O)cc2
E-943,-4.11,CC1CCCCC1NC(=O)Nc2ccccc2
E-944,-2.93,CN(C)C(=O)Nc1cccc(OC(=O)NC(C)(C)C)c1
E-945,-4.2,CC(C)OP(=S)(OC(C)C)SCCNS(=O)(=O)c1ccccc1
E-946,-6.05,C(O)CCCCCCCCCCCCC
E-947,-4.18,c1ccc2c3ccc(Cl)cc3C(O)(C(=O)O)c2c1
E-948,-5.22,NC(Cc2cc(I)c(Oc1ccc(O)c(I)c1)c(I)c2)C(O)=O
E-949,-3.94,c1ccc2Sc3ccc(CC(=O)O)cc3N(C)c2c1
E-950,-4.16,CN2C(=C(O)c1ccccc1S2(=O)=O)C(=O)Nc3ccccn3
E-951,-3.79,c1c(S(=O)(=O)N)c(Cl)cc(O)c1C(=O)Nc2c(C)cccc2C
E-952,-3.78,OC(=O)c1ccccc1Nc2c(C)c(C)ccc2
E-953,-2.6,COc1ccc(cc1)C(O)(C2CC2)c3cncnc3
E-954,-4.31,COc1ccc2C=CC(=O)Oc2c1CC=C(C)C
E-955,-3.09,O=C(OC(C(C(C=CC1=O)(CC2)C)=C1C)C23)C3C
E-956,-2.06,O=C(NC(CCCC1)C1)NS(=O)(=O)c(ccc(c2)C(=O)C)c2
E-957,-1.89,CCOC(=O)C1(CCN(C)CC1)c2ccccc2
E-958,-1.6,COCC(=O)N(C(C)C(=O)OC)c1c(C)cccc1C
E-959,-1.55,O=C(Nc(c(ccc1)C)c1C)C(N(CCC2)C)C2
E-960,-2.71,c1cc(OCC)ccc1C(=O)OCCN(CC)CC
E-961,-1.89,C1CCN2CC(C3)C4CCCCN4CC3C2C1
E-962,-4.31,O=C(O)CCCCCCCCCCCCCC
E-963,-3.78,CC2Nc1cc(Cl)c(cc1C(=O)N2c3ccccc3C)S(N)(=O)=O
E-964,-4.16,COc2ccc(Oc1ccc(NC(=O)N(C)C)cc1)cc2
E-965,-4.24,c1c(C(C)(C)C)cc(C(C)(C)C)cc1OC(=O)NC
E-966,-7.26,OCCCCCCCCCCCCCCCC
E-967,-4.93,C(O)(c1ccc(Br)cc1)(c2ccc(Br)cc2)C(=O)OC(C)C
E-968,-4.53,CC(C)OC(=O)C(O)(c1ccc(Cl)cc1)c2ccc(Cl)cc2
E-969,-5.3,CN(C)CCCN2c1ccccc1Sc3ccc(C(F)(F)F)cc23
E-970,-3.46,O=C(N(CCCC1)C1)C=CC=Cc(ccc(OCO2)c23)c3
E-971,-3.57,CCN(CC)C(=O)C(C)Oc1cccc2ccccc12
E-972,-0.48,CN1C2CC(CC1C3OC23)OC(=O)C(CO)c4ccccc4
E-973,-1.91,O=C(OC(CC(N(C1C2)C)C2)C1)C(c(cccc3)c3)CO
E-974,-4.19,CCCCOCN(C(=O)CCl)c1c(CC)cccc1CC
E-975,-5.24,c1c(O)cc2ccc3C4CCC(=O)C4(C)CCc3c2c1
E-976,-5.28,c1c(O)cc2CC=C3C4CCC(=O)C4(C)CCC3c2c1
E-977,-1.87,c1c(OC)c(O)c2C3(C4)CC(=O)C=CC3C(N(C)C4)Cc2c1
E-978,-3.66,CNCCCN2c1ccccc1CCc3ccccc23
E-979,-4.84,c1c(O)cc2CCC3C4CCC(O)C4(C)CCC3c2c1
E-980,-5.59,C1CCC(CC1)[Sn](C2CCCCC2)C3CCCCC3.O
E-981,-5.68,O=C(O)CCCCCCCCCCCCCCCCC
E-982,-3.89,c1ccc2C(O)=C(C(c3ccccc3)CC(=O)C)C(=O)Oc2c1
E-983,-3.27,CC(=O)CCC1C(=O)N(c2ccccc2)N(c3ccccc3)C1=O
E-984,-3.07,OC(c(c(c(nc1)ccc2)c2)c1)C(N(CCC3C4C=C)C4)C3
E-985,-4.74,c1ccc2Sc3ccccc3N(CC4CN(C)CCC4)c2c1
E-986,-5.47,CN(C=Nc1ccc(C)cc1C)C=Nc2ccc(C)cc2C
E-987,-4.22,c1ccc2Sc3ccc(OC)cc3N(CC(C)CN(C)C)c2c1
E-988,-3.48,C1C(=O)C=C2CCC3C4CCC(=O)C4(C)CC(=O)C3C2(C)C1
E-989,-4.12,C1C(O)CC2=CCC3C4CCC(=O)C4(C)CCC3C2(C)C1
E-990,-6.7,O=C1C2(C(C3CCC4C(C3CC2)(C)CCCC4)CC1)C
E-991,-4.4,C1C(O)CC2CCC3C4CCC(=O)C4(C)CCC3C2(C)C1
E-992,-3.59,C1C(O)CC2CCC3C4CCC(=O)C4(C)CC(O)C3C2(C)C1
E-993,-5.19,COC(C)(C)CCCC(C)CC=CC(C)=CC(=O)OC(C)C
E-994,-4.46,CN(C)CCC=C2c1ccccc1CCc3ccccc23
E-995,-3.37,O(c(ccc(nccc1C(O)C(N(CCC2C3C=C)C3)C2)c14)c4)C
E-996,-4.3,OC(C#C)(C(C(C(C(c(c(cc(O)c1)C2)c1)C3)C2)C4)(C3)C)C4
E-997,-2.82,c1ccc2N(C)C3C4CC5C(CC)C(O)N4C(C56)CC3(C6O)c2c1
E-998,-5.54,c1c(OC)cc2c(CC(=O)O)c(C)n(C(=O)C=Cc3ccccc3)c2c1
E-999,-6.29,CC1(C)C(C=C(Cl)Cl)C1C(=O)OCc3cccc(Oc2ccccc2)c3
E-1000,-2.52,c1cc(O)c2C(=O)C3=C(O)C4(O)C(=O)C(C(=O)N)=C(O)C(N(C)C)C4CC3C(O)c2c1Cl
E-1001,-3.98,c1ccc2Sc3ccc(C(#N))cc3N(CCCN4CCC(O)CC4)c2c1
E-1002,-3.85,C1C(=O)C=C2CCC3C4CCC(C(=O)CO)C4(C5O)CC(O5)C3C2(C)C1
E-1003,-4.46,C1C(OC(=O)C)CC2=CCC3C4CCC(=O)C4(C)CCC3C2(C)C1
E-1004,-4.0,CC(=O)OCC(=O)C3(O)CCC4C2CCC1=CC(=O)CCC1(C)C2C(=O)CC34C
E-1005,-4.65,C1C(O)CC2=CCC3C4CCC(C(=O)C)C4(C)CCC3C2(C)C1
E-1006,-2.88,O=C(N)C(=C(O)C(N(C)C)C(C1(O)C(O)=C(C2C(O)(c(c3c(O)cc4)c4Cl)C)C3=O)C2)C1=O
E-1007,-3.14,COc2ccc1C(OC(=O)c1c2OC)C4N(C)CCc5cc3OCOc3c(OC)c45
E-1008,-2.87,CC3C2C(O)C1C(N(C)C)C(=C(C(N)=O)C(=O)C1(O)C(=C2C(=O)c4c(O)cccc34)O)O
E-1009,-5.37,O=C(OC(C(C(C(C(C(C(=CC(=O)C1)C2)(C1)C)C3)C2)C4)(C3)C)C4)CC
E-1010,-4.42,COc5cc4OCC3Oc2c1CC(Oc1ccc2C(=O)C3c4cc5OC)C(C)=C
E-1011,-5.24,CC(C)=CC3C(C(=O)OCc2cccc(Oc1ccccc1)c2)C3(C)C
E-1012,-4.95,O=C1C=C2C(Cl)=CC3C4CCC(C(=O)C)(OC(=O)C)C4(C)CCC3C2(C)C=C1
E-1013,-4.7,CC(=O)OCCN4CCN(CCCN2c1ccccc1Sc3ccc(Cl)cc23)CC4
E-1014,-4.58,O=C1C=C2CCC3C4CCC(O)(C(=O)COC(=O)C(C)(C)C)C4(C)CC(O)C3C2(C)C=C1
E-1015,-5.15,O=C(NCC(=O)O)CCC(C(C(C(C(C(C(C(C1)CC(O)C2)(C2)C)C3)C1O)C4)(C3O)C)C4)C
E-1016,-1.42,c12C(=O)C3=C(O)C4(O)C(=O)C=C(O)C(N(C)C)C4CC3C(O)(C)c1cccc2
E-1017,-5.51,C1C(=O)C=C2CCC3C4CCC(O)(C(=O)COC(=O)CC(C)(C)C)C4(C)CC(O)C3C2(C)C1
E-1018,-3.21,O1C(C)C(O)C(N)C(O)C1OC2C=CC=CC=CC=CCC(C)OC(=O)C=CC(O3)C3CC(O)CC4(O)OC(C(C(=O)O)C(O)C4)C2
E-1019,-3.68,CCC(C)CC
E-1020,-4.26,CC(C)CC(C)C
E-1021,-2.68,CCCC=C
E-1022,-2.59,C1CC=CCC1
E-1023,-2.09,C=CCC=C
E-1024,-2.15,C1=CC=CC=CC1
E-1025,-3.66,CCCCCCC#C
E-1026,-2.77,c1ccccc1CC
E-1027,-3.4,c1c(C)cc(C)cc1C
E-1028,-3.04,c(c(ccc1)CC2)(c1)C2
E-1029,-4.12,c1ccccc1CC(C)C
E-1030,-5.21,c1ccccc1CCCCCC
E-1031,-4.62,c1ccccc1CCc2ccccc2
E-1032,-4.17,c1ccc2ccccc2c1CC
E-1033,-4.29,c1c(C)cc2ccccc2c1C
E-1034,-6.35,c(c(ccc1)cc(c2ccc3)c3)(c1)c2
E-1035,-6.57,Cc2c1ccccc1c(C)c3ccccc23
E-1036,-8.6,c(c(cc(c1ccc2)c2)cc(c3ccc4)c4)(c1)c3
E-1037,-8.06,c1ccc2ccc3c4ccccc4ccc3c2c1
E-1038,-2.68,c1ccc2ccc3nccnc3c2c1
E-1039,-6.2,Nc3cc2c1ccccc1ccc2c4ccccc34
E-1040,-7.92,c(c(ccc1C)cc(c2ccc3cccc4)c34)(c1CC5)c25
E-1041,-1.17,BrCBr
E-1042,-2.31,ClC(Cl)(Cl)Cl
E-1043,-1.06,ClCCCl
E-1044,-1.74,ClC(Cl)C(Cl)Cl
E-1045,-1.47,CCCCl
E-1046,-2.09,CC(I)C
E-1047,-2.15,BrCC(Br)C
E-1048,-2.37,BrCCCC
E-1049,-2.7,CC(Cl)C(Cl)C
E-1050,-2.89,BrCCC(C)C
E-1051,-5.06,CCCCCCCCBr
E-1052,-4.43,CCCCCCCBr
E-1053,-1.32,BrC=CBr
E-1054,-6.32,ClC1C=CC2C1C3(Cl)C(=C(Cl)C2(Cl)C3(Cl)Cl)Cl
E-1055,-4.91,ClC(Cl)=C(Cl)C(Cl)=C(Cl)Cl
E-1056,-2.55,c1ccccc1Br
E-1057,-3.19,c1cccc(Cl)c1Br
E-1058,-3.54,c1ccc(Br)cc1Br
E-1059,-4.5,c1cc(Br)cc(Br)c1Br
E-1060,-5.65,c1c(Cl)c(Cl)c(Cl)c(Cl)c1Cl
E-1061,-2.0,c1ccc(F)cc1F
E-1062,-5.2,c1ccccc1c2ccc(Cl)cc2
E-1063,-5.28,c1cc(Cl)ccc1c2c(Cl)cccc2
E-1064,-6.02,c1cccc(Cl)c1c2c(Cl)ccc(Cl)c2
E-1065,-6.29,c1cc(Cl)c(Cl)cc1c2c(Cl)cccc2
E-1066,-7.16,c1ccccc1c2c(Cl)c(Cl)c(Cl)c(Cl)c2
E-1067,-6.8,c1c(Cl)ccc(Cl)c1c2c(Cl)cccc2Cl
E-1068,-7.91,c1c(Cl)ccc(Cl)c1c2c(Cl)c(Cl)c(Cl)cc2
E-1069,-7.92,Clc1c(Cl)c(Cl)c(Cl)c(Cl)c1c2ccccc2
E-1070,-7.68,c1c(Cl)ccc(Cl)c1c2c(Cl)c(Cl)c(Cl)c(Cl)c2
E-1071,-8.01,c1cc(Cl)c(Cl)c(Cl)c1c2c(Cl)c(Cl)c(Cl)cc2
E-1072,-9.15,Clc1c(Cl)cc(Cl)c(Cl)c1c2c(Cl)c(Cl)cc(Cl)c2Cl
E-1073,-7.2,ClC(Cl)C(c1ccc(Cl)cc1)c2ccc(Cl)cc2
E-1074,-4.4,c(c(ccc1Br)ccc2)(c2)c1
E-1075,-0.29,CCCC(O)C
E-1076,-0.4,OCC(C)(C)C
E-1077,-0.39,CC(C)C(C)CO
E-1078,-1.14,CC(C)CCCO
E-1079,-0.62,OC(C(C)(C)C)C
E-1080,-1.55,OC(CCCCC)C
E-1081,-1.6,OCC(C)CC(C)C
E-1082,-1.22,CC(C)C(O)(C)CC
E-1083,-0.72,CC(O)(C)C(C)(C)C
E-1084,-1.6,CCC(C)(O)CCCC
E-1085,-3.63,OCCCCCCCCCC
E-1086,-1.2,OCc(ccc(c1)C)c1
E-1087,0.62,Oc(c(O)ccc1)c1
E-1088,-0.68,c1ccc(C)cc1O
E-1089,-2.22,Oc(c(ccc1C)C(C)C)c1
E-1090,-2.28,Oc(ccc(c1ccc2)c2)c1
E-1091,-0.01,CCCC=O
E-1092,-3.17,O=CCCCCCCCC
E-1093,-0.1,O=CC(OC=C1)=C1
E-1094,-0.6,O=C(CCCC1)C1
E-1095,-2.58,O=C(CCCCCCC)C
E-1096,-0.99,C1(=O)C=CC(=O)C=C1
E-1097,-3.12,O=C(c(cccc1)c1)c(cccc2)c2
E-1098,-0.2,O=C(O)CCC(=O)O
E-1099,-3.44,CCCCCCCCCC(=O)O
E-1100,-2.14,O=C(O)c(cccc1C)c1
E-1101,-2.48,O=C(O)C=Cc(cccc1)c1
E-1102,-2.65,O=C(O)Cc(c(c(ccc1)cc2)c1)c2
E-1103,-3.22,O=C(O)C(c(cccc1)c1)c(cccc2)c2
E-1104,-5.33,O=C(O)CCCCCCCCCCCCC
E-1105,0.15,O=COCC
E-1106,-0.66,O=C(OCC)CC
E-1107,-1.28,O=C(OCC)CCC
E-1108,-1.92,O=C(OCCC)CCC
E-1109,-2.31,O=C(OCC)CCCCC
E-1110,-3.8,O=C(OCC)CCCCCCCC
E-1111,-1.85,O=C(OC)c(cccc1)c1
E-1112,-4.4,O=C(OCCCC)c(c(ccc1)C(=O)OCCCC)c1
E-1113,-0.09,CCOCC
E-1114,-0.24,COC(C)(C)C
E-1115,-1.34,CCCOC(C)C
E-1116,-1.85,c1ccccc1OC
E-1117,-1.6,O(C1c(cccc2)c2)C1
E-1118,-0.42,CCCCOCCO
E-1119,-2.97,O=C(C(O)(C(C(C(C(C(C(=CC(=O)C1)C2)(C1)C)C3O)C2)C4)(C3)C)C4)CO
E-1120,-4.37,O=C1C=C2CCC3C4CCC(O)(C(=O)COC(=O)C)C4(C)CC(O)C3C2(C)C=C1
E-1121,-3.75,C1C(=O)C=C2CCC3C4CCC(C(=O)CO)C4(C)CCC3C2(C)C1
E-1122,-3.43,CC12CC(O)C3(F)C(CCC4=CC(=O)CCC43C)C2CCC1(O)C(=O)CO
E-1123,-1.82,O=C(O)c(c(O)ccc1)c1
E-1124,-2.35,O=C(OCC)c(ccc(O)c1)c1
E-1125,-1.06,Oc(c(ccc1)Cl)c1
E-1126,-2.34,Clc1cc(Cl)cc(Cl)c1O
E-1127,-3.31,O=C(O)c(ccc(c1)Cl)c1
E-1128,-6.29,ClC4=C(Cl)C5(Cl)C3C1CC(C2OC12)C3C4(Cl)C5(Cl)Cl
E-1129,-1.1,CCCCCCN
E-1130,-2.75,CCCCCCCCN
E-1131,-1.28,c1ccccc1NC
E-1132,-1.92,c1ccccc1N(C)C
E-1133,-1.92,c(c(c(N)cc1)ccc2)(c2)c1
E-1134,0.4,c1c(C)ccc(C)n1
E-1135,-1.45,c1ccc2cnccc2c1
E-1136,-0.84,O=C(O)c(cccn1)c1
E-1137,-1.28,n1c(C)nc(N)cc1C
E-1138,-3.18,N(c(c(S1)ccc2)c2)=C1S
E-1139,-2.16,c1c(O)cc2cccnc2c1
E-1140,-2.23,CCC1(CC)C(=O)NC(=O)N(C)C1=O
E-1141,-2.12,O=C(OC(CC(N(C1C2)C)C2)C1)C(c(cccc3)c3)CO
E-1142,-3.66,NS(=O)(=O)c2cc(C(O)=O)c(NCc1ccco1)cc2Cl
E-1143,-2.57,CCC1(CCC(C)C)C(=O)NC(=O)NC1=O
E-1144,-4.16,OCCN4CCN(CCCN2c1ccccc1Sc3ccc(Cl)cc23)CC4
E-1145,-2.36,CC(=O)Nc1nnc(S(=O)(=O)N)s1
E-1146,0.81,CN1CCC=C(C(=O)OC)C1
E-1147,-2.21,C(C)(C)C1(CC)C(=O)NC(=O)NC1(=O)
E-1148,-3.28,COc2ccc(NS(=O)(=O)c1ccc(N)cc1)nn2
E-1149,-4.86,N(C(=S)SSC(N(CC)CC)=S)(CC)CC
E-1150,-4.61,COC1=CC(=O)CC(C)C13Oc2c(Cl)c(OC)cc(OC)c2C3=O
E-1151,-2.41,c1cc(N)ccc1S(=O)(=O)Nc2nnc(C)s2
E-1152,-2.09,O=C(N(c(c(C1(C(N(C2)CC(C3C4C5OC6)=C6)C3)C2)cc(OC)c7OC)c7)C14)C5
E-1153,-2.32,Nc1ccc(cc1)S(=O)(=O)Nc2ccnn2c3ccccc3
E-1154,-2.62,Cc1cc(NS(=O)(=O)c2ccc(N)cc2)no1
E-1155,-2.54,c1cc(N)ccc1S(=O)(=O)Nc2nc(C)nc(OC)c2
E-1156,-2.43,c1ccccc1NC(=O)C2=C(C)OCCS2(=O)=O
E-1157,-3.7,O=C(c(cccc1C(C(=O)O)C)c1)c(cccc2)c2
E-1158,-0.97,CN1C(=O)N(C)c2ncn(C)c2C1(=O)
E-1159,-1.13,CC1CC(C)C(=O)C(C1)C(O)CC2CC(=O)NC(=O)C2
E-1160,1.07,N(CCNC1)C1
E-1161,-0.4,O=C(NCC1=O)N1
E-1162,1.0,O=C1CCCN1C
E-1163,-0.72,c1cccc(N)c1O
E-1164,0.85,O=C(OCC)N
E-1165,-3.28,O=C(Oc(c(c(ccc1)cc2)c1)c2)NC
E-1166,1.13,O=C(NC)N
E-1167,0.96,O=C(N)C=C
E-1168,-1.03,O=C(Nc(ccc(O)c1)c1)C
E-1169,-0.62,CC(C)N(=O)=O
E-1170,-3.54,O=N(=O)c(c(c(ccc1)cc2)c1)c2
E-1171,-2.8,O=C(O)c(ccc(N(=O)=O)c1)c1
E-1172,-1.96,O=N(=O)c(c(N)ccc1)c1
E-1173,-1.37,Clc(cccc1N)c1
E-1174,-5.64,N#Cc(c(c(c(c1C#N)Cl)Cl)Cl)c1Cl
E-1175,-4.44,CN1C=C(c2ccccc2)C(=O)C(c3cc(C(F)(F)F)ccc3)=C1
E-1176,-3.0,CCC(=O)Nc1ccc(Cl)c(Cl)c1
E-1177,-3.26,CCc1cccc(CC)c1N(COC)C(=O)CCl
E-1178,-0.6,CCS
E-1179,0.32,NC(=S)N
E-1180,-1.66,COC(=O)NS(=O)(=O)c1ccc(N)cc1
E-1181,-0.22,COP(=O)(OC)C(O)C(Cl)(Cl)Cl
E-1182,-4.57,COP(=S)(OC)Oc1ccc(SC)c(C)c1
E-1183,-4.04,COP(=S)(OC)Oc1ccc(N(=O)=O)c(C)c1
E-1184,-6.62,COP(=S)(OC)Oc1cc(Cl)c(I)cc1Cl
E-1185,-4.35,C1C(O)CC2C(O)C(O)C3C4CCC(C(C)CCC(=O)O)C4(C)CCC3C2(C)C1
E-1186,0.74,N(CCNC1C)C1
E-1187,-2.84,O=C(Nc(ccc(c1)Cl)c1)C
E-1188,-2.69,O=C(Nc(ccc(c1)N(=O)=O)c1)C
E-1189,-4.11,COc2ccc1C(OC(=O)c1c2OC)C4N(C)CCc5cc3OCOc3cc45
E-1190,-3.8,O=C3CN=C(c1ccccc1)c2cc(ccc2N3)N(=O)=O
E-1191,-3.95,Oc(c(cc(c1)Cl)Cc(c(O)ccc2Cl)c2)c1
E-1192,-2.75,Nc1c(Cl)c(Cl)nc(C(O)=O)c1Cl
E-1193,-2.57,O=C(O)C(N)Cc(ccc(O)c1)c1
E-1194,-4.08,CC(C)N(C(C)C)C(=O)SCC(Cl)=CCl
E-1195,-2.72,O=C(OCCCC)c(ccc(O)c1)c1
E-1196,-1.78,O=C(OCCC)c(cc(O)c(O)c1O)c1
E-1197,-3.26,CCCCCOC(=O)c1ccc(N)cc1
E-1198,-7.11,c(c(cccc1)c1)(ccc(c(cccc2)c2)c3)c3
E-1199,-1.4,O=C(Nc(c(ccc1)Cl)c1)C
E-1200,-1.5,N(C(CCC1)CC)C1
E-1201,-2.92,O(c(ccc(c1)CC=C)c1)C
E-1202,-4.02,Clc1c(Cl)c(Cl)c(Cl)c(O)c1OC
E-1203,-1.77,O=C(NC(=S)S1)C1
E-1204,-1.14,N1C(=O)N=C(N)C=C1
E-1205,-0.74,O=C(O)C(N)CC(=O)N
E-1206,0.04,CCS(=O)(=O)CC
E-1207,1.02,n1ccc(O)cc1
E-1208,-1.26,N1C(=O)NC(=O)C=C1C
E-1209,0.39,O(C(O)C(O)C(O)C1O)C1
E-1210,-2.36,c1cnc2c(S)ncnc2n1
E-1211,-1.56,O=S(=O)(N)c(cccc1)c1
E-1212,-3.9,N(C(=S)SSC(N(C)C)=S)(C)C
E-1213,0.49,N1C(C)CNC(C)C1
E-1214,-3.27,O=C(O)c(cccc1I)c1
E-1215,-1.11,c1cnc2c(OC)ncnc2n1
E-1216,-1.55,c1c(SC)nc2cncnc2n1
E-1217,-2.15,N1C(=S)NC(=O)C=C1CCC
E-1218,-5.43,Clc1c(Cl)c(Cl)c2nccnc2c1Cl
E-1219,-2.51,O=C(O)COc(c(cc(c1)Cl)Cl)c1
E-1220,-2.34,O=C(OC)c(c(O)ccc1)c1
E-1221,-2.88,O=C(O)c(c(NC)ccc1)c1
E-1222,-2.33,c1ccccc1OCC
E-1223,-1.12,NCCc1ccc(O)cc1
E-1224,-1.6,CC(C)CC(=O)CC(=O)C
E-1225,-4.27,C1C(C)C(C)CCC1
E-1226,-2.61,OC(=O)CN1C(=O)Sc2cccc(Cl)c12
E-1227,-2.22,OC(=O)C(Oc1cc(Cl)ccc1)C
E-1228,-2.41,O=C(OC)c(ccc(OC)c1)c1
E-1229,-2.17,CCOc1ccc(NC(N)=O)cc1
E-1230,-2.75,O=C(O)CCCCCCCC
E-1231,-2.87,c1ccccc1N2C(=O)C(Cl)=C(N)C=N2
E-1232,-3.51,O=S(=O)(Nc(nccc1)n1)c(ccc(N)c2)c2
E-1233,-1.91,CC(=O)Nc1ccc(OC(C)=O)cc1
E-1234,-1.99,Oc1cc2CCCCc2cc1
E-1235,-2.08,Oc(c(ccc1C(C)C)C)c1
E-1236,-1.85,O=C(C(CC1C2)(C2)C)C1(C)C
E-1237,-2.49,O=C(C(CCC1C)C(C)C)C1
E-1238,-1.94,n(c(c(c(c1)C)ccc2)c2)c1C
E-1239,-5.47,CCN(CC)c1c(cc(c(N)c1N(=O)=O)C(F)(F)F)N(=O)=O
E-1240,-1.2,C1=CC(C2)C(C(=O)OC)C(C(=O)OC)C12
E-1241,-3.05,c1ccccc1S(=O)(=O)NC(=O)NCCCC
E-1242,-3.02,CCCCc1c(C)nc(NCC)nc1O
E-1243,-5.03,c1ccc2C(=O)C(Cl)=C(NC(=O)C(Cl)Cl)C(=O)c2c1
E-1244,-1.73,O=C1C=CC(c2cc(ccc2O)O)(C=C1)O
E-1245,-2.59,Oc(c(ccc1O)CCCCCC)c1
E-1246,-4.21,Ic1ccccc1C(=O)Nc2ccccc2
E-1247,-5.53,CCCCN(CC)c1c(cc(cc1N(=O)=O)C(F)(F)F)N(=O)=O
E-1248,-4.16,CCCCc1c(C)nc(NCC)nc1OS(=O)(=O)N(C)C
E-1249,-6.62,Clc1ccc(cc1)C(c2ccccc2Cl)C(Cl)(Cl)Cl
E-1250,-2.28,O=C(O)c(c(c(c(ccc1)C(=O)O)c1)ccc2)c2
E-1251,-2.85,c1ccccc1C(=O)Oc2ccccc2
E-1252,-4.11,O=C(C(C(=O)c(c1ccc2)c2)C1=O)C(C)(C)C
E-1253,-2.64,CN(C)CCN(Cc1cccs1)c2ccccn2
E-1254,-3.08,Oc1cc(O)c2C(=O)C(O)=C(c3ccc(O)cc3O)Oc2c1
E-1255,-3.59,NS(=O)(=O)c3cc2c(NC(Cc1ccccc1)NS2(=O)=O)cc3C(F)(F)F
E-1256,-5.69,CC(C)Oc1cc(c(Cl)cc1Cl)N2N=C(OC2=O)C(C)(C)C
E-1257,-2.73,CCc1cccc(C)c1N(C(C)COC)C(=O)CCl
E-1258,-2.7,O=C1C=C2CC3(O)COc4c(O)c(O)ccc4C3=C2C=C1O
E-1259,-4.38,n(cc(C(O)(c(ccc(c1)Cl)c1)c(c(ccc2)Cl)c2)cn3)c3
E-1260,-2.6,N1CCN=C1CN(c2ccccc2)Cc3ccccc3
E-1261,-4.95,c1cc(O)ccc1C(C=C)C(C=C)c2ccc(O)cc2
E-1262,-4.43,c1cc(O)ccc1C(CC)C(CC)c2ccc(O)cc2
E-1263,-2.63,c12ccccc1nccc2C(O)C3N(C4)CCC(C4CC)C3
E-1264,-5.41,C1(S5)C5CC2CCC3C4CCC(O)C4(C)CCC3C2(C)C1
E-1265,-4.4,CN4CCN(CCCN2c1ccccc1Sc3ccc(Cl)cc23)CC4
E-1266,-3.8,O=C(O)C(C(C(C(C(=C1)C=C(C2)C(C)C)C2)(CC3)C)C1)(C3)C
E-1267,-5.66,C1C(=O)C=C2CCC3C4CCC(O)(C#C)C4(C)CCC3C2(C)C1
E-1268,-3.66,c1ccc2OC(=O)C(C(C(=O)OCC)C3=C(O)c4ccccc4OC3=O)=C(O)c2c1
E-1269,-0.5,NCCC(O)C(=O)NC2CC(N)C(OC1OC(CN)C(O)C(O)C1O)C(O)C2OC3OC(CO)C(O)C(N)C3O
E-1270,-5.09,c1c(Cl)ccc(OC)c1C(=O)NCCc2ccc(S(=O)(=O)NC(=O)NC3CCCCC3)cc2
E-1271,-7.32,C1C(O)CC2=CCC3C4CC5OC6(OCC(C)CC6)C(C)C5C4(C)CCC3C2(C)C1
E-1272,-7.89,Clc1ccc(Cl)c(c1)c2cc(Cl)c(Cl)cc2Cl
E-1273,-2.32,O=C(OCC)c(ccc(N)c1)c1
E-1274,-1.72,O=C(Oc(c(ccc1)C(=O)O)c1)C
E-1275,-0.56,c1ccccc1N2C(=O)C=C(C)N2C
E-1276,-3.85,n(c(nc(n1)NC(C)C)NCC)c1Cl
E-1277,-2.34,CCC1(C(=O)NC(=O)NC1=O)c2ccccc2
E-1278,-3.8,O=C(N(C)C)Nc(ccc(c1Cl)Cl)c1
E-1279,-3.47,O=C(N(N=CC(OC(N(=O)=O)=C1)=C1)CC2=O)N2
E-1280,-3.99,O=C1NC(=O)C(N1)(c2ccccc2)c3ccccc3
E-1281,-3.76,O=C(N(c(c(cc(c1)Cl)C(=N2)c(cccc3)c3)c1)C)C2
E-1282,-4.09,C1C(=O)C=C2CCC3C4CCC(O)C4(C)CCC3C2(C)C1
E-1283,-4.6,C(C(C(C(C1Cl)Cl)Cl)Cl)(C1Cl)Cl
E-1284,-4.66,CCOP(=S)(OCC)Oc1ccc(cc1)N(=O)=O
E-1285,-3.64,O(P(OCC)(Oc(nc(nc1C)C(C)C)c1)=S)CC
E-1286,-2.9,O=C(OC(c1cccc2)(c(ccc(O)c3)c3)c(ccc(O)c4)c4)c12
E-1287,-3.37,CCOC(=O)CC(SP(=S)(OC)OC)C(=O)OCC
E-1288,-5.49,CCOP(=S)(OCC)Oc1nc(Cl)c(Cl)cc1Cl
E-1289,-2.47,CCCCCC(O)C=CC1C(O)CC(=O)C1CC=CCCCC(=O)O
E-1290,-7.15,c(ccc(c1)Cl)(c1)C(c(ccc(c2)Cl)c2)C(Cl)(Cl)Cl
E-1291,-6.86,ClC1CC2C(C1Cl)C3(Cl)C(=C(Cl)C2(Cl)C3(Cl)Cl)Cl
F-1,-2.43,NC(=O)C1=CN=C2N1CCC1=C(C=CC=C1)C21CCNCC1
F-2,-4.4,CC1=C2C=CC=CC2=C(CN2CCOCC2)C2=C1C=CC=C2
F-3,-1.28,C1C[N+]2(CC3=CCOC4CC(=O)N5C6C4C3CC2C61C7=CC=CC=C75)O
F-4,-5.59,CN1C2=C(C=CC=C2)SC2=C1C=CC=C2
F-5,-1.74,O=C(O)CNC(=O)C1=CC=CC=C1
F-6,-3.07,C1=CC=C(C2=NC3N=CN=CC3=N2)C=C1
F-7,-4.82,C1=CC2=C(C=C1Cl)NC(=N2)C3=CC=C(O3)[N+](=O)[O-]
F-8,-4.97,O=C(O)CC1=C(C2=CC=C(Cl)C=C2)N=C(C2=CC=CC=C2)S1
F-9,-4.24,CCOC1=NO[N+](=C1S(=O)(=O)C2=CC=CC=C2)[O-]
F-10,-1.96,CCOC(=O)C1=CC=C(O)C=C1
F-11,-2.71,CCCOC(=O)C1=CC=C(O)C=C1
F-12,-2.51,O=C1CC(=O)CC(C2=CC=CC=C2)C1
F-13,-2.99,CCCCOC(=O)C1=CC=C(O)C=C1
F-14,-3.55,COC(=O)C1=CC=C(C(=O)OC)C=C1
F-15,-3.51,CC1=CC=C(S(=O)(=O)N(Cl)Cl)C=C1
F-16,-3.23,O=C(O)COC1=C(Cl)C=C(Cl)C=C1Cl
F-17,-2.31,CCC1OC(=O)C2=C1C=CC(C#N)=C2
F-18,-2.68,CCNC1=NC(NCC)=NC(SC)=N1
F-19,-0.82,O=P1(N(CCCl)CCCl)NCCCO1
F-20,-1.37,CC1=NC2=C(C=CC=C2)N=C(C)C1
F-21,-2.65,CC1=CC2=C(C=C1)S(=O)(=O)C=C2
F-22,-3.06,CCCCOC(=O)C1=CC=C(N)C=C1
F-23,-3.89,CC1=CC(=O)OC2=C3CCCN4CCCC(=C34)C=C12
F-24,-3.43,CC1=NN=C2CN=C(C3=CC=CC=C3)C3=C(C=CC(Cl)=C3)N12
F-25,-2.37,CCSC(=O)N1CCCCCC1
F-26,-2.67,CC1=CS(=O)(=O)C2=C1C=CC=C2
F-27,-2.22,CC1(C)SCC(COC(N)=O)S1
F-28,-2.62,CCOC(=O)C1=C(C)C=C(C)N1
F-29,-1.89,NC(=O)OCC1COC2(CCCCC2)O1
F-30,-3.52,NC(=O)OCC1CSC2(CCCCC2)S1
F-31,-3.01,NC(=O)N1C2=C(C=CC=C2)C=CC2=C1C=CC=C2
F-32,-5.23,CC1=CC2=CC3=C(C=C2O1)OC(=O)C=C3C
F-33,-3.32,CC1=CC2=CC=CC(O)=C2N=C1C
F-34,-1.09,O=C(O)C1=NC2=CC=CC=C2C=C1
F-35,-0.04,O=C(O)C1=CC=C2N=CC=CC2=C1
F-36,-3.73,C1=CC2=C(C=C1)C1=C(C=NC=C1)N2
F-37,-3.28,O=S(=O)(C1=CC=CC=C1)N(Br)Br
F-38,-2.82,NC(=O)OCC1CSC2(CCCCC2)O1
F-39,-1.74,O=C(O)C1=C2N=CC=CC2=CC=C1
F-40,-2.68,O=C(O)C1=C2C=CC=NC2=CC=C1
F-41,-4.9,CC(=O)CC(C1=CC=CC=C1)C1=C(O)C2=C(C=CC=C2)OC1=O
F-42,-3.11,CC(C)C1OCC2(CO1)COC(C(C)C)OC2
F-43,-2.68,COC1=CC(OC)=CC(OC)=C1
F-44,-1.84,CCCCOC(=O)C1=CN=CC=C1
F-45,-1.55,CSC1=NC2=NC=NC=C2N=C1
F-46,-1.76,CSC1=NC=C2N=CC=NC2=N1
F-47,-1.14,CC1=NC=C2N=C(C)C(C)=NC2=N1
F-48,-0.6,O=C(O)CCN1C=CC=CC1=O
F-49,-3.1,CC12C=CC(=O)C=C1CCC1C2C(O)CC2(C)C1CCC2(O)C(=O)CO
F-50,-3.24,CC12CCC(=O)C=C1CCC1C2C(O)CC2(C)C1CCC2(O)C(=O)CO
F-51,-3.11,CC12CCC(=O)C=C1CCC1C2C(=O)CC2(C)C1CCC2(O)C(=O)CO
F-52,-0.96,O=P1(N(CCCl)CCCl)NCCCCO1
F-53,-0.85,CC1(C)N=C(C2=CC=CC=C2)NC1=O
F-54,-3.06,C1OC2=C(O1)C=C(C(=C2)CO)[N+](=O)[O-]
F-55,-3.68,COC(=O)C1=C(C(=O)C2=CC=CC=C2)C=CC=C1
F-56,-3.4,C1=CC=C(CNC23OC4C5C6CC(C7C6C4C72)C53)C=C1
F-57,-0.12,CCC1=NC2=CN=CN=C2N=C1CC
F-58,-0.94,CC1=NN(C2=CC=CC=C2)C(N)=C1
F-59,-2.91,CC1(C)OC(=O)C2=C1C=CC(C#N)=C2
F-60,-2.37,CSC1=C2N=CC=NC2=NC=N1
F-61,-3.12,COC1=CC2=C(C=CC(=O)O2)C=C1
F-62,-3.62,C=CCC1=CC=C2C=NC=NC2=C1O
F-63,-2.13,CCOS(=O)(=O)C1=CC=CC=C1
F-64,-1.21,CNC(=O)OC1=CC=CC2=C1OC(C)(C)C2
F-65,0.36,CN(C)C1=NC=C2N=CC=NC2=N1
F-66,-0.02,CN(C)C1=NC2=NC=NC=C2N=C1
F-67,-5.59,C1=CC2=C(C=C1)SC1=C(C=CC=C1)N2
F-68,-2.04,O=C(O)CC1=CNC2=C1C=CC=C2
F-69,-3.93,COC1=C(OC)C2=C(COC2=O)C(Br)=C1
F-70,-3.79,CC1=NC=CC2=C1NC1=C2C=CC=C1
F-71,-1.67,CC1=NN(C2=CC=CC=C2)C(N)=C1C
F-72,-4.53,CCC1(CC)CCC(=O)NC1=O
F-73,-1.74,CCOC(=O)C1=CNC(=S)N=C1
F-74,-4.57,O=S1(=O)C2=C(C=CC=C2)C2=C1C=CC=C2
F-75,-2.92,CCCC1=NC=NC2=C(O)C=CC=C12
F-76,-2.06,C1=CC=C2C(=C1)C=CC(=N2)C[N+](=O)[O-]
F-77,-3.8,ON=C1C=CC(=NO)C2=C1C=CC=N2
F-78,-2.52,CCCCCCNC(=O)C1=CN=CC=C1
F-79,-0.73,CC1=CC=NC(NC(=O)C2=CN=CC=N2)=N1
F-80,-1.92,CCC1(C)NC(=O)C(C)(CC)NC1=O
F-81,-3.72,O=C1C=CC2=NC3=C(C=CC=C3)SC2=C1
F-82,-2.98,O=C(NC1=CC=CC=N1)C1=CN=CC=C1
F-83,-0.45,FC(F)(F)C1=NC2=C(C=NC=N2)N1
F-84,-2.29,CC1=NC2=C(N=C1C)C(=O)NC=N2
F-85,-4.35,CC1=CC=C(C2=NC3=C(C=CC=C3)S2)C=C1
F-86,-3.74,O=C1C=CC2=C(C=C3OC=CC3=C2)O1
F-87,-2.03,CC1=C(O)C(=O)C=CN1C1=CC=CC=C1
F-88,-3.22,CC1=CC=C(N2C=CC(=O)C(O)=C2C)C=C1
F-89,-3.93,CC(C)NCC(O)COC1=C2C=CNC2=CC=C1
F-90,-3.2,CCCCCCCNC(=O)C1=CN=CC=C1
F-91,-3.49,C1=COC(C2=NC3=C(C=CC=C3)N2)=C1
F-92,-5.4,CCOP(=S)(OCC)OC1=C(Cl)C=C(Cl)C(Cl)=N1
F-93,-2.41,CC1=NC(=O)C(C(N)=O)C(=O)N1
F-94,-2.88,COC1=C(C(=O)O)OC2=C1C=CC=C2
F-95,-3.04,CC1=CC2=C(C=C1)NC(=O)C(=O)N2
F-96,-3.62,O=C1NC(=O)C2=C(N1)NC(=O)N2
F-97,-4.04,O=C1NC(=S)C2=C(N1)NC(=O)N2
F-98,-2.85,O=C1CNC(=O)C2=C(C=CC=C2)N1
F-99,-1.02,CN(C)C1=C2N=CC=NC2=NC=N1
F-100,-2.6,CC(=O)NC1=CC2=C(C=C1)COC2=O
F-101,-2.65,C1C2=C(C=C(C=C2)[N+](=O)[O-])C(=O)O1
F-102,-2.32,O=C(NC1CCCCC1)C1=CN=CC=C1
F-103,-4.46,CN1C2=C(C=CC=C2)C(=O)C2=C1C=CC=C2
F-104,-1.88,COC1=CC=C2COC(=O)C2=C1OC
F-105,-3.04,CCC1=NC2=CN=C(N)N=C2N=C1CC
F-106,-1.44,CC(=O)CC(CC(=O)O)C1=CC=CC=C1
F-107,-1.7,NC1=NC(=O)NN1C1=CC=CC=C1
F-108,-2.2,CC=CCC1(CC=CC)C(=O)NC(=O)NC1=O
F-109,-2.47,NC1=NC(=O)N(C2=CC=CC=C2)N1
F-110,-1.1,O=C1C=C(C(=O)O)OC(C(=O)O)=C1
F-111,-1.49,CC1=NC2=C(N=CN=C2)N(C)C1=O
F-112,-2.4,CCC1(CC)C(=O)NC(=O)NC1=O
F-113,-2.32,CCC1(CC)C(=O)NC(=S)NC1=O
F-114,-2.1,O=C1CC(C(=O)O)CC2=C1C=CC=C2
F-115,-3.19,O=C(C1=CC=CO1)N(O)C1=CC=CC=C1
F-116,-2.62,CN1C=NC2=C1C(=O)NC(=O)N2C
F-117,-0.98,CC1=CC(OC2=CC=CC=N2)=NN1C
F-118,-0.77,NC1=NN=C(C2=CC=C(O)C=C2)O1
F-119,-5.16,COC(=O)C1=CC2=CC3=C(OC(=O)C=C3C)C(C)=C2O1
F-120,-3.01,CCCCCCCCNC(=O)C1=CN=CC=C1
F-121,-2.09,CC12CC(C)(NC(=O)N1)NC(=O)N2
F-122,-2.31,CCC1(CC)NC(=O)C(CC)(CC)NC1=O
F-123,-2.31,CC1=C(CC(=O)O)C(=O)NC(=O)N1
F-124,-3.34,O=C1C=NC2=C(N1)NC(=O)NC2=O
F-125,-2.06,C=CCC1(CC=C)C(=O)NC(=O)NC1=O
F-126,-1.63,O=C(O)CC1=CNC(=O)NC1=O
F-127,-2.28,CCCCCCCCNC(=O)C(C)O
F-128,-1.28,CCN(CC)S(=O)N(CC)CC
F-129,-1.12,CC(C)C(NCCC#N)C(=O)O
F-130,-0.98,CCC(C)C(NCCC#N)C(=O)O
F-131,-0.17,CC(C(=O)O)N(CCC#N)CCC#N
F-132,-2.11,CCOP(=O)(OCC)SCCSCC
F-133,-0.46,COP(=O)(OC)C(O)C(Cl)(Cl)Cl
F-134,-4.28,CCOP(=S)(OCC)SCSC(C)(C)C
F-135,-1.68,C(CCO[N+](=O)O)CO[N+](=O)O
F-136,-2.85,CCCCOP(=O)(OCCCC)OCCCC
F-137,-1.66,CC(CCO[N+](=O)O)O[N+](=O)O
F-138,-0.53,NCC(=O)NCC(=O)NCC(=O)O
F-139,-2.22,CC(CC(C)O[N+](=O)O)O[N+](=O)O
F-140,-2.19,C(CCO[N+](=O)O)CCO[N+](=O)O
F-141,-1.14,CC(C)CC(C(=O)O)N(CCC#N)CCC#N
F-142,-2.68,CC(CCC(C)O[N+](=O)O)O[N+](=O)O
F-143,-1.33,CSCCC(C(=O)O)N(CCC#N)CCC#N
F-144,-0.7,CC(O)C(O)C(O)C(O)C=NNC(N)=O
F-145,-1.91,CCC1=NC2=C(N=C1CC)C(=O)NC=N2
F-146,-2.85,NC(CSCCSCC(N)C(=O)O)C(=O)O
F-147,-2.49,NC(CSCCCSCC(N)C(=O)O)C(=O)O
F-148,-3.62,NC(CSCCCCSCC(N)C(=O)O)C(=O)O
F-149,-1.35,NC(=O)NCC(=O)NCC(=O)NCC(=O)O
F-150,-2.91,NC(CSCCCCCSCC(N)C(=O)O)C(=O)O
F-151,-2.77,NC(CSCCCCCCSCC(N)C(=O)O)C(=O)O
F-152,-3.46,NC1=C2NC(=O)N=C2NC(=O)N1
F-153,-2.93,CCC1=NC2=NC=NC(N)=C2N=C1CC
F-154,-2.13,CC(C)CC(NC(=O)C(C)NC(=O)CN)C(=O)NC(C(=O)O)C(C)C
F-155,-1.71,COC1=CC2=C(N=CC=N2)C(N)=C1OC
F-156,-1.14,CCCCCCOC(=O)C(C)O
F-157,-1.27,CCCCCCCCOC(=O)C(C)O
F-158,-0.68,CCCCC(NC(C)=O)C(=O)O
F-159,-0.69,CCC(C)C(NC(C)=O)C(=O)O
F-160,-1.89,CC(C(C)O[N+](=O)O)O[N+](=O)O
F-161,0.05,N=C(N)NCCCC(N)C(=O)O
F-162,-2.16,CCCCC(NC(N)=O)C(=O)O
F-163,0.03,CSCCC(NC(C)=O)C(=O)O
F-164,-2.04,O=S(CCCl)CCS(=O)CCCl
F-165,-0.62,CC(SSC(C)C(=O)O)C(=O)O
F-166,-0.43,CC(C)CC(NC(=O)CN)C(=O)O
F-167,-0.71,CCC(SC(CC)C(=O)O)C(=O)O
F-168,-1.82,CC(SCSC(C)C(=O)O)C(=O)O
F-169,-2.89,CSC(CCC(SC)C(=O)O)C(=O)O
F-170,-0.4,CC(C)C(N)C(=O)NC(C(=O)O)C(C)C
F-171,-2.56,NC(CSCC(N)C(=O)O)C(=O)O
F-172,-0.17,CC(C)CC(N)C(=O)NC(C(=O)O)C(C)C
F-173,-0.71,CC(=O)NC(CCC(=O)O)C(=O)O
F-174,0.02,NC(=O)NN=CC(O)C(O)C(O)CO
F-175,-1.29,CCSC(=S)OC(CC(=O)O)C(=O)O
F-176,-1.7,CCOC(=S)SC(CC(N)=O)C(=O)O
F-177,-1.19,CCOC(=S)SC(CC(=O)O)C(=O)O
F-178,-0.1,CC(CC(C)(C(=O)O)C(=O)O)C(=O)O
F-179,-1.36,CCSC(CCC(SCC)C(=O)O)C(=O)O
F-180,-0.69,CC(C)CC(N)C(=O)NC(CC(C)C)C(=O)O
F-181,-3.12,NC(CCSSCCC(N)C(=O)O)C(=O)O
F-182,-2.2,C=CCSC(CCC(SCC=C)C(=O)O)C(=O)O
F-183,0.31,CC(C)CC(N)C(=O)NCC(=O)NCC(=O)O
F-184,-1.43,CC(C)CC(Br)C(=O)NC(C)C(=O)NC(C)C(=O)O
F-185,-0.11,CC(C)CC(NC(=O)CNC(=O)CN)C(=O)O
F-186,-1.82,COC(OC(C)=O)C(OC(C)=O)C(OC(C)=O)C(COC(C)=O)OC(C)=O
F-187,-3.14,CCCCCCCCCNC(=O)C1=CN=CC=C1
F-188,-1.92,CCCCCCCCOCC(O)CO
F-189,-1.97,C1=C(SC(=C1)[N+](=O)[O-])C(=O)NN
F-190,-0.3,O=C(NC1=NC=CC=N1)C1=CN=CC=N1
F-191,-0.95,CCCCCCNC(=O)C(C)O
F-192,-2.63,NS(=O)(=O)C1=NC2=C(C=CC=C2)S1
F-193,-2.24,OC(=S)CCCCCCC(O)=S
F-194,-1.72,CCCCOP(=O)(CCCC)CCCC
F-195,-1.0,CCCC(=O)NNC(=O)CCC
F-196,0.38,CCC(=O)NCCNC(=O)CC
F-197,-1.14,CCN(CC)S(=O)(=O)N(CC)CC
F-198,-3.36,CCCCCCCCCCNC(=O)C(C)O
F-199,-3.06,CCCCCCCCCCOC(=O)C(C)O
F-200,-2.16,NC(=O)NCCCCCC(=O)O
F-201,-2.39,OC(=S)CCCCCCCC(O)=S
F-202,-2.75,C=CCC(C(=O)NC(N)=O)C(C)C
F-203,-3.07,OC(=S)CCCCCCCCC(O)=S
F-204,-1.33,CCOC(=O)CCCC(=O)OCC
F-205,-0.11,O=C(NCCO)C(=O)NCCO
F-206,-0.19,O=C(O)CCSSCCC(=O)O
F-207,0.46,N#CCCN(CCC#N)CC(=O)O
F-208,-0.62,CCCC(=O)NCCNC(=O)CCC
F-209,-2.73,COC(=O)C(C#N)C(=O)CC(C)C
F-210,-2.16,CCCCC(=O)NNC(=O)CCCC
F-211,-1.68,CCOC(=O)CCCCC(=O)OCC
F-212,-0.59,CCOC(=O)CNC(C)=CC(C)=O
F-213,-1.8,CC1(C)NC(=O)N(CC2=CC=CC=C2)C1=O
F-214,-0.9,NC(=O)NCC(=O)NCC(=O)O
F-215,-1.3,O=C(O)CNC(=S)SCC(=O)O
F-216,-1.82,CCCCC(=O)NCCNC(=O)CCCC
F-217,-2.53,CCOC(=O)CCCCCCC(=O)OCC
F-218,-3.28,COC(=O)CCCCCCCCC(=O)OC
F-219,-1.04,CCCCOC(=O)NS(N)(=O)=O
F-220,-1.89,CCC(CO[N+](=O)O)O[N+](=O)O
F-221,-3.39,CCCCCCCCOC(=O)C(C)OC(C)=O
F-222,-4.48,COC1=CC2=C(C=C1)C1=C(N2)C(C)=NC=C1
F-223,-1.74,CCCC(C)(COC(N)=O)COC(N)=O
F-224,-3.11,CCCCCC(=O)NCCNC(=O)CCCCC
F-225,-3.51,CCOC(=O)CCCCCCCCC(=O)OCC
F-226,-1.75,CCC(CC)COC(=O)NS(N)(=O)=O
F-227,-1.95,CC(C=NNC(N)=O)=NNC(N)=O
F-228,0.41,O=C(CCCCC(=O)NCCO)NCCO
F-229,-0.76,CCCCS(=O)(=O)NS(=O)(=O)CCCC
F-230,-1.45,O=S(=O)(CCCl)CCS(=O)(=O)CCCl
F-231,-2.4,CCCCC(CC)COC(=O)NS(N)(=O)=O
F-232,-0.7,CC(O)C(=O)NCCCCCCNC(=O)C(C)O
F-233,-0.81,C1C2(COP(=O)(O1)OC2)[N+](=O)[O-]
F-234,-4.4,COP(=S)(OC)SSP(=S)(OC)OC
F-235,-1.42,O=C(O)CSC(SCC(=O)O)SCC(=O)O
F-236,-3.6,CCCCOC(=O)CCCCCCCCC(=O)OCCCC
F-237,-2.2,CCCCCCS(=O)(=O)NS(=O)(=O)CCCCCC
F-238,-2.1,CC(=O)OC(OC(C)=O)C(OC(C)=O)OC(C)=O
F-239,-0.92,O=C(NCCCCCCNC(=O)OCCO)OCCO
F-240,-4.57,CCCCCCOC(=O)CCCCCCCCC(=O)OCCCCCC
F-241,-1.95,CCCS(=O)(=O)C(S(=O)(=O)CCC)S(=O)(=O)CCC
F-242,-5.06,CCCCC(CC)COC(=O)CCCCC(=O)OCC(CC)CCCC
F-243,-2.92,CCCCCCCCS(=O)(=O)NS(=O)(=O)CCCCCCCC
F-244,-3.34,CCOC(=O)CC(SP(=O)(OC)OC)C(=O)OCC
F-245,-3.36,CCOC(=O)CC(SP(=S)(OC)OC)C(=O)OCC
F-246,-1.57,CC(=O)OCC(COC(C)=O)(COC(C)=O)COC(C)=O
F-247,-1.93,O=C(NCCCCCCNC(=O)OCCCCO)OCCCCO
F-248,-2.97,CCCCS(=O)(=O)C(S(=O)(=O)CCCC)S(=O)(=O)CCCC
F-249,-1.71,C=CCC1(C(C)C)C(=O)NC(=O)NC1=O
F-250,-1.45,O=C(O)CSSSSCC(=O)O
F-251,-4.55,NC1=NC2=C(N=CC(=O)N2)C(=O)N1
F-252,-2.15,CC1=NC2=C(N=CNC2=O)NC1=O
F-253,-3.05,CC1(C2=C(C=C(C=C2)[N+](=O)[O-])C(=O)O1)C
F-254,-4.08,O=C(O)C1=CC(N=NC2=CC=C(O)C=C2)=C(Cl)C=C1
F-255,-1.93,CC(=NNC(=O)C1=NC=CS1)C(=O)O
F-256,-3.69,O=C1NC2=C(NC1=O)C(=O)NC=N2
F-257,-3.13,O=C1C=NC2=C(N1)C(=O)NC(=O)N2
F-258,-3.3,OC1=C(C2=NCCN2)C=C2C=CC=CC2=C1
F-259,-0.36,N#CC(C#N)=NNC1=CC=CC=C1
F-260,-3.85,O=C(O)C1=CC=CC(N=NC2=CC=C(O)C=C2)=C1
F-261,-3.33,O=C(O)C1=C(N=NC2=CC=C(O)C=C2)C=CC=C1
F-262,-3.77,CCCCCCCCN(C)N=NC1=CC=C(C(=O)O)C=C1
F-263,-3.86,O=C(O)C1=C(N=NC2=CC=C(O)C=C2)C=CC(Cl)=C1
F-264,-2.26,CCC1=NC2=C(N=C1CC)NC(=O)N=C2
F-265,-3.31,CC(=NNC(=O)C1=CC=NC=C1)C(=O)O
F-266,-3.94,CN1C(=O)NC2=C1NC(=O)NC2=O
F-267,-2.08,COC1=C(OC)C2=C(COC2=O)C(N)=C1
F-268,-1.16,O=C(C1=CC=CC=C1)C(F)(F)F
F-269,-3.96,CC1=NC2=C(C=CC(=C2C=C1)[N+](=O)[O-])O
F-270,-3.71,C1=CC=C2C(=C1)C=CC=C2[N+](=O)[O-]
F-271,-2.33,CCOC1=CC=C(NC(C)=O)C=C1
F-272,-2.58,CC1=C(C(=O)CCl)C=C(C(C)C)C(O)=C1
F-273,-1.48,CCOC1=NC(OCC)=NC(OCC)=N1
F-274,-3.08,CCCCCCCCCCNC(=O)C1=CN=CC=C1
F-275,-3.76,CNC(=O)OC1=C2C=CC=CC2=CC=C1
F-276,-3.55,OC1=C(Cl)C(Cl)=C(Cl)C(Cl)=C1O
F-277,-4.36,COC1=CC=C(C2=CC=CC=C21)[N+](=O)[O-]
F-278,-3.4,C(CCCO[N+](=O)O)CCCO[N+](=O)O
F-279,-4.72,C1C2=CC=CC=C2C3=C1C=C(C=C3)[N+](=O)[O-]
F-280,-4.02,COC1=C(Cl)C(Cl)=C(Cl)C(Cl)=C1O
F-281,-4.14,C(CCCCO[N+](=O)O)CCCO[N+](=O)O
F-282,-5.24,COC1=C(OC)C(Cl)=C(Cl)C(Cl)=C1Cl
F-283,-2.26,CC1=CN(CC2=CC=CC=C2)C(=O)NC1=O
F-284,-3.76,C=CCOC(=O)C1=C(C(=O)OCC=C)C=CC=C1
F-285,-3.92,CNC(=O)OC1=CC(C)=C(SC)C(C)=C1
F-286,-4.06,O=C1NC(=O)C2=C(N1)NC(=O)C(=O)N2
F-287,-3.16,C1=CC2=C(C=CC(=C2N=C1)C(=O)O)[N+](=O)[O-]
F-288,-5.81,CCCCCCOC(=O)C1=C(C(=O)OCCCCCC)C=CC=C1
F-289,-4.3,CC1=C(C=CC(=C1)OP(=S)(OC)OC)[N+](=O)[O-]
F-290,-7.36,CCCCC(CC)COC(=O)C1=C(C(=O)OCC(CC)CCCC)C=CC=C1
F-291,-4.52,COP(=O)(OC)OC(=CCl)C1=C(Cl)C=C(Cl)C(Cl)=C1
F-292,-0.55,CCOC(=O)N1CC(C)N(C(N)=O)CC1C
F-293,-4.96,C1=CC=C(C=C1)OP(=O)(OC2=CC=CC=C2)OC3=CC=C(C=C3)[N+](=O)[O-]
F-294,-3.22,O=C1C=CC2=C(O1)C(O)=C1OC=CC1=C2
F-295,-3.05,O=C1OC(C2=CC=C(Br)C=C2)C(Br)C1=O
F-296,-3.34,O=C1NC(=S)SC1=CC1=CC(O)=C(O)C=C1
F-297,-2.17,O=C1CCCCCN1C(=O)C1=CC=CC=C1
F-298,-1.47,C1=CC=C(C(=C1)C(=O)O)[N+](=O)[O-]
F-299,-2.97,COC(=O)C1=CC=C(C(=O)O)C=C1
F-300,-1.95,COC(=O)C1=C(C(=O)OC)C=CC=C1
F-301,-2.77,C(CCCO[N+](=O)O)CCO[N+](=O)O
F-302,-3.04,COC(=O)C1=CC=C(C=C1)[N+](=O)[O-]
F-303,-2.38,CCOC(=O)C1=C(C(=O)OCC)C=CC=C1
F-304,-4.28,CCCCOC(=O)C1=C(C(=O)OCCCC)C=CC=C1
F-305,-1.55,CC=CCC1(C)C(=O)NC(=O)N(C)C1=O
F-306,-5.11,CC12CCC3C4=C(C=C(O)C=C4)CCC3C1CCC2=O
F-307,-4.12,CC12CCC(=O)C=C1CCC1C2CCC2(C)C(O)CCC12
F-308,-2.06,CCOP(=O)(OCC)OC1=CC=C(C=C1)[N+](=O)[O-]
F-309,-4.42,CC(=O)C1CCC2C3CCC4=CC(=O)CCC4(C)C3CCC12C
F-310,-0.6,NNC(=O)C1=CC2=C(C=C1)OCO2
F-311,-2.62,CC1C2=C(C=C(C=C2)[N+](=O)[O-])C(=O)O1
F-312,-3.86,NC1=NC2=C(NC(=O)C=N2)C(=O)N1
F-313,-1.41,NC(CC1=NNC2=C1C=CC=C2)C(=O)O
F-314,-4.0,CCN(CC)C1=CC2=C(C=C1)C(C)=CC(=O)O2
F-315,-2.71,NC1=C2C=CC=NC2=C(S(=O)(=O)O)C=C1
F-316,-2.5,NC1=C(S(=O)(=O)O)C=CC2=C1C=CC=N2
F-317,-1.56,COC1=CC=C(Cl)C(OC)=C1O
F-318,-1.64,NC(=O)COC(=O)C1=CC=CC=C1
F-319,-4.27,CC1=C(C2=CC=CC=C2C=C1)[N+](=O)[O-]
F-320,-1.47,CCC1(CCO)C(=O)NC(=S)NC1=O
F-321,-3.6,COC1=C2C=COC2=CC2=C1C=CC(=O)O2
F-322,-1.69,NC1=CC=C(S(=O)(=O)N=C2CC=CN2)C=C1
F-323,-3.52,COC1=C2OC=CC2=CC2=C1OC(=O)C=C2
F-324,-4.0,CC1=CC(=O)N(O)C2=C1C1=C(C=CC=C1)C=C2
F-325,-2.24,CCNC(=O)COC(=O)C1=CC=CC=C1
F-326,-3.86,C1=CC=C(C=C1)C2=CC(=C(C=C2)[N+](=O)[O-])O
F-327,-3.93,CCN(CC)C(=O)SCC1=CC=C(Cl)C=C1
F-328,-2.07,CCN(CC)C(=O)COC(=O)C1=CC=CC=C1
F-329,-2.68,O=C(O)CSC(=S)OCC1=CC=CC=C1
F-330,-3.32,O=S(=O)(C1=C(O)C=CC=C1)C1=C(O)C=CC=C1
F-331,-5.72,CCCCCCCCC(CO[N+](=O)O)O[N+](=O)O
F-332,-3.31,O=C(C1=CC=CC=C1)N(O)C1=CC=CC2=C1C=CC=C2
F-333,-2.53,CCCC1(CCC)C(=O)NC(=O)NC1=O
F-334,-2.22,CC1=NC(=O)C2=C(N1)C=CC(=C2)[N+](=O)[O-]
F-335,-3.49,CCCCCOC(=O)C1=C(C(=O)OCCCCC)C=CC=C1
F-336,-2.55,CCC1C2=C(C=C(C=C2)[N+](=O)[O-])C(=O)O1
F-337,-2.39,CCC(C)C1(CC)C(=O)NC(=O)NC1=O
F-338,-2.35,NC(=O)CNC(=O)CNC(=O)OCC1=CC=CC=C1
F-339,-5.27,CCC(=O)C(CCCCCCOC1=C(Cl)C=C(OC)C=C1)C(=O)CC
F-340,-1.67,CCCCC1(CC)C(=O)NC(=O)NC1=O
F-341,-2.46,CC1(C2=CC=CC=C2)C(=O)NC(=O)NC1=O
F-342,-2.12,C=CCC1(CC(C)C)C(=O)NC(=O)NC1=O
F-343,-1.52,CCOC1=C2N=CC=CC2=C(NC(C)=O)C=C1
F-344,-1.35,CC(=O)C1=C(C(=O)O)C(C(=O)O)=CN=C1C
F-345,-1.73,CC(CCC(=O)O)=NNC(=O)C1=NC=CS1
F-346,-2.38,CCC1=NC2=C(N=C1CC)C(=O)NC(=O)N2
F-347,-1.91,CC1=C(C(C)C)C(=O)N(C2=CC=CC=C2)N1C
F-348,-3.82,C1=CC=C2C=C(C=CC2=C1)[N+](=O)[O-]
F-349,-2.3,CC(=NO)C(=NO)C1=CC=CC=C1
F-350,-1.19,CC1=C(OCC(O)CO)C=CC=C1
F-351,-0.73,COC1=C(OCC(O)CO)C=CC=C1
F-352,-1.02,OCCOC1=CC=CC(OCCO)=C1
F-353,-2.97,C1=CC(=C(C=C1C(=O)O)[N+](=O)[O-])Br
F-354,-2.83,CC(=O)CC(C)=NCCN=C(C)CC(C)=O
F-355,-1.94,C1=CC(=CC=C1C(=O)NO)[N+](=O)[O-]
F-356,-2.53,CCC(C)C1=C(OC(=O)NC)C=CC=C1
F-357,-2.87,CN(C(=O)C1=CC=C(C=C1)[N+](=O)[O-])O
F-358,-5.7,COC1=CC=C(C=CC(=O)C2=C(O)C=CC=C2)C=C1
F-359,-2.28,CONC(=O)C1=CC=C(C=C1)[N+](=O)[O-]
F-360,-1.52,CC1=CC(C)=NC(OC2=NN(C)C(C)=C2)=N1
F-361,-1.88,NC(=O)CNC(=O)OCC1=CC=CC=C1
F-362,-4.74,CC(C)COC(=O)C1=C(C(=O)OCC(C)C)C=CC=C1
F-363,-5.09,COC1=CC2=C(C=C1)NC=C2CCNC(C)=O
F-364,-2.96,O=C(O)COC1=C(Cl)C=C(Cl)C(Cl)=C1
F-365,-6.54,COC1=CC=C(C(C2=CC=C(OC)C=C2)C(Cl)(Cl)Cl)C=C1
F-366,-4.08,CCOP(=S)(OCC)OC1=CC=C(C=C1)[N+](=O)[O-]
F-367,-2.68,CC12CCC3(O)C(CCC4=CC(=O)CCC43C)C1CCC2=O
F-368,-5.67,CCCCOC(=O)C1=C(C(=O)OCC2=CC=CC=C2)C=CC=C1
F-369,-1.59,CC(CCC(=O)O)=NNC(=O)C1=CC=NC=C1
F-370,-2.31,CC(=O)NC1=C(C)C=C(Cl)C=C1
F-371,-3.08,O=C(O)C1=CC=C(NC(=O)C2=CN=CC=C2)C=C1
F-372,-3.38,O=C(NC(=O)C1=CN=CC=C1)NC1=CC=CC=C1
F-373,-2.17,C=CCC1(CCCC)C(=O)NC(=O)NC1=O
F-374,-2.31,CCC=C(C)C1(CC)C(=O)NC(=O)NC1=O
F-375,-2.62,CC(C)CC1(CCO)C(=O)NC(=S)NC1=O
F-376,-0.77,CCC1(CC(C)=O)C(=O)NC(=O)NC1=O
F-377,-3.16,CCCOC1=C(C=C(C=C1)[N+](=O)[O-])N
F-378,-2.06,O=S(=O)(C1CCCCC1)C1CCCCC1
F-379,-1.61,CCCC1(CCO)C(=O)NC(=S)NC1=O
F-380,-1.46,COC1=CC=C2C=C(CCC(C)=O)C=CC2=C1
F-381,-0.76,CC(C)(NC(=O)C1=CC=CC=C1)C(=O)O
F-382,-1.58,C1=CC(=C(C=C1C(=O)O)[N+](=O)[O-])F
F-383,-3.48,COC1=C(OC)C2=C(COC2=O)C(C#N)=C1
F-384,-3.11,COC1=C(C(=O)O)C=C(C(=O)O)C=C1
F-385,-1.99,COC1=C(C(=O)O)C=CC(C(=O)O)=C1
F-386,-2.33,O=C(O)C(=O)C(C1=CC=CC=C1)C1=CC=CC=C1
F-387,-2.66,CCC1(CCC(C)C)C(=O)NC(=O)NC1=O
F-388,-3.48,O=C(O)CCC(=O)C1=C2C=CC=CC2=CC=C1
F-389,-2.01,C1=CC=C(C(=C1)[N+](=O)[O-])OCC(=O)O
F-390,-4.13,NC1=CC=C(S(=O)(=O)C2=CC=C(Cl)C=C2)C=C1
F-391,-2.73,O=C(O)C1=C(C(=O)C2=CC=C(O)C=C2)C=CC=C1
F-392,-2.4,CC(=O)NC(=O)COC(=O)C1=CC=CC=C1
F-393,-1.97,NC(=O)NS(=O)(=O)C1=CC=C(N)C=C1
F-394,-1.19,CCOC(=O)C(C)(C)NC(=O)C1=CC=CC=C1
F-395,-2.67,CCOC(=O)OC1=CC=C(NC(C)=O)C=C1
F-396,-0.75,CC1(C(=O)O)NCCC2=C1C=C(O)C(O)=C2
F-397,-1.91,CCC(C)(C(=O)O)N1C(=O)C2=C(C=CC=C2)C1=O
F-398,-4.4,CCOC1=CC2=C(C=C1)N=C(S(N)(=O)=O)S2
F-399,-3.53,O=C(C1=C(I)C=CC=C1)N(O)C1=CC=CC=C1
F-400,-2.53,NS(=O)(=O)C1=CC=C(S(N)(=O)=O)C=C1
F-401,-1.39,COC1=CC=C(C(O)C(O)C2=CC=CC=C2)C=C1
F-402,-3.22,CC(=O)NC(COC(=O)C1=CC=CC=C1)C(=O)O
F-403,-1.1,NC(CC1=CC=C(O)C=C1)C(=O)NCC(=O)O
F-404,-0.89,COC1=CC=C(CC2NC(=O)N(C)C2=O)C=C1
F-405,-2.83,O=C(O)C(OC1=C(Cl)C=CC=C1)OC1=C(Cl)C=CC=C1
F-406,-5.91,COC1=C(C=CC(=C1)OC2=C(C=C(C=C2)Cl)Cl)[N+](=O)[O-]
F-407,-0.73,CCOC(=O)N1CCN(C(=O)OCC)CC1
F-408,-1.79,CCNC(=S)N1CCN(C(=O)OCC)CC1
F-409,-6.54,O=C(NC(=O)C1=C(F)C=CC=C1F)NC1=CC=C(Cl)C=C1
F-410,-0.46,CNC(=S)NC1C(=O)NC(=O)NC1=O
F-411,-3.74,CC(C)CC(NC(=O)OCC1C2=C(C=CC=C2)C2=C1C=CC=C2)C(=O)O
F-412,-2.52,CC(=O)NS(=O)(=O)C1=CC=C(NC(=O)C2=C(C(=O)O)C=CC=C2)C=C1
F-413,-3.66,CCC1(C2=C(C=C(C=C2)[N+](=O)[O-])C(=O)O1)CC
F-414,-2.42,COC(=O)C1=CC=C(OC)C=C1
F-415,-4.16,CCCCC(CCCC)(CCCC)C(=O)NO
F-416,-3.05,COC(=O)C1=CC=C(N(C)C)C=C1
F-417,-2.14,COC1=CC=CC(C(=O)O)=C1OC
F-418,-0.84,NS(=O)(=O)C1=CC=C(NO)C=C1
F-419,-0.47,O=S(=O)(O)C1=CC2=C(C=C1)OC1=C2C=CC=C1
F-420,-2.73,O=C(C1=CC=CC=C1)N(O)C1=CC=CC=C1
F-421,-1.41,CC(=O)NC(CC1=CC=CC=C1)C(=O)O
F-422,-3.5,CC(C)C1=CC=C(NC(=O)N(C)C)C=C1
F-423,-0.4,O=C(O)C1=CC(C(=O)O)=C(C(=O)O)C=C1
F-424,-0.74,CN(C)C(=O)NC1=CC(Cl)=C(Cl)C=C1
F-425,-1.47,NC(CC1=CC(O)=C(O)C=C1)C(=O)O
F-426,-1.86,CCOC(=O)C(CC1=CC=CC=C1)NC(C)=O
F-427,-1.78,CCN(CC)CC(=O)NC1=C(C)C=CC=C1C
F-428,-3.47,CC(C(=O)O)C1=CC=CC(C(=O)C2=CC=CC=C2)=C1
F-429,-5.28,CC1=CC2=CC3=C(OC(=O)C=C3C)C(C)=C2O1
F-430,-3.57,CCN(CC)C(=O)C(C)OC1=C2C=CC=CC2=CC=C1
F-431,-2.97,NC1=CC=C(S(=O)(=O)NC2=CC=CC=N2)C=C1
F-432,-3.33,CCOC(=O)C(CC1=CC=C(O)C=C1)NC(=O)C1=CC=CC=C1
F-433,-0.93,CC1=CC=C(S(=O)(=O)NC(CCC(=O)O)C(=O)O)C=C1
F-434,-1.91,C1=CC(=CC=C1C(C(CO)NC(=O)C(Cl)Cl)O)[N+](=O)[O-]
F-435,-2.31,CCN(CC)C(=O)CN1C=C(Br)C(=O)C(Br)=C1
F-436,-3.18,CCN(CC)C(=O)CN1C=C(I)C(=O)C(I)=C1
F-437,-2.2,O=S(=O)(O)C1=C2C=CC=NC2=C(O)C(I)=C1
F-438,-2.36,C=CCC1(C(C)CCC)C(=O)NC(=O)NC1=O
F-439,-3.35,CCCCC(CC)CC(CC)(CC)C(=O)NO
F-440,-5.22,CCCCCCCCC(CC)(CC)C(=O)NO
F-441,-4.0,CC(C)CC(CC(C)C)(CC(C)C)C(=O)NO
F-442,-2.82,CCCCCCC(CCC)(CCC)C(=O)NO
F-443,-4.8,CCCCCCCCCCC(C)(C)C(=O)NO
F-444,-1.16,O=C(OCCO)C1=C(O)C=CC=C1
F-445,-1.78,COC1=C(O)C=CC(C(=O)CO)=C1
F-446,-2.17,CCCCC1(CCO)C(=O)NC(=S)NC1=O
F-447,-2.93,CC1=CC(NS(=O)(=O)C2=CC=C(N)C=C2)=NO1
F-448,-0.68,O=C(O)CC1(O)CC(=O)N(C2=CC=CC=C2)C1=O
F-449,-3.35,CCC(CC)(CC1=CC=C(C)C=C1)C(=O)NO
F-450,0.49,CN(C)C(=O)C1=CC=CC(C(=O)N(C)C)=C1
F-451,-0.91,O=C(NC(CO)C(=O)O)C1=CC=CC=C1
F-452,-3.01,O=C(O)C1=C(C(=O)C2=CC=C(Br)C=C2)C=CC=C1
F-453,-1.77,O=C1NC=C(NS(=O)(=O)O)C(=O)N1
F-454,-2.89,CCCC(CCC)(C(=O)NO)C1=CC=CC=C1
F-455,-3.52,CC1=CC(C)=C(CC(C)(C)C(=O)NO)C(C)=C1
F-456,-3.23,CN(CC(=O)O)C(=S)SCC1=CC=CC=C1
F-457,-2.69,CCC1(CC)C(=O)N(C)N(C2=CC=CC=C2)C1=O
F-458,-3.12,COC1=CC(=C(C=C1)OC)[N+](=O)[O-]
F-459,-3.82,CCCOC(=O)C1=C(C(=O)OCCC)C=CC=C1
F-460,-8.56,CCCCCCCOC(=O)C1=C(C(=O)OCCCCCCC)C=CC=C1
F-461,-6.37,CC1CC2C(C(O)CC3(C)C2CCC3(O)C(=O)CO)C2(C)C=CC(=O)C=C12
F-462,-2.22,CCCCCCCCNCC(O)CO
F-463,-2.64,CCCCCCCCCNCC(O)CO
F-464,-3.11,CCCCCCCCCCNCC(O)CO
F-465,-0.96,CNCC(O)C1=CC(O)=C(O)C=C1
F-466,-1.62,CC(C)(NC(=O)C1=CC=CC=C1)C(N)=O
F-467,0.51,CN(C)C(=O)C1=C(C(=O)N(C)C)C=CC=C1
F-468,-5.06,O=C(O)CCC(=O)C1=CC=C(C2=CC=CC=C2)C=C1
F-469,-3.41,CCOC(=O)C1=C(C(=O)C2=CC=CC=C2)C=CC=C1
F-470,-2.56,CC(C)CCC1(CCO)C(=O)NC(=S)NC1=O
F-471,-2.38,CCCCCC1(CCO)C(=O)NC(=S)NC1=O
F-472,-1.79,O=C(O)CN1C(=O)NC(=O)C1CC1=CC=CC=C1
F-473,0.27,CN(C)C(=O)C1=CC=C(C(=O)N(C)C)C=C1
F-474,-4.49,CS(=O)(=O)NC1=C(C=C(C=C1)[N+](=O)[O-])OC2=CC=CC=C2
F-475,-2.87,NC1=CC=C(S(=O)(=O)NC2=NN=CS2)C=C1
F-476,-2.87,COC1=C(Cl)C(Cl)=C(Cl)C=C1O
F-477,-0.37,NC(=O)NC1(O)NC(=O)NC1(O)C(=O)O
F-478,-3.09,CCCC(C)CC1(CCO)C(=O)NC(=S)NC1=O
F-479,-3.14,CCC(CC)CC1(CCO)C(=O)NC(=S)NC1=O
F-480,-0.64,CC1=CC=NC(NS(=O)(=O)C2=CC=C(N)C=C2)=N1
F-481,-1.81,NC1=CC=C(S(=O)(=O)NC2=CN=C(I)C=C2)C=C1
F-482,-1.52,CC1=C(NC(N)=O)C(=O)N(C2=CC=CC=C2)N1C
F-483,-4.0,CC12CCC3C4=C(C=C(O)C=C4)CCC3C1CC(O)C2O
F-484,-2.79,CC12C=CC(=O)C=C1CCC1C2CCC2(C)C(=O)CCC12
F-485,-3.66,COC1=CC(Cl)=C(Cl)C(Cl)=C1O
F-486,-2.91,CN1C(=O)NC(=O)C(C)(C2=CCCCC2)C1=O
F-487,-2.1,CC(=O)C(OC1=C(Cl)C=CC=C1)C(=O)O
F-488,-4.45,CC1=NN=C(NS(=O)(=O)C2=CC=C(N)C=C2)S1
F-489,-2.94,O=C1C=CC2=C(C=CC=C2)C1=NO
F-490,-4.37,COC1=CC(Cl)=C(Cl)C(Cl)=C1OC
F-491,-3.16,CC(=O)NC1=CC2=C(C=C1)N=C(S(N)(=O)=O)S2
F-492,-3.9,CN1C2=C(C=CC=C2)C(O)(C2=CC=CC=C2)C2=C1C=CC=C2
F-493,-1.48,O=C(O)C1=C(C(=O)OCCO)C=CC=C1
F-494,-1.55,O=C(O)CSC(CC(=O)O)C1=CC=CC=C1
F-495,-6.0,COC1=CC(C(=O)C=CC2=CC=CC=C2)=C(O)C=C1
F-496,-3.0,CCC1(C2=CCCCCC2)C(=O)NC(=O)NC1=O
F-497,-2.27,CC1=CC(C)=NC(NS(=O)(=O)C2=CC=C(N)C=C2)=N1
F-498,-2.32,CC1=NC(C)=NC(NS(=O)(=O)C2=CC=C(N)C=C2)=C1
F-499,-3.14,CC1=C(C)N=C(NS(=O)(=O)C2=CC=C(N)C=C2)N=C1
F-500,-3.17,COC(=O)C1=CC(Br)=C(O)C=C1
F-501,-3.12,CCC1=NN=C(NS(=O)(=O)C2=CC=C(N)C=C2)S1
F-502,-1.64,CC(CCC(=O)O)NC(=O)C1=CC=CC=C1
F-503,-2.83,O=C(O)C1=C(C(=O)OCCOC(=O)C2=C(C(=O)O)C=CC=C2)C=CC=C1
F-504,-1.88,CC1=NOC(NS(=O)(=O)C2=CC=C(N)C=C2)=C1C
F-505,-1.74,CC(=O)NC1=C(F)C=C(C)C=C1
F-506,-1.36,CC(=O)NC1=C(C)C=C(F)C=C1
F-507,-3.21,COc1cc(c2COC(=O)c2c1OC)[N+]([O-])=O
F-508,-2.87,COC(=O)C1=CC(Cl)=C(O)C=C1
F-509,-3.59,CC(=O)CC(C)=NC1=CC=C(O)C=C1
F-510,-0.54,O=C(NCCO)C1=C(O)C=CC(O)=C1
F-511,-3.54,CCC1(CC)C(=O)N(C2=CC=CC=C2)N=C1OC(C)=O
F-512,-3.85,O=C(O)CCC(=O)C1=CC=C2C=CC=CC2=C1
F-513,-1.6,COC(=O)C1=CC(O)=C(OC)C(O)=C1
F-514,-2.06,NC1=CC=C2C(O)=CC=CC2=C1S(=O)(=O)O
F-515,0.71,O=C(O)CC1=C(O)C=CC(O)=C1
F-516,-3.72,CC(=O)NC1=CC=C(S(=O)(=O)NC2=CC=CC=N2)C=C1
F-517,0.3,CN(C)C1=CC=CC(S(=O)(=O)O)=C1
F-518,-2.29,COC1=C(C(=O)O)C=CC=C1C(=O)O
F-519,-2.54,NC1=CC2=C(S(=O)(=O)O)C=CC=C2C=C1
F-520,-2.75,NC1=CC2=C(C=C1)C(S(=O)(=O)O)=CC=C2
F-521,0.01,CC(=O)NC(CC1=CC=C(O)C=C1)C(=O)O
F-522,-2.17,NS(=O)(=O)C1=CC=CC(S(N)(=O)=O)=C1
F-523,-3.94,CC1=CC=C(S(=O)(=O)OC2=C(C)C=CC=C2)C=C1
F-524,-0.73,NCC(=O)NC(CC1=CC=C(O)C=C1)C(=O)O
F-525,-4.45,COC1=CC2=C(N=CC=C2)C(NC(=O)C2=CN=CC=C2)=C1
F-526,-3.55,CC(=O)CC(C)=NC1=C(O)C=CC=C1
F-527,-3.21,CCOC1=C(C=C(C=C1)[N+](=O)[O-])N
F-528,-3.81,CCCCCOC(=O)C1=CC=C(O)C=C1
F-529,-3.95,CCCCCCOC(=O)C1=CC=C(O)C=C1
F-530,-2.16,NC(=O)C1=CC=CC(S(N)(=O)=O)=C1
F-531,-3.64,NC1=C(C=NC2=C(O)C=CC=C2)C=CC=C1
F-532,-4.07,CCCCCCCOC(=O)C1=CC=C(O)C=C1
F-533,-3.05,COS(=O)(=O)C1=CC=C(C(=O)O)C=C1
F-534,-6.04,NC1=C(C(=O)OCC=CC2=CC=CC=C2)C=CC=C1
F-535,-1.41,NC(C(=O)NCC(=O)O)C1=CC=CC=C1
F-536,-3.88,CCOP(=S)(OCC)OC1=CC(C)=NC(C(C)C)=N1
F-537,-1.89,CC(=O)CC(C)=NC1=CC=C(N=C(C)CC(C)=O)C=C1
F-538,-3.18,O=C1NC=NC2=C1N=C(C1=CC=CC=C1)C(C1=CC=CC=C1)=N2
F-539,-3.91,CCCCOC1=CC(C(=O)NCCN(CC)CC)=C2C=CC=CC2=N1
F-540,-3.92,O=C(O)CN(C(=S)SCC1=CC=CC=C1)C1=CC=CC=C1
F-541,-3.41,CC(C)C1=NN=C(NS(=O)(=O)C2=CC=C(N)C=C2)S1
F-542,-3.31,CCCC1=NN=C(NS(=O)(=O)C2=CC=C(N)C=C2)S1
F-543,-2.66,COC(=O)C(CC1=CC=CC=C1)NC(=O)C(CC(=O)O)NC(=O)C(F)(F)F
F-544,-3.84,NC1=CC(=O)C(=O)C2=C1C=CC=C2
F-545,-4.22,CCCCCCCCOC(=O)C1=CC=C(O)C=C1
F-546,-3.08,O=C(O)CCP(=O)(O)C1=CC=CC=C1
F-547,-4.24,CC(=O)NC1=CC2=C(C=C1)C1=C(C=CC=C1)C2
F-548,-0.99,CC(=O)NC1=C(C=CC(=C1)Cl)[N+](=O)[O-]
F-549,-1.49,N#CCCNC(CC1=CC=CC=C1)C(=O)O
F-550,-4.02,CCCN(CCC)S(=O)(=O)C1=CC=C(C(=O)O)C=C1
F-551,-3.31,COC(=O)C1=CC(I)=C(O)C=C1
F-552,-3.22,CCOC(=O)C1=CC(Cl)=C(O)C=C1
F-553,-3.49,CCOC(=O)C1=CC(I)=C(O)C=C1
F-554,-3.69,CCCOC(=O)C1=CC(I)=C(O)C=C1
F-555,-1.83,CCNC(=O)NC1=C(C)N(C)N(C2=CC=CC=C2)C1=O
F-556,-2.3,NC(=O)C1=CC=C(S(N)(=O)=O)C=C1
F-557,-3.9,CCCCOC(=O)C1=CC(I)=C(O)C=C1
F-558,-3.82,CC(C)CC1=NN=C(NS(=O)(=O)C2=CC=C(N)C=C2)S1
F-559,-4.42,CC1=CC=C(C(=O)N(O)C2=CC=C(Cl)C=C2)C=C1
F-560,-3.67,O=C(C1=C(Cl)C=C(Cl)C=C1)N(O)C1=CC=CC=C1
F-561,-4.19,CCCCOCN(C(=O)CCl)C1=C(CC)C=CC=C1CC
F-562,-6.01,O=C(O)C1=CC=C(P(=O)(C2=CC=CC=C2)C2=CC=C(C(=O)O)C=C2)C=C1
F-563,-3.08,NS(=O)(=O)C1=C(C2=NC3=C(C=CC=C3)C(=O)N2)C=CC=C1
F-564,-4.17,CC(C)=NNC(=O)NC1C2=C(C=CC=C2)OC2=C1C=CC=C2
F-565,-1.41,NC1C(O)C(O)C(O)C(O)C1O
F-566,-2.72,O=C(O)C=CC(=O)NC1=CC=CC=C1
F-567,-4.07,O=C(O)C1=CC=C(P(=O)(O)C2=CC=CC=C2)C=C1
F-568,-4.15,CC(=O)NC1=CC=C(S(=O)(=O)NC2=NC(C)=CS2)C=C1
F-569,-3.05,CCC1=CC=CC(CC)=C1N(COC)C(=O)CCl
F-570,-3.65,NC1=CC=C(S(=O)(=O)NC2=NC3=C(C=N2)CCCC3)C=C1
F-571,-0.05,CN1C(=O)C(CC2=CC=C(O)C=C2)N(CC(=O)O)C1=O
F-572,-1.58,CC(C)CC(N)C(=O)NC(CC1=CC=C(O)C=C1)C(=O)O
F-573,-0.66,CN(C)CCNC(=O)NC1CCCCC1
F-574,-2.35,CCN(CC)CC(C)OC(=O)C1=CC=C(N)C=C1
F-575,-2.38,CCN(CC)C(C)COC(=O)C1=CC=C(N)C=C1
F-576,-2.07,CC(C)CC(NC(=O)C(N)CC1=CC=C(O)C=C1)C(=O)O
F-577,-1.49,CC12CCC(=O)C=C1CCC1C3CCC(O)(C(=O)CO)C3(C)CC(O)C12F
F-578,-1.63,CCCCNC(=O)NC1=C(C)N(C)N(C2=CC=CC=C2)C1=O
F-579,-1.32,NC(=O)SCC(=O)NC1=CC=CC=C1
F-580,-3.85,C1=COC(=C1)C(=O)C2=NO[N+](=C2C(=O)C3=CC=CO3)[O-]
F-581,-0.48,O=C(O)CC(O)(CC(=O)O)C(=O)NC1=CC=CC=C1
F-582,-0.3,CC1C(=O)CCC2C(O)CCC(O)C12
F-583,-2.39,CC(C)C1CCC(=NO)C(=NO)C1
F-584,-3.97,CCC(C)(C)C1CCC(=NO)C(=NO)C1
F-585,-6.41,CC(C)(C)CC(C)(C)C1CC/C(=N/O)/C(=N\O)/C1
F-586,-1.02,CNC(CC1=CC(O)=C(O)C=C1)C(=O)O
F-587,-3.94,O=C(C1=CC=CC2=C1C=CC=C2)N(O)C1=CC=CC=C1
F-588,-2.89,CC(=O)NC(CSC1=CC(Cl)=C(Cl)C=C1)C(=O)O
F-589,-2.7,C1=CC(=CC=C1NC(=O)NCCC(=O)O)[N+](=O)[O-]
F-590,-2.31,CC(=O)NC(CSC1=C(Cl)C=CC=C1Cl)C(=O)O
F-591,-1.68,N#CCCN(CCC#N)C(CC1=CC=C(O)C=C1)C(=O)O
F-592,-5.08,CC12CCC(=O)C=C1CCC1C2CCC2(C)C(OC(=O)CCC(=O)O)CCC12
F-593,-3.85,CC1CC2C3CCC4=CC(=O)C=CC4(C)C3(F)C(O)CC2(C)C1(O)C(=O)CO
F-594,-2.91,O=C(O)CN1C(=O)N(C2=CC=CC=C2)C(=O)C1CC1=CC=CC=C1
F-595,-1.52,CC1(C)C(=O)C(=O)C2CCC1C2
F-596,-1.26,CCOC(=O)C(O)C1=CC=CC=C1
F-597,-1.78,CC12CCC(CC1=O)C2(C)C(=O)O
F-598,-2.52,CC12CCC(C(=NO)C1=NO)C2(C)C
F-599,-0.89,CC(C(=O)O)S(=O)(=O)C1=CC=CC=C1
F-600,-1.23,CC(O)C(NC(=O)C1=CC=CC=C1)C(=O)O
F-601,-1.23,O=C(O)CSC(C(=O)O)C1=CC=CC=C1
F-602,0.39,CC(CC(=O)NC1=CC=CC=C1)C(=O)O
F-603,-2.1,CCN(CC)C(=O)C(C)OC(=O)C1=CC=CC=C1
F-604,-0.87,CC(C(=O)N(C)C)S(=O)(=O)C1=CC=CC=C1
F-605,-1.74,COC(C)C(NC(=O)C1=CC=CC=C1)C(=O)O
F-606,-2.16,O=C(O)CNC(CC1=CC=CC=C1)C(=O)O
F-607,-3.55,CC(OC1=C(Cl)C=C(Cl)C(Cl)=C1)C(=O)O
F-608,-1.8,CC(C(=O)O)NC(=O)C1=CC(=CC=C1)[N+](=O)[O-]
F-609,-2.59,O=C(O)CNC(CC1=CC=C(O)C=C1)C(=O)O
F-610,-2.11,CC(=O)C=C(C)NC1CCCCC1NC(C)=CC(C)=O
F-611,-3.1,OCC(O)C(O)C(O)C=NN(C1=CC=CC=C1)C1=CC=CC=C1
F-612,-4.16,CC(O)C1(O)CCC2C3CCC4=CC(=O)CCC4(C)C3CCC21C
F-613,-4.35,CC1=CC=C(C2(O)CCN(CCCC(=O)C3=CC=C(F)C=C3)CC2)C=C1
F-614,-4.82,CC(CCC(=O)O)C1CCC2C3CC(O)C4CC(O)CCC4(C)C3CCC12C
F-615,-3.57,CC(CCC(=O)O)C1CCC2C3CCC4CC(O)CCC4(C)C3CC(O)C12C
F-616,-4.81,CC(CCC(=O)O)C1CCC2C3C(O)CC4CC(O)CCC4(C)C3CCC12C
F-617,-3.41,O=C(O)C(SCCSC(C(=O)O)C1=CC=CC=C1)C1=CC=CC=C1
F-618,-1.47,NC(CC1=CC=C(O)C=C1)C(=O)NCC(=O)NCC(=O)O
F-619,-2.3,CC1=C(NC(=O)NC2=CC=CC=C2)C(=O)N(C2=CC=CC=C2)N1C
F-620,-1.79,CCC1(C2=CC=CC=C2)C(=O)NC(=O)N(CC(O)CO)C1=O
F-621,-1.98,CC1=C(O)C=CC(C(=O)CC(C)C)=C1
F-622,-1.32,CC1CCC(C)C(=NO)C1=NO
F-623,-1.83,CCC1CCC(=NO)C(=NO)C1
F-624,-5.44,COC1=CC(O)=C(CC=C(C)C)C2=C1C(=O)CC(C1=CC=C(O)C=C1)O2
F-625,-3.39,CCOC(=O)C1=CC(Br)=C(O)C=C1
F-626,-3.33,NC(=O)CC1=CC=C(C2=CC=CC=C2)C=C1
F-627,-3.38,CCCOC(=O)C1=CC(Cl)=C(O)C=C1
F-628,-3.51,CCCOC(=O)C1=CC(Br)=C(O)C=C1
F-629,-3.07,O=S1(=O)OC(C2=CC=C(O)C=C2)(C2=CC=C(O)C=C2)C2=C1C=CC=C2
F-630,-2.8,C=CCOC1=C(C=C(C=C1)[N+](=O)[O-])N
F-631,-1.16,COC1=CC=C(N(C)C(N)=O)C=C1
F-632,-6.24,CCOP(=S)(OCC)OC1=CC2=C(C=C1)C(C)=C(Cl)C(=O)O2
F-633,-1.74,NC(=O)NN=CCOC1CCCCC1
F-634,-1.66,CCOC1=CC=C(N(C)C(N)=O)C=C1
F-635,-3.82,CCCCOC1=C(C=C(C=C1)[N+](=O)[O-])N
F-636,-1.53,COC1=C(S(N)(=O)=O)C=C(C)C=C1
F-637,-3.51,CCCCOC(=O)C1=CC(Cl)=C(O)C=C1
F-638,-3.67,CCCCOC(=O)C1=CC(Br)=C(O)C=C1
F-639,-3.16,CC1=C(OCC(O)=S)C=CC(Cl)=C1
F-640,-3.95,CCCCCOC(=O)C1=CC(Cl)=C(O)C=C1
F-641,-4.1,CCCCCOC(=O)C1=CC(Br)=C(O)C=C1
F-642,-4.22,CCCCCOC(=O)C1=CC(I)=C(O)C=C1
F-643,-2.66,CC(C)OC1=C(C=C(C=C1)[N+](=O)[O-])N
F-644,-3.63,C1=CC=C(C=C1)C2=C(C=CC(=C2)O)[N+](=O)[O-]
F-645,-1.64,CC(C(N)=O)S(=O)(=O)C1=CC=CC=C1
F-646,-3.95,C1=CC=C(C=C1)C2=C(C(=CC=C2)O)[N+](=O)[O-]
F-647,-1.85,CCOC1=CC=C(N(CC)C(N)=O)C=C1
F-648,-2.69,OC(=S)COC1=C(Cl)C=C(Cl)C=C1
F-649,-4.09,CCCCCCOC(=O)C1=CC(Cl)=C(O)C=C1
F-650,-4.22,CCCCCCOC(=O)C1=CC(Br)=C(O)C=C1
F-651,-4.43,CCCCCCOC(=O)C1=CC(I)=C(O)C=C1
F-652,-3.0,COC1=CC=CC(OCC(O)CO)=C1OC
F-653,-3.41,COC1=C(O)C(OC)=C(Cl)C(Cl)=C1Cl
F-654,-2.02,CN(C)C1=C(C(=O)O)C=C(C(=O)O)C=C1
F-655,-4.23,CCCCCCCOC(=O)C1=CC(Cl)=C(O)C=C1
F-656,-4.42,CCCCCCCOC(=O)C1=CC(Br)=C(O)C=C1
F-657,-4.56,CCCCCCCOC(=O)C1=CC(I)=C(O)C=C1
F-658,-1.21,COC1=CC(C(=O)O)=C(C(=O)O)C=C1O
F-659,-2.29,O=S(=O)(C1=CC(O)=CC=C1)C1=C(O)C=CC=C1
F-660,-2.33,O=S(=O)(C1=CC(O)=CC=C1)C1=CC(O)=CC=C1
F-661,-0.33,CS(=O)(=O)NS(=O)(=O)C1CCCCC1
F-662,-4.38,CCCCCCCCOC(=O)C1=CC(Cl)=C(O)C=C1
F-663,-4.52,CCCCCCCCOC(=O)C1=CC(Br)=C(O)C=C1
F-664,-4.67,CCCCCCCCOC(=O)C1=CC(I)=C(O)C=C1
F-665,-3.42,CCN(CC)C(C)C(C)OC(=O)C1=CC=C(N)C=C1
F-666,-3.46,CCCCOC(=O)C1=CC=C(NC(C)=O)C=C1
F-667,-2.96,OC(=S)COC1=C(Cl)C=C(Cl)C(Cl)=C1
F-668,-1.52,CC(=O)OC1C(C2COC(C)(C)O2)OC2OC(C)(C)OC21
F-669,-2.41,O=C(NC1=CC=CC=C1)C(O)COC1=CC=CC=C1
F-670,-3.37,CCOC1=C(C(=O)N(O)C2=CC=CC=C2)C=CC=C1
F-671,-2.35,NCCNC1=CC=C(S(=O)(=O)C2=CC=C(N)C=C2)C=C1
F-672,-1.67,C1C(CC(=O)C(C1=O)[N+](=O)[O-])C2=CC=CC=C2
F-673,-1.4,NC1=CC=C(S(=O)(=O)NC(CO)(CO)CO)C=C1
F-674,-3.1,CNC(=N)NS(=O)(=O)C1=CC2=C(C=CC=C2)C=C1
F-675,-0.56,CC(C)(NC(=O)C1=CC=CC=C1)C(=O)NCC(=O)O
F-676,-3.0,O=C(O)C1=C(N=NC2=CC=C(O)C=C2)C=CC=C1Cl
F-677,-1.65,CCN(CC)CCOC(=O)C1=CC=C(NC(C)=O)C=C1
F-678,-2.88,CCOC(=O)CC1=C(C)N=C(NS(=O)(=O)C2=CC=C(N)C=C2)S1
F-679,-4.5,CC1=C(NS(=O)(=O)C2=CC=C(N)C=C2)C2=C(C=CC=C2)C=C1
F-680,-3.1,CC1=CC=C(NC(=O)C(O)(O)C(=O)NC2=CC=C(C)C=C2)C=C1
F-681,-2.02,O=C(O)C(NCCCCCNC(C(=O)O)C1=CC=CC=C1)C1=CC=CC=C1
F-682,-1.16,C1=CC(=C(C=C1CCO)[N+](=O)[O-])O
F-683,-2.3,NC1=NC2=C(N=CN2C2C=CC(CO)C2)C(O)=N1
F-684,-2.4,NS(=O)(=O)C1=CC(S(=O)(=O)C2=CC=C(O)C=C2)=CO1
F-685,-3.03,NS(=O)(=O)C1=CC(S(=O)(=O)C2=CC=C(O)C=C2)=CS1
F-686,-3.02,COC1=CC=C(S(=O)(=O)C2=COC(S(N)(=O)=O)=C2)C=C1
F-687,-4.22,COC1=CC=C(S(=O)(=O)C2=CSC(S(N)(=O)=O)=C2)C=C1
F-688,-2.72,NS(=O)(=O)C1=CC(S(=O)(=O)C2=CC(O)=CC=C2)=CS1
F-689,-3.74,O=C(O)C1=CN(C2CC2)C2=C(C=C(F)C(N3CCNCC3)=C2)C1=O
F-690,-3.0,NC(CCCCNC(=O)OCC1C2=C(C=CC=C2)C2=C1C=CC=C2)C(=O)O
F-691,-3.09,CN1CCC(=C2C3=C(C=CC=C3)C=CC3=C2C=CC=C3)CC1
F-692,-1.16,CC(C)CNCC1=CC=C(S(=O)(=O)C2=CSC(S(N)(=O)=O)=C2)C=C1
F-693,-3.78,O=C(O)CC1=C(NC2=C(Cl)C=CC=C2Cl)C=CC=C1
F-694,-0.36,CC1=CC=C(S(=O)(=O)NCl)C=C1
F-695,-2.96,COC1=C(Cl)C=C(Cl)C(OC)=C1O
F-696,-1.08,NC1=NC2=C(C=N1)N=CN2COCCO
F-697,-2.61,CC1=CC2OC3CC(O)C(C)(C2(CO)CC1)C31CO1
F-698,-3.43,CC(C)(C)N1C=C(C(=O)O)C(=O)C2=C1C=C(N1CCNCC1)C(F)=C2
F-699,-4.0,CCOP(=O)(CC1=CC=C(C2=NC3=C(C=CC=C3)S2)C=C1)OCC
F-700,-2.13,CN1CC2C3=C(C=CC=C3)OC3=C(C=C(Cl)C=C3)C2C1
F-701,-4.0,C1=CC2=C(C=C1F)NC(=N2)C3=CC=C(O3)[N+](=O)[O-]
F-702,-1.27,O=S(=O)(O)C1=CC2=C(C=CC=C2)C=C1
F-703,-2.12,C#CC1CN2CCC1CC2C(O)C1=CC=NC2=C1C=C(OC)C=C2
F-704,-2.71,CCCCCCCCCCSC(=N)N
F-705,1.13,CCOC(=O)N1CCN(C)CC1
F-706,0.65,CCOC(=O)N1CC(C)NCC1C
F-707,-2.39,CC1=CC2=C(N)C3=C(C=CC=C3)N=C2C=C1
F-708,-1.38,CS(=O)(=O)C1=CC=C(C(=N)N)C=C1
F-709,0.02,CC1CN(C(=N)N)C(C)CN1C(=N)N
F-710,-2.4,NC1=C2C=C(F)C=CC2=NC2=C1C=CC=C2
F-711,-2.12,NC1=C2C=CC(F)=CC2=NC2=C1C=CC=C2
F-712,-1.66,NC1=C2C=CC=C(F)C2=NC2=C1C=CC=C2
F-713,-0.95,NC1=C2C(F)=CC=CC2=NC2=C1C=CC=C2
F-714,-1.58,NC1=C2C(Cl)=CC=CC2=NC2=C1C=CC=C2
F-715,-1.53,CCCCCCCCCCN1CCCCC1
F-716,-2.42,NC1=C2C=C(Cl)C=CC2=NC2=C1C=CC=C2
F-717,-1.73,NC1=C2C=CC(Cl)=CC2=NC2=C1C=CC=C2
F-718,-1.09,CCN(CC)NC(=O)NC1=C(C)C=CC=C1C
F-719,-1.39,OC(C1=CC=CC=C1)(C1=CC=CC=C1)C1CCNCC1
F-720,-1.53,CN1CCN(C(C2=CC=CC=C2)C2=CC=CC=C2)CC1
F-721,-1.84,C1=CC=C2C(=C1)C(=C3C(=N2)C=CC=C3[N+](=O)[O-])N
F-722,-0.98,C1CCC(NCCNC2CCCCC2)CC1
F-723,-2.48,NC1=C2C=CC=CC2=NC2=CC=CC(C(F)(F)F)=C21
F-724,-2.24,CC(CCNCCNCCC(C)CC(C)(C)C)CC(C)(C)C
F-725,-1.55,OC(CN1CCCCC1)C1=C2C=CC=CC2=C(Cl)C=C1
F-726,-2.17,NC1=C2C=CC(C(F)(F)F)=CC2=NC2=C1C=CC=C2
F-727,-1.68,CCN(CC)CCC(C)(O)C1=C2C=CC=CC2=C(OC)C=C1
F-728,-1.02,N=C(N)C1=CC=C(CCC2=CC=C(C(=N)N)O2)O1
F-729,-1.49,CCOC1=CC=C(C(=O)OCCNC(C)C2=CC=CC=C2)C=C1
F-730,-2.2,CC1=C(NC(=O)C(=O)C(=O)NC2=C(C)C=CC=C2)C=CC=C1
F-731,-2.68,C1=CC=C2C(=C1)/C(=N/O)/C(C2=O)[N+](=O)[O-]
F-732,-2.68,O=C(CCCN1CCC(O)(C2=CC=CC=C2)CC1)C1=CC=CC=C1
F-733,-1.62,CC1=CC=C(C2(O)CCN(CCCC(=O)C3=CC=CC=C3)CC2)C=C1
F-734,-1.49,CN(C)CC1CC2C3CC=C4CC(O)CCC4(C)C3CCC2(C)C1=O
F-735,-1.21,C1=CC=C(CNCCNCC2=CC=CC=C2)C=C1
F-736,-2.97,O=C(CCCN1CCC(O)(C2=CC=C(F)C=C2)CC1)C1=CC=CC=C1
F-737,-2.87,O=C(CCCN1CCC(O)(C2=CC=CC=C2)CC1)C1=CC=C(F)C=C1
F-738,-3.35,O=C(CCCN1CCC(O)(C2=CC=C(Cl)C=C2)CC1)C1=CC=CC=C1
F-739,-0.94,NC1=CC(S(=O)(=O)O)=CC(C(=O)O)=C1
F-740,-2.23,OC1=C(S(=O)(=O)O)C(=O)C2=C1C=CC=C2
F-741,-1.9,OC(C1=CC=CC=C1)(C1=CC=CC=C1)C1CCCCN1
F-742,-4.63,CC1=CC=CC(CN2CCN(C(C3=CC=CC=C3)C3=CC=C(Cl)C=C3)CC2)=C1
F-743,-2.83,O=C(CCCN1CCC(O)(C2=CC=C(F)C=C2)CC1)C1=CC=C(F)C=C1
F-744,-3.28,O=C(CCCN1CCC(O)(C2=CC=C(Cl)C=C2)CC1)C1=CC=C(F)C=C1
F-745,-4.22,CN1CCC23C4=C5C=CC(OCC6=CC=CC=C6)=C4OC2CCCC3C1C5
F-746,-4.7,OC1=C(Cl)C(Cl)=C(Cl)C(Cl)=C1Cl
F-747,-0.49,CC(SC1=CC=CC=C1)S(=O)(=O)O
F-748,-2.1,CCC1(C2=CC=CC=C2)C(=O)NC(=O)NC1=O
F-749,-1.53,O=S(=O)(O)CCSC1=CC=CC=C1
F-750,-0.81,O=C1OC(C(O)CO)C(O)=C1O
F-751,-0.8,NC1=CC=C(S(=O)(=O)NC2=C(C(=O)O)C=CC=C2)C=C1
F-752,-1.72,CN1CCC23C=CC=CC2C1CC1=C3C(O)=C(O)C=C1
F-753,-1.96,COCOC1=C2OC3C(O)CCC4C5CC(=C2C43CCN5C)C=C1
F-754,-1.22,CN(C)CC(O)C1=C2C=CC=CC2=C(Cl)C=C1
F-755,-4.1,O=C1NC(=O)C(C2=CC=CC=C2)(C2=CC=CC=C2)N1
F-756,-2.16,NC1=CC=C(S(=O)(=O)NC2=NC=CC=N2)C=C1
F-757,-2.84,CCN(CC)CC(C1=CC=CC=C1)OC(=O)C2=CC=C(C=C2)[N+](=O)[O-]
F-758,-1.3,COC1=C2OC3C(OC(C)=O)C=CC4C5CC(=C2C43CCN5C)C=C1
F-759,-2.87,NC1=CC=C(S(=O)(=O)NC2=NC=CS2)C=C1
F-760,-0.64,CC1=C(N(C)C)C(=O)N(C2=CC=CC=C2)N1C
F-761,-1.5,O=C(OCC1=CC=CC=C1)C(OS(=O)(=O)O)C1=CC=CC=C1
F-762,-3.29,N=C(N)NN=C1C=CC(=NNC(=N)N)C2=C1C=CC=C2
F-763,-2.54,C1=CC2=C(C=C1S(=O)(=O)O)C(=C(C=C2[N+](=O)[O-])[N+](=O)[O-])O
F-764,-1.09,CC1=CC(=O)N(C2=CC=CC=C2)N1C
F-765,-1.18,CN1C2CCC1CC(OC(=O)C(CO)C1=CC=CC=C1)C2
F-766,-3.1,CN1CCC23C4=C5C=CC(O)=C4OC2C(O)C=CC3C1C5
F-767,-1.0,CN(C)C(=O)C1=CC=C(Cl)C=C1
F-768,-1.15,COC1=CC=C(C(=O)NN)C=C1
F-769,-2.99,COC1=CC=C(CN(CCN(C)C)C2=NC=CC=N2)C=C1
F-770,-3.82,O=C(C1=CC=CC=C1)C(O)C1=CC=CC=C1
F-771,-0.07,CCC1(C(=O)NC(=NC1=O)[O-])CC
F-772,-2.29,COC1=C(OC)C=C(CC2=NC=CC3=CC(OC)=C(OC)C=C32)C=C1
F-773,-1.66,NC1=C(S(=O)(=O)O)C=CC2=C1C=CC=C2
F-774,-1.75,COC1=C2OC3C(OC(C)=O)CCC4C5CC(=C2C43CCN5C)C=C1
F-775,-1.41,CC(C)CCOC(=O)C1CN2CCC1CC2C(O)C1=CC=NC2=C1C=CC=C2
F-776,-0.29,CC1=C(S(=O)(=O)O)C=CC(O)=C1
F-777,-3.06,NC(CC1=CC=C(O)C=C1)C(=O)O
F-778,-1.27,CN(C)C(=O)C1=CC=C(C=C1)[N+](=O)[O-]
F-779,-2.74,NC1=C(Cl)C(=O)N(C2=CC=CC=C2)N=C1
F-780,-2.88,C=CCC1=C(OCC(O)CNC(C)C)C=CC=C1
F-781,-3.76,CN1CCN=C(C2=CC=CC=C2)C2=C1C=CC(Cl)=C2
F-782,-1.62,CN(C)CCCOC1(CC2=CC=CC=C2)CCCCCC1
F-783,-0.06,COC(=O)C(CO)NC(=O)C(Cl)Cl
F-784,-3.26,O=C(C1=CC=CC=C1)C1=CC=C2C(C(=O)O)CCN12
F-785,-3.99,CC(C)NCC(O)COC1=C2C=CC=CC2=CC=C1
F-786,-2.15,CCN(CC)C(C)CN1C2=C(C=CC=C2)SC2=C1C=CC=C2
F-787,-3.73,CCOP(=O)(CC1=CC=C(C2=NC3=C(C=CC=C3)S2)C=C1)N1CCCC1=O
F-788,-6.9,O=C(NC1=C(F)C=C(F)C=C1)C1=C(OC2=CC(C(F)(F)F)=CC=C2)N=CC=C1
F-789,-3.45,ClC1=CC(Cl)=C(COC(CN2C=CN=C2)C2=C(Cl)C=C(Cl)C=C2)C=C1
F-790,-4.36,CCOC(=O)CC1=CC=C(C2=NC3=C(C=CC=C3)S2)C=C1
F-791,-2.14,CC(=O)OCSC1=NC=NC2=C1N=CN2
F-792,-1.76,CC(C)CC(NC(=O)C(N)CC1=CNC2=C1C=CC=C2)C(=O)O
F-793,-2.6,CC(C)(CF)N1C=C(C(=O)O)C(=O)C2=C1C=C(N1CCNCC1)C(F)=C2
F-794,-3.65,O=C(O)C1=CN(C2CC2)C2=C(C=C(F)C(N3CC4CC3CN4)=C2)C1=O
F-795,-1.45,C#CCC(NC(=O)OC(C)(C)C)C(=O)NCC(=O)OC
F-796,-5.68,CCOC(=O)C1=C(C)NC(C)=C(C(=O)OC)C1C1=C(Cl)C(Cl)=CC=C1
F-797,-2.45,O=C(O)C1OC(C2=CC=CC=C2)OC1C1COC(C2=CC=CC=C2)O1
F-798,-1.3,CC1=CC=C(C2=C(CC(=O)N(C)C)N3C=C(C)C=CC3=N2)C=C1
F-799,-4.78,COC(=O)C(C)C1=CC2=CC=C(OC)C=C2C=C1
F-800,-3.7,COC1=CC2=C(C(=O)C3(O2)C(OC)=CC(=O)CC3C)C(OC)=C1
F-801,-2.11,CCCC1=CC(=O)N(CCC(=O)O)C=C1
F-802,-0.64,O=C(O)CCCCCN1C=CC=CC1=O
F-803,-4.33,CCOC1=C(CN(C1=O)C(C)C)[N+](=O)[O-]
F-804,-4.4,CCCCCCCC1=CC(=O)N(CCC(=O)O)C=C1
F-805,-7.22,CCCCOC(=O)C1=C(C(=O)OCC(CC)CCCC)C=CC=C1
F-806,-4.18,CC1CCC(C(C)C)C2=C1C=NC(NS(=O)(=O)C1=CC=C(N)C=C1)=N2
F-807,-0.9,COC1=C2OC=CC2=C(CN)C2=C1OC(=O)C=C2
F-808,-3.19,CC(NC(=O)CC1=CC=CC=C1)C1=CC=CC=C1
F-809,-2.68,C1=CN=C2C=CC3=C(N=CC=C3)C2=C1
F-810,-4.6,CCOC1=CC(=O)C2(OC3=C(C2=O)C(OC)=CC(OC)=C3Cl)C(C)C1
F-811,-2.64,CCN(CC)CCCC(C)NC1=C2C=C(OC)C=CC2=NC2=C1C=CC(Cl)=C2
F-812,-5.22,CCCOC1=CC(=O)C2(OC3=C(C2=O)C(OC)=CC(OC)=C3Cl)C(C)C1
F-813,-3.57,CCCN1C=C(C(=O)O)C(=O)C2=C1C=C(N1CCNCC1)C(F)=C2
F-814,-1.6,CC1=NC=C(CO)C(C=NC(C(=O)O)C(C)C)=C1O
F-815,-1.63,CC1(C)SC2C(NC(=O)CC3=CC=CC=C3)C(=O)N2C1C(=O)O
F-816,-2.24,NC(=S)NS(=O)(=O)C1=CC=C(N)C=C1
F-817,-1.26,CCN(CC)CCOC(=O)C1=CC=C(N)C=C1
F-818,-2.39,O=C1CC2OCC=C3CN4CCC56C7=C(C=CC=C7)N1C5C2C3CC46
F-819,-2.82,CN(C)CCOC(C)(C1=CC=CC=C1)C1=CC=CC=N1
F-820,-1.98,N=C(N)NS(=O)(=O)C1=CC=C(N)C=C1
F-821,-1.38,NC1=CC=C(S(=O)(=O)NC2=CC=CC=N2)C=C1
F-822,-2.14,NC1=CC=C(S(=O)(=O)NC2=NC=CS2)C=C1
F-823,-0.96,NC1=CC=C(S(=O)(=O)NC2=NC=CC=N2)C=C1
F-824,-2.63,CC1=CC=NC(NS(=O)(=O)C2=CC=C(N)C=C2)=N1
F-825,-2.03,NS(=O)(=O)C1=CC=C(NC(=O)CCC(=O)O)C=C1
F-826,-1.48,CCC1=C2C=CC=CC2=NC(CN)=C1C
F-827,0.16,CCCCCCCCSC(=N)N
F-828,-4.77,COC1=CC2=C(C=C1)N(C(=O)C1=CC=C(Cl)C=C1)C(C)=C2CC(=O)O
F-829,-4.54,CC1=C(C(C(=C(N1)C)C(=O)OC)C2=CC=CC=C2[N+](=O)[O-])C(=O)OC
F-830,-0.44,O=S(=O)(N1CCCC1)N1CCCC1
F-831,-0.4,O=C(O)CC(O)CCC1=CCCC1=O
F-832,-4.33,CCCCCCC(CO[N+](=O)O)O[N+](=O)O
F-833,-4.45,CC1=CC=C(C(=O)C2=CSC(S(N)(=O)=O)=C2)C=C1
F-834,-3.49,O=C1NC(=O)N(CC2=CC=C(Cl)C=C2)C=C1F
F-835,-2.86,NS(=O)(=O)C1=CC(C(=O)C2=CC=C(O)C=C2)=CS1
F-836,-2.75,COC1=CC=C(CN2C=C(F)C(=O)NC2=O)C=C1
F-837,-4.47,COC1=CC=C(C(=O)C2=CSC(S(N)(=O)=O)=C2)C=C1
F-838,-5.09,CC1=CC(=O)OC2=C1C=C(C)C1=C2C2=C(CCCC2)O1
F-839,-4.08,CC12CCC(C3=C1N=C(NS(=O)(=O)C1=CC=C(N)C=C1)N=C3)C2(C)C
F-840,-1.23,OCCOC1=CC=C(OCCO)C=C1
F-841,-0.59,O=C(O)CN1CCCCS1(=O)=O
F-842,-1.2,CC1=CC=C2CN(C(N)=NO)CC3CCCC1=C23
F-843,-1.22,COC1=C2CCCC3CN(C(=N)N)CC(=C23)C=C1
F-844,-1.35,NC(=NO)N1CC2=CC=CC3=C2C(CCC3)C1
F-845,-1.07,CN(C)NC(=N)N1CC2=CC=CC3=CC=CC(=C32)C1
F-846,-2.48,CC(C)=NNC(=N)N1CC2=CC=CC3=CC=CC(=C32)C1
F-847,-2.0,NC(=NO)N1CC2=CC=CC3=C(Cl)C=CC(=C23)C1
F-848,-1.78,COC1=C2CCCC3CN(C(N)=NO)CC(=C23)C=C1
F-849,-1.21,COC1=CC2=C3C(=C1)C=CC=C3CN(C(N)=NO)C2
F-850,-5.4,CCCCOC1=CC(=O)C2(OC3=C(C2=O)C(OC)=CC(OC)=C3Cl)C(C)C1
F-851,-1.83,NC1=CC=C(N=C(N)N2CC3=CC=CC4=CC=CC(=C43)C2)C=C1
F-852,-1.54,CN(C)CC1=C(O)C=CC(C(=O)C2=CSC(S(N)(=O)=O)=C2)=C1
F-853,-2.05,CC(C)CNCC1=CC=C(C(=O)C2=CSC(S(N)(=O)=O)=C2)C=C1
F-854,-2.16,C1=CC(=CC=C1C(=O)NN)[N+](=O)[O-]
F-855,-3.37,NS(=O)(=O)C1=CC(C(=O)C2=CC=C(CNCC3=CC=CC=C3)C=C2)=CS1
F-856,-1.15,CN=C(NC)N1CC2=CC=CC3=CC=CC(=C32)C1
F-857,-1.01,O=C1NC(=O)N(C2CCCO2)C=C1F
F-858,-5.0,CCOC1=CC(=O)CC(C)C12OC1=C(C2=O)C(OC)=CC(OC)=C1Cl
F-859,-2.64,O=C1NCCCC1N1C(=O)C2=C(C=CC=C2)S1(=O)=O
F-860,-3.19,O=C(O)C=CC1=CC2=C(C=C1)OCO2
F-861,-4.15,CCCCCCOC1=CC(O)=C(C(C)=NO)C=C1
F-862,-3.89,C1=CC=C2C(=C1)NC(=N2)C3=CC=C(O3)[N+](=O)[O-]
F-863,-4.89,CCCCCCCCCCOC1=CC(O)=C(C(C)=NO)C=C1
F-864,-4.06,CCCCCCCCCCOC1=CC(O)=C(C(CC)=NO)C=C1
F-865,-3.47,CCCCCCOC1=CC(O)=C(C(=NO)C2=CC=CC=C2)C=C1
F-866,-4.7,CCOC1=CC(=O)CC(C)C12OC1=C(C2=O)C(OC)=CC(OCC)=C1Cl
F-867,-4.52,CCCOC1=CC(=O)CC(C)C12OC1=C(C2=O)C(OC)=CC(OC)=C1Cl
F-868,-4.12,O=C1NC(NC2=CC=CC=C2)=NC2=C1N=CN2
F-869,-3.15,CC1=CC=C(OCC(=O)NC2C(=O)N3C2SC(C)(C)C3C(=O)O)C=C1
F-870,-3.39,CNC1=NC2=C(C=C(C=C2)Cl)C(=[N+](C1)O)C3=CC=CC=C3
F-871,-1.79,CCC(C)CN(C)N=NC1=CC=C(C(=O)O)C=C1
F-872,-2.5,NS(=O)(=O)C1=NC2=C(C=C(O)C=C2)S1
F-873,-2.6,O=C(C1=CC(F)=CC=C1)N(O)C1=CC=CC=C1
F-874,-3.21,O=C(NO)C1=C(N=CC2=CC=CC=N2)C=CC=C1
F-875,-2.53,CC1=C(N(O)C(=O)C2=CC(F)=CC=C2)C=CC=C1
F-876,-3.41,CC1=CC=CC(N(O)C(=O)CCC2=CC=CC=C2)=C1
F-877,-2.79,CC1=C(N(O)C(=O)CCC2=CC=CC=C2)C=CC=C1
F-878,-4.7,CCCCOC1=CC(=O)CC(C)C12OC1=C(C2=O)C(OC)=CC(OC)=C1Cl
F-879,-2.63,CCCCCCCC(=O)OC1C(O)C(O)OC(CO)C1O
F-880,-3.5,O=S1(=O)OC2(C3=C(C=CC(O)=C3)OC3=C2C=C(O)C=C3)C2=C1C=CC=C2
F-881,-3.1,COC1=CC(OC)=CC(C(=O)N(O)C2=CC=CC=C2)=C1
F-882,-4.47,CC1=CC=CC(N(O)C(=O)C2=C(Cl)C=C(Cl)C=C2)=C1
F-883,-4.17,CC1=C(N(O)C(=O)C2=C(Cl)C=C(Cl)C=C2)C=CC=C1
F-884,-3.65,COC1=CC(OC)=CC(C(=O)N(O)C2=C(C)C=CC=C2)=C1
F-885,-3.61,COC1=CC(OC)=CC(C(=O)N(O)C2=CC(C)=CC=C2)=C1
F-886,-1.57,CN1C2CCC1CC(OC(=O)C(COS(=O)(=O)O)C1=CC=CC=C1)C2
F-887,-2.46,N=C(N)NN=CC1=C2C=CC=CC2=CC=C1O
F-888,-1.82,OC(CCN1CCCCC1)(C1=CC=CC=C1)C1CCCCC1
F-889,-2.96,CCN1C=C(C(=O)O)C(=O)C2=C1C=C(N1CCNCC1)C(F)=C2
F-890,0.13,CC(=O)NC1=CC=C(OP(O)(=O)O)C=C1
F-891,-1.45,CN(O)C(=O)C1CCCCCC1
F-892,-2.04,O=C(C1CC1)N(O)C1CCCCC1
F-893,-2.7,O=C(C1CCC1)N(O)C1CCCCC1
F-894,-3.16,O=C(C1CCCC1)N(O)C1CCCCC1
F-895,-0.42,CCN(C)N=NC1=CC=C(C(=O)O)C=C1
F-896,-1.43,CCCN(C)N=NC1=CC=C(C(=O)O)C=C1
F-897,-1.81,CCCCN(C)N=NC1=CC=C(C(=O)O)C=C1
F-898,-2.37,CCCCCN(C)N=NC1=CC=C(C(=O)O)C=C1
F-899,-2.52,CCCCCCN(C)N=NC1=CC=C(C(=O)O)C=C1
F-900,-3.39,CCCCCCCN(C)N=NC1=CC=C(C(=O)O)C=C1
F-901,-5.47,O=C(C1=CC2=C(C=CC=C2)C=C1)N(O)C1=CC=C(Cl)C=C1
F-902,-2.31,C1=CC2=CC=C3C=CC=NC3=C2N=C1
F-903,-2.05,CC(C)CNCC1=CC=CC(C(=O)C2=CSC(S(N)(=O)=O)=C2)=C1
F-904,-2.21,CCCCNCC1=CC=C(C(=O)C2=CSC(S(N)(=O)=O)=C2)C=C1
F-905,-1.5,CC(C)CCNCC1=CC=CC(C(=O)C2=CSC(S(N)(=O)=O)=C2)=C1
F-906,-1.42,CC(C)CN(C)CC1=C(O)C=CC(C(=O)C2=CSC(S(N)(=O)=O)=C2)=C1
F-907,-1.98,CC(C)(C)NCC1=CC=C(S(=O)(=O)C2=CSC(S(N)(=O)=O)=C2)C=C1
F-908,-1.68,CCCCNCC1=CC=C(S(=O)(=O)C2=CSC(S(N)(=O)=O)=C2)C=C1
F-909,-1.52,NS(=O)(=O)C1=CC(C(=O)C2=CC=C(CN3CCOCC3)C=C2)=CS1
F-910,-1.56,CC(C)NCC1=CC=CC(S(=O)(=O)C2=CSC(S(N)(=O)=O)=C2)=C1
F-911,-1.33,CCC(C)NCC1=CC=CC(S(=O)(=O)C2=CSC(S(N)(=O)=O)=C2)=C1
F-912,-1.92,NS(=O)(=O)C1=CC(C(=O)C2=CC(CN3CCOCC3)=CC=C2)=CS1
F-913,-1.85,CNC(=O)C1=CC=CC(NCC(=O)NCCC2=CC(OC)=C(OC)C=C2)=C1
F-914,-1.04,CCNCC1=CC2=C(OC(S(N)(=O)=O)=C2)S1
F-915,-1.33,CC(C)CNCC1=CC2=C(OC(S(N)(=O)=O)=C2)S1
F-916,-0.92,CCOCCNCC1=CC2=C(OC(S(N)(=O)=O)=C2)S1
F-917,-2.69,COC1=C(OC)C=C(CCNC(=O)CNC2=CC(C(N)=O)=CC=C2)C=C1
F-918,-0.43,OP(=O)(O)OCN1C(=O)NC(C2=CC=CC=C2)(C2=CC=CC=C2)C1=O
F-919,-1.33,NS(=O)(=O)C1=CC2=C(O1)SC(CNCC1=CC=CC=N1)=C2
F-920,-1.72,CNC(=O)COC(=O)C1=CC=CC=C1
F-921,-1.37,CN(C)C(=O)COC(=O)C1=CC=CC=C1
F-922,-2.54,CCCNC(=O)COC(=O)C1=CC=CC=C1
F-923,-2.87,CC(C)(C)NC(=O)COC(=O)C1=CC=CC=C1
F-924,-2.25,NS(=O)(=O)C1=CC2=C(S1)C(O)CCS2
F-925,-3.34,CC(C)N(C(=O)COC(=O)C1=CC=CC=C1)C(C)C
F-926,-2.59,NS(=O)(=O)C1=CC2=C(SCCC2O)S1
F-927,-3.49,NS(=O)(=O)C1=CC2=C(S1)C(=O)CCS2
F-928,-1.09,CN(CCO)C(=O)COC(=O)C1=CC=CC=C1
F-929,-2.38,CCCN(CCC)C(=O)COC(=O)C1=CC=CC=C1
F-930,-1.37,CCN(CCO)C(=O)COC(=O)C1=CC=CC=C1
F-931,-2.5,O=C(OCC(=O)N1CCCCC1)C1=CC=CC=C1
F-932,-3.29,CN(C(=O)COC(=O)C1=CC=CC=C1)C1CCCCC1
F-933,-3.55,NS(=O)(=O)C1=CC2=C(SCCC2=O)S1
F-934,-2.56,C=CCN(CC=C)C(=O)COC(=O)C1=CC=CC=C1
F-935,-2.92,CC1=CC=C(CN2C=C(F)C(=O)NC2=O)C=C1
F-936,-1.77,O=C(OCC(=O)N1CCOCC1)C1=CC=CC=C1
F-937,-1.5,NC(=O)CNC(=O)COC(=O)C1=CC=CC=C1
F-938,-3.56,CCCCN(CCCC)C(=O)COC(=O)C1=CC=CC=C1
F-939,0.43,O=C(OCC(=O)N(CCO)CCO)C1=CC=CC=C1
F-940,-1.57,NS(=O)(=O)C1=CC2=C(S1)C(O)CCS2=O
F-941,-1.35,NS(=O)(=O)C1=CC2=C(S1)S(=O)CCC2O
F-942,-2.68,NS(=O)(=O)C1=CC2=C(S1)S(=O)(=O)CCC2
F-943,-3.02,NS(=O)(=O)C1=CC2=C(S1)S(=O)(=O)CCC2=O
F-944,-3.94,O=C1NC(=O)N(CC2=C(Cl)C=C(Cl)C=C2)C=C1F
F-945,-1.59,NS(=O)(=O)C1=CC2=C(CC(O)CS2(=O)=O)S1
F-946,-1.28,NS(=O)(=O)C1=CC2=C(S1)C(O)CCS2(=O)=O
F-947,-1.67,CCOC(=O)CN(C)C(=O)COC(=O)C1=CC=CC=C1
F-948,-1.05,NC(=O)C1CCCN1C(=O)COC(=O)C1=CC=CC=C1
F-949,-3.67,NS(=O)(=O)C1=CC2=C(S1)C(=O)CCS2(=O)=O
F-950,-1.54,NS(=O)(=O)C1=CC2=C(S1)S(=O)(=O)CC(O)C2
F-951,-2.94,CNC1=C(NC2=C3C=CC=CC3=NC3=C2C=CC=C3)C=CC(NS(C)(=O)=O)=C1
F-952,-2.33,CN(C(=O)CNC(=O)CN)C1=C(C(=O)C2=C(Cl)C=CC=C2)C=C(Cl)C=C1
F-953,-0.53,NC(C(=O)O)C1=CC=C(O)C=C1
F-954,-0.92,CN(CC(N)=O)C(=O)COC(=O)C1=CC=CC=C1
F-955,-1.65,NS(=O)(=O)C1=CC2=C(S1)S(=O)(=O)CCC2O
F-956,-1.09,CCCCOP(=O)(O)OCCCC
F-957,-2.8,O=C(C(=O)C1=CC=CC=C1)C1=CC=CC=C1
F-958,-1.13,CC(=O)NC(CC(C)C)C(=O)O
F-959,-3.31,NC(CSSCC(N)C(=O)O)C(=O)O
F-960,-2.0,COC1=C(CC(C)NC(C)CC2=C(OC)C=CC=C2)C=CC=C1
F-961,-2.22,CN1CCC23C4=C5C=CC(OCC6=CC=CC=C6)=C4OC2C(O)C=CC3C1C5
F-962,-1.77,CC(C)NC1=NC(Cl)=NC(N)=N1
F-963,-0.82,CCOC1=C2OC3C(O)C=CC4C5CC(=C2C43CCN5C)C=C1
F-964,-1.2,C=CC1CN2CCC1CC2C(O)C1=CC=NC2=C1C=C(OC)C=C2
F-965,-0.35,CNC(C)C(O)C1=CC=CC=C1
F-966,-2.08,COC(=O)C1C(OC(=O)C2=CC=CC=C2)CC2CCC1N2C
F-967,-1.1,COC1=C2OC3C(O)C=CC4C5CC(=C2C43CCN5C)C=C1
F-968,-2.48,O=S(=O)(NS(=O)(=O)C1=CC=C(Cl)C=C1)C1=CC=C(Cl)C=C1
F-969,-2.91,CC1=CSC(NS(=O)(=O)C2=CC=C(N)C=C2)=N1
F-970,-4.03,CC(CN1C2=C(C=CC=C2)SC2=C1C=CC=C2)N(C)C
F-971,-0.3,CC1(C)C2CCC1(CS(=O)(=O)O)C(=O)C2
F-972,-3.0,COC1=CC=CC(CC(C)NC(C)CC2=C(OC)C=CC=C2)=C1
F-973,-2.35,C=CC1CN2CCC1CC2C(O)C1=CC=NC2=C1C=CC=C2
F-974,-1.0,COC1=C2OC3C(O)CCC4C5CC(=C2C43CCN5C)C=C1
F-975,-2.83,C1=C(C=C(C(=C1[N+](=O)[O-])O)[N+](=O)[O-])[N+](=O)[O-]
F-976,-1.38,CCSC(=S)NC(CC(=O)O)C(=O)O
F-977,-1.69,CC(C)C(O)(CCC(C)(O)C(=O)O)C(=O)O
F-978,-1.41,CC(SC(=S)SC(C)C(=O)O)C(=O)O
F-979,-1.24,O=C(O)CC(CSC(=O)O)C1=CC=CC=C1
F-980,-1.21,CC1=NC=C(N1CCO)[N+](=O)[O-]
F-981,-3.76,CCNC1=NC(Cl)=NC(NC(C)C)=N1
F-982,-5.9,ON=C(C1=CC=CC=C1)C(=NO)C1=CC=CC=C1
F-983,-0.74,CC1=NC=C(N1CC(C)O)[N+](=O)[O-]
F-984,-2.05,CC1=NN=C(C2=CC=CC=C2)C(=O)N1N
F-985,-5.32,NC1CN(C2=CC3=C(C=C2F)C(=O)C(C(=O)O)=CN3C2CC2)C1
F-986,-5.41,CNC1CN(C2=CC3=C(C=C2F)C(=O)C(C(=O)O)=CN3C2CC2)C1
F-987,-5.62,CC1(N)CN(C2=CC3=C(C=C2F)C(=O)C(C(=O)O)=CN3C2CC2)C1
F-988,-5.33,CC1(N)CN(C2=C(Cl)C3=C(C=C2F)C(=O)C(C(=O)O)=CN3C2CC2)C1
F-989,-4.38,CC1(N)CN(C2=C(F)C3=C(C(=O)C(C(=O)O)=CN3C3CC3)C(N)=C2F)C1
F-990,-3.6,C1=CC=C(CNC2=NC=NC3=C2N=CN3)C=C1
F-991,-5.27,NC1CN(C2=C(F)C3=C(C=C2F)C(=O)C(C(=O)O)=CN3C2CC2)C1
F-992,-3.95,C1=COC(CNC2=NC=NC3=C2N=CN3)=C1
F-993,-5.64,CC1(N)CN(C2=C(F)C3=C(C=C2F)C(=O)C(C(=O)O)=CN3C2CC2)C1
F-994,-5.31,CNC1CN(C2=C(F)C3=C(C=C2F)C(=O)C(C(=O)O)=CN3C2CC2)C1
F-995,-4.38,CCN1C=C(C(=O)O)C(=O)C2=C1C=C1OCOC1=C2
F-996,-5.48,COC1=CC=C2C=C(C(C)C(=O)OC(C)C)C=CC2=C1
F-997,-7.61,ClC1=CC(Cl)=C(Cl)C2=C1OC1=C(C=CC=C1)O2
F-998,-4.2,CCOC(=O)C1CCN2C(C(=O)C3=CC=CC=C3)=CC=C12
F-999,-3.96,COC1=CC2=C(C=CC(C)(C)O2)C2=C1C(=O)C1=C(N=CC=C1)N2C
F-1000,-4.42,CN1CCN(C2=NC3=C(C=CC=C3)OC3=C2C=C(Cl)C=C3)CC1
F-1001,-2.03,NC(=O)N1C2=C(C=CC=C2)C(O)C(O)C2=C1C=CC=C2
F-1002,-2.35,CCCCCCCCNC(=O)OCC1OC(O)C(O)C(O)C1O
F-1003,-2.96,CCCCCCCCCNC(=O)OCC1OC(O)C(O)C(O)C1O
F-1004,-3.56,CCCCCCCCCCNC(=O)OCC1OC(O)C(O)C(O)C1O
F-1005,-5.16,CC1=C(OCC2=CC=CC=C2)C=CC2=C1OC(N1CCOCC1)=CC2=O
F-1006,-4.45,CC1=C(OCC2=CC=CC=N2)C=CC2=C1OC(N1CCOCC1)=CC2=O
F-1007,-0.45,CC(C)(C)NCC(O)C1=CC(CO)=C(O)C=C1
F-1008,0.5,CN(C)C(=O)CCC(=O)N(C)C
F-1009,-2.2,CCOC(=O)C1=CC=C(N)C=C1
F-1010,-3.96,CCC1(CC)CCC(=O)N(CO)C1=O
F-1011,-3.93,CCC1(CC)C(=O)NC(=O)N(CO)C1=O
F-1012,-0.3,NC1=NC2=C(C=N1)N=CN2CCC(CO)CO
F-1013,-3.92,O=C1C2=C(C=CC(CCCCO)=C2)OCC2=C1SC=C2
F-1014,-2.77,CCC1(C2=CC3CCC(C2)C3)C(=O)NC(=O)NC1=O
F-1015,-3.34,O=C(CS)NC1=CC=C2C=CC=CC2=C1
F-1016,-2.72,O=C(O)C1=C(C(=O)C2=CC=C(Cl)C=C2)C=CC=C1
F-1017,-2.06,C=CC1(C=C)C(=O)NC(=O)NC1=O
F-1018,-3.29,CCCOC(=O)C1=CC=C(NC(C)=O)C=C1
F-1019,-1.71,C=CC1(C(C)C)C(=O)NC(=O)NC1=O
F-1020,-2.12,C=CC1(CC(C)C)C(=O)NC(=O)NC1=O
F-1021,-2.43,CCOC(=O)OCOC1=CC=C(NC(C)=O)C=C1
F-1022,-5.07,CCC(=O)OCN1C(=O)NC(C2=CC=CC=C2)(C2=CC=CC=C2)C1=O
F-1023,-4.68,CCCC(=O)OCN1C(=O)NC(C2=CC=CC=C2)(C2=CC=CC=C2)C1=O
F-1024,-5.89,CCCCC(=O)OCN1C(=O)NC(C2=CC=CC=C2)(C2=CC=CC=C2)C1=O
F-1025,-6.3,CCCCCC(=O)OCN1C(=O)C(NC1=O)(C2=CC=CC=C2)C3=CC=CC=C3
F-1026,-0.43,NC1=NC(=O)N(C2CCC(CO)O2)C=C1
F-1027,-3.55,CC(=O)OC1C2=C(C=CC=C2)N(C(N)=O)C2=C(C=CC=C2)C1OC(C)=O
F-1028,-0.62,COC(=O)C(NC(=O)C(Cl)Cl)C(C)O
F-1029,-0.03,O=C(NC(CO)C(=O)O)C(Cl)Cl
F-1030,-1.61,O=C(OCC(=O)N1CCC1)C1=CC=CC=C1
F-1031,-2.73,CC(C)NC(=O)COC(=O)C1=CC=CC=C1
F-1032,-2.76,CCCCNC(=O)COC(=O)C1=CC=CC=C1
F-1033,-1.57,O=C(OCC(=O)N1CCCC1)C1=CC=CC=C1
F-1034,-1.23,CN(C)C(=O)CCCOC(=O)C1=CC=CC=C1
F-1035,-0.5,CC(=O)N(C)C(=O)COC(=O)C1=CC=CC=C1
F-1036,-3.56,CC(C)CN(CC(C)C)C(=O)COC(=O)C1=CC=CC=C1
F-1037,-2.72,CCC1CCCCN1C(=O)COC(=O)C1=CC=CC=C1
F-1038,-0.82,CC1CCCC(C)N1C(=O)COC(=O)C1=CC=CC=C1
F-1039,-2.54,O=C(OCC(=O)N1CCCCCC1)C1=CC=CC=C1
F-1040,-3.9,O=C(COC(=O)C1=CC=CC=C1)NC1CCCCC1
F-1041,-1.35,O=C(OCC(=O)N1CCC(O)CC1)C1=CC=CC=C1
F-1042,-1.18,CC(O)CN(CC(C)O)C(=O)COC(=O)C1=CC=CC=C1
F-1043,-2.4,CCC(=O)OCSC1=NC=NC2=C1N=CN2
F-1044,-1.27,O=C(COC(=O)C1=CC=CC=C1)NC(CO)(CO)CO
F-1045,-2.72,CC(NC(=O)COC(=O)C1=CC=CC=C1)C(N)=O
F-1046,-2.69,CCCC(=O)OCSC1=NC=NC2=C1N=CN2
F-1047,-1.57,COCCN(CCOC)C(=O)COC(=O)C1=CC=CC=C1
F-1048,-3.1,CCCCC(=O)OCSC1=NC=NC2=C1N=CN2
F-1049,-3.62,CCCCCC(=O)OCSC1=NC=NC2=C1N=CN2
F-1050,-2.08,COC(=O)C1CCCN1C(=O)COC(=O)C1=CC=CC=C1
F-1051,-5.06,O=C(OCC(=O)N(C1CCCCC1)C1CCCCC1)C1=CC=CC=C1
F-1052,-4.61,CCCCCCCC(=O)OCSC1=NC=NC2=C1N=CN2
F-1053,-5.24,CCOC(=O)C(C)C1=CC2=CC=C(OC)C=C2C=C1
F-1054,-5.82,CCCOC(=O)C(C)C1=CC2=CC=C(OC)C=C2C=C1
F-1055,-7.53,CCCCOC(=O)C(C)C1=CC=C2C=C(OC)C=CC2=C1
F-1056,-3.33,COC1=CC=C2C=C(C(C)C(=O)OCCO)C=CC2=C1
F-1057,-6.5,COC1=CC2=C(C=C1)C=C(C(C)C(=O)OC(C)(C)C)C=C2
F-1058,-6.97,CCCCCOC(=O)C(C)C1=CC2=CC=C(OC)C=C2C=C1
F-1059,-3.31,COC1=CC=C2C=C(C(C)C(=O)OCC(C)O)C=CC2=C1
F-1060,-3.4,COC1=CC2=CC=C(C(C)C(=O)OCCCO)C=C2C=C1
F-1061,-7.54,CCCCCCOC(=O)C(C)C1=CC=C2C=C(OC)C=CC2=C1
F-1062,-7.12,CCCCCCCOC(=O)C(C)C1=CC=C2C=C(OC)C=CC2=C1
F-1063,-4.65,COC1=CC=C2C=C(C(C)C(=O)OCC(C)=O)C=CC2=C1
F-1064,-7.33,CCC#CCCOC(=O)C(C)C1=CC=C2C=C(OC)C=CC2=C1
F-1065,-2.62,COC1=CC=C2C=C(C(C)C(=O)OCC(O)CO)C=CC2=C1
F-1066,-5.07,COC1=CC=C2C=C(C(C)C(=O)OC3CCCCC3O)C=CC2=C1
F-1067,-3.17,CCCCCCCC(=O)OC1C(C(O)CO)OC2OC(C)(C)OC21
F-1068,-5.59,COC1=CC=C2C=C(C(C)C(=O)OC3CCCCC3=O)C=CC2=C1
F-1069,-7.36,CCC=CCCOC(=O)C(C)C1=CC=C2C=C(OC)C=CC2=C1
F-1070,-3.98,COC1=CC2=C(C=C1)C=C(C(C)C(=O)OC1COC3C(O)COC13)C=C2
F-1071,-4.44,CCOC1=CC=C(NC(=O)NC2=CC=C(OCC)C=C2)C=C1
F-1072,-4.44,CCCOCC(=NC1=C(C(F)(F)F)C=C(Cl)C=C1)N1C=CN=C1
F-1073,-5.08,CC1=COC2=CC3=C(C=C(N)C(=O)O3)C=C12
F-1074,-5.0,COC1=CC2=C(C=C3OC=C(C)C3=C2)OC1=O
F-1075,-4.9,COC(=O)C1=CC2=C(OC1=O)C(C)=C1OC=C(C)C1=C2
F-1076,-4.91,CC(=O)OCN1C(=O)NC(C2=CC=CC=C2)(C2=CC=CC=C2)C1=O
F-1077,-3.03,CN(C)C(=O)COC(=O)C1CCN2C(C(=O)C3=CC=CC=C3)=CC=C12
F-1078,-6.39,COC(=O)C1=C(O)C=CC(CCC2=C(OC)C=CC(OC)=C2)=C1
F-1079,-5.09,C=CCN1C=NC2=C1N=C(NC1=CC=CC=C1)NC2=O
F-1080,-3.91,CCC1C(N)CN1C1=CC2=C(C=C1F)C(=O)C(C(=O)O)=CN2C1CC1
F-1081,-4.57,CNC1CN(C2=CC3=C(C=C2F)C(=O)C(C(=O)O)=CN3C2CC2)C1C
F-1082,-5.42,CC1N(C2=CC3=C(C=C2F)C(=O)C(C(=O)O)=CN3C2CC2)CC1(C)N
F-1083,-4.48,CC1C(N)CN1C1=C(Cl)C2=C(C=C1F)C(=O)C(C(=O)O)=CN2C1CC1
F-1084,-3.98,CC1C(N)CN1C1=C(F)C2=C(C(=O)C(C(=O)O)=CN2C2CC2)C(N)=C1F
F-1085,-4.44,CNC1CN(C2=C(F)C3=C(C=C2F)C(=O)C(C(=O)O)=CN3C2CC2)C1C
F-1086,-3.81,CCC1C(N)CN1C1=C(F)C2=C(C=C1F)C(=O)C(C(=O)O)=CN2C1CC1
F-1087,-5.04,CC1N(C2=C(F)C3=C(C=C2F)C(=O)C(C(=O)O)=CN3C2CC2)CC1(C)N
F-1088,-4.63,CC1C(N)CN1C1=CC2=C(C=C1F)C(=O)C(C(=O)O)=CN2C1CC1
F-1089,-4.17,CC1C(N)CN1C1=C(F)C2=C(C=C1F)C(=O)C(C(=O)O)=CN2C1CC1
F-1090,-4.25,CC12CCC(=O)C=C1CCC1C2CCC2(C)C(OC(=O)C(CO)CO)CCC12
F-1091,-2.92,OCC1OC(N2C(C3=CC=CO3)=NC3=C2C=CC=C3)C(O)C1O
F-1092,-2.33,OCC1OC(N2C(C3=CC=CO3)=NC3=C2C=CC=C3)C(O)C(O)C1O
F-1093,-2.91,CCCCCCCCSC1C(O)C(O)OC(CO)C1O
F-1094,-0.28,CC(O)C1C(=O)N2C(C(=O)O)=C(SCC(=N)N(C)C)C(C)C12
F-1095,-4.05,CC1=C(N)C=CC(N=NC2=C(C)C=CC=C2)=C1
F-1096,-5.25,CN(C)C1=CC=C(N=NC2=CC=CC=C2)C=C1
F-1097,-2.38,CC1NC(=O)C2=C(C=CC=C2)NC1=O
F-1098,-3.9,CC1=CC=C(N=NC2=C(N)C=CC(C)=C2)C=C1
F-1099,-3.05,O=C1CNC(=O)C2=C(C=CC(Cl)=C2)N1
F-1100,-3.96,BrC1=CC=CC(NC2=NC=NC3=CC4=C(C=NN4)C=C32)=C1
F-1101,-3.87,CCN1C=C(C(=O)O)C(=O)C2=C1N=C(C)C=C2
F-1102,-2.36,C=CC1(C(C)CCC)C(=O)NC(=O)NC1=O
F-1103,-2.82,BrC1=CC=CC(NC2=NC=NC3=CC4=C(C=CN4)C=C32)=C1
F-1104,-3.1,CCCCC(CO[N+](=O)O)O[N+](=O)O
F-1105,-3.71,CN1C(=O)CN=C(C2=CC=CC=C2)C2=C1C=CC(Cl)=C2
F-1106,-3.86,CN(C)C1=CC=C(N=NC2=CC=C(S(=O)(=O)O)C=C2)C=C1
F-1107,-3.79,C1C(=O)NC2=C(C=C(C=C2)[N+](=O)[O-])C(=N1)C3=CC=CC=C3
F-1108,-4.47,O=C1NC(C2=CC=CC=C2)(C2=CC=CC=C2)C(=O)N1CO
F-1109,-4.41,C1C(=O)NC2=C(C=C(C=C2)[N+](=O)[O-])C(=N1)C3=CC=CC=C3Cl
F-1110,-1.5,CCCC(CCC)C(=O)NCCCC(=O)O
F-1111,-4.17,CC1=CC(C)=C(N=CN(C)C=NC2=C(C)C=C(C)C=C2)C=C1
F-1112,-3.31,CN1C=CC2=C1C=C1N=CN=C(NC3=CC(Br)=CC=C3)C1=C2
F-1113,-3.48,CN1N=CC2=C1C=C1N=CN=C(NC3=CC(Br)=CC=C3)C1=C2
F-1114,-1.96,O=C(O)CN1C=CC2=C1C=C1N=CN=C(NC3=CC(Br)=CC=C3)C1=C2
F-1115,-1.27,CCN(C(N)=O)C1=CC=C(OC)C=C1
F-1116,-5.63,CCC1=CC=C(C(=O)NN(C(=O)C2=CC(C)=CC(C)=C2)C(C)(C)C)C=C1
F-1117,-2.59,C1=CC(=C(C=C1C(=O)O)[N+](=O)[O-])Cl
F-1118,-2.65,O=C1NC(=O)N(CC2=CC=CC=C2)C=C1F
F-1119,-3.54,ClC1=CC(Cl)=C(C(CN2C=CN=C2)OCC2=C(Cl)C=CC(Cl)=C2)C=C1
F-1120,-0.62,OCC1OCOC2COCOC12
F-1121,-2.5,CCCC(CO[N+](=O)O)O[N+](=O)O
F-1122,-2.44,CC(CCCO[N+](=O)O)O[N+](=O)O
F-1123,-2.84,CC(CCCCO[N+](=O)O)O[N+](=O)O
F-1124,-2.33,C1CC(CC(C1)O[N+](=O)[O-])O[N+](=O)[O-]
F-1125,-2.13,CN1CCN(CC2=CN=C(Cl)C=C2)C1=NC#N
F-1126,-2.35,C1CCC(C(C1)O[N+](=O)O)O[N+](=O)O
F-1127,-2.63,N#CN=C1NCCN1CC1=CN=C(Cl)C=C1
F-1128,-3.02,C1CCC(C(CC1)O[N+](=O)[O-])O[N+](=O)[O-]
F-1129,-3.09,CCN(CC)CCSC1=NC2=C(N=N1)NC1=C2C=CC=C1
F-1130,-1.43,NC1=NC2=C(C=N1)N=CN2CCC1COC(=O)OC1
F-1131,-7.63,O=C(NC(=O)C1=C(F)C=CC=C1F)NC1=C(F)C(Cl)=C(F)C(Cl)=C1
F-1132,-4.52,CS(=O)(=O)C1=CC=C(C2=C(C3=CC=CC=C3)C(=O)OC2)C=C1
F-1133,0.08,CN1C=NC=C1CC(N)C(=O)O
F-1134,-2.12,OCC1OC2OC(C(Cl)(Cl)Cl)OC2C1O
F-1135,-1.93,O=C(O)C1CCC(C(=O)O)SS1
F-1136,-2.14,COC1=NC=C(NC(=O)C2CC2)C=C1
F-1137,-3.83,NS(=O)(=O)C1=C(Cl)C=C(NCC2=CC=CO2)C(C(=O)O)=C1
F-1138,-1.24,CCOC(=O)C(CCC1=CC=CC=C1)NC(C)CN1CCCC1C(=O)O
F-1139,-1.18,CCOC(=O)C(CCC1=CC=CC=C1)NC(C)C(=O)N1CCCC1C(=O)O
F-1140,0.39,O=C1OC(C(O)C(O)CO)C(O)C1O
F-1141,-1.11,OCC1OC(OCCC2=C3C=CC=CC3=CC=C2)C(O)C(O)C1O
F-1142,-2.64,CCC1(C2=CC=CC=C2)NC(=O)NC1=O
F-1143,-1.66,OC1COC(OC2=CC=CC=C2)C(O)C1O
F-1144,-1.23,CC1(C)OCC(COC(=O)C2=C(C(=O)O)C=CC=C2)O1
F-1145,-0.96,O=C(O)CCCC1CCCC2NC(=O)NC12
F-1146,-1.77,NC(CC1=CNC2=C1C=CC=C2)C(=O)O
F-1147,-2.92,C1=C(OC(=C1)[N+](=O)[O-])C=NNC(=O)N
F-1148,-2.39,CCCC(C)C1(CC)C(=O)NC(=O)NC1=O
F-1149,-1.51,CC1NC(=O)C2=C(C=CC=C2)N(CC(O)C(O)C(O)CO)C1=O
F-1150,-1.46,O=C1NCC(=O)N(CC(O)C(O)C(O)CO)C2=C1C=CC=C2
F-1151,-1.28,CC1=C(C(=O)O)C=C(C(O)C(O)C(O)CO)O1
F-1152,-1.46,OCC1OC(OC2=CC=CC=C2)C(O)C(O)C1O
F-1153,-3.1,CC(O)C(O)C1=NC2=C(N=C1)N=C(N)NC2=O
F-1154,-1.52,COC1=CC2=CC=C(C(C)C(=O)OCCN3CCNCC3)C=C2C=C1
F-1155,-1.49,COC1=CC2=CC=C(C(C)C(=O)OCCN3CCN(C)CC3)C=C2C=C1
F-1156,-3.7,COC1=CC2=CC=C(C(C)C(=O)OCCCCN3CCOCC3)C=C2C=C1
F-1157,-3.17,COC1=C(C=C(C=C1)[N+](=O)[O-])N
F-1158,-1.29,COC1=CC=C2C=C(C(C)C(=O)OCCCCN3CCN(C)CC3)C=CC2=C1
F-1159,-3.75,O=C1NC2=C(C=CC=C2)C(=O)N2CCCC12
F-1160,-4.7,O=C1NC2=C(C=C(Cl)C=C2)C(=O)N2CCCC12
F-1161,-1.71,CNC(=NC#N)NCCSCC1=C(C)NC=N1
F-1162,-2.37,O=C1NC2=C(C=CC=C2)C(=O)N2CC(O)CC12
F-1163,-1.95,CC1=C2C(O)C3C(CC(C)C2CC1=O)OC(=O)C3C
F-1164,-2.31,CC(=O)NC(CC1=CNC2=C1C=CC=C2)C(=O)O
F-1165,-4.84,CCOC(=O)C1=CC2(CC)CCCN3CCC4=C(C32)N1C1=C4C=CC=C1
F-1166,-6.05,ClC1=C(Cl)C2(Cl)C3C4OC4C(Cl)C3C1(Cl)C2(Cl)Cl
F-1167,-4.35,C1=CC=C(C2=CN=C(C3=CC=C(CN4CCOCC4)C=C3)O2)C=C1
F-1168,-0.96,CCOC(=O)CCC(=O)OCC
F-1169,-2.72,CN1CC(O)C2=CC(=NNC(N)=O)C(=O)C=C21
F-1170,-1.81,C1=CC(=CC(=C1)[N+](=O)[O-])C(=O)O
F-1171,-0.8,CN(C)N=NC1=CC=C(C(=O)O)C=C1
F-1172,-0.85,NC(CC1=CNC2=C1C=CC=C2)C(=O)NCC(=O)O
F-1173,-1.18,NC1=NC(=O)N(C2CC(F)C(CO)O2)C=C1
F-1174,-2.62,O=C(O)C1=C(Cl)C=C(N=NC2=CC=C(O)C=C2)C=C1
F-1175,-1.28,C1=CC(=CC(=C1)OC2C(C(C(C(O2)CO)O)O)O)[N+](=O)[O-]
F-1176,-1.94,O=C(O)C1CN2CCC1CC2C(O)C1=CC=NC2=C1C=CC=C2
F-1177,-2.01,C1=CC=C(C(=C1)NN=C2C=CC(=O)C(=C2)C(=O)O)[N+](=O)[O-]
F-1178,-3.22,COCC1COC2=C(C=C3C(=C2)N=CN=C3NC2=CC(Br)=CC=C2)O1
F-1179,-2.19,CC(=O)OC1C2C(CC(C)C3C=CC(=O)C31C)OC(=O)C2C
F-1180,-3.52,COCC1COC2=C(C=C3C(=C2)N=CN=C3NC2=CC(I)=CC=C2)O1
F-1181,-2.76,NC1=CC=C(S(=O)(=O)NC2=CC=C(S(N)(=O)=O)C=C2)C=C1
F-1182,-1.31,O=C(O)C1CCC(=O)N1CN1C(=O)CCC1C(=O)O
F-1183,-0.86,COC1=CC=C(CC2NC(=O)N(C(C)C(=O)O)C2=O)C=C1
F-1184,-2.38,CC(C)C(NS(=O)(=O)C1=CC=C(F)C=C1)C(=O)NC1CCOC1O
F-1185,-2.37,CC(C)CC(NC(=S)NC1=CC=CC=C1)C(=O)NC1CCOC1O
F-1186,-4.4,COC1=CC(=O)C2(OC3=C(C2=O)C(OC)=CC(OC)=C3Cl)C(C)C1
F-1187,-1.12,CC(C)CC(N)C(=O)NC(CC1=CNC2=C1C=CC=C2)C(=O)O
F-1188,-2.03,COC1=CC2=C(C=C1)N=CC=C2C(O)C1CC2CCN1CC2C(=O)O
F-1189,-2.34,COC1=CC(OC)=C(Cl)C2=C1C(=O)C1(O2)C(C)CC(O)CC1O
F-1190,-4.7,COC1=CC(OC)=C(Cl)C2=C1C(=O)C1(O2)C(OC)=CC(=O)CC1C
F-1191,-4.57,CC12CCC(O)CC1CCC1C2CCC2(C)C(C3=CC(=O)OC3)CCC12O
F-1192,-3.94,C1=CC=C(N=NC2=CC=CC=C2)C=C1
F-1193,-3.95,OC1=CC=C(N=NC2=CC=CC=C2)C=C1
F-1194,-3.08,OC1=CC(O)=C(N=NC2=CC=CC=C2)C=C1
F-1195,-2.11,O=C1C(O)C2CC3N1CCC31C3=C(C=CC=C3)N3C(=O)C=CC2C31
F-1196,-4.38,O=C(O)C1=CC=C(N=NC2=CC=C(O)C=C2)C=C1
F-1197,-3.05,O=C(O)C1=C(O)C=CC(N=NC2=CC=CC=C2)=C1
F-1198,-3.13,OCC(O)C(O)C1=NN(C2=CC=CC=C2)C2=C1N=C1C=CC=CC1=N2
F-1199,-2.81,CC1(C)SC2C(NC(=O)COC3=CC=CC=C3)C(=O)N2C1C(=O)O
F-1200,-2.6,C1=CC(=CC=C1C(=O)O)[N+](=O)[O-]
F-1201,-2.28,CC(C)C1OC(O)C(CC2=CC=CC=C2)NC1=O
F-1202,-2.12,CC(C)CC1OC(O)C(CC2=CC=CC=C2)NC1=O
F-1203,-1.23,CC(=O)NS(=O)(=O)C1=CC=C(N)C=C1
F-1204,-2.29,NNC(=O)C1=CC=C(C(=O)NN)C=C1
F-1205,-1.66,CC(NC(=O)C(N)C1=CC=CC=C1)C1=CC=CC=C1
F-1206,-1.54,O=C1NC(=O)C(Cl)=C(CN2CCCC2)N1
F-1207,-1.78,O=C1NC(=O)C(Br)=C(CN2CCCC2)N1
F-1208,-2.65,CC(=O)OCC1OC(OC(C)=O)C(OC(C)=O)C(OC(C)=O)C1OC(C)=O
F-1209,-1.59,CNCCC(OC1=CC=C(C(F)(F)F)C=C1)C1=CC=CC=C1
F-1210,0.61,O=C(O)C(O)(CO)CC(O)CO
G-1,-2.18,ClCC(Cl)(Cl)Cl
G-2,-2.0,CC(Cl)(Cl)Cl
G-3,-1.74,ClC(Cl)C(Cl)Cl
G-4,-1.48,ClCC(Cl)Cl
G-5,-3.04,FC(F)(Cl)C(F)(Cl)Cl
G-6,-1.29,CC(Cl)Cl
G-7,-1.64,ClC(=C)Cl
G-8,-0.43,CCOC(C)OCC
G-9,-4.57,Clc1ccc(Cl)c(Cl)c1Cl
G-10,-4.37,C1CCc2ccccc2C1
G-11,-4.63,Clc1cc(Cl)c(Cl)c(Cl)c1
G-12,-4.0,Clc1cccc(Cl)c1Cl
G-13,-3.2,Cc1cccc(C)c1C
G-14,-6.98,Brc1cc(Br)c(Br)cc1Br
G-15,-5.56,Clc1cc(Cl)c(Cl)cc1Cl
G-16,-4.59,Cc1cc(C)c(C)cc1C
G-17,-4.5,c1(Br)c(Br)cc(Br)cc1
G-18,-3.59,Clc1ccc(Cl)c(Cl)c1
G-19,-3.31,Cc1ccc(C)c(C)c1
G-20,0.62,Oc1ccccc1O
G-21,-3.5,Brc1ccccc1Br
G-22,-1.68,BrCCBr
G-23,-3.05,Clc1ccccc1Cl
G-24,-1.06,ClCCCl
G-25,-1.6,CC(Cl)CCl
G-26,-2.74,FC(F)(Cl)C(F)(F)Cl
G-27,-0.77,CCOCCOCC
G-28,-3.28,CCc1ccccc1CC
G-29,-3.1,O=N(=O)c1ccccc1N(=O)=O
G-30,-0.59,CC1CO1
G-31,-5.6,Brc1cc(Br)cc(Br)c1
G-32,-4.48,Clc1cc(Cl)cc(Cl)c1
G-33,-3.4,Cc1cc(C)cc(C)c1
G-34,-2.89,O=N(=O)c1cc(cc(c1)N(=O)=O)N(=O)=O
G-35,0.81,Oc1cccc(O)c1
G-36,-1.87,C=CC=C
G-37,-3.54,Brc1cccc(Br)c1
G-38,-3.04,Clc1cccc(Cl)c1
G-39,-1.62,ClCCCCl
G-40,-1.46,CCNC(=S)NCC
G-41,-2.0,Fc1cccc(F)c1
G-42,-4.29,Cc1cc(C)c2ccccc2c1
G-43,-2.29,O=N(=O)c1cccc(c1)N(=O)=O
G-44,-0.17,Oc1ccc(O)cc1
G-45,-2.06,C1C=CCC=C1
G-46,-4.07,Brc1ccc(Br)cc1
G-47,-3.27,Clc1ccc(Cl)cc1
G-48,-3.75,CCc1ccc(CC)cc1
G-49,-1.97,Fc1ccc(F)cc1
G-50,-4.14,Cc1ccc(C)c2ccccc12
G-51,-3.39,O=N(=O)c1ccc(cc1)N(=O)=O
G-52,-2.09,C=CCC=C
G-53,-4.679,Cc1cccc2c(C)cccc12
G-54,-2.68,C=CCCC=C
G-55,-2.68,c1cnc2c(c1)ccc3ncccc23
G-56,-1.74,CC12CCC(CC1)C(C)(C)O2
G-57,-3.999,CC1(O)CCC2C3CCC4=CC(=O)CCC4(C)C3CCC21C
G-58,-4.22,Nc2cccc3nc1ccccc1cc23 
G-59,-2.43,CC(C)CBr
G-60,-2.37,CCCCBr
G-61,-4.43,CCCCCCCBr
G-62,-3.81,CCCCCCBr
G-63,-4.35,Brc1cccc2ccccc12
G-64,-5.06,CCCCCCCCBr
G-65,-3.08,CCCCCBr
G-66,-1.73,CCCBr
G-67,0.0,CCCCO
G-68,-1.94,CCC=C
G-69,-1.24,CCC#C
G-70,-1.32,ClCCBr
G-71,-2.0,ClCC(C)C
G-72,-2.03,CCCCCl
G-73,-4.0,CCCCCCCCl
G-74,-3.12,CCCCCCCl
G-75,-3.93,Clc1cccc2ccccc12
G-76,-2.73,CCCCCCl
G-77,-1.47,CCCCl
G-78,-3.63,CCCCCCCCCCO
G-79,-5.51,CCCCCCCCC=C
G-80,-4.8,CCCCCCCCCCCCO
G-81,-4.17,CCc1cccc2ccccc12
G-82,-1.81,CCCCCCCO
G-83,-3.73,CCCCCC=C
G-84,-3.01,CCCCCC#C
G-85,-7.0,CCCCCCCCCCCCCCCCO
G-86,-1.24,CCCCCCO
G-87,-3.23,CCCCC=C
G-88,-0.59,CCCC(O)C=C
G-89,-2.36,CCCCC#C
G-90,-2.96,CCCCI
G-91,-4.81,CCCCCCCI
G-92,-4.55,Ic1cccc2ccccc12
G-93,-2.29,CCCI
G-94,-3.27,CC1=CCCCC1
G-95,-5.22,Cc1cccc2c1Cc3ccccc32
G-96,-3.7,Cc1cccc2ccccc12
G-97,-5.85,Cc1cccc2c1ccc3ccccc32
G-98,-0.807,Cn1ccc(=O)[nH]c1=O
G-99,-2.22,Oc1cccc2ccccc12
G-100,-1.92,Nc1cccc2ccccc12
G-101,-3.54,O=N(=O)c1cccc2ccccc12
G-102,-0.8,CCCN(=O)=O
G-103,-3.01,CCCCCCCCCO
G-104,-5.05,CCCCCCCC=C
G-105,-4.24,CCCCCCCC#C
G-106,-8.4,CCCCCCCCCCCCCCCCCCO
G-107,-2.39,CCCCCCCCO
G-108,-4.44,CCCCCCC=C
G-109,-3.66,CCCCCCC#C
G-110,-6.35,CCCCCCCCCCCCCCCO
G-111,-0.6,CCCCCO
G-112,-2.68,CCCC=C
G-113,-1.64,CCCC#C
G-114,-0.92,CC(O)c1ccccc1
G-115,0.62,CCCO
G-116,-5.84,CCCCCCCCCCCCCCO
G-117,-11.6,Clc1c(Cl)c(Cl)c(c(Cl)c1Cl)c2c(Cl)c(Cl)c(Cl)c(Cl)c2Cl 
G-118,-9.16,Clc1cc(c(Cl)c(Cl)c1Cl)c2cc(Cl)c(Cl)c(Cl)c2Cl
G-119,-8.01,Clc1ccc(c(Cl)c1Cl)c2ccc(Cl)c(Cl)c2Cl 
G-120,-9.15,Clc1cc(Cl)c(Cl)c(c1Cl)c2c(Cl)c(Cl)cc(Cl)c2Cl 
G-121,-8.6,Clc1cccc(c1Cl)c2c(Cl)c(Cl)cc(Cl)c2Cl 
G-122,-7.28,Clc1cccc(c1Cl)c2cccc(Cl)c2Cl
G-123,-7.92,Clc1ccc(c(Cl)c1)c2c(Cl)c(Cl)c(Cl)c(Cl)c2Cl
G-124,-8.94,Clc1ccc(Cl)c(c1)c2c(Cl)c(Cl)c(Cl)c(Cl)c2Cl
G-125,-7.68,Clc1ccc(Cl)c(c1)c2cc(Cl)c(Cl)c(Cl)c2Cl
G-126,-7.21,Clc1cc(Cl)c(cc1Cl)c2cccc(Cl)c2Cl 
G-127,-7.43,Clc1ccc(c(Cl)c1)c2c(Cl)ccc(Cl)c2Cl 
G-128,-7.42,Clc1ccc(Cl)c(c1)c2c(Cl)c(Cl)cc(Cl)c2Cl 
G-129,-6.47,Clc1ccc(Cl)c(c1)c2cccc(Cl)c2Cl 
G-130,-4.36,CC(C)C(C)(C)C
G-131,-8.56,Clc1cc(Cl)c(cc1Cl)c2cc(Cl)c(Cl)cc2Cl 
G-132,-8.71,Clc1cc(Cl)c(c(Cl)c1)c2c(Cl)cc(Cl)cc2Cl 
G-133,-6.57,Clc1ccc(c(Cl)c1)c2cc(Cl)ccc2Cl 
G-134,-7.32,Clc1cc(Cl)c(c(Cl)c1)c2c(Cl)cccc2Cl
G-135,-4.74,CC(C)CC(C)(C)C
G-136,-5.05,CC(C)CCC(C)(C)C
G-137,-7.39,Clc1cccc(Cl)c1c2c(Cl)cccc2Cl 
G-138,-1.04,CCC(C)(C)CO
G-139,-3.55,CCC(C)(C)C
G-140,-4.36,CCCC(C)(C)C
G-141,-1.52,CCCC(C)(C)CO
G-142,-0.4,CC(C)(C)CO
G-143,-5.27,Clc1ccccc1c2ccccc2Cl 
G-144,-7.82,Clc1ccc(cc1Cl)c2cc(Cl)c(Cl)c(Cl)c2Cl 
G-145,-7.66,Clc1ccc(c(Cl)c1Cl)c2c(Cl)cc(Cl)c(Cl)c2Cl 
G-146,-7.39,Clc1ccc(c(Cl)c1)c2cc(Cl)c(Cl)c(Cl)c2Cl 
G-147,-7.8,Clc1ccc(c(Cl)c1)c2ccc(Cl)c(Cl)c2Cl 
G-148,-7.92,Clc2c(Cl)c(Cl)c(c1ccccc1)c(Cl)c2Cl 
G-149,-7.25,Clc1ccc(Cl)c(c1)c2ccc(Cl)c(Cl)c2
G-150,-3.15,Oc1cc(Cl)c(Cl)c(Cl)c1Cl
G-151,-3.1,Oc1c(Cl)cc(Cl)c(Cl)c1Cl
G-152,-6.29,Clc1ccc(cc1)c2cccc(Cl)c2Cl 
G-153,-6.26,Clc1ccc(cc1)c2cccc(Cl)c2Cl 
G-154,-2.67,Oc1ccc(Cl)c(Cl)c1Cl
G-155,-4.8,CC(C)C(C)C(C)C
G-156,-3.37,Oc1c(Cl)c(Cl)cc(Cl)c1Cl
G-157,-6.01,Clc1cccc(c1)c2cc(Cl)ccc2Cl 
G-158,-2.67,Oc1cc(Cl)cc(Cl)c1Cl
G-159,-2.64,Oc1c(Cl)ccc(Cl)c1Cl
G-160,-3.48,O=N(=O)c1c(Cl)c(Cl)ccc1
G-161,-1.3,Oc1cccc(Cl)c1Cl
G-162,-2.4,CC(=C)C(=C)C
G-163,-3.65,CC(C)C(C)C
G-164,-4.72,Cc1cc2ccccc2cc1C
G-165,-4.28,CCC(C)C(C)C
G-166,0.38,Cc1cccnc1C
G-167,-6.27,Clc1ccc(cc1)c2cc(Cl)ccc2Cl 
G-168,-6.25,Clc1ccc(cc1)c2cc(Cl)ccc2Cl 
G-169,-2.21,Oc1cc(Cl)c(Cl)cc1Cl
G-170,-6.14,Clc1ccc(cc1)c2c(Cl)cccc2Cl 
G-171,-2.34,Oc1c(Cl)cc(Cl)cc1Cl
G-172,-2.05,Cc1cc(C)c(O)c(C)c1
G-173,-3.22,Cc1c(cc(cc1N(=O)=O)N(=O)=O)N(=O)=O
G-174,-1.55,Oc1ccc(Cl)cc1Cl
G-175,-0.92,CC(C)CC(C)(C)O
G-176,-1.22,CC(C)C(O)C(C)C
G-177,-1.3,CC(C)C(=O)C(C)C
G-178,-4.26,CC(C)CC(C)C
G-179,-1.19,Cc1ccc(O)c(C)c1
G-180,0.38,Cc1ccnc(C)c1
G-181,-2.82,Cc1ccc(cc1N(=O)=O)N(=O)=O
G-182,-5.28,Clc1ccc(cc1)c2ccccc2Cl 
G-183,-5.25,Clc1ccc(cc1)c2ccccc2Cl 
G-184,-1.79,Oc1c(Cl)cccc1Cl
G-185,-4.89,Cc1ccc2cc(C)ccc2c1
G-186,-1.29,Cc1cccc(C)c1O
G-187,0.45,Cc1cccc(C)n1
G-188,-3.0,Cc1c(cccc1N(=O)=O)N(=O)=O
G-189,-5.21,Clc1cccc(Cl)c1c2ccccc2 
G-190,-1.94,c2c(C)cc1nc(C)ccc1c2 
G-191,-5.17,Nc3ccc2cc1ccccc1cc2c3 
G-192,-4.4,c1c(Br)ccc2ccccc12 
G-193,-4.4,Brc1ccc2ccccc2c1
G-194,-1.59,CC(C)Br
G-195,-2.23,Cc1ccccc1Br
G-196,0.52,CCC(=O)C
G-197,0.32,CC=CC=O
G-198,-0.42,CCCCOCCO
G-199,-2.51,CCC(C)(C)Cl
G-200,-2.46,COc1ccccc1Cl
G-201,-4.54,Clc1ccccc1c2ccccc2
G-202,-1.96,CCC(C)Cl
G-203,-4.14,Clc1ccc2ccccc2c1
G-204,-1.06,Oc1ccccc1Cl
G-205,-1.41,CC(C)Cl
G-206,-3.52,Cc1ccccc1Cl
G-207,-0.31,NC(N)=NC#N 
G-208,-3.3,CCCCCCCCC(=O)C
G-209,0.51,CCc1ccccn1
G-210,-1.17,CCC(CC)CO
G-211,-2.11,CCCCC(CC)CO
G-212,-2.46,CCCC=C(CC)C=O
G-213,-1.52,CCC(CC)C=O
G-214,-2.13,CCCCC(CC)C=O
G-215,-4.29,CCc1ccc2ccccc2c1
G-216,-3.21,CCc1ccccc1C
G-217,-1.55,CCCCCC(C)O
G-218,-1.45,CCCCCC(=O)C
G-219,-0.89,CCCCC(C)O
G-220,-0.8,CCCCC(=O)C
G-221,-1.947,Oc2ncc1nccnc1n2
G-222,1.02,Oc1ccccn1
G-223,-2.09,CC(C)I
G-224,-3.76,CC(C)c1ccccc1C
G-225,-1.11,COc2ncc1nccnc1n2
G-226,-2.56,CC=C(C)C
G-227,-2.03,CC(=C)C=C
G-228,-2.73,CCC(=C)C
G-229,-3.03,CCCC(=C)C
G-230,-1.72,CCCCCC(C)(C)O
G-231,-1.08,CCCCC(C)(C)O
G-232,-0.49,CCCC(C)(C)O
G-233,-0.7,CCC(O)C(C)C
G-234,-6.96,Cc1ccc2cc3ccccc3cc2c1
G-235,0.15,CCC(C)(C)O
G-236,-3.18,CCC(C)C
G-237,-0.47,CCC(C)CO
G-238,-5.08,CCCCCC(C)C
G-239,-3.77,Cc1ccc2ccccc2c1
G-240,-3.74,CCCC(C)C
G-241,-1.11,CCCC(C)CO
G-242,-5.84,Cc1ccc2c(ccc3ccccc32)c1
G-243,-0.62,Cc1ccccc1O
G-244,0.1,CC(C)CO
G-245,-2.55,CC(C)C
G-246,-2.33,CC(=C)C
G-247,-0.12,Cc2ncc1nccnc1n2
G-248,0.11,CC1CCCO1
G-249,-2.28,Oc1ccc2ccccc2c1
G-250,-0.62,CC(C)N(=O)=O
G-251,-2.74,CCCCCCCC(C)O
G-252,-2.58,CCCCCCCC(=O)C
G-253,-2.09,CCCCCCC(C)O
G-254,-2.05,CCCCCCC(=O)C
G-255,-0.29,CCCC(C)O
G-256,-0.19,CCCC(=O)C
G-257,-0.7,OCCOc1ccccc1
G-258,0.43,CC(C)O
G-259,1.07,O=C1CCCN1
G-260,-2.94,CCCCCCCCCC(C)O
G-261,-0.5,CC(C)(C)CCO
G-262,-0.62,CC(O)C(C)(C)C
G-263,-0.72,CC(=O)C(C)(C)C
G-264,-4.23,CCC(C)(C)CC
G-265,-3.2,O=N(=O)c1cc(Cl)c(Cl)cc1
G-266,-1.25,Oc1ccc(Cl)c(Cl)c1
G-267,-1.38,Cc1ccc(O)cc1C
G-268,0.36,Cc1ccncc1C
G-269,-6.39,Clc1ccc(cc1Cl)c2ccccc2 
G-270,-1.34,Oc1cc(Cl)cc(Cl)c1
G-271,-1.4,Cc1cc(C)cc(O)c1
G-272,0.38,Cc1cncc(C)c1
G-273,-5.071,O=C1N(COC(=O)CCC)C(=O)C(N1)(c2ccccc2)c3ccccc3
G-274,-2.78,COc1cccc(Cl)c1
G-275,-4.88,c1c(Cl)cccc1c2ccccc2
G-276,-0.7,Oc1cccc(Cl)c1
G-277,-0.29,ClCCC#N 
G-278,-4.47,O=C1N(COC(=O)C)C(=O)C(N1)(c2ccccc2)c3ccccc3
G-279,-0.85,CCC(O)(CC)CC
G-280,-1.47,CCCCC(O)CC
G-281,-6.301,O=C1N(COC(=O)CCCCCC)C(=O)C(N1)(c2ccccc2)c3ccccc3
G-282,-0.8,CCCC(O)CC
G-283,-0.83,CCCC(=O)CC
G-284,-5.886,O=C1N(COC(=O)CCCCC)C(=O)C(N1)(c2ccccc2)c3ccccc3
G-285,-1.99,CCC#CCC
G-286,-2.73,CC(C)C=C
G-287,-0.18,CC(C)C(C)O
G-288,-0.12,CC(C)C(=O)C
G-289,-0.72,CCC(C)CCO
G-290,-0.71,CCC(C)CCO
G-291,-0.67,CCC(C)C(=O)C
G-292,-1.6,CCCCC(C)(O)CC
G-293,-0.98,CCCC(C)(O)CC
G-294,-0.36,CCC(C)(O)CC
G-295,-0.51,CC(C)CCO
G-296,-7.92,c1cc(C)cc2c1c3cc4cccc5CCc(c45)c3cc2
G-297,-5.16,CCCCC(C)CC
G-298,-2.42,Cc1c[nH]c2ccccc12 
G-299,-3.68,CCC(C)CC
G-300,-0.68,Cc1cccc(O)c1
G-301,-1.98,CCCCCC(O)CC
G-302,-6.523,O=C1N(COC(=O)CCCCCCC)C(=O)C(N1)(c2ccccc2)c3ccccc3
G-303,-0.24,CCC(O)CC
G-304,-0.28,CCC(=O)CC
G-305,-4.678,O=C1N(COC(=O)CCCC)C(=O)C(N1)(c2ccccc2)c3ccccc3
G-306,-4.907,O=C1N(COC(=O)CC)C(=O)C(N1)(c2ccccc2)c3ccccc3
G-307,-6.56,Clc1ccc(cc1)c2ccc(Cl)cc2 
G-308,-1.09,Oc1ccc(Br)cc1
G-309,-3.19,Cc1ccc(Br)cc1
G-310,-2.78,COc1ccc(Cl)cc1
G-311,-0.7,Oc1ccc(Cl)cc1
G-312,-3.08,Cc1ccc(Cl)cc1
G-313,-3.11,CCc1ccc(C)cc1
G-314,-1.4,CCCC(O)CCC
G-315,-1.3,CCCC(=O)CCC
G-316,-2.59,c1(O)cc(O)ccc1CCCCCC
G-317,1.02,Oc1ccncc1
G-318,-3.77,CC(C)c1ccc(C)cc1
G-319,-1.11,COc1ncnc2nccnc12 
G-320,-0.8,CC(C)CC(C)O
G-321,-0.74,CC(C)CC(=O)C
G-322,-4.62,Cc1ccc(cc1)c2ccccc2
G-323,-1.14,CC(C)CCCO
G-324,-0.466,Cc1ncnc2nccnc12
G-325,-2.692,CC(=O)Nc1ccc(cc1)N(=O)=O
G-326,-0.15,OCCCC=C
G-327,-2.253,O=C1NC(=O)NC(=O)C1(CC)CC=C(C)C
G-328,-2.593,O=C1NC(=O)NC(=O)C1(C(C)C)CC=C(C)C
G-329,-2.077,O=C1NC(=O)NC(=O)C1(CC=C)CC=C
G-330,-2.766,O=C1NC(=O)NC(=O)C1(C(C)C)C(C)C
G-331,-1.742,O=C1NC(=O)NC(=O)C1(C)C
G-332,-1.99,Oc2ccc1CCCCc1c2 
G-333,-7.01,Cc1c(C)c2c3ccccc3ccc2c4ccccc14
G-334,-1.614,O=C1NC(=O)NC(=O)C1(CC)CC=C
G-335,-1.708,O=C1NC(=O)NC(=O)C1(C(C)C)CC=C
G-336,-1.16,O=C1NC(=O)NC(=O)C1(C)CC=C
G-337,-2.369,O=C1NC(=O)NC(=O)C1(CC=C)c1ccccc1
G-338,-2.658,O=C1NC(=O)NC(=O)C1(CC)CCC(C)C
G-339,-2.148,O=C1NC(=O)NC(=O)C1(CC)C(C)C
G-340,-2.322,O=C1NC(=O)NC(=O)C1(CC)c1ccccc1
G-341,-1.077,Fc1c[nH]c(=O)[nH]c1=O 
G-342,-2.54,Oc1cccc2ncccc12 
G-343,-1.228,O=C1NC(=O)NC(=O)C1(C)CC
G-344,-6.59,c1cccc2c3c(C)cc4ccccc4c3ccc12
G-345,-1.458,Nc1c(C)c[nH]c(=O)n1 
G-346,-2.58,CCCCC(=O)CCCC
G-347,-6.2,Nc3cc2c1ccccc1ccc2c4ccccc34 
G-348,-2.16,Oc2ccc1ncccc1c2 
G-349,-1.139,COc2cnc1ncncc1n2
G-350,-6.57,Cc1cc2c3ccccc3ccc2c4ccccc14
G-351,-7.02,Cc1c2ccccc2c(C)c3ccc4ccccc4c13
G-352,-0.91,COc2cnc1cncnc1n2
G-353,-0.854,Cc2cnc1cncnc1n2
G-354,-2.42,Oc1cccc2cccnc12 
G-355,-6.57,Cc1c2ccccc2c(C)c3ccccc13
G-356,-4.73,c3ccc2c(O)c1ccccc1cc2c3 
G-357,-5.89,Cc1c2ccccc2cc3ccccc13
G-358,-6.237,COP(=S)(OC)Oc1ccc(Sc2ccc(OP(=S)(OC)OC)cc2)cc1
G-359,-4.63,C1Cc2cccc3cccc1c23
G-360,-3.96,C1=Cc2cccc3cccc1c23
G-361,0.54,COP(=O)(NC(C)=O)SC 
G-362,1.58,CC(=O)N
G-363,-1.33,CC(=O)Nc1ccccc1
G-364,-2.36,CC(=O)Nc1nnc(s1)S(N)(=O)=O 
G-365,0.26,CC#N
G-366,-1.28,CC(=O)c1ccccc1
G-367,-3.59,CC(=O)N(S(=O)c1ccc(N)cc1)c2onc(C)c2C 
G-368,-3.67,c3ccc2nc1ccccc1cc2c3
G-369,0.57,C=CC=O
G-370,0.15,C=CC#N
G-371,-2.12,Nc1ncnc2nc[nH]c12 
G-372,-3.48,CC34CC(=O)C1C(CCC2=CC(=O)CCC12C)C3CCC4(=O) 
G-373,-3.26,CCc1cccc(CC)c1N(COC)C(=O)CCl 
G-374,-3.85,CC13CCC(=O)C=C1CCC4C2CCC(C(=O)CO)C2(CC(O)C34)C=O 
G-375,-6.307,ClC1=C(Cl)C2(Cl)C3C4CC(C=C4)C3C1(Cl)C2(Cl)Cl
G-376,-1.6,NC(=O)NC1NC(=O)NC1=O 
G-377,-0.83,C=CCS(=O)SCC=C
G-378,-2.266,O=c1[nH]cnc2[nH]ncc12 
G-379,-1.25,O=C1NC(=O)C(=O)C(=O)N1 
G-380,-1.99,C1(=O)NC(=O)NC(=O)C1(O)C2(O)C(=O)NC(=O)NC2(=O)
G-381,-3.364,CN(C)c1nc(nc(n1)N(C)C)N(C)C
G-382,-3.04,CCNc1nc(NC(C)C)nc(SC)n1
G-383,-0.77,OCC3OC(OCC2OC(OC(C#N)c1ccccc1)C(O)C(O)C2O)C(O)C(O)C3O 
G-384,-2.36,CNC(=O)Oc1ccc(N(C)C)c(C)c1
G-385,-0.364,CN(C)c2c(C)n(C)n(c1ccccc1)c2=O 
G-386,-0.36,Nc1nccs1 
G-387,-5.47,CN(C=Nc1ccc(C)cc1C)C=Nc2ccc(C)cc2C
G-388,0.522,Nc1nc[nH]n1
G-389,-2.468,CCC1(CCC(C)C)C(=O)NC(=O)NC1=O
G-390,-0.624,Cc2c(N)c(=O)n(c1ccccc1)n2C
G-391,-2.596,COc1ccc(cc1)C(O)(C2CC2)c3cncnc3 
G-392,-3.69,CC34CCC1C(CCC2=CC(=O)CCC12C)C3CCC4=O
G-393,-4.402,CC12CCC(O)CC1CCC3C2CCC4(C)C3CCC4=O
G-394,-3.13,COc1ccc(C=CC)cc1
G-395,-0.41,Nc1ccccc1
G-396,-4.432,COP(=S)(OC)SCC(=O)N(C(C)C)c1ccc(Cl)cc1
G-397,-1.85,COc1ccccc1
G-398,-6.35,c1ccc2cc3ccccc3cc2c1
G-399,-5.19,O=C1c2ccccc2C(=O)c3ccccc13
G-400,0.715,Cc1cc(=O)n(c2ccccc2)n1C
G-401,-3.538,CCCC1C(=O)N3N(C1=O)c2cc(C)ccc2N=C3N(C)C 
G-402,-5.931,OC4=C(C1CCC(CC1)c2ccc(Cl)cc2)C(=O)c3ccccc3C4=O
G-403,-2.084,CCNc1nc(NC(C)C)nc(OC)n1
G-404,-3.85,CCNc1nc(Cl)nc(NC(C)C)n1
G-405,-1.716,CCN(CC)C(=O)CSc1ccc(Cl)nn1
G-406,-4.45,N(=Nc1ccccc1)c2ccccc2
G-407,0.651,CNC(=O)C=C(C)OP(=O)(OC)OC
G-408,-4.37,ClCC#CCOC(=O)Nc1cccc(Cl)c1
G-409,-2.4,O=C1NC(=O)NC(=O)C1(CC)CC
G-410,-3.59,NS(=O)(=O)c3cc2c(NC(Cc1ccccc1)NS2(=O)=O)cc3C(F)(F)F
G-411,-5.53,CCCCN(CC)c1c(cc(cc1N(=O)=O)C(F)(F)F)N(=O)=O
G-412,-4.71,CCOC(=O)CCN(SN(C)C(=O)Oc1cccc2CC(C)(C)Oc21)C(C)C
G-413,-4.21,c1c(NC(=O)c2ccccc2(I))cccc1
G-414,-4.883,CCCCNC(=O)n1c(NC(=O)OC)nc2ccccc12
G-415,-4.2,CC(C)OP(=S)(OC(C)C)SCCNS(=O)(=O)c1ccccc1
G-416,-1.19,O=Cc1ccccc1
G-417,-0.96,NC(=O)c1ccccc1
G-418,-1.64,c1ccccc1
G-419,-2.55,c1ccccc1C(O)c2ccccc2
G-420,-2.81,O=C(Cn1ccnc1N(=O)=O)NCc2ccccc2
G-421,-6.68,C1c2ccccc2c3ccc4ccccc4c13
G-422,-8.699,c1ccc2c(c1)cc3ccc4cccc5ccc2c3c45
G-423,-8.23,c1ccc2c(c1)c3cccc4c3c2cc5ccccc54
G-424,-8.04,C1c2ccccc2c3cc4ccccc4cc13
G-425,-7.8,c1ccc2c(c1)c3cccc4ccc5cccc2c5c43
G-426,-8.0,c1ccc2c3c(ccc2c1)c4cccc5cccc3c45
G-427,-8.49,c1ccc2cc3c4cccc5cccc(c3cc2c1)c45
G-428,-9.018,c1cc2ccc3ccc4ccc5cccc6c(c1)c2c3c4c56
G-429,-2.616,CCOC(=O)c1ccc(N)cc1
G-430,-2.85,OC(C(=O)c1ccccc1)c2ccccc2
G-431,-1.0,N#Cc1ccccc1
G-432,-3.12,O=C(c1ccccc1)c2ccccc2
G-433,-1.5,c2ccc1scnc1c2 
G-434,-0.78,c2ccc1[nH]nnc1c2
G-435,-1.16,c2ccc1ocnc1c2
G-436,-2.39,ClCc1ccccc1
G-437,-2.51,FC(F)(F)c1ccccc1
G-438,-0.95,NC(=O)NCc1ccccc1 
G-439,-4.71,CCCCC(=O)OC3(C(C)CC4C2CCC1=CC(=O)C=CC1(C)C2(F)C(O)CC34C)C(=O)CO
G-440,-4.62,C(Cc1ccccc1)c2ccccc2
G-441,-4.345,c1ccc(cc1)c2ccccc2
G-442,-5.4,c2ccc1nc(ccc1c2)c4ccc3ccccc3n4 
G-443,-2.32,CC1(C)C2CCC1(C)C(O)C2
G-444,-2.523,CCC(C)n1c(=O)[nH]c(C)c(Br)c1=O 
G-445,-4.445,OC(CC(c1ccccc1)c3c(O)c2ccccc2oc3=O)c4ccc(cc4)c5ccc(Br)cc5 
G-446,-2.55,Brc1ccccc1
G-447,-0.89,ClCBr
G-448,-1.54,BrC(Cl)Cl
G-449,-1.09,CCBr
G-450,-0.79,CBr
G-451,-6.09,COP(=S)(OC)Oc1cc(Cl)c(Br)cc1Cl
G-452,-4.93,CC(C)OC(=O)C(O)(c1ccc(Br)cc1)c2ccc(Br)cc2 
G-453,-3.33,Oc1c(Br)cc(C#N)cc1Br 
G-454,-3.127,c1ccccc1n2ncc(N)c(Br)c2(=O)
G-455,-4.16,CCCCc1c(C)nc(NCC)nc1OS(=O)(=O)N(C)C 
G-456,-2.39,O=C1NC(=O)NC(=O)C1(CC)C(C)CC
G-457,-4.24,c1(C(C)(C)C)cc(C(C)(C)C)cc(OC(=O)NC)c1
G-458,-4.19,CCCCOCN(C(=O)CCl)c1c(CC)cccc1CC 
G-459,-2.647,CCC(C)C1(CC(Br)=C)C(=O)NC(=O)NC1=O 
G-460,-3.082,CCCCOC(=O)c1ccc(N)cc1
G-461,0.47,CCC(C)O
G-462,-2.57,CCCC
G-463,-2.18,CCCCS
G-464,-1.661,CCCCC1(CC)C(=O)NC(=O)NC1=O
G-465,-1.877,CN1CC(O)N(C1=O)c2nnc(s2)C(C)(C)C
G-466,-3.9,CC(C#C)N(C)C(=O)Nc1ccc(Cl)cc1
G-467,-1.37,CCCCOC=O
G-468,-3.68,CCSC(=O)N(CC(C)C)CC(C)C
G-469,-4.06,CCCCc1ccccc1
G-470,-0.01,CCCC=O
G-471,-0.876,Cn1cnc2n(C)c(=O)n(C)c(=O)c12
G-472,-1.96,CC1(C)C2CCC1(C)C(=O)C2
G-473,-1.3,CCCCCC=O
G-474,-5.4,ClC(Cl)C(Cl)(Cl)SN2C(=O)C1CC=CCC1C2=O 
G-475,-3.15,O=C(Nc1ccccc1)Nc2ccccc2
G-476,-3.224,CNC(=O)Oc1cccc2ccccc12
G-477,-5.27,c1ccc2c(c1)[nH]c3ccccc32
G-478,-1.83,c1c(NC(=O)OC(C)C(=O)NCC)cccc1
G-479,-2.8,CNC(=O)Oc1cccc2CC(C)(C)Oc12
G-480,-5.736,CCOP(=S)(OCC)SCSc1ccc(Cl)cc1
G-481,-3.14,CC1=C(SCCO1)C(=O)Nc2ccccc2
G-482,-2.68,CCC(Br)(CC)C(=O)NC(N)=O
G-483,-2.08,c1(O)c(C)ccc(C(C)C)c1
G-484,-2.06,CC(=C)C1CC=C(C)C(=O)C1
G-485,-1.84,OCC(O)C2OC1OC(OC1C2O)C(Cl)(Cl)Cl 
G-486,-2.111,OCC(NC(=O)C(Cl)Cl)C(O)c1ccc(cc1)N(=O)=O
G-487,-4.411,CCN(CC)c1nc(Cl)nc(n1)N(CC)CC
G-488,-3.924,CON(C)C(=O)Nc1ccc(Br)c(Cl)c1
G-489,-2.617,CC(OC(=O)Nc1cccc(Cl)c1)C#C
G-490,-6.86,ClC1CC2C(C1Cl)C3(Cl)C(=C(Cl)C2(Cl)C3(Cl)Cl)Cl
G-491,-5.64,ClC2=C(Cl)C3(Cl)C1C=CCC1C2(Cl)C3(Cl)Cl 
G-492,-2.86,CN(C)C=Nc1ccc(Cl)cc1C
G-493,-4.576,CCOC(=O)c1ccccc1S(=O)(=O)NN(C=O)c2nc(Cl)cc(OC)n2
G-494,-0.02,NC(=O)CCl 
G-495,-0.092,ClCC#N
G-496,-2.38,Clc1ccccc1
G-497,-1.9,ClC(Br)Br
G-498,-1.06,ClCC
G-499,-1.75,ClC=C
G-500,-3.38,CC(C)OC(=O)Nc1cccc(Cl)c1
G-501,-2.0,ClC(Cl)(Cl)N(=O)=O
G-502,-4.53,c1ccc(Cl)cc1C(c2ccc(Cl)cc2)(O)C(=O)OC(C)C
G-503,-5.64,c1(C#N)c(Cl)c(C#N)c(Cl)c(Cl)c(Cl)1
G-504,-3.05,NS(=O)(=O)c2cc1c(N=CNS1(=O)=O)cc2Cl 
G-505,-3.46,CN(C)C(=O)Nc1ccc(C)c(Cl)c1
G-506,-4.89,CN(C)C(=O)Nc2ccc(Oc1ccc(Cl)cc1)cc2
G-507,-5.67,CCOP(=S)(OCC)Oc1nc(Cl)c(Cl)cc1Cl 
G-508,-5.43,c2(Cl)c(Cl)c(Cl)c1nccnc1c2(Cl) 
G-509,-3.451,NS(=O)(=O)c1cc(ccc1Cl)C2(O)NC(=O)c3ccccc23
G-510,-3.483,CN(C)C(=O)Nc1ccc(C)c(Cl)c1
G-511,-2.831,Clc2ccc1oc(=O)[nH]c1c2
G-512,-7.85,C1Cc2c3c1cccc3cc4c2ccc5ccccc54
G-513,-8.057,c1ccc2c(c1)ccc3c4ccccc4ccc23
G-514,-1.3,Cl\C=C/Cl
G-515,-4.3,C/C1CCCCC1\C
G-516,-2.54,CC/C=C\C
G-517,-2.06,CC(C)=CCCC(C)=CC(=O)
G-518,-2.338,CC1(C)CON(Cc2ccccc2Cl)C1=O
G-519,-3.499,Clc1ccccc1C2=NCC(=O)Nc3ccc(cc23)N(=O)=O
G-520,-9.332,c1cc2ccc3ccc4ccc5ccc6ccc1c7c2c3c4c5c67
G-521,-3.24,CC12CC(O)C3C(CCC4=CC(=O)CCC34C)C2CCC1C(=O)CO
G-522,-3.11,CC12CC(=O)C3C(CCC4=CC(=O)CCC34C)C2CCC1(O)C(=O)CO
G-523,-4.21,CC(=O)OCC(=O)C3(O)CCC4C2CCC1=CC(=O)CCC1(C)C2C(=O)CC34C 
G-524,-5.839,CC(=O)CC(c1ccc(Cl)cc1)c2c(O)c3ccccc3oc2=O
G-525,-5.382,CCOP(=S)(OCC)Oc2ccc1oc(=O)c(Cl)c(C)c1c2
G-526,-2.84,O=c2c(C3CCCc4ccccc43)c(O)c1ccccc1o2 
G-527,-3.15,CCNc1nc(Cl)nc(NC(C)(C)C#N)n1
G-528,-3.4,CCSC(=O)N(CC)C1CCCCC1 
G-529,-2.17,CCC1(C(=O)NC(=O)NC1=O)C2=CCCCC2 
G-530,-1.655,O=C2NC(=O)C1(CCC1)C(=O)N2
G-531,-3.51,C1CCCCCC1
G-532,-0.88,OC1CCCCCC1
G-533,-3.18,C1CCC=CCC1
G-534,-3.168,O=C2NC(=O)C1(CCCCCC1)C(=O)N2 
G-535,-3.1,C1CCCCC1
G-536,-0.44,OC1CCCCC1
G-537,-0.6,O=C1CCCCC1
G-538,-2.59,C1CCC=CC1
G-539,-1.13,CC1CC(C)C(=O)C(C1)C(O)CC2CC(=O)NC(=O)C2 
G-540,-3.06,O=C2NC(=O)C1(CCCCC1)C(=O)N2
G-541,-4.15,C1CCCCCCC1
G-542,-1.29,OC1CCCCCCC1
G-543,-2.982,O=C2NC(=O)C1(CCCCCCC1)C(=O)N2
G-544,-2.64,C1CCCC1
G-545,-2.1,C1CC=CC1
G-546,-2.349,O=C2NC(=O)C1(CCCC1)C(=O)N2
G-547,-1.886,O=C2NC(=O)C1(CC1)C(=O)N2 
G-548,-2.218,CN(C)C(=O)NC1CCCCCCC1
G-549,-7.337,CC1(C)C(C=C(Cl)Cl)C1C(=O)OC(C#N)c2ccc(F)c(Oc3ccccc3)c2
G-550,-8.176,CC1(C)C(C=C(Cl)C(F)(F)F)C1C(=O)OC(C#N)c2cccc(Oc3ccccc3)c2
G-551,-8.017,CC1(C)C(C=C(Cl)Cl)C1C(=O)OC(C#N)c2cccc(Oc3ccccc3)c2
G-552,-1.155,Nc1cc[nH]c(=O)n1 
G-553,-5.507,CC23Cc1cnoc1C=C2CCC4C3CCC5(C)C4CCC5(O)C#C
G-554,-3.094,Nc1ccc(cc1)S(=O)(=O)c2ccc(N)cc2
G-555,-7.2,ClC(Cl)C(c1ccc(Cl)cc1)c2ccc(Cl)cc2
G-556,-6.9,ClC(Cl)=C(c1ccc(Cl)cc1)c2ccc(Cl)cc2
G-557,-7.15,Clc1ccc(cc1)C(c2ccc(Cl)cc2)C(Cl)(Cl)Cl
G-558,-5.19,C1CCC2CCCCC2C1
G-559,-5.14,CCCCSP(=O)(SCCCC)SCCCC
G-560,-8.402,CC1(C)C(C=C(Br)Br)C1C(=O)OC(C#N)c2cccc(Oc3ccccc3)c2
G-561,-3.45,CC12CCC3C(CCC4=CC(=O)CCC34C)C2CCC1C(=O)CO
G-562,-4.63,CC(=O)OCC(=O)C3CCC4C2CCC1=CC(=O)CCC1(C)C2CCC34C 
G-563,-4.632,CCOC(=O)Nc2cccc(OC(=O)Nc1ccccc1)c2 
G-564,-3.59,CC1CC2C3CCC4=CC(=O)C=CC4(C)C3(F)C(O)CC2(C)C1(O)C(=O)CO
G-565,-4.9,CC4CC3C2CCC1=CC(=O)C=CC1(C)C2(F)C(O)CC3(C)C4(O)C(=O)COC(C)=O 
G-566,-1.85,CC2(C)C1CCC(C)(C1)C2=O
G-567,-6.96,CCCCC(CC)COC(=O)c1ccccc1C(=O)OCC(CC)CCCC
G-568,-6.34,CCOP(=S)(OCC)SC(CCl)N1C(=O)c2ccccc2C1=O
G-569,-6.34,CCOP(=S)(OCC)SC(CCl)N2C(=O)c1ccccc1C2=O
G-570,-4.286,CC(C)N(C(C)C)C(=O)SCC(=CCl)Cl
G-571,-3.754,CN2C(=O)CN=C(c1ccccc1)c3cc(Cl)ccc23
G-572,-3.64,CCOP(=S)(OCC)Oc1cc(C)nc(n1)C(C)C
G-573,-4.6,o1c2ccccc2c3ccccc13
G-574,-4.38,c1ccc2c(c1)sc3ccccc23
G-575,-1.17,BrCBr
G-576,-1.85,CCCCOCCCC
G-577,-3.896,CCCCOC(=O)CCCCCCCCC(=O)OCCCC
G-578,-4.4,CCCCOC(=O)c1ccccc1C(=O)OCCCC 
G-579,-4.31,COP(=S)(OC)Oc1ccc(cc1Cl)N(=O)=O
G-580,-0.63,ClCCl
G-581,-3.953,Oc1ccc(Cl)cc1Cc2cc(Cl)ccc2O
G-582,-5.666,OC(c1ccc(Cl)cc1)(c2ccc(Cl)cc2)C(Cl)(Cl)Cl
G-583,-6.29,ClC4=C(Cl)C5(Cl)C3C1CC(C2OC12)C3C4(Cl)C5(Cl)Cl
G-584,-4.95,CC=C(C(=CC)c1ccc(O)cc1)c2ccc(O)cc2
G-585,-7.278,ClC1=C(Cl)C(Cl)(C(=C1Cl)Cl)C2(Cl)C(=C(Cl)C(=C2Cl)Cl)Cl
G-586,-0.09,CCOCC
G-587,-2.35,CCOC(=O)c1ccccc1C(=O)OCC
G-588,-1.34,CCSCC
G-589,-2.42,CCSSCC
G-590,-4.07,CCC(=C(CC)c1ccc(O)cc1)c2ccc(O)cc2 
G-591,-4.16,COc2ccc(Oc1ccc(NC(=O)N(C)C)cc1)cc2
G-592,-6.02,Fc1cccc(F)c1C(=O)NC(=O)Nc2ccc(Cl)cc2
G-593,-5.293,CC1OC(CC(O)C1O)OC2C(O)CC(OC2C)OC8C(O)CC(OC7CCC3(C)C(CCC4C3CCC5(C)C(CCC45O)C6=CC(=O)OC6)C7)OC8C 
G-594,-4.081,CC1OC(CC(O)C1O)OC2C(O)CC(OC2C)OC8C(O)CC(OC7CCC3(C)C(CCC4C3CC(O)C5(C)C(CCC45O)C6=CC(=O)OC6)C7)OC8C 
G-595,-6.144,CCCCCCOC(=O)c1ccccc1C(=O)OCCCCCC
G-596,-2.34,ICI
G-597,-6.637,c1(C(=O)OCCCCCC(C)(C))c(C(=O)OCCCCCC(C)(C))cccc1
G-598,-1.1,CC(C)OC(C)C
G-599,-2.24,CC(C)SC(C)C
G-600,0.523,CCN(CC)C(=O)C(=CCOP(=O)(OC)OC)Cl
G-601,-4.328,CN(C)C(=O)Nc1ccc(c(Cl)c1)n2nc(oc2=O)C(C)(C)C
G-602,-0.85,CN(C)C(=O)OC1=CC(=O)CC(C)(C)C1 
G-603,-2.24,CCCCc1c(C)nc(nc1O)N(C)C 
G-604,0.48,COCOC
G-605,-1.66,COC(=O)c1ccccc1C(=O)OC
G-606,-0.45,CSC
G-607,-1.44,CSSC
G-608,-5.47,CCN(CC)c1c(cc(c(N)c1N(=O)=O)C(F)(F)F)N(=O)=O
G-609,-3.38,CCC(C)c1cc(cc(N(=O)=O)c1O)N(=O)=O 
G-610,0.35,OC1C(O)C(O)C(O)C(O)C1O
G-611,-2.58,CCCSCCC
G-612,-5.115,CCCCCCCCOC(=O)c1ccccc1C(=O)OCCCCCCCC 
G-613,-7.32,C1C(O)CCC2(C)CC3CCC4(C)C5(C)CC6OCC(C)CC6OC5CC4C3C=C21
G-614,-1.57,CNC(=O)Oc1ccccc1C2OCCO2
G-615,-2.98,CN(C)C(=O)C(c1ccccc1)c2ccccc2 
G-616,-3.96,O(c1ccccc1)c2ccccc2
G-617,-3.504,N(c1ccccc1)c2ccccc2
G-618,-4.08,C(c1ccccc1)c2ccccc2
G-619,-1.62,CCCOCCC
G-620,-4.86,CCN(CC)C(=S)SSC(=S)N(CC)CC
G-621,-4.23,CCOP(=S)(OCC)SCCSCC
G-622,-3.35,CCOP(=S)(OCC)N2C(=O)c1ccccc1C2=O
G-623,-3.8,CN(C)C(=O)Nc1ccc(Cl)c(Cl)c1
G-624,-4.26,CC1=CCC(CC1)C(C)=C
G-625,-1.456,Cc1cc(cc(N(=O)=O)c1O)N(=O)=O
G-626,-2.17,CCOc1ccc(NC(N)=O)cc1
G-627,-0.17,Cn2c(=O)n(C)c1ncn(CC(O)CO)c1c2=O
G-628,-8.172,CCCCCCCCCCCCCCCCCCCC
G-629,-6.18,ClC4=C(Cl)C5(Cl)C3C1CC(C2OC12)C3C4(Cl)C5(Cl)Cl
G-630,-4.16,CC34CCC1C(CCC2CC(O)CCC12C)C3CCC4=O
G-631,-5.41,CC45CCC2C(CCC3CC1SC1CC23C)C4CCC5O
G-632,-5.24,CC34CCc1c(ccc2cc(O)ccc12)C3CCC4=O
G-633,-5.282,CC34CCC1C(=CCc2cc(O)ccc12)C3CCC4=O
G-634,-3.62,Oc2cc(O)c1C(=O)CC(Oc1c2)c3ccc(O)c(O)c3
G-635,0.7,OCC(O)C(O)CO
G-636,-5.03,CC12CCC3C(CCc4cc(O)ccc34)C2CCC1O
G-637,-2.92,c1(OC)ccc(CC=C)cc1
G-638,-4.955,CC34CCC1C(CCc2cc(O)ccc12)C3CC(O)C4O 
G-639,-3.955,CC12CCC3C(CCc4cc(O)ccc34)C2CCC1=O
G-640,-6.124,CCN(CC(C)=C)c1c(cc(cc1N(=O)=O)C(F)(F)F)N(=O)=O
G-641,-1.36,CC
G-642,-0.6,CCS
G-643,1.1,CCO
G-644,-4.3,CC34CCC1C(CCc2cc(O)ccc12)C3CCC4(O)C#C 
G-645,-2.09,CCSCc1ccccc1OC(=O)NC 
G-646,-5.54,CCOP(=S)(OCC)SCSP(=S)(OCC)OCC
G-647,-3.028,CCCCc1c(C)nc(NCC)[nH]c1=O
G-648,-5.66,CC12CCC(=O)C=C1CCC3C2CCC4(C)C3CCC4(O)C#C 
G-649,-3.42,CCOC2Oc1ccc(OS(C)(=O)=O)cc1C2(C)C
G-650,-3.42,CCOC2Oc1ccc(OS(C)(=O)=O)cc1C2(C)C
G-651,-3.81,CCOc2ccc1nc(sc1c2)S(N)(=O)=O 
G-652,-0.04,CCOC(=O)C
G-653,-2.32,CCOC(=O)c1ccccc1
G-654,-1.28,CCCCCOC(=O)CC
G-655,-3.0,CCOC(=O)C=Cc1ccccc1
G-656,-4.1,CCCCCCCCCC(=O)OCC
G-657,0.15,CCOC=O
G-658,-2.74,CCCCCCC(=O)OCC
G-659,-2.35,CCCCCC(=O)OCC
G-660,-3.8,CCCCCCCCC(=O)OCC
G-661,-3.39,CCCCCCCC(=O)OCC
G-662,-1.75,CCCOC(=O)CCC
G-663,-0.66,CCOC(=O)CC
G-664,-0.66,CCCOCC
G-665,-0.85,CCOC=C
G-666,-2.77,CCc1ccccc1
G-667,-4.25,CCC1CCCCC1
G-668,-0.4,C=C
G-669,-2.1,CCOC(=O)c1ccc(N)cc1
G-670,-2.35,CCOC(=O)c1ccc(O)cc1
G-671,0.29,C#C
G-672,-8.6,CCOc1ccc(cc1)C(C)(C)COCc3cccc(Oc2ccccc2)c3
G-673,-4.735,CCOC(=O)c1cncn1C(C)c2ccccc2
G-674,-3.571,COc1cc(cc(OC)c1O)C6C2C(COC2=O)C(OC4OC3COC(C)OC3C(O)C4O)c7cc5OCOc5cc67
G-675,-1.64,CC12CCC(CC1)C(C)(C)O2 
G-676,-1.56,COc1cc(CC=C)ccc1O
G-677,-4.38,OC(c1ccc(Cl)cc1)(c2cncnc2)c3ccccc3Cl
G-678,-3.3,Cc1occc1C(=O)Nc2ccccc2
G-679,-4.04,COP(=S)(OC)Oc1ccc(N(=O)=O)c(C)c1
G-680,-3.927,CN(C)C(=O)SCCCCOc1ccccc1
G-681,-4.7,CCOC(=O)NCCOc2ccc(Oc1ccccc1)cc2
G-682,-6.025,CC1(C)C(C(=O)OC(C#N)c2cccc(Oc3ccccc3)c2)C1(C)C
G-683,-2.3,CCOP(=S)(OCC)Oc1ccc(cc1)S(C)=O 
G-684,-4.57,COP(=S)(OC)Oc1ccc(SC)c(C)c1
G-685,-1.6,CN(C)C(=O)Nc1ccccc1
G-686,-1.8,OC(Cn1cncn1)(Cn2cncn2)c3ccc(F)cc3F 
G-687,-6.876,CC(C)C(C(=O)OC(C#N)c1cccc(Oc2ccccc2)c1)c3ccc(OC(F)F)cc3
G-688,-0.972,Nc1nc(=O)[nH]cc1F
G-689,-3.43,CC34CC(O)C1(F)C(CCC2=CC(=O)CCC12C)C3CCC4(O)C(=O)CO 
G-690,-5.613,CC1CC2C3CC(F)C4=CC(=O)C=CC4(C)C3(F)C(O)CC2(C)C1(O)C(=O)CO
G-691,-6.78,CCN(Cc1c(F)cccc1Cl)c2c(cc(cc2N(=O)=O)C(F)(F)F)N(=O)=O
G-692,-3.43,CN(C)C(=O)Nc1cccc(c1)C(F)(F)F
G-693,-6.0,c1ccc2c(c1)c3cccc4cccc2c34
G-694,-5.0,C1c2ccccc2c3ccccc13
G-695,-1.8,Fc1ccccc1
G-696,-4.099,CC1CC2C3CCC(O)(C(=O)C)C3(C)CC(O)C2(F)C4(C)C=CC(=O)C=C14
G-697,-3.32,CN(C)C(=O)Nc1cccc(c1)C(F)(F)F
G-698,-4.445,Cn2cc(c1ccccc1)c(=O)c(c2)c3cccc(c3)C(F)(F)F
G-699,-4.047,FC(F)(F)c1cccc(c1)N2CC(CCl)C(Cl)C2=O
G-700,-3.37,OC(Cn1cncn1)(c2ccc(F)cc2)c3ccccc3F
G-701,-8.003,CC(C)C(Nc1ccc(cc1Cl)C(F)(F)F)C(=O)OC(C#N)c2cccc(Oc3ccccc3)c2
G-702,-2.34,CNC(=O)Oc1cccc(N=CN(C)C)c1
G-703,-1.995,COP(=S)(OC)SCC(=O)N(C)C=O
G-704,0.64,OCC1OC(O)(CO)C(O)C1O
G-705,-0.82,c1ccoc1
G-706,-0.1,O=Cc1ccco1
G-707,-2.943,c1c(O)C2C(=O)C3cc(O)ccC3OC2cc1(OC)
G-708,-4.571,OCC(O)COC(=O)c1ccccc1Nc2ccnc3cc(Cl)ccc23
G-709,0.74,OCC1OC(O)C(O)C(O)C1O
G-710,-2.337,CCC1(CCC(=O)NC1=O)c2ccccc2 
G-711,1.12,OCC(O)CO
G-712,-0.6,CC(=O)OCC(COC(=O)C)OC(=O)C
G-713,-3.246,COC1=CC(=O)CC(C)C13Oc2c(Cl)c(OC)cc(OC)c2C3=O
G-714,-1.96,COc1ccccc1O 
G-715,-3.583,Nc2nc1[nH]cnc1c(=O)[nH]2 
G-716,-1.71,FC(F)(F)C(Cl)Br 
G-717,-2.7,c1cc(O)c(O)c2OCC3(O)CC4=CC(=O)C(O)=CC4=C3c21
G-718,-6.317,ClC1C=CC2C1C3(Cl)C(=C(Cl)C2(Cl)C3(Cl)Cl)Cl
G-719,-4.53,CCCCCCC
G-720,-4.92,ClC(=C(Cl)C(=C(Cl)Cl)Cl)Cl
G-721,-3.67,ClC(Cl)(Cl)C(Cl)(Cl)Cl
G-722,-8.334,CCCCCCCCCCCCCCCCCCCCCCCCCC
G-723,-8.4,CCCCCCCCCCCCCCCC
G-724,-5.23,Cc1c(C)c(C)c(C)c(C)c1C
G-725,-3.84,CCCCCC
G-726,-4.43,CCC(C(CC)c1ccc(O)cc1)c2ccc(O)cc2
G-727,-5.21,CCCCCCc1ccccc1
G-728,-0.4,O=C1CNC(=O)N1 
G-729,-2.92,N(Nc1ccccc1)c2ccccc2 
G-730,-1.93,c1ccccc1C(O)C(O)c2ccccc2
G-731,-2.63,NS(=O)(=O)c2cc1c(NCNS1(=O)=O)cc2Cl 
G-732,-3.09,CC12CC(O)C3C(CCC4=CC(=O)CCC34C)C2CCC1(O)C(=O)CO
G-733,-4.88,CC(=O)OCC(=O)C1(O)CCC2C3CCC4=CC(=O)CCC4(C)C3C(O)CC21C
G-734,-5.46,OC1C=CC2C1C3(Cl)C(=C(Cl)C2(Cl)C3(Cl)Cl)Cl 
G-735,-3.817,CC(=O)C1(O)CCC2C3CCC4=CC(=O)CCC4(C)C3CCC21C
G-736,-2.296,O=c1[nH]cnc2nc[nH]c12 
G-737,-3.04,C1Cc2ccccc2C1
G-738,-3.586,CC2Cc1ccccc1N2NC(=O)c3ccc(Cl)c(c3)S(N)(=O)=O 
G-739,-2.16,c2ccc1[nH]ncc1c2 
G-740,-1.52,c2ccc1[nH]ccc1c2
G-741,-1.04,c2ccc1NCCc1c2 
G-742,-1.23,OCC1OC(C(O)C1O)n2cnc3c(O)ncnc23
G-743,-3.01,Ic1ccccc1
G-744,-1.6,CCI
G-745,-6.62,COP(=S)(OC)Oc1cc(Cl)c(I)cc1Cl
G-746,-1.0,CI
G-747,-3.61,Oc1c(I)cc(C#N)cc1I
G-748,-3.785,CCN(CC)c1nc(Cl)nc(NC(C)C)n1
G-749,-3.658,CCOP(=S)(OCC)Oc1nc(Cl)n(n1)C(C)C
G-750,-1.21,CC(C)COC(=O)C
G-751,-1.01,CC(C)COC=O
G-752,-4.12,CC(C)Cc1ccccc1
G-753,-2.15,C1N(C(=O)NCC(C)C)C(=O)NC1
G-754,-2.461,Cc1cc(no1)C(=O)NNCc2ccccc2
G-755,-4.194,CCOP(=S)(NC(C)C)Oc1ccccc1C(=O)OC(C)C
G-756,-3.401,Nc1nc(O)nc2nc[nH]c12 
G-757,0.009,c1nccc(C(=O)NN)c1
G-758,-1.92,CC(C)CCOC(=O)C
G-759,-1.52,CC(C)CCOC=O
G-760,-1.06,CC1=CC(=O)CC(C)(C)C1 
G-761,-2.863,CNC(=O)Oc1ccccc1C(C)C
G-762,-6.49,CCCN(CCC)c1c(cc(cc1N(=O)=O)C(C)C)N(=O)=O
G-763,-0.55,CC(C)OC(=O)C
G-764,-0.63,CC(C)OC=O
G-765,-3.27,CC(C)c1ccccc1
G-766,-3.536,CC(C)c1ccc(NC(=O)N(C)C)cc1
G-767,-1.45,c1ccc2cnccc2c1
G-768,-2.93,CN(C)C(=O)Nc1cccc(OC(=O)NC(C)(C)C)c1 
G-769,-3.27,CC(=O)CCC1C(=O)N(N(C1=O)c2ccccc2)c3ccccc3
G-770,-5.259,ClC1(C(=O)C2(Cl)C3(Cl)C14Cl)C5(Cl)C2(Cl)C3(Cl)C(Cl)(Cl)C45Cl
G-771,-3.021,COc2c1occc1c(OC)c3c(=O)cc(C)oc23 
G-772,-0.244,OCC1OC(OC2C(O)C(O)C(O)OC2CO)C(O)C(O)C1O
G-773,0.39,C1OC(O)C(O)C(O)C1O
G-774,-4.594,O=c2[nH]c1CCCc1c(=O)n2C3CCCCC3
G-775,-1.99,CC(C)=CCCC(O)(C)C=C
G-776,-4.64,ClC1C(Cl)C(Cl)C(Cl)C(Cl)C1Cl
G-777,-3.592,CON(C)C(=O)Nc1ccc(Cl)c(Cl)c1
G-778,-3.604,OC3N=C(c1ccccc1Cl)c2cc(Cl)ccc2NC3=O
G-779,-6.005,CCC(C)C(=O)OC2CC(C)C=C3C=CC(C)C(CCC1CC(O)CC(=O)O1)C23 
G-780,-3.37,CCOC(=O)CC(SP(=S)(OC)OC)C(=O)OCC
G-781,-0.82,CCOC(=O)CC(=O)OCC
G-782,0.358,OCC1OC(OC2C(O)C(O)C(O)OC2CO)C(O)C(O)C1O
G-783,0.06,OCC(O)C(O)C(O)C(O)CO 
G-784,-1.37,Nc1cccc(Cl)c1
G-785,-3.21,Clc1cccc(Br)c1
G-786,-3.55,Clc1cccc(I)c1
G-787,-2.77,Clc1cccc(c1)N(=O)=O
G-788,-3.88,COC(=O)Nc2nc1ccc(cc1[nH]2)C(=O)c3ccccc3
G-789,-2.518,CCOC(=O)N(C)C(=O)CSP(=S)(OCC)OCC
G-790,-1.899,c1c(OC)c(OC)C2C(=O)OCC2c1
G-791,-5.27,CC(=O)C3(C)CCC4C2C=C(C)C1=CC(=O)CCC1(C)C2CCC34C
G-792,-4.873,CN(C(=O)COc1nc2ccccc2s1)c3ccccc3
G-793,-3.24,CC(=O)Nc1cc(NS(=O)(=O)C(F)(F)F)c(C)cc1C
G-794,-5.35,CC(=O)OC3(CCC4C2C=C(C)C1=CC(=O)CCC1(C)C2CCC34C)C(C)=O 
G-795,-3.03,CC2=CC(=O)c1ccccc1C2=O 
G-796,-2.53,CC(C)C1CCC(C)CC1O 
G-797,-2.35,CC(C)C1CCC(C)CC1=O
G-798,-1.807,CCCC(C)(COC(N)=O)COC(N)=O 
G-799,-3.18,Sc2nc1ccccc1s2 
G-800,-1.601,COCC(=O)N(C(C)C(=O)OC)c1c(C)cccc1C 
G-801,-0.9,C
G-802,1.57,CO
G-803,-2.925,Cc1ccccc1n3c(C)nc2ccccc2c3=O
G-804,-2.23,CCC1(CC)C(=O)NC(=O)N(C)C1=O 
G-805,-2.82,Cn2c(=O)on(c1ccc(Cl)c(Cl)c1)c2=O
G-806,-0.985,COc1ccccc1OCC(O)COC(N)=O
G-807,-5.19,COC(C)(C)CCCC(C)CC=CC(C)=CC(=O)OC(C)C
G-808,-2.928,COCCCNc1nc(NC(C)C)nc(SC)n1
G-809,-3.664,COc2c1occc1cc3ccc(=O)oc23 
G-810,-6.89,COc1ccc(cc1)C(c2ccc(OC)cc2)C(Cl)(Cl)Cl
G-811,0.46,COC(=O)C
G-812,-0.22,COC(=O)C=C
G-813,-1.85,COC(=O)c1ccccc1
G-814,-0.99,CCCCOC
G-815,-0.82,CCCOC(=O)CC
G-816,-4.69,CCCCCCCCCC(=O)OC
G-817,0.58,COC=O
G-818,-1.24,COC(=O)c1cc(O)c(O)c(O)c1 
G-819,-1.87,CCCCCC(=O)OC
G-820,1.34,CNN
G-821,-4.69,CCCCCCCCCCCC(=O)OC
G-822,-0.46,COC(=O)c1cccnc1 
G-823,-3.38,CCCCCCCCC(=O)OC
G-824,-3.17,CCCCCCCC(=O)OC
G-825,-1.36,CCCC(=O)OCC
G-826,-0.14,CCC(=O)OC
G-827,-0.39,CCCOC
G-828,-0.24,COC(C)(C)C
G-829,-3.85,CC1CCCCC1
G-830,-3.3,CC1CCCC1
G-831,-3.35,CN(C(=O)NC(C)(C)c1ccccc1)c2ccccc2
G-832,-1.827,COC(=O)c1ccc(O)cc1
G-833,-5.284,CC(=O)OC3(C)CCC4C2CCC1=CC(=O)CCC1(C)C2CCC34C 
G-834,-2.436,Cc1cc(=O)[nH]c(=S)[nH]1
G-835,-2.73,CCc1cccc(C)c1N(C(C)COC)C(=O)CCl 
G-836,-3.78,CC2Nc1cc(Cl)c(cc1C(=O)N2c3ccccc3C)S(N)(=O)=O 
G-837,-1.803,c1ccccc1(OC(=O)NC)
G-838,-2.564,COc1ccc(NC(=O)N(C)C)cc1Cl
G-839,-1.26,Cc1ncc(N(=O)=O)n1CCO 
G-840,-2.253,CSc1nnc(c(=O)n1N)C(C)(C)C
G-841,-1.22,Cc1ncc(N(=O)=O)n1CCO
G-842,-2.67,Fc1cccc(Br)c1
G-843,-1.989,Nc1cc(nc(N)n1=O)N2CCCCC2 
G-844,-6.8,ClC1(C2(Cl)C3(Cl)C4(Cl)C5(Cl)C1(Cl)C3(Cl)Cl)C5(Cl)C(Cl)(Cl)C24Cl
G-845,-0.85,Cc1cccc(N)c1
G-846,-2.19,Nc1cccc(c1)N(=O)=O
G-847,-1.01,Oc1cccc(c1)N(=O)=O
G-848,-2.44,Cc1cccc(c1)N(=O)=O
G-849,-2.57,CON(C)C(=O)Nc1ccc(Cl)cc1
G-850,-0.742,COC(=O)c1ccccc1OC2OC(COC3OCC(O)C(O)C3O)C(O)C(O)C2O
G-851,-2.89,CN(C)C(=O)Nc1ccc(Cl)cc1
G-852,-3.083,Oc1ccc(c(O)c1)c3oc2cc(O)cc(O)c2c(=O)c3O 
G-853,-2.82,Cc1cccc(C)c1
G-854,-3.03,CCN(CC)c1ccccc1
G-855,1.11,CN(C)C(=O)C
G-856,-1.92,CN(C)c1ccccc1
G-857,-2.28,COP(=O)(OC)OC(Br)C(Cl)(Cl)Br
G-858,-3.57,CCN(CC)C(=O)C(C)Oc1cccc2ccccc12 
G-859,-8.6,c1ccc2cc3cc4ccccc4cc3cc2c1
G-860,-3.6,c1ccc2ccccc2c1
G-861,-4.77,CCCCN(C)C(=O)Nc1ccc(Cl)c(Cl)c1
G-862,-2.46,CC(C)=CCC/C(C)=C\CO
G-863,-1.7,CCNc1ccccc1
G-864,-3.19,Cc3ccnc4N(C1CC1)c2ncccc2C(=O)Nc34 
G-865,-4.7,Oc1ccc(Cl)cc1C(=O)Nc2ccc(cc2Cl)N(=O)=O
G-866,0.61,NC(=O)c1cccnc1 
G-867,-4.76,COC(=O)C1=C(C)NC(=C(C1c2ccccc2N(=O)=O)C(=O)OC)C 
G-868,-2.19,ON=Cc1ccc(o1)N(=O)=O 
G-869,-3.796,CN2C(=O)CN=C(c1ccccc1)c3cc(ccc23)N(=O)=O
G-870,-3.22,O=C1NCCN1c2ncc(s2)N(=O)=O
G-871,-3.561,CCN(CC)c1c(cc(c(N)c1N(=O)=O)C(F)(F)F)N(=O)=O
G-872,-3.76,Clc1cccc(n1)C(Cl)(Cl)Cl
G-873,-3.796,O=C3CN=C(c1ccccc1)c2cc(ccc2N3)N(=O)=O
G-874,-1.8,O=N(=O)c1ccccc1
G-875,-0.22,CCN(=O)=O
G-876,-5.46,Clc2ccc(Oc1ccc(cc1)N(=O)=O)c(Cl)c2
G-877,-3.38,O=C2CN(N=Cc1ccc(o1)N(=O)=O)C(=O)N2 
G-878,-2.22,O=N(=O)OCC(CON(=O)=O)ON(=O)=O 
G-879,0.26,CN(=O)=O
G-880,-1.28,CNc1ccccc1
G-881,-5.88,CCCCCCCCC
G-882,-3.931,OC(C1=CC2C5C(C1C2=C(c3ccccc3)c4ccccn4)C(=O)NC5=O)(c6ccccc6)c7ccccn7 
G-883,-3.171,CN(C)C(=O)NC1CC2CC1C3CCCC23
G-884,-4.8,CC(=O)OC3(CCC4C2CCC1=CC(=O)CCC1C2CCC34C)C#C
G-885,-4.57,CC34CCC1C(CCC2=CC(=O)CCC12O)C3CCC4(O)C#C
G-886,-4.046,CNc2cnn(c1cccc(c1)C(F)(F)F)c(=O)c2Cl
G-887,-6.51,ClC(Cl)C(c1ccc(Cl)cc1)c2ccccc2Cl 
G-888,-0.72,Nc1ccccc1O
G-889,-1.52,Nc1ccccc1Cl
G-890,-3.19,Clc1ccccc1Br
G-891,-3.54,Clc1ccccc1I
G-892,-2.55,Clc1ccccc1N(=O)=O
G-893,-5.24,CCCCCCCC
G-894,0.85,CCOC(=O)N
G-895,-2.7,Fc1ccccc1Br
G-896,-1.82,NC(=O)c1ccccc1O
G-897,-1.96,COc1ccccc1O
G-898,-1.96,Nc1ccccc1N(=O)=O
G-899,-1.96,COc1ccccc1N(=O)=O
G-900,-1.74,Oc1ccccc1N(=O)=O
G-901,-2.33,Cc1ccccc1N(=O)=O
G-902,-5.16,CCCN(CCC)c1c(cc(cc1N(=O)=O)S(N)(=O)=O)N(=O)=O
G-903,-4.314,c1cc2ccc(OC)c(CC=C(C)(C))c2oc1=O 
G-904,-2.21,Cc1ccccc1N
G-905,-5.696,CC(C)Oc1cc(c(Cl)cc1Cl)n2nc(oc2=O)C(C)(C)C
G-906,0.106,CNC(=O)ON=C(SC)C(=O)N(C)C
G-907,-3.952,OC3N=C(c1ccccc1)c2cc(Cl)ccc2NC3=O 
G-908,-2.281,CC1=C(C(=O)Nc2ccccc2)S(=O)(=O)CCO1
G-909,-2.8,Cc1ccccc1C
G-910,-3.73,CCCCC1C(=O)N(N(C1=O)c2ccc(O)cc2)c3ccccc3 
G-911,-2.7,Nc1ccc(cc1)c2ccc(N)cc2
G-912,-7.2,ClC(Cl)C(c1ccc(Cl)cc1)c2ccc(Cl)cc2 
G-913,-6.9,ClC(Cl)=C(c1ccc(Cl)cc1)c2ccc(Cl)cc2
G-914,-0.8,Nc1ccc(O)cc1
G-915,-0.4,O=C1NC(=O)C(=O)N1 
G-916,-4.66,CCOP(=S)(OCC)Oc1ccc(cc1)N(=O)=O
G-917,-2.7,Nc1ccc(cc1)c2ccc(N)cc2
G-918,-3.083,CC(=O)Nc1ccc(Br)cc1
G-919,-4.56,Brc1ccc(I)cc1
G-920,-2.843,CC(=O)Nc1ccc(Cl)cc1
G-921,-1.66,Nc1ccc(Cl)cc1
G-922,-3.63,Clc1ccc(Br)cc1
G-923,-4.03,Clc1ccc(I)cc1
G-924,-2.92,Clc1ccc(cc1)N(=O)=O
G-925,-0.73,Cc1ccc(O)cc1
G-926,-3.53,CCCCN(CC)C(=O)SCCC
G-927,-5.915,Clc1ccc(CN(C2CCCC2)C(=O)Nc3ccccc3)cc1
G-928,-5.65,Clc1cc(Cl)c(Cl)c(Cl)c1Cl
G-929,-2.6,ClC(Cl)C(Cl)(Cl)Cl
G-930,-4.28,Oc1c(Cl)c(Cl)c(Cl)c(Cl)c1Cl
G-931,-4.0,Cc1cc(C)c(C)c(C)c1C
G-932,-3.18,CCCCC
G-933,-2.39,O=C1NC(=O)NC(=O)C1(CC)C(C)CCC
G-934,-1.89,CCCCCOC(=O)C
G-935,-2.25,CCCCC(=O)OCC
G-936,-4.64,CCCCCc1ccccc1
G-937,-6.08,CCCCCC1CCCC1
G-938,-3.8,Cc1cc(ccc1NS(=O)(=O)C(F)(F)F)S(=O)(=O)c2ccccc2
G-939,-6.291,CC1(C)C(C=C(Cl)Cl)C1C(=O)OCc2cccc(Oc3ccccc3)c2
G-940,-8.804,c1cc2cccc3c4cccc5cccc(c(c1)c23)c54
G-941,-1.78,CC(=O)Nc1ccc(F)cc1
G-942,-2.35,CCOc1ccc(NC(=O)C)cc1
G-943,-5.26,c1ccc2c(c1)ccc3ccccc32
G-944,-2.78,c1ccc2c(c1)cnc3ccccc23 
G-945,-2.33,CCOc1ccccc1
G-946,-4.805,COC(=O)Nc1cccc(OC(=O)Nc2cccc(C)c2)c1
G-947,-2.322,CCC1(C(=O)NC(=O)NC1=O)c2ccccc2 
G-948,0.0,c1ccccc1O
G-949,-2.9,Oc1ccc(cc1)C2(OC(=O)c3ccccc23)c4ccc(O)cc4 
G-950,-5.24,CC(C)=CC3C(C(=O)OCc2cccc(Oc1ccccc1)c2)C3(C)C 
G-951,-3.81,CCCCC1C(=O)N(N(C1=O)c2ccccc2)c3ccccc3 
G-952,0.07,NNc1ccccc1
G-953,-0.4,OCc1ccccc1
G-954,-1.77,NC(=S)Nc1ccccc1
G-955,-4.097,O=C1NC(=O)C(N1)(c2ccccc2)c3ccccc3
G-956,-4.11,CCOP(=S)(OCC)SCSCC
G-957,-5.233,CCOP(=S)(OCC)SCn1c(=O)oc2cc(Cl)ccc12
G-958,-4.862,CCOP(=S)(OCC)ON=C(C#N)c1ccccc1
G-959,-2.932,c1cC2C(=O)NC(=O)C2cc1
G-960,-2.61,O=C1NC(=O)c2ccccc12 
G-961,-2.38,N#Cc1ccccc1C#N
G-962,-1.03,CC(=O)Nc1ccc(O)cc1
G-963,-0.96,Oc1ccc(C=O)cc1
G-964,-7.87,c1ccc2c(c1)ccc3c2ccc4c5ccccc5ccc43
G-965,-3.46,O=C(C=CC=Cc2ccc1OCOc1c2)N3CCCCC3
G-966,-1.63,O=Cc2ccc1OCOc1c2 
G-967,-4.15,CCCOP(=S)(OCCC)SCC(=O)N1CCCCC1C
G-968,-1.95,CN(C)C(=O)Oc1nc(nc(C)c1C)N(C)C
G-969,-4.16,CN2C(=C(O)c1ccccc1S2(=O)=O)C(=O)Nc3ccccn3 
G-970,-1.49,COc1ccc(C=O)cc1
G-971,-1.21,Cc1ccc(N)cc1
G-972,-2.37,Nc1ccc(cc1)N(=O)=O
G-973,-2.41,COc1ccc(cc1)N(=O)=O
G-974,-0.74,Oc1ccc(cc1)N(=O)=O
G-975,-2.49,Cc1ccc(cc1)N(=O)=O
G-976,-3.48,Oc1ccc(cc1)c2ccccc2
G-977,-4.12,CC34CCC1C(CC=C2CC(O)CCC12C)C3CCC4=O
G-978,-3.18,CC12CC(O)C3C(CCC4=CC(=O)C=CC34C)C2CCC1(O)C(=O)CO
G-979,-4.37,CC(=O)OCC(=O)C3(O)CCC4C2CCC1=CC(=O)C=CC1(C)C2C(O)CC34C 
G-980,-4.65,CC(=O)C3CCC4C2CC=C1CC(O)CCC1(C)C2CCC34C 
G-981,-2.64,CCC1(C(=O)NCNC1=O)c2ccccc2
G-982,-2.21,CCC1(C(C)C)C(=O)NC(=O)NC1=O 
G-983,-4.8,CC12CC2(C)C(=O)N(C1=O)c3cc(Cl)cc(Cl)c3
G-984,-4.42,CC(=O)C1CCC2C3CCC4=CC(=O)CCC4(C)C3CCC12C
G-985,-2.478,COc1nc(NC(C)C)nc(NC(C)C)n1
G-986,-4.1,CSc1nc(NC(C)C)nc(NC(C)C)n1
G-987,-2.48,CC(C)N(C(=O)CCl)c1ccccc1 
G-988,-1.94,CCC
G-989,-3.0,CCC(=O)Nc1ccc(Cl)c(Cl)c1
G-990,-4.43,CC(C)Nc1nc(Cl)nc(NC(C)C)n1
G-991,-3.408,CCNP(=S)(OC)OC(=CC(=O)OC(C)C)C
G-992,-3.493,CCCC1COC(Cn2cncn2)(O1)c3ccc(Cl)cc3Cl
G-993,0.58,CCC=O
G-994,0.28,CCC#N
G-995,-2.05,CNC(=O)Oc1ccccc1OC(C)C
G-996,-0.72,CCCOC(=O)C
G-997,-1.92,CCCC(=O)OC
G-998,-0.49,CCCOC=O
G-999,-1.34,CCCCC(=O)OC
G-1000,-3.37,CCCc1ccccc1
G-1001,-4.74,CCCC1CCCC1
G-1002,-1.08,CC=C
G-1003,-1.34,CCCOC(C)C
G-1004,-0.41,CC#C
G-1005,-2.41,CC(C)(C)c1ccc(O)cc1
G-1006,0.02,c2cnc1ncncc1n2
G-1007,-7.11,c1ccc(cc1)c2ccc(cc2)c3ccccc3
G-1008,-1.74,Cc1ccc(cc1)S(=O)(=O)N
G-1009,-2.77,Cc1ccc(C)cc1
G-1010,-2.56,CC1=C(CCCO1)C(=O)Nc2ccccc2 
G-1011,-0.667,NC(=O)c1cnccn1
G-1012,-2.878,Nc2cnn(c1ccccc1)c(=O)c2Cl
G-1013,-6.176,c1cc2ccc3cccc4ccc(c1)c2c34
G-1014,1.1,c1ccnnc1
G-1015,0.76,c1ccncc1
G-1016,1.1,c1cncnc1
G-1017,-2.09,CN(C)C(=O)Oc1cc(C)nn1c2ccccc2
G-1018,-3.29,CCC2NC(=O)c1cc(c(Cl)cc1N2)S(N)(=O)=O
G-1019,-1.3,c1ccc2ncccc2c1
G-1020,-5.03,ClC(Cl)CC(=O)NC2=C(Cl)C(=O)c1ccccc1C2=O
G-1021,-5.82,Clc1c(Cl)c(Cl)c(N(=O)=O)c(Cl)c1Cl
G-1022,-0.41,OCC1OC(CO)(OC2OC(COC3OC(CO)C(O)C(O)C3O)C(O)C(O)C2O)C(O)C1O
G-1023,-2.696,CCC1(C(=O)NC(=O)NC1=O)C2=CCC3CCC2C3
G-1024,-2.62,CCN2c1ncccc1N(C)C(=O)c3cccnc23 
G-1025,-1.77,C1SC(=S)NC1(=O)
G-1026,-3.685,Cc3cc2nc1c(=O)[nH]c(=O)nc1n(CC(O)C(O)C(O)CO)c2cc3C
G-1027,-2.452,CCCOC(=O)c1ccc(N)cc1
G-1028,-5.72,COP(=S)(OC)Oc1cc(Cl)c(Cl)cc1Cl
G-1029,-4.42,COc5cc4OCC3Oc2c1CC(Oc1ccc2C(=O)C3c4cc5OC)C(C)=C 
G-1030,-4.376,CC(C)NC(=O)N1CC(=O)N(C1=O)c2cc(Cl)cc(Cl)c2
G-1031,-3.672,O2c1ccccc1N(C)C(=O)c3cccnc23 
G-1032,-3.928,O2c1ccc(N)cc1N(C)C(=O)c3cc(C)ccc23 
G-1033,-4.114,CCN2c1nc(Cl)ccc1N(C)C(=O)c3cccnc23 
G-1034,-4.207,CCN2c1nc(C)cc(C(F)(F)F)c1NC(=O)c3cccnc23 
G-1035,-4.554,CCN2c1nc(C)cc(C)c1NC(=O)c3cccnc23 
G-1036,-4.634,CCN2c1ncccc1N(C)C(=S)c3cccnc23 
G-1037,-4.706,CCN2c1ccccc1N(C)C(=S)c3cccnc23 
G-1038,-4.749,CCN2c1ccccc1N(C)C(=O)c3ccccc23 
G-1039,-2.86,CCN2c1ncccc1N(CC)C(=O)c3cccnc23 
G-1040,-4.799,C2c1ccccc1N(CCF)C(=O)c3ccccc23 
G-1041,-4.871,CCN2c1cc(N(C)C)cc(C)c1NC(=O)c3cccnc23 
G-1042,-5.153,CCN2c1cc(OC)cc(C)c1NC(=O)c3cccnc23 
G-1043,-5.36,CCN2c1cc(Cl)ccc1NC(=O)c3cccnc23 
G-1044,-3.043,O2c1cc(C)ccc1N(C)C(=O)c3cc(N)cnc23 
G-1045,-3.324,CCN2c1ccccc1N(C)C(=O)c3cccnc23 
G-1046,-3.36,CCN2c1nc(N(C)(CCO))ccc1NC(=O)c3cccnc23 
G-1047,-3.535,C2c1ccccc1N(CCF)C(=O)c3ccccc23 
G-1048,-3.68,O2c1ccccc1N(CC)C(=O)c3ccccc23 
G-1049,-0.85,OCC2OC(Oc1ccccc1CO)C(O)C(O)C2O
G-1050,-1.836,NC(=O)c1ccccc1O
G-1051,-3.59,c1ccccc1NC(=O)c2c(O)cccc2
G-1052,-3.09,CC3C2CCC1(C)C=CC(=O)C(=C1C2OC3=O)C
G-1053,-2.356,O=C1NC(=O)NC(=O)C1(C(C)CCC)CC=C
G-1054,-4.11,CC1CCCCC1NC(=O)Nc2ccccc2
G-1055,-4.55,CCNc1nc(Cl)nc(NCC)n1 
G-1056,-2.676,CSc1nc(nc(n1)N(C)C)N(C)C
G-1057,1.09,OCC(O)C(O)C(O)C(O)CO
G-1058,-1.981,CSCS(=O)CC(CO)NC(=O)C=Cc1c(C)[nH]c(=O)[nH]c1=O
G-1059,-4.173,CC(=O)SC4CC1=CC(=O)CCC1(C)C5CCC2(C)C(CCC23CCC(=O)O3)C45
G-1060,-3.84,CCCCOc1ccc(C(=O)OCC)c(c1)N(CC)CC 
G-1061,-4.743,CC34CCC1C(CCC2CC(=O)CCC12C)C3CCC4O 
G-1062,-4.522,COP(=O)(OC)OC(=CCl)c1cc(Cl)c(Cl)cc1Cl
G-1063,-2.82,C=Cc1ccccc1
G-1064,-1.6,C1OC1c2ccccc2 
G-1065,0.3,O=C1CCC(=O)N1
G-1066,0.79,OCC2OC(OC1(CO)OC(CO)C(O)C1O)C(O)C(O)C2O 
G-1067,-1.99,NC(=N)NS(=O)(=O)c1ccc(N)cc1 
G-1068,-3.39,CCN(CC)C(=S)SCC(Cl)=C
G-1069,-1.34,Nc1ccc(cc1)S(N)(=O)=O
G-1070,-2.016,CCC(C)C1(CC=C)C(=O)NC(=O)NC1=O
G-1071,-3.66,CC(C)(C)c1ccccc1
G-1072,0.32,C/C=C/C=O
G-1073,-7.28,Fc1cccc(F)c1C(=O)NC(=O)Nc2cc(Cl)c(F)c(Cl)c2F 
G-1074,-2.484,Cc1[nH]c(=O)n(c(=O)c1Cl)C(C)(C)C
G-1075,-4.755,CCOP(=S)(OCC)SCSC(C)(C)C
G-1076,-3.239,CCNc1nc(NC(C)(C)C)nc(OC)n1
G-1077,-4.0,CCNc1nc(NC(C)(C)C)nc(SC)n1
G-1078,-4.02,CC12CCC3C(CCC4=CC(=O)CCC34C)C2CCC1O
G-1079,-5.184,CC(=O)OC3CCC4C2CCC1=CC(=O)CCC1(C)C2CCC34C 
G-1080,-5.37,CCC(=O)OC3CCC4C2CCC1=CC(=O)CCC1(C)C2CCC34C 
G-1081,-3.14,BrC(Br)(Br)Br
G-1082,-2.54,ClC(=C(Cl)Cl)Cl
G-1083,-4.02,COc1c(O)c(Cl)c(Cl)c(Cl)c1Cl 
G-1084,-2.31,ClC(Cl)(Cl)Cl
G-1085,-7.96,CCCCCCCCCCCCCC
G-1086,-7.321,Cc1c(F)c(F)c(COC(=O)C2C(C=C(Cl)C(F)(F)F)C2(C)C)c(F)c1F
G-1087,0.49,C1CCOC1
G-1088,-0.03,C1CCOCC1
G-1089,0.94,CN(C)C(=O)N(C)C 
G-1090,-2.676,O=C1N(C2CCC(=O)NC2=O)C(=O)c3ccccc13
G-1091,-2.523,Cn1cnc2n(C)c(=O)[nH]c(=O)c12 
G-1092,-1.39,Cn1c(=O)n(C)c2nc[nH]c2c1=O
G-1093,-2.154,CS(=O)(=O)c1ccc(cc1)C(O)C(CO)NC(=O)C(Cl)Cl 
G-1094,-3.46,CCCC(C)C1(CC=C)C(=O)NC(=S)NC1=O 
G-1095,-2.39,c1ccccc1SC
G-1096,-1.62,CNC(=O)ON=C(CSC)C(C)(C)C 
G-1097,-3.091,CCSCCSP(=S)(OC)OC
G-1098,-3.36,CCCC(C)C1(CC)C(=O)NC(=S)NC1=O 
G-1099,-1.33,c1ccsc1
G-1100,-2.12,Sc1ccccc1
G-1101,-2.273,Sc1nccc(=O)[nH]1 
G-1102,0.32,NC(=S)N
G-1103,-3.9,CN(C)C(=S)SSC(=S)N(C)C 
G-1104,-1.506,Cc1c[nH]c(=O)[nH]c1=O 
G-1105,-2.22,CC(C)c1ccc(C)cc1O
G-1106,-2.21,Cc1ccccc1
G-1107,-4.15,CC(C)(C)Cc1ccccc1
G-1108,-4.47,C/C1CCC(\C)CC1
G-1109,-3.82,CCCC/C=C/C
G-1110,-2.54,CC/C=C/C
G-1111,-3.61,CC(C)(C)C(=O)C(Oc1ccc(Cl)cc1)n2cncn2
G-1112,-4.88,CC(C)N(C(C)C)C(=O)SCC(Cl)=C(Cl)Cl
G-1113,-3.68,CC34CC(O)C1(F)C(CCC2=CC(=O)C=CC12C)C3CC(O)C4(O)C(=O)CO
G-1114,-4.31,CC5(C)OC4CC3C2CCC1=CC(=O)C=CC1(C)C2(F)C(O)CC3(C)C4(O5)C(=O)CO 
G-1115,-4.13,CC(=O)OCC(=O)C3(O)C(CC4C2CCC1=CC(=O)C=CC1(C)C2(F)C(O)CC34C)OC(C)=O 
G-1116,-2.404,Nc3nc(N)c2nc(c1ccccc1)c(N)nc2n3
G-1117,-4.09,Cc3nnc4CN=C(c1ccccc1Cl)c2cc(Cl)ccc2n34
G-1118,-1.91,BrC(Br)Br
G-1119,-2.68,NS(=O)(=O)c2cc1c(NC(NS1(=O)=O)C(Cl)Cl)cc2Cl 
G-1120,-0.22,COP(=O)(OC)C(O)C(Cl)(Cl)Cl
G-1121,-2.68,NS(=O)(=O)c2cc1c(NC(NS1(=O)=O)C(Cl)Cl)cc2Cl 
G-1122,-2.168,ClC(Cl)(Cl)C#N
G-1123,-1.96,ClC=C(Cl)Cl
G-1124,-1.17,ClC(Cl)Cl
G-1125,-5.752,CCOP(=S)(CC)Oc1cc(Cl)c(Cl)cc1Cl
G-1126,-4.46,Oc1cc(Cl)ccc1Oc2ccc(Cl)cc2Cl
G-1127,-6.01,Cc1ccc(OP(=O)(Oc2cccc(C)c2)Oc3ccccc3C)cc1
G-1128,-2.07,Cc2cccc3sc1nncn1c23 
G-1129,-4.06,CCNc1nc(Cl)nc(n1)N(CC)CC
G-1130,0.43,CCOP(=O)(OCC)OCC
G-1131,-5.68,CCCN(CCC)c1c(cc(cc1N(=O)=O)C(F)(F)F)N(=O)=O
G-1132,-4.19,ClC(Cl)(Cl)C(NC=O)N1C=CN(C=C1)C(NC=O)C(Cl)(Cl)Cl 
G-1133,-3.638,COc2cc1c(N)nc(nc1c(OC)c2OC)N3CCN(CC3)C(=O)OCC(C)(C)O 
G-1134,-6.726,c1ccc2c(c1)c3ccccc3c4ccccc24
G-1135,-1.95,Nc1ncnc2n(ccc12)C3OC(CO)C(O)C3O 
G-1136,-1.488,O=c1cc[nH]c(=O)[nH]1 
G-1137,0.96,NC(=O)N
G-1138,-3.93,O=c2[nH]c(=O)c1[nH]c(=O)[nH]c1[nH]2 
G-1139,-0.85,CCCCC=O
G-1140,1.144,CNC(=O)C(C)SCCSP(=O)(OC)(OC)
G-1141,-4.925,CC1(OC(=O)N(C1=O)c2cc(Cl)cc(Cl)c2)C=C
G-1142,-3.893,CC(=O)CC(c1ccccc1)c3c(O)c2ccccc2oc3=O 
G-1143,-3.79,Cc1cccc(C)c1NC(=O)c2cc(c(Cl)cc2O)S(N)(=O)=O
G-1144,-2.581,CNC(=O)Oc1cc(C)cc(C)c1
H-1,-3.96,C1=CC2=C3C(=C1)C=CC3=CC=C2
H-2,1.58,CC(N)=O
H-3,0.26,CC#N
H-4,-1.28,CC(=O)C1=CC=CC=C1
H-5,0.97,C=CC=O
H-6,0.57,C=CC=O
H-7,0.98,C=CC(N)=O
H-8,0.15,C=CC#N
H-9,-1.89,CCCCCOC(C)=O
H-10,-4.15,CCC(C)(C)C1=CC=CC=C1
H-11,-3.76,CC12CCCC1C1CCC3CC(=O)C(=O)CC3(C)C1CC2
H-12,-1.85,COC1=CC=CC=C1
H-13,-6.39,C1=CC=C2C=C3C=CC=CC3=CC2=C1
H-14,-5.19,O=C1C2=CC=CC=C2C(=O)C2=C1C=CC=C2
H-15,-1.19,O=CC1=CC=CC=C1
H-16,-0.96,NC(=O)C1=CC=CC=C1
H-17,-1.64,C1=CC=CC=C1
H-18,-6.68,C1=CC=C2C(=C1)C=CC1=C2CC2=C1C=CC=C2
H-19,-7.82,C1=CC=C2C(=C1)C=C1C=CC3=CC=CC4=CC=C2C1=C34
H-20,-8.19,C1=CC2=CC=C3C4=C(C=CC=C4)C=C4C=CC(=C1)C2=C43
H-21,-8.04,C1=CC2=CC3=C(C=C2C=C1)C1=C(C=CC=C1)C3
H-22,-1.0,N#CC1=CC=CC=C1
H-23,-3.12,O=C(C1=CC=CC=C1)C1=CC=CC=C1
H-24,-5.64,CCCCOC(=O)C1=CC=CC=C1C(=O)OCC1=CC=CC=C1
H-25,-3.77,CCC(=O)OCC(=O)C1(OC(=O)CC)C(C)CC2C3CCC4=CC(=O)C=CC4(C)C3(F)C(O)CC21C
H-26,-4.62,C1=CC=C(CCC2=CC=CC=C2)C=C1
H-27,-4.31,C1=CC=C(C2=CC=CC=C2)C=C1
H-28,-2.43,CC(C)CBr
H-29,-1.85,ClCCCBr
H-30,-2.89,CC(C)CCBr
H-31,-2.18,O=CC1=CC=C(O)C(Br)=C1
H-32,-2.55,BrC1=CC=CC=C1
H-33,-2.37,CCCCBr
H-34,-3.19,ClC1=CC=CC=C1Br
H-35,-3.21,ClC1=CC=CC(Br)=C1
H-36,-0.89,ClCBr
H-37,-1.54,ClC(Cl)Br
H-38,-1.09,CCBr
H-39,-1.73,CCCBr
H-40,-1.59,CC(C)Br
H-41,-3.52,CC1=CC=CC(Br)=C1
H-42,-2.95,CCCC
H-43,0.0,CCCCO
H-44,0.43,CCC(C)O
H-45,-0.42,CCCCOCCO
H-46,-1.24,CCCCOC(C)=O
H-47,-4.06,CCCCC1=CC=CC=C1
H-48,-3.66,CC(C)(C)C1=CC=CC=C1
H-49,-3.89,CCC(C)C1=CC=CC=C1
H-50,-0.01,CCCC=O
H-51,-1.88,CC12CCC(CC1=O)C2(C)C
H-52,-1.3,CCCCCC=O
H-53,-2.36,CCCCCCCC=O
H-54,-2.29,ClC(Cl)(Cl)Cl
H-55,-1.32,ClCCBr
H-56,-2.51,CCC(C)(C)Cl
H-57,-2.0,CC(C)CCl
H-58,-2.92,C1=CC(=CC=C1[N+](=O)[O-])Cl
H-59,-2.46,COC1=CC=CC=C1Cl
H-60,-2.78,COC1=CC=CC(Cl)=C1
H-61,-2.78,COC1=CC=C(Cl)C=C1
H-62,-2.41,ClC1=CC=CC=C1
H-63,-4.54,ClC1=CC=CC=C1C1=CC=CC=C1
H-64,-4.88,ClC1=CC(C2=CC=CC=C2)=CC=C1
H-65,-5.2,ClC1=CC=C(C2=CC=CC=C2)C=C1
H-66,-2.03,CCCCCl
H-67,-1.96,CCC(C)Cl
H-68,-5.87,ClC1=CC=C2OC3=CC=CC=C3OC2=C1
H-69,-1.9,ClC(Br)Br
H-70,-4.78,ClC1=CC=CC=C1OC1=CC=CC=C1
H-71,-3.12,CCCCCCCl
H-72,-2.73,CCCCCCl
H-73,-2.63,CCCC(C)Cl
H-74,-2.63,CCC(Cl)CC
H-75,-1.47,CCCCl
H-76,-1.41,CC(C)Cl
H-77,-1.36,C=CCCl
H-78,-3.52,CC1=CC=CC(Cl)=C1
H-79,-3.52,CC1=CC=CC=C1Cl
H-80,-3.08,CC1=CC=C(Cl)C=C1
H-81,-7.0,CC(C)CCCC(C)C1CCC2C3CC=C4CC(O)CCC4(C)C3CCC12C
H-82,-8.06,C1=CC=C2C(=C1)C=CC1=C3C=CC=CC3=CC=C21
H-83,-3.24,CC12CCC(=O)C=C1CCC1C2C(O)CC2(C)C(C(=O)CO)CCC12
H-84,-3.11,CC12CCC(=O)C=C1CCC1C2C(=O)CC2(C)C1CCC2(O)C(=O)CO
H-85,-1.73,O=C1C=CC2=C(C=CC=C2)O1
H-86,-1.97,C1=CCC=CC1
H-87,-3.1,C1CCCCC1
H-88,-0.44,OC1CCCCC1
H-89,-0.6,O=C1CCCCC1
H-90,-2.59,C1=CCCCC1
H-91,-2.64,C1CCCC1
H-92,-2.1,C1=CCCC1
H-93,-11.62,ClC1=C(Cl)C(Cl)=C(C2=C(Cl)C(Cl)=C(Cl)C(Cl)=C2Cl)C(Cl)=C1Cl
H-94,-12.95,ClC1=C(Cl)C(Cl)=C(OC2=C(Cl)C(Cl)=C(Cl)C(Cl)=C2Cl)C(Cl)=C1Cl
H-95,-6.96,CCCCC(CC)COC(=O)C1=CC=CC=C1C(=O)OCC(CC)CCCC
H-96,-4.44,C1=CC=C2C(=C1)OC1=CC=CC=C12
H-97,-5.34,C1=CC=C2OC3=CC=CC=C3OC2=C1
H-98,-5.21,C1=CC=C2C(=C1)SC1=CC=CC=C12
H-99,-3.5,BrC1=CC=CC=C1Br
H-100,-3.54,BrC1=CC=CC(Br)=C1
H-101,-4.07,BrC1=CC=C(Br)C=C1
H-102,-7.74,BrC1=CC=C(C2=CC=C(Br)C=C2)C=C1
H-103,-1.68,BrCCBr
H-104,-1.32,BrC=CBr
H-105,-1.17,BrCBr
H-106,-2.08,BrCCCBr
H-107,-2.15,CC(Br)CBr
H-108,-1.85,CCCCOCCCC
H-109,-2.59,CCCCC(=O)CCCC
H-110,-2.69,CC(Cl)C(C)(C)Cl
H-111,-0.11,OC(CCl)CCl
H-112,-3.31,COC1=CC=CC(Cl)=C1Cl
H-113,-3.1,COC1=C(Cl)C=CC=C1Cl
H-114,-3.02,ClC1=CC=CC=C1Cl
H-115,-3.07,ClC1=CC=CC(Cl)=C1
H-116,-3.31,ClC1=CC=C(Cl)C=C1
H-117,-5.25,ClC1=CC=C(C2=CC=CC=C2)C(Cl)=C1
H-118,-6.56,ClC1=CC=C(C2=CC=C(Cl)C=C2)C=C1
H-119,-5.27,ClC1=CC=CC=C1C1=CC=CC=C1Cl
H-120,-5.24,ClC1=CC=C(Cl)C(C2=CC=CC=C2)=C1
H-121,-5.28,ClC1=CC=C(C2=C(Cl)C=CC=C2)C=C1
H-122,-5.8,ClC1=CC=CC(C2=CC(Cl)=CC=C2)=C1
H-123,-6.39,ClC1=CC=C(C2=CC=CC=C2)C=C1Cl
H-124,-5.21,ClC1=CC=CC(Cl)=C1C1=CC=CC=C1
H-125,-2.4,CCCC(Cl)Cl
H-126,-2.7,CC(Cl)C(C)Cl
H-127,-7.21,ClC1=CC=C2OC3=CC=C(Cl)C=C3C2=C1
H-128,-7.83,ClC1=CC=C2OC3=CC(Cl)=CC=C3OC2=C1
H-129,-7.18,ClC1=CC=C2OC3=CC=C(Cl)C=C3OC2=C1
H-130,-1.99,FC(F)(Cl)Cl
H-131,-5.06,ClC1=CC=CC(Cl)=C1OC1=CC=CC=C1
H-132,-5.52,ClC1=CC=C(OC2=C(Cl)C=CC=C2)C=C1
H-133,-1.29,CC(Cl)Cl
H-134,-1.06,ClCCCl
H-135,-1.64,C=C(Cl)Cl
H-136,-1.3,ClC=CCl
H-137,-1.12,ClC(Cl)COCC(Cl)Cl
H-138,-0.63,ClCCl
H-139,-1.62,ClCCCCl
H-140,-1.6,CC(Cl)CCl
H-141,-3.46,COC1=CC(Cl)=C(Cl)C=C1OC
H-142,-0.77,CCOCCOCC
H-143,-0.43,CCOC(C)OCC
H-144,-3.75,CCC1=CC=C(CC)C=C1
H-145,-0.09,CCOCC
H-146,-2.35,CCOC(=O)C1=CC=CC=C1C(=O)OCC
H-147,-5.37,IC1=CC=C(I)C=C1
H-148,-3.22,IC=CI
H-149,-4.66,CC(C)COC(=O)C1=CC=CC=C1C(=O)OCC(C)C
H-150,-1.1,CC(C)OC(C)C
H-151,-1.3,CC(C)C(=O)C(C)C
H-152,-2.32,COC1=CC=C(OC)C(C=O)=C1
H-153,0.48,COCOC
H-154,-1.04,CCC(C)(C)CO
H-155,-0.5,CC(C)(C)CCO
H-156,-1.52,CCCC(C)(C)CO
H-157,-1.6,CC(C)CC(C)CO
H-158,-1.55,CC(C)(C)CCCO
H-159,-0.4,CCCC(C)(C)CO
H-160,-0.62,CC(O)C(C)(C)C
H-161,-0.41,CC(C)C(C)(C)O
H-162,-0.92,CC(C)CC(C)(C)O
H-163,-0.89,CCC(C)C(C)(C)O
H-164,-1.15,CCC(O)C(C)(C)C
H-165,-1.22,CC(C)C(O)C(C)C
H-166,-0.85,CCC(C)(O)C(C)C
H-167,1.11,CC(=O)N(C)C
H-168,-2.8,CC1=CC=CC=C1C
H-169,-2.82,CC1=CC=CC(C)=C1
H-170,-2.77,CC1=CC=C(C)C=C1
H-171,-3.55,CCC(C)(C)C
H-172,-0.39,CC(C)C(C)CO
H-173,-4.3,CC1CCCCC1C
H-174,-4.14,CC1=C2C=CC=CC2=C(C)C=C1
H-175,-4.26,CC(C)CC(C)C
H-176,-1.66,COC(=O)C1=CC=CC=C1C(=O)OC
H-177,-4.01,COC(=O)C1=CC=C(C(=O)OC)C=C1
H-178,-2.09,C=CC=C(C)C=CC=CC
H-179,-3.91,C1=CC=C(OC2=CC=CC=C2)C=C1
H-180,-4.08,C1=CC=C(CC2=CC=CC=C2)C=C1
H-181,-1.62,CCCOCCC
H-182,-1.7,CCCCCCC=O
H-183,-0.15,ClCC1CO1
H-184,-2.19,CCOC1=CC=C(C=O)C=C1OC
H-185,-1.77,CCOC1=CC(C=O)=CC=C1O
H-186,-1.17,CCC(CC)CO
H-187,-2.11,CCCCC(CC)CO
H-188,-3.21,CCC1=CC=CC=C1C
H-189,0.08,CCC(C)(C)O
H-190,-0.85,CCC(O)(CC)CC
H-191,-3.11,CCC1=CC=C(C)C=C1
H-192,-0.04,CCOC(C)=O
H-193,-0.74,C=CC(=O)OCC
H-194,-2.32,CCOC(=O)C1=CC=CC=C1
H-195,-1.28,CCCC(=O)OCC
H-196,-3.39,CCCCCCCC(=O)OCC
H-197,-1.08,ClCCCl
H-198,0.08,OCCO
H-199,0.15,CCOC=O
H-200,-2.71,CCCCCCC(=O)OCC
H-201,-0.55,CCOC(C)C
H-202,-3.8,CCCCCCCCC(=O)OCC
H-203,-0.66,CCOC(=O)CC
H-204,-0.66,CCCOCC
H-205,-1.75,CCCCC(=O)OCC
H-206,-0.85,C=COCC
H-207,-5.92,C1=CC=C2C(=C1)C1=CC=CC3=CC=CC2=C31
H-208,-5.0,C1=CC2=C(C=C1)C1=C(C=CC=C1)C2
H-209,-3.13,FC1=CC=C(I)C=C1
H-210,-1.8,FC1=CC=CC=C1
H-211,-0.82,C1=COC=C1
H-212,-0.1,O=CC1=CC=CO1
H-213,-7.92,ClC1=CC(Cl)=C(Cl)C=C1C1=C(Cl)C=C(Cl)C(Cl)=C1Cl
H-214,-8.3,ClC1=CC=C(C2=C(Cl)C=C(Cl)C(Cl)=C2Cl)C(Cl)=C1Cl
H-215,-8.94,ClC1=CC(Cl)=C(Cl)C=C1C1=C(Cl)C(Cl)=CC(Cl)=C1Cl
H-216,-11.48,ClC1=C(Cl)C(Cl)=C2OC3=C(Cl)C(Cl)=C(Cl)C(Cl)=C3C2=C1
H-217,-11.25,ClC1=C(Cl)C(Cl)=C2OC3=C(Cl)C(Cl)=C(Cl)C(Cl)=C3OC2=C1
H-218,-9.46,ClC1=CC=C(OC2=C(Cl)C(Cl)=C(Cl)C(Cl)=C2Cl)C=C1Cl
H-219,-9.12,ClC1=CC=C(OC2=CC(Cl)=C(Cl)C(Cl)=C2Cl)C(Cl)=C1Cl
H-220,-9.5,ClC1=CC(Cl)=C(Cl)C=C1OC1=CC(Cl)=C(Cl)C(Cl)=C1Cl
H-221,-9.09,ClC1=CC=C(OC2=C(Cl)C(Cl)=CC(Cl)=C2Cl)C(Cl)=C1Cl
H-222,-9.05,ClC1=CC(Cl)=C(Cl)C=C1OC1=C(Cl)C(Cl)=CC(Cl)=C1Cl
H-223,-4.53,CCCCCCC
H-224,-1.81,CCCCCCCO
H-225,-1.55,CCCCCC(C)O
H-226,-1.47,CCCCC(O)CC
H-227,-1.4,CCCC(O)CCC
H-228,-3.82,CC=CCCCC
H-229,-3.01,C#CCCCCC
H-230,-4.92,ClC(Cl)=C(Cl)C(Cl)=C(Cl)Cl
H-231,-7.56,ClC1=C(Cl)C(Cl)=C(Cl)C(Cl)=C1Cl
H-232,-8.56,ClC1=CC(Cl)=C(Cl)C(C2=CC(Cl)=CC(Cl)=C2Cl)=C1
H-233,-8.65,ClC1=C(Cl)C(C2=C(Cl)C=CC(Cl)=C2Cl)=C(Cl)C=C1
H-234,-6.96,ClC1=CC(C2=C(Cl)C(Cl)=CC(Cl)=C2)=C(Cl)C(Cl)=C1
H-235,-8.71,ClC1=CC(Cl)=C(C2=C(Cl)C=C(Cl)C=C2Cl)C(Cl)=C1
H-236,-9.01,ClC1=CC=C(C2=CC=C(Cl)C(Cl)=C2Cl)C(Cl)=C1Cl
H-237,-8.78,ClC1=C(Cl)C(C2=CC(Cl)=C(Cl)C(Cl)=C2Cl)=CC=C1
H-238,-8.32,ClC1=CC=C(C2=CC(Cl)=C(Cl)C(Cl)=C2Cl)C(Cl)=C1
H-239,-7.68,ClC1=CC=C(Cl)C(C2=CC(Cl)=C(Cl)C(Cl)=C2Cl)=C1
H-240,-7.42,ClC1=CC=C(Cl)C(C2=C(Cl)C(Cl)=CC(Cl)=C2Cl)=C1
H-241,-7.82,ClC1=CC=C(C2=CC(Cl)=C(Cl)C(Cl)=C2Cl)C=C1Cl
H-242,-7.66,ClC1=CC=C(C2=C(Cl)C=C(Cl)C(Cl)=C2Cl)C=C1Cl
H-243,-7.9,ClC1=CC(Cl)=C(Cl)C(C2=CC=CC(Cl)=C2Cl)=C1Cl
H-244,-10.33,ClC1=C(Cl)C(Cl)=C2OC3=CC(Cl)=C(Cl)C(Cl)=C3C2=C1
H-245,-10.66,ClC1=C(Cl)C=C2C(=C1)OC1=C(Cl)C(Cl)=C(Cl)C(Cl)=C21
H-246,-9.95,ClC1=C(Cl)C=C2OC3=C(Cl)C(Cl)=C(Cl)C(Cl)=C3OC2=C1
H-247,-8.14,ClC1=CC=C(OC2=CC=C(Cl)C(Cl)=C2Cl)C(Cl)=C1Cl
H-248,-8.1,ClC1=CC(Cl)=C(OC2=CC=C(Cl)C(Cl)=C2Cl)C(Cl)=C1
H-249,-8.31,ClC1=CC(Cl)=C(Cl)C=C1OC1=CC=C(Cl)C(Cl)=C1Cl
H-250,-8.36,ClC1=CC(Cl)=C(Cl)C=C1OC1=CC(Cl)=C(Cl)C=C1Cl
H-251,-8.04,ClC1=CC(Cl)=C(OC2=CC(Cl)=C(Cl)C=C2Cl)C(Cl)=C1
H-252,-8.72,ClC1=CC(Cl)=C(Cl)C=C1OC1=CC(Cl)=C(Cl)C(Cl)=C1
H-253,-8.44,ClC1=CC(Cl)=C(OC2=C(Cl)C(Cl)=C(Cl)C=C2)C=C1Cl
H-254,-8.78,ClC1=CC=C(OC2=CC(Cl)=C(Cl)C(Cl)=C2Cl)C=C1Cl
H-255,-8.94,ClC1=CC=C(OC2=C(Cl)C(Cl)=C(Cl)C(Cl)=C2Cl)C=C1
H-256,-3.67,ClC(Cl)(Cl)C(Cl)(Cl)Cl
H-257,-2.68,C=CCCC=C
H-258,-3.84,CCCCCC
H-259,-1.24,CCCCCCO
H-260,-0.89,CCCCC(C)O
H-261,-0.8,CCCC(O)CC
H-262,-3.23,C=CCCCC
H-263,-2.46,CCCCCCOC(C)=O
H-264,-5.21,CCCCCCC1=CC=CC=C1
H-265,-2.36,C#CCCCC
H-266,-3.09,CC12CCC(=O)C=C1CCC1C2C(O)CC2(C)C1CCC2(O)C(=O)CO
H-267,-0.96,O=CC1=CC=C(O)C=C1
H-268,-3.82,CC(=O)C1CCC2C3CCC4=CC(=O)CC(O)C4(C)C3CCC12C
H-269,-3.03,C1=CC2=C(C=C1)CCC2
H-270,-3.04,IC1=CC=CC=C1
H-271,-2.96,CCCCI
H-272,-1.6,CCI
H-273,-1.0,CI
H-274,-2.29,CCCI
H-275,-2.09,CC(C)I
H-276,-1.21,CC(=O)OCC(C)C
H-277,-1.01,CC(C)COC=O
H-278,-0.52,CC(C)CCO
H-279,-0.55,CC(=O)OC(C)C
H-280,-3.77,CC1=CC=C(C(C)C)C=C1
H-281,-3.36,CCOC(=O)CC(SP(=S)(OC)OC)C(=O)OCC
H-282,-0.82,CCOC(=O)CC(=O)OCC
H-283,-2.34,CC1CCC(C(C)C)C(O)C1
H-284,-1.82,CCCC(C)(COC(N)=O)COC(N)=O
H-285,-1.53,C
H-286,-1.49,COC1=CC=C(C=O)C=C1
H-287,-1.85,COC1=CC=CC=C1
H-288,-6.45,COC1=CC=C(C(C2=CC=C(OC)C=C2)C(Cl)(Cl)Cl)C=C1
H-289,-2.03,C=CC(=C)C
H-290,-0.47,CCC(C)CO
H-291,-1.11,CCCC(C)CO
H-292,-1.14,CC(C)CCCO
H-293,-3.24,C=CCC(C)C
H-294,-0.2,CC(C)C(C)O
H-295,-1.72,CCCCC(C)C(C)O
H-296,-1.72,CCCCCC(C)(C)O
H-297,-1.38,CC(C)CCC(C)O
H-298,-1.08,CCCCC(C)(C)O
H-299,-0.8,CC(C)CC(C)O
H-300,-0.49,CCCC(C)(C)O
H-301,-0.72,CCC(C)C(C)O
H-302,-1.6,CCCCC(C)(O)CC
H-303,-1.0,CCCC(C)(O)CC
H-304,-0.7,CCC(O)C(C)C
H-305,-0.38,CCC(C)(O)CC
H-306,-0.52,COC(C)=O
H-307,-0.22,C=CC(=O)OC
H-308,-5.89,CC1=C2C=CC=CC2=CC2=CC=CC=C21
H-309,-1.85,COC(=O)C1=CC=CC=C1
H-310,-0.87,CBr
H-311,-0.99,CCCOC
H-312,-0.8,CCCCC(C)=O
H-313,-0.82,CCCC(=O)OC
H-314,-3.39,CCCCCCCC(=O)OC
H-315,-0.88,CCl
H-316,-7.96,CC1=CC=C2C=C3C4=CC=CC=C4C=CC3=C3CCC1=C23
H-317,-3.85,CC1CCCCC1
H-318,-3.27,CC1=CCCCC1
H-319,-3.3,CC1CCCC1
H-320,0.52,CCC(C)=O
H-321,-5.22,CC1=CC=CC2=C1CC1=C2C=CC=C1
H-322,0.58,COC=O
H-323,-2.58,CCCCCCCC(C)=O
H-324,-2.05,CCCCCCC(C)=O
H-325,-1.01,CI
H-326,-0.74,CC(=O)CC(C)C
H-327,-0.06,COC(C)C
H-328,-1.0,CN=C=S
H-329,-0.8,C=C(C)C(=O)OC
H-330,-3.7,CC1=C2C=CC=CC2=CC=C1
H-331,-3.77,CC1=CC=C2C=CC=CC2=C1
H-332,-3.74,CCCC(C)C
H-333,-3.68,CCC(C)CC
H-334,-1.42,CCCCCC(C)=O
H-335,-3.03,CC1CC2C(C(O)CC3(C)C2CCC3(O)C(=O)CO)C2(C)C=CC(=O)C=C12
H-336,0.04,CC(C)CO
H-337,-0.14,CCC(=O)OC
H-338,-0.39,CCCOC
H-339,-0.19,CCCC(C)=O
H-340,-0.24,COC(C)(C)C
H-341,-3.97,CC12CCC(=O)C=C1CCC1C2CCC2(C)C1CCC2(C)O
H-342,0.11,CC1CCCO1
H-343,-1.36,CCCCC(=O)OC
H-344,-6.17,CCCCCCCCCCCCCCO
H-345,-8.6,C1=CC=C2C=C3C=C4C=CC=CC4=CC3=CC2=C1
H-346,-3.6,C1=CC=C2C=CC=CC2=C1
H-347,-1.96,COC1=CC=CC=C1[N+](=O)[O-]
H-348,-2.41,COC1=CC=C(C=C1)[N+](=O)[O-]
H-349,-1.83,C1=CC=C(C=C1)[N+](=O)[O-]
H-350,-0.22,CC[N+](=O)[O-]
H-351,0.26,C[N+](=O)[O-]
H-352,-0.8,CCC[N+](=O)[O-]
H-353,-0.62,CCC(C)[N+](=O)[O-]
H-354,-2.46,CC1=CC(=CC=C1)[N+](=O)[O-]
H-355,-2.31,CC1=CC=CC=C1[N+](=O)[O-]
H-356,-10.26,ClC1=C(Cl)C(Cl)=C(Cl)C(C2=C(Cl)C(Cl)=C(Cl)C(Cl)=C2Cl)=C1
H-357,-10.41,ClC1=CC(Cl)=C(Cl)C(C2=C(Cl)C(Cl)=C(Cl)C(Cl)=C2Cl)=C1Cl
H-358,-5.05,C=CCCCCCCC
H-359,-4.24,C#CCCCCCCC
H-360,-4.93,C#CC1(O)CCC2C3CCC4=CC(=O)CCC4C3CCC21C
H-361,-9.16,ClC1=C(Cl)C(Cl)=C(Cl)C(C2=CC(Cl)=C(Cl)C(Cl)=C2Cl)=C1
H-362,-9.15,ClC1=CC(Cl)=C(Cl)C(C2=C(Cl)C(Cl)=CC(Cl)=C2Cl)=C1Cl
H-363,-11.59,ClC1=C(Cl)C(Cl)=C2C(=C1Cl)OC1=C(Cl)C(Cl)=C(Cl)C(Cl)=C12
H-364,-12.79,ClC1=C(Cl)C(Cl)=C2OC3=C(Cl)C(Cl)=C(Cl)C(Cl)=C3OC2=C1Cl
H-365,-10.14,ClC1=CC(Cl)=C(Cl)C=C1OC1=C(Cl)C(Cl)=C(Cl)C(Cl)=C1Cl
H-366,-10.13,ClC1=C(Cl)C(Cl)=C(Cl)C(OC2=CC(Cl)=C(Cl)C(Cl)=C2Cl)=C1
H-367,-10.1,ClC1=CC(Cl)=C(Cl)C(OC2=CC(Cl)=C(Cl)C(Cl)=C2Cl)=C1Cl
H-368,-3.92,FC1(F)C(F)(F)C(F)(F)C1(F)F
H-369,-5.24,CCCCCCCC
H-370,-2.39,CCCCCCCCO
H-371,-2.09,CCCCCCC(C)O
H-372,-4.44,C=CCCCCCC
H-373,-3.66,C#CCCCCCC
H-374,-3.17,CCCCCCCCC=O
H-375,-5.66,ClC1=CC(Cl)=C(Cl)C(Cl)=C1Cl
H-376,-7.21,ClC1=CC=CC=C1C1=CC(Cl)=C(Cl)C(Cl)=C1Cl
H-377,-7.91,ClC1=CC=C(Cl)C(C2=CC=C(Cl)C(Cl)=C2Cl)=C1
H-378,-7.92,ClC1=C(Cl)C(Cl)=C(C2=CC=CC=C2)C(Cl)=C1Cl
H-379,-7.43,ClC1=CC=CC=C1C1=C(Cl)C=C(Cl)C(Cl)=C1Cl
H-380,-7.32,ClC1=CC(Cl)=C(C2=C(Cl)C=CC=C2Cl)C(Cl)=C1
H-381,-7.05,ClC1=CC=C(C2=CC=CC(Cl)=C2Cl)C(Cl)=C1Cl
H-382,-7.39,ClC1=CC=C(C2=CC(Cl)=C(Cl)C=C2Cl)C=C1Cl
H-383,-9.16,ClC1=C(Cl)C=C2C(=C1)OC1=C(Cl)C(Cl)=C(Cl)C=C21
H-384,-9.48,ClC1=CC=C2OC3=C(Cl)C(Cl)=C(Cl)C(Cl)=C3OC2=C1
H-385,-7.44,ClC1=CC=C(OC2=CC=C(Cl)C(Cl)=C2Cl)C(Cl)=C1
H-386,-7.67,ClC1=CC=C(OC2=CC=C(Cl)C(Cl)=C2Cl)C=C1Cl
H-387,-2.6,ClC(Cl)C(Cl)(Cl)Cl
H-388,-0.44,OCC(CO)(CO)CO
H-389,-4.0,CC1=CC(C)=C(C)C(C)=C1C
H-390,-3.18,CCCCC
H-391,-0.6,CC(C)C1(C)CCCC(O)C1
H-392,-0.29,CC(C)C1C(C)CCCC1O
H-393,-0.24,CC1CCCC(O)(C(C)C)C1
H-394,-2.68,C=CCCC
H-395,-2.54,CC=CCC
H-396,-4.64,CCCCCC1=CC=CC=C1
H-397,-1.64,C#CCCC
H-398,-8.79,C1=CC2=CC=CC3=C2C(=C1)C1=CC=CC2=C1C3=CC=C2
H-399,-2.3,CCOC1=CC=C(NC(C)=O)C=C1
H-400,-5.26,C1=CC=C2C(=C1)C=CC1=CC=CC=C12
H-401,-0.7,OCCOC1=CC=CC=C1
H-402,-2.31,CCCCC1C(=O)N(C2=CC=CC=C2)N(C2=CC=CC=C2)C1=O
H-403,-0.92,CC(O)C1=CC=CC=C1
H-404,-0.4,OCC1=CC=CC=C1
H-405,-2.92,NC(=O)C1=CC=CC=C1C(N)=O
H-406,-2.38,N#CC1=CC=CC=C1C#N
H-407,-3.18,CC12C=CC(=O)C=C1CCC1C2C(O)CC2(C)C1CCC2(O)C(=O)CO
H-408,-4.42,CC(=O)C1CCC2C3CCC4=CC(=O)CCC4(C)C3CCC12C
H-409,-2.84,CCC
H-410,0.58,CCC=O
H-411,0.28,CCC#N
H-412,-0.72,CCCOC(C)=O
H-413,-3.37,CCCC1=CC=CC=C1
H-414,-2.67,CCCOC(=O)C1=CC=CC=C1
H-415,-1.92,CCCOC(=O)CCC
H-416,-0.59,CC1CO1
H-417,-0.49,CCCOC=O
H-418,-1.34,CCCOC(C)C
H-419,-4.23,CCC(N)=O
H-420,-6.18,C1=CC2=CC=C3C=CC=C4C=CC(=C1)C2=C43
H-421,-0.56,O=C1C=CC(=O)C=C1
H-422,-2.61,C=CC1=CC=CC=C1
H-423,-1.6,C1=CC=C(C2CO2)C=C1
H-424,-4.02,CC12CCC(=O)C=C1CCC1C2CCC2(C)C(O)CCC12
H-425,-4.08,CC12CCC(=O)C=C1CCC1C2CCC2(C)C(O)CCC12
H-426,-8.06,BrC1=CC=C(Br)C(C2=CC(Br)=CC=C2Br)=C1
H-427,-2.72,BrC(Br)C(Br)Br
H-428,-3.14,BrC(Br)(Br)Br
H-429,-5.26,COC1=CC(Cl)=C(Cl)C(Cl)=C1Cl
H-430,-5.13,COC1=C(Cl)C(Cl)=C(Cl)C=C1Cl
H-431,-4.7,ClC1=CC=C(Cl)C(Cl)=C1Cl
H-432,-4.68,ClC1=CC(Cl)=C(Cl)C(Cl)=C1
H-433,-5.47,ClC1=CC(Cl)=C(Cl)C=C1Cl
H-434,-7.99,CC1=C(Cl)C(CC2=C(Cl)C=CC=C2Cl)=CC=C1Cl
H-435,-7.4,CC1=C(Cl)C(CC2=CC=C(Cl)C=C2Cl)=CC=C1Cl
H-436,-8.03,CC1=C(Cl)C=C(CC2=CC(Cl)=CC=C2Cl)C(Cl)=C1
H-437,-8.36,CC1=C(Cl)C=C(Cl)C(CC2=C(Cl)C=CC=C2Cl)=C1
H-438,-7.49,CC1=C(Cl)C=C(Cl)C(CC2=CC=C(Cl)C=C2Cl)=C1
H-439,-8.18,CC1=C(Cl)C(Cl)=C(Cl)C(CC2=CC=C(Cl)C=C2)=C1
H-440,-7.24,CC1=C(CC2=C(Cl)C=CC=C2)C(Cl)=C(Cl)C(Cl)=C1
H-441,-7.44,CC1=C(CC2=CC=C(Cl)C=C2)C(Cl)=C(Cl)C(Cl)=C1
H-442,-7.16,ClC1=C(Cl)C(Cl)=C(Cl)C(C2=CC=CC=C2)=C1
H-443,-7.8,ClC1=CC=C(C2=CC=C(Cl)C(Cl)=C2)C(Cl)=C1
H-444,-6.47,ClC1=CC=C(Cl)C(C2=CC=CC(Cl)=C2Cl)=C1
H-445,-6.57,ClC1=CC=CC=C1C1=CC(Cl)=C(Cl)C=C1Cl
H-446,-7.0,ClC1=CC=C(Cl)C(C2=CC(Cl)=CC=C2Cl)=C1
H-447,-8.53,ClC1=CC=C(C2=CC=C(Cl)C(Cl)=C2)C=C1Cl
H-448,-6.8,ClC1=CC=C(Cl)C(C2=C(Cl)C=CC=C2Cl)=C1
H-449,-8.03,ClC1=CC=CC(Cl)=C1C1=C(Cl)C=CC=C1Cl
H-450,-6.94,ClC1=CC=C(C2=C(Cl)C=C(Cl)C=C2Cl)C=C1
H-451,-8.54,ClC1=CC(Cl)=CC(C2=CC(Cl)=CC(Cl)=C2)=C1
H-452,-8.86,ClC1=C(Cl)C=C2C(=C1)OC1=CC(Cl)=C(Cl)C=C12
H-453,-8.77,ClC1=C(Cl)C(Cl)=C2OC3=CC=CC=C3OC2=C1Cl
H-454,-8.89,ClC1=CC=C2OC3=C(Cl)C(Cl)=C(Cl)C=C3OC2=C1
H-455,-9.0,ClC1=CC(Cl)=C2OC3=CC(Cl)=CC(Cl)=C3OC2=C1
H-456,-10.22,ClC1=C(Cl)C=C2OC3=CC(Cl)=C(Cl)C=C3OC2=C1
H-457,-6.82,ClC1=CC=C(OC2=CC=C(Cl)C=C2Cl)C(Cl)=C1
H-458,-6.98,ClC1=CC=C(OC2=CC=C(Cl)C(Cl)=C2)C=C1Cl
H-459,-1.74,ClC(Cl)C(Cl)Cl
H-460,-2.18,ClCC(Cl)(Cl)Cl
H-461,-1.75,ClC(Cl)C(Cl)Cl
H-462,-2.54,ClC(Cl)=C(Cl)Cl
H-463,-2.74,ClC(Cl)=C(Cl)Cl
H-464,-2.31,ClC(Cl)(Cl)Cl
H-465,-5.24,COC1=C(Cl)C(Cl)=C(Cl)C(Cl)=C1OC
H-466,-2.38,FC1=CC(F)=C(F)C=C1F
H-467,1.15,C1CCOC1
H-468,-0.03,C1CCOCC1
H-469,-4.59,CC1=CC(C)=C(C)C=C1C
H-470,-2.21,CC1=CC=CC=C1
H-471,-3.68,CC1(C)OC2CC3C4CCC5=CC(=O)C=CC5(C)C4(F)C(O)CC3(C)C2(C(=O)CO)O1
H-472,-5.07,BrC1=CC=CC(Br)=C1Br
H-473,-4.5,BrC1=CC=C(Br)C(Br)=C1
H-474,-5.6,BrC1=CC(Br)=CC(Br)=C1
H-475,-7.3,BrC1=CC(Br)=C(C2=CC=CC=C2)C(Br)=C1
H-476,-1.91,BrC(Br)Br
H-477,0.72,OC(O)C(Cl)(Cl)Cl
H-478,-4.29,COC1=CC=C(Cl)C(Cl)=C1Cl
H-479,-4.2,COC1=C(Cl)C=C(Cl)C=C1Cl
H-480,-4.1,ClC1=CC=CC(Cl)=C1Cl
H-481,-3.61,ClC1=CC=C(Cl)C(Cl)=C1
H-482,-4.6,ClC1=CC(Cl)=CC(Cl)=C1
H-483,-7.06,ClC1=CC=C(C2=CC=C(Cl)C(Cl)=C2)C=C1
H-484,-6.01,ClC1=CC=C(Cl)C(C2=CC=CC(Cl)=C2)=C1
H-485,-6.26,ClC1=CC=C(C2=CC=CC(Cl)=C2Cl)C=C1
H-486,-6.27,ClC1=CC(Cl)=C(Cl)C=C1C1=CC=CC=C1
H-487,-6.29,ClC1=C(Cl)C(C2=CC=CC=C2)=C(Cl)C=C1
H-488,-6.14,ClC1=CC(Cl)=C(C2=CC=CC=C2)C(Cl)=C1
H-489,-6.29,ClC1=CC=C(C2=CC=CC=C2Cl)C=C1Cl
H-490,-6.21,ClC1=CC=C(C2=CC=C(Cl)C=C2Cl)C=C1
H-491,-7.58,ClC1=CC(Cl)=C2OC3=CC=CC=C3OC2=C1Cl
H-492,-6.58,ClC1=CC(Cl)=C(Cl)C=C1OC1=CC=CC=C1
H-493,-6.77,ClC1=CC(OC2=CC=CC=C2)=CC(Cl)=C1Cl
H-494,-2.0,CC(Cl)(Cl)Cl
H-495,-1.48,ClCC(Cl)Cl
H-496,-2.14,CC(Cl)(Cl)Cl
H-497,-1.96,ClC=C(Cl)Cl
H-498,-1.93,ClC=C(Cl)Cl
H-499,-3.04,FC(Cl)(Cl)CCl
H-500,-1.17,ClC(Cl)Cl
H-501,-1.92,ClCC(Cl)CCl
H-502,-4.37,COC1=CC(Cl)=C(Cl)C(Cl)=C1OC
H-503,0.3,CC(O)C(F)(F)F
H-504,-0.72,CC(C)(C)C(C)(C)O
H-505,-1.27,CCC(C)(O)C(C)(C)C
H-506,-3.2,CC1=CC=CC(C)=C1C
H-507,-3.31,CC1=CC=C(C)C(C)=C1
H-508,-3.4,CC1=CC(C)=CC(C)=C1
H-509,-4.74,CC(C)CC(C)(C)C
H-510,-6.74,C1=CC=C2C(=C1)C1=CC=CC=C1C1=CC=CC=C21
H-511,0.96,NC(N)=O
H-512,-0.85,CCCCC=O
H-513,-1.31,COC1=CC=CC=C1OC
H-514,-3.3,CCCSC(=O)N(CCC)CCC
H-515,-3.89,CC(=O)CC(C1=CC=CC=C1)C1=C(O)C2=CC=CC=C2OC1=O
H-516,-4.23,ClC(Cl)=C=C(Cl)C(Cl)Cl
H-517,-10.55,ClC1=C(Cl)C(Cl)=C(Cl)C(OC2=C(Cl)C(Cl)=C(Cl)C(Cl)=C2Cl)=C1
H-518,-7.33,ClC1=CC=C(Cl)C(C2=CC(Cl)=C(Cl)C=C2Cl)=C1
H-519,-8.06,CC1=C(Cl)C=C(Cl)C(CC2=CC(Cl)=CC=C2Cl)=C1
H-520,-6.02,ClC1=CC=C(Cl)C(C2=CC=CC=C2Cl)=C1
H-521,-7.25,ClC1=CC=C(Cl)C(C2=CC=C(Cl)C(Cl)=C2)=C1
H-522,-6.22,ClC1=CC=C(OC2=CC=C(Cl)C=C2Cl)C=C1
H-523,-6.25,ClC1=CC=C(C2=CC(Cl)=CC=C2Cl)C=C1
H-524,-3.17,CCC1=CC=CC(CC)=C1N(COC)C(=O)CCl
H-525,-0.71,CNC(=O)ON=CC(C)(C)SC
H-526,-6.3,ClC1=C(Cl)C2(Cl)C3C4C=CC(C4)C3C1(Cl)C2(Cl)Cl
H-527,-6.0,COC(=O)C1=C(C=CC(=C1)OC2=C(C=C(C=C2)Cl)Cl)[N+](=O)[O-]
H-528,-2.56,CNC(=O)OC1=CC=CC2=CC=CC=C21
H-529,-1.21,CNC(=O)OC1=CC=CC2=C1OC(C)(C)C2
H-530,-6.05,CCOP(=S)(OCC)SCSC1=CC=C(Cl)C=C1
H-531,-3.14,CC1=C(C(=O)NC2=CC=CC=C2)SCCO1
H-532,-5.35,ClC1=C(Cl)C2(Cl)C3C(Cl)C(Cl)CC3C1(Cl)C2(Cl)Cl
H-533,-5.39,ClC1=C(Cl)C2(Cl)C3CC=CC3C1(Cl)C2(Cl)Cl
H-534,-4.41,COC1=CC(Cl)=C(OC)C=C1Cl
H-535,-2.0,C([N+](=O)[O-])(Cl)(Cl)Cl
H-536,-4.65,N#CC1=C(Cl)C(Cl)=C(Cl)C(C#N)=C1Cl
H-537,-4.89,CN(C)C(=O)NC1=CC=C(OC2=CC=C(Cl)C=C2)C=C1
H-538,-3.39,CC(C)OC(=O)NC1=CC(Cl)=CC=C1
H-539,0.32,CC=CC=O
H-540,-7.2,ClC1=CC=C(C(C2=CC=C(Cl)C=C2)C(Cl)Cl)C=C1
H-541,-6.9,ClC1=CC=C(C(C2=CC=C(Cl)C=C2)=C(Cl)Cl)C=C1
H-542,-8.08,ClC1=CC=C(C(C2=CC=C(Cl)C=C2)C(Cl)(Cl)Cl)C=C1
H-543,-3.45,CC12CCC(=O)C=C1CCC1C2CCC2(C)C(C(=O)CO)CCC12
H-544,-3.61,CC1CC2C3CCC4=CC(=O)C=CC4(C)C3(F)C(O)CC2(C)C1(O)C(=O)CO
H-545,-5.85,CCOP(=S)(OCC)SC(CCl)N1C(=O)C2=CC=CC=C2C1=O
H-546,-4.06,CC(C)N(C(=O)SCC(Cl)=CCl)C(C)C
H-547,-2.38,ClCC(Br)CBr
H-548,-4.4,CCCCC1=C(CCCC)C(C(O)=O)=C(C(O)=O)C=C1
H-549,-1.7,COC1=C(Cl)C=CC(Cl)=C1C(=O)O
H-550,-3.82,COC(=O)C(C)OC1=CC=C(OC2=C(Cl)C=C(Cl)C=C2)C=C1
H-551,-6.29,ClC1=C(Cl)C2(Cl)C3C4CC(C5OC45)C3C1(Cl)C2(Cl)Cl
H-552,-5.28,CC1OC(OC2C(O)CC(OC3C(O)CC(OC4CCC5(C)C(CCC6C5CCC5(C)C(C7=CC(=O)OC7)CCC65O)C4)OC3C)OC2C)CC(O)C1O
H-553,-4.16,CC1OC(OC2C(O)CC(OC3C(O)CC(OC4CCC5(C)C(CCC6C5CC(O)C5(C)C(C7=CC(=O)OC7)CCC65O)C4)OC3C)OC2C)CC(O)C1O
H-554,-0.74,CNC(=O)CSP(=S)(OC)OC
H-555,0.88,COCCOCCOC
H-556,-6.08,O=S1OCC2C(CO1)C1(Cl)C(Cl)=C(Cl)C2(Cl)C1(Cl)Cl
H-557,-5.93,O=S1OCC2C(CO1)C1(Cl)C(Cl)=C(Cl)C2(Cl)C1(Cl)Cl
H-558,-6.35,ClC1=C(Cl)C2(Cl)C3C4CC(C5OC45)C3C1(Cl)C2(Cl)Cl
H-559,-2.7,CCCN(CCC)C(=O)SCC
H-560,-2.73,CC
H-561,-1.82,CC12CCC(CC1)C(C)(C)O2
H-562,-3.3,CC1=C(C(=O)NC2=CC=CC=C2)C=CO1
H-563,-5.22,C1=CC(=CC=C1[N+](=O)[O-])OC2=C(C=C(C=C2)C(F)(F)F)[N+](=O)[O-]
H-564,-1.41,FC(F)(F)C(Cl)Br
H-565,-6.08,ClC1=C(Cl)C2(Cl)C3C(Cl)C=CC3C1(Cl)C2(Cl)Cl
H-566,-5.66,COP(=S)(OC1=CC(Cl)=C(Br)C=C1Cl)C1=CC=CC=C1
H-567,-4.43,ClC1C(Cl)C(Cl)C(Cl)C(Cl)C1Cl
H-568,-5.46,C1=CC(=CC=C1[N+](=O)[O-])OC2=C(C=C(C=C2)Cl)Cl
H-569,-4.29,CCOP(=S)(OCC)OC1=CC=C(C=C1)[N+](=O)[O-]
H-570,-3.41,CCCCN(CC)C(=O)SCCC
H-571,-6.29,CC1(C)C(C=C(Cl)Cl)C1C(=O)OCC1=CC(OC2=CC=CC=C2)=CC=C1
H-572,-7.04,CCC1=CC=C(C(C2=CC=C(CC)C=C2)C(Cl)Cl)C=C1
H-573,-4.78,COC(=O)NC1=CC(OC(=O)NC2=CC=CC(C)=C2)=CC=C1
H-574,-4.01,CC12CCC3C(CC=C4CC(O)CCC43C)C1CCC2=O
H-575,-2.78,CCC(=O)NC1=CC(Cl)=C(Cl)C=C1
H-576,-5.82,C1(=C(C(=C(C(=C1Cl)Cl)Cl)Cl)Cl)[N+](=O)[O-]
H-577,-10.22,ClC1=C(Cl)C=C2OC3=CC(Cl)=C(Cl)C=C3OC2=C1
H-578,-4.88,CC(C)N(C(=O)SCC(Cl)=C(Cl)Cl)C(C)C
I-1,-1.98,c1ccc2c(cccc2O)c1
I-2,-3.07,Brc1cc(C(O)=O)c(N)cc1
I-3,-1.71,c1cc(ccc1O)I
I-4,-2.62,Oc1c(Br)cc(C(O)=O)c(O)c1
I-5,-1.06,O=C(Nc1ccc(cc1)O)C
I-6,-2.44,S(=O)(=O)(N)c1sc(NC(=O)C)nn1
I-7,-2.63,CC(C)NCC(O)COc1ccccc1CC=C
I-8,-1.85,C1C2CC3CC(CC1C3)(N)C2
I-9,-4.55,CN(C)CC\C=C1\c2ccccc2CCc2ccccc12
I-10,-5.79,c1(c(CN(CC)CC)cc(cc1)Nc1ccnc2c1ccc(c2)Cl)O
I-11,-2.0,CN1[C@H]2CC[C@@H]1C[C@@H](C2)OC(=O)C(CO)C1=CC=CC=C1
I-12,-3.21,S(c1n(cnc1N(=O)=O)C)c1ncnc2nc[nH]c12
I-13,-2.26,n1(Cc2ccccc2)cncc1
I-14,-4.06,Brc1cc2c(CN(C)C)c[nH]c2cc1
I-15,-3.22,CCCCN1CCCCC1C(=O)Nc1c(C)cccc1C
I-16,-4.7,CC(C(O)=O)c1ccc2c(c1)[nH]c1ccc(Cl)cc21
I-17,-4.26,COc1ccccc1OCCNCC(O)COc1cccc2[nH]c3ccccc3c12
I-18,-2.94,C1(=C(COC(C)=O)CS[C@@H]2[C@H](NC(=O)Cc3cccs3)C(N12)=O)C(O)=O
I-19,-2.67,C([C@H](c1ccccn1)c1ccc(cc1)Cl)CN(C)C
I-20,-5.07,c1c(Cl)ccc2Sc3ccccc3N(CCCN(C)C)c12
I-21,-3.25,Clc1ccc(S(=O)(NC(=O)NCCC)=O)cc1
I-22,-6.75,CN(C)CC\C=C1\c2ccccc2Sc2ccc(cc12)Cl
I-23,-5.87,CN(C)CC\C=C1\c2ccccc2Sc2ccc(cc12)Cl
I-24,-2.66,c1cc2c(cc1Cl)[nH]c(=O)o2
I-25,-1.69,Cc1c(nc[nH]1)CSCCN\C(=N\C)NC#N
I-26,-3.6,O=C(c1cn(C2CC2)c2c(cc(F)c(N3CCNCC3)c2)c1=O)O
I-27,-2.9,C[N@]1C[C@@H]2C[C@H]1CN2c1c(cc2c(n(cc(C(=O)O)c2=O)C2CC2)c1)F
I-28,-2.51,C[C@H](CC1=CC=CC=C1)N(C)CC#C
I-29,-3.63,N1(c2c(CCc3ccccc13)cccc2)CCCNC
I-30,-3.36,Clc1cc2S(=O)(=O)N=C(Nc2cc1)C
I-31,-5.46,c1(c(Nc2c(cccc2Cl)Cl)cccc1)CC(=O)O
I-32,-3.6,CN1CCN(CC1)c1c(cc2c(n(cc(C(=O)O)c2=O)c2ccc(cc2)F)c1)F
I-33,-3.16,O=C1[C@H](OC(C)=O)[C@H](c2ccc(OC)cc2)Sc2ccccc2N1CCN(C)C
I-34,-2.95,CN(C)CCOC(c1ccccc1)c1ccccc1
I-35,-3.86,O=C1NC(=O)NC1(c1ccccc1)c1ccccc1
I-36,-3.18,CCN1CCN(CC1)c1c(cc2c(n(cc(C(=O)O)c2=O)C2CC2)c1)F
I-37,-2.65,N\C(CCSCc1csc(\N=C(\N)N)n1)=N\S(=O)(N)=O
I-38,-3.7,CC(C(O)=O)c1cccc(Oc2ccccc2)c1
I-39,-5.35,C(c1c(Nc2cc(ccc2)C(F)(F)F)cccc1)(=O)O
I-40,-3.73,CC1CCc2cc(F)cc3c2n1cc(C(O)=O)c3=O
I-41,-4.15,CC(C(O)=O)c1ccc(c(F)c1)-c1ccccc1
I-42,-5.49,O=C(NC1CCCCC1)NS(=O)(c1ccc(CCNC(c2cnc(cn2)C)=O)cc1)=O
I-43,-4.43,[nH]1cnc2nc(N)[nH]c(=O)c12
I-44,-2.67,CN1C(=O)NC(=O)C(C)(C1=O)C1=CCCCC1
I-45,-2.97,S1(=O)(=O)NCNc2c1cc(S(=O)(N)=O)c(c2)C(F)(F)F
I-46,-1.46,C(c1ccc(cc1)O)(=O)O
I-47,-3.59,CC(C)Cc1ccc(cc1)C(C)C(O)=O
I-48,-2.33,CCn1cc(C(O)=O)c(=O)c2cc(F)c(N3CCNC(C)C3)c(F)c12
I-49,-4.69,N(C)CCCC12c3c(C(c4ccccc14)CC2)cccc3
I-50,-6.74,C(c1c(Nc2c(c(ccc2)C)C)cccc1)(=O)O
I-51,-3.57,CCN(CC)CCNC(=O)c1cc(c(cc1OC)N)Cl
I-52,-1.22,OCCn1c(ncc1N(=O)=O)C
I-53,-5.07,Clc1ccc(COC(Cn2ccnc2)c2ccc(Cl)cc2Cl)c(Cl)c1
I-54,-3.61,CCn1cc(c(=O)c2ccc(nc12)C)C(=O)O
I-55,-2.9,O[C@]1([C@H](N(CC=C)CC2)C3)[C@@]42C5=C3C=CC(O)=C5O[C@H]4C(CC1)=O
I-56,-4.5,O=C(O)[C@@H](C)c1ccc2cc(ccc2c1)OC
I-57,-4.58,C(c1cccnc1Nc1cc(ccc1)C(F)(F)F)(=O)O
I-58,-3.24,O=C1NC(CN1\N=C\c1ccc(N(=O)=O)o1)=O
I-59,-2.76,CCn1cc(c(=O)c2cc(c(cc12)N1CCNCC1)F)C(=O)O
I-60,-4.02,N(CC\C=C1\c2c(CCc3c1cccc3)cccc2)C
I-61,-1.27,CC1COc2c(N3CCN(C)CC3)c(F)cc3c2n1cc(C(O)=O)c3=O
I-62,-3.09,OC1=C(C(O)=C(C([C@@](C(C(C(N)=O)=C(O)[C@H]2N(C)C)=O)(O)[C@@]2([H])[C@H]3O)=O)[C@@]3([H])[C@@]4(O)C)C4=CC=C1
I-63,-3.87,c1(nccc2cc(c(OC)cc12)OC)Cc1cc(c(cc1)OC)OC
I-64,-1.62,c12c(ccc3cccnc13)cccn2
I-65,-4.19,c1ccc(cc1)\N=N\c1c(nc(cc1)N)N
I-66,-2.29,C1(NC(C(c2ccccc2)(C(=O)N1)CC)=O)=O
I-67,-4.39,N1(N(c2ccccc2)C(C(CCCC)C1=O)=O)c1ccccc1
I-68,-1.49,C(c1c(C(=O)O)cccc1)(=O)O
I-69,-1.61,C(c1c(C(=O)O)cccc1)(=O)O
I-70,-3.79,CC(C)NCC(O)COc1cccc2[nH]ccc12
I-71,-4.8,S1(=O)(=O)N(C)C(=C(c2ccccc12)O)C(Nc1ccccn1)=O
I-72,-1.72,Nc1ccc(C(OCCN(CC)CC)=O)cc1
I-73,-3.49,CC(C)NCC(O)COc1cccc2ccccc12
I-74,-2.79,[H]C1(CN2CCC1C[C@@]2([H])[C@H](O)C1=CC=NC2=C1C=C(OC)C=C2)C=C
I-75,-2.5,S(Cc1oc(CN(C)C)cc1)CCN\C(NC)=C\N(=O)=O
I-76,-3.13,C1CN(CCN1)c1c(cc2c(n(cc(C(=O)O)c2=O)c2ccc(cc2)F)c1)F
I-77,-3.37,C[C@H]1CN(C[C@@H](C)N1)C1=C(F)C2=C(C(=O)C(=CN2C2CC2)C(O)=O)C(N)=C1F
I-78,-1.52,C(=O)(NS(=O)(c1ccc(cc1)N)=O)C
I-79,-2.73,S(=O)(=O)(Nc1nc(C)cc(n1)C)c1ccc(N)cc1
I-80,-6.14,C(=O)(O)c1cc(ccc1O)\N=N\c1ccc(cc1)S(=O)(Nc1ccccn1)=O
I-81,-2.69,Nc1ccc(cc1)S(=O)(Nc1nccs1)=O
I-82,-3.68,CC1=C(CC(O)=O)c2cc(F)ccc2C\1=C\c1ccc(cc1)S(C)=O
I-83,-4.5,CC1=C(CC(O)=O)c2cc(F)ccc2C\1=C\c1ccc(cc1)S(C)=O
I-84,-3.01,C(c1ccc(cc1)NCCCC)(=O)OCCN(C)C
I-85,-2.93,OC1=C(C(C2=C(O)[C@@](C(C(C(N)=O)=C(O)[C@H]3N(C)C)=O)(O)[C@@]3([H])C[C@]2([H])[C@@]4(O)C)=O)C4=CC=C1
I-86,-2.19,c1(cc(ccc1C(C)C)C)O
I-87,-4.09,Cc1ccc(cc1)C(=O)c1ccc(CC(=O)O)n1C
I-88,-3.18,NS(=O)(=O)c1cc2c(NC(NS2(=O)=O)C(Cl)Cl)cc1Cl
I-89,-3.53,NS(=O)(=O)c1cc2c(NC(NS2(=O)=O)C(Cl)Cl)cc1Cl
I-90,-2.95,c1(nc(c(cn1)Cc1cc(c(c(OC)c1)OC)OC)N)N
I-91,-4.79,CC(CN(C)C)CN1c2ccccc2CCc2ccccc12
I-92,-3.3,NCCc1c[nH]c2ccccc12
I-93,-3.98,COc1ccc(CCN(C)CCCC(C#N)(C(C)C)c2ccc(OC)c(OC)c2)cc1OC
I-94,-4.78,CC(=O)CC(c1ccccc1)c1c(O)c2ccccc2oc1=O
