Compound ID,measured log(solubility:mol/L),SMILES
"1,1,1,2-Tetrachloroethane",-2.18,ClCC(Cl)(Cl)Cl
"1,1,1-Trichloroethane",-2.0,CC(Cl)(Cl)Cl
"1,1,2,2-Tetrachloroethane",-1.74,ClC(Cl)C(Cl)Cl
"1,1,2-Trichloroethane",-1.48,ClCC(Cl)Cl
"1,1,2-Trichlorotrifluoroethane",-3.04,FC(F)(Cl)C(F)(Cl)Cl
"1,1-Dichloroethane",-1.29,CC(Cl)Cl
"1,1-Dichloroethylene",-1.64,ClC(=C)Cl
"1,1-Diethoxyethane ",-0.43,CCOC(C)OCC
"1,2,3,4-Tetrachlorobenzene",-4.57,Clc1ccc(Cl)c(Cl)c1Cl
"1,2,3,4-Tetrahydronapthalene",-4.37,C1CCc2ccccc2C1
"1,2,3,5-Tetrachlorobenzene",-4.63,Clc1cc(Cl)c(Cl)c(Cl)c1
"1,2,3-Trichlorobenzene",-4.0,Clc1cccc(Cl)c1Cl
"1,2,3-Trimethylbenzene ",-3.2,Cc1cccc(C)c1C
"1,2,4,5-Tetrabromobenzene",-6.98,Brc1cc(Br)c(Br)cc1Br
"1,2,4,5-Tetrachlorobenzene",-5.56,Clc1cc(Cl)c(Cl)cc1Cl
"1,2,4,5-Tetramethylbenzene",-4.59,Cc1cc(C)c(C)cc1C
"1,2,4-tribromobenzene",-4.5,c1(Br)c(Br)cc(Br)cc1
"1,2,4-Trichlorobenzene",-3.59,Clc1ccc(Cl)c(Cl)c1
"1,2,4-Trimethylbenzene",-3.31,Cc1ccc(C)c(C)c1
"1,2-Benzenediol",0.62,Oc1ccccc1O
"1,2-Dibromobenzene",-3.5,Brc1ccccc1Br
"1,2-Dibromoethane",-1.68,BrCCBr
"1,2-Dichlorobenzene",-3.05,Clc1ccccc1Cl
"1,2-Dichloroethane",-1.06,ClCCCl
"1,2-Dichloropropane",-1.6,CC(Cl)CCl
"1,2-Dichlorotetrafluoroethane",-2.74,FC(F)(Cl)C(F)(F)Cl
"1,2-Diethoxyethane ",-0.77,CCOCCOCC
"1,2-Diethylbenzene",-3.28,CCc1ccccc1CC
"1,2-Dinitrobenzene",-3.1,O=N(=O)c1ccccc1N(=O)=O
"1,2-Propylene oxide",-0.59,CC1CO1
"1,3,5-Tribromobenzene",-5.6,Brc1cc(Br)cc(Br)c1
"1,3,5-Trichlorobenzene",-4.48,Clc1cc(Cl)cc(Cl)c1
"1,3,5-Trimethylbenzene ",-3.4,Cc1cc(C)cc(C)c1
"1,3,5-Trinitrobenzene",-2.89,O=N(=O)c1cc(cc(c1)N(=O)=O)N(=O)=O
"1,3-Benzenediol",0.81,Oc1cccc(O)c1
"1,3-Butadiene",-1.87,C=CC=C
"1,3-Dibromobenzene",-3.54,Brc1cccc(Br)c1
"1,3-Dichlorobenzene",-3.04,Clc1cccc(Cl)c1
"1,3-Dichloropropane",-1.62,ClCCCCl
"1,3-diethylthiourea",-1.46,CCNC(=S)NCC
"1,3-Difluorobenzene",-2.0,Fc1cccc(F)c1
"1,3-Dimethylnaphthalene",-4.29,Cc1cc(C)c2ccccc2c1
"1,3-Dinitrobenzene",-2.29,O=N(=O)c1cccc(c1)N(=O)=O
"1,4-Benzenediol",-0.17,Oc1ccc(O)cc1
"1,4-Cyclohexadiene",-2.06,C1C=CCC=C1
"1,4-Dibromobenzene",-4.07,Brc1ccc(Br)cc1
"1,4-Dichlorobenzene",-3.27,Clc1ccc(Cl)cc1
"1,4-Diethylbenzene ",-3.75,CCc1ccc(CC)cc1
"1,4-Difluorobenzene",-1.97,Fc1ccc(F)cc1
"1,4-Dimethylnaphthalene ",-4.14,Cc1ccc(C)c2ccccc12
"1,4-Dinitrobenzene",-3.39,O=N(=O)c1ccc(cc1)N(=O)=O
"1,4-Pentadiene ",-2.09,C=CCC=C
"1,5-Dimethlnapthalene",-4.679,Cc1cccc2c(C)cccc12
"1,5-Hexadiene ",-2.68,C=CCCC=C
"1,7-phenantroline",-2.68,c1cnc2c(c1)ccc3ncccc23
"1,8-Cineole",-1.74,CC12CCC(CC1)C(C)(C)O2
17a-Methyltestosterone,-3.999,CC1(O)CCC2C3CCC4=CC(=O)CCC4(C)C3CCC21C
1-aminoacridine,-4.22,Nc2cccc3nc1ccccc1cc23 
1-Bromo-2-methylpropane,-2.43,CC(C)CBr
1-Bromobutane,-2.37,CCCCBr
1-Bromoheptane,-4.43,CCCCCCCBr
1-Bromohexane,-3.81,CCCCCCBr
1-Bromonapthalene,-4.35,Brc1cccc2ccccc12
1-Bromooctane,-5.06,CCCCCCCCBr
1-Bromopentane,-3.08,CCCCCBr
1-Bromopropane,-1.73,CCCBr
1-Butanol,0.0,CCCCO
1-Butene,-1.94,CCC=C
1-Butyne,-1.24,CCC#C
1-Chloro-2-bromoethane,-1.32,ClCCBr
1-Chloro-2-methylpropane,-2.0,ClCC(C)C
1-Chlorobutane,-2.03,CCCCCl
1-Chloroheptane,-4.0,CCCCCCCCl
1-Chlorohexane,-3.12,CCCCCCCl
1-Chloronapthalene,-3.93,Clc1cccc2ccccc12
1-Chloropentane,-2.73,CCCCCCl
1-Chloropropane,-1.47,CCCCl
1-Decanol,-3.63,CCCCCCCCCCO
1-Decene,-5.51,CCCCCCCCC=C
1-Dodecanol,-4.8,CCCCCCCCCCCCO
1-Ethylnaphthalene ,-4.17,CCc1cccc2ccccc12
1-Heptanol,-1.81,CCCCCCCO
1-Heptene,-3.73,CCCCCC=C
1-Heptyne,-3.01,CCCCCC#C
1-Hexadecanol,-7.0,CCCCCCCCCCCCCCCCO
1-Hexanol,-1.24,CCCCCCO
1-Hexene,-3.23,CCCCC=C
1-Hexene-3-ol,-0.59,CCCC(O)C=C
1-Hexyne ,-2.36,CCCCC#C
1-Iodobutane,-2.96,CCCCI
1-Iodoheptane,-4.81,CCCCCCCI
1-Iodonapthalene,-4.55,Ic1cccc2ccccc12
1-Iodopropane,-2.29,CCCI
1-Methylcyclohexene ,-3.27,CC1=CCCCC1
1-Methylfluorene,-5.22,Cc1cccc2c1Cc3ccccc32
1-Methylnaphthalene,-3.7,Cc1cccc2ccccc12
1-Methylphenanthrene,-5.85,Cc1cccc2c1ccc3ccccc32
1-methyluracil,-0.807,Cn1ccc(=O)[nH]c1=O
1-Napthol,-2.22,Oc1cccc2ccccc12
1-Napthylamine,-1.92,Nc1cccc2ccccc12
1-Nitronapthalene,-3.54,O=N(=O)c1cccc2ccccc12
1-Nitropropane,-0.8,CCCN(=O)=O
1-Nonanol,-3.01,CCCCCCCCCO
1-Nonene ,-5.05,CCCCCCCC=C
1-Nonyne ,-4.24,CCCCCCCC#C
1-Octadecanol,-8.4,CCCCCCCCCCCCCCCCCCO
1-Octanol,-2.39,CCCCCCCCO
1-Octene ,-4.44,CCCCCCC=C
1-Octyne ,-3.66,CCCCCCC#C
1-Pentadecanol,-6.35,CCCCCCCCCCCCCCCO
1-Pentanol,-0.6,CCCCCO
1-Pentene ,-2.68,CCCC=C
1-Pentyne,-1.64,CCCC#C
1-Phenylethanol,-0.92,CC(O)c1ccccc1
1-Propanol,0.62,CCCO
1-Tetradecanol,-5.84,CCCCCCCCCCCCCCO
"2,2',3,3',4,4',5,5',6,6'-PCB",-11.6,Clc1c(Cl)c(Cl)c(c(Cl)c1Cl)c2c(Cl)c(Cl)c(Cl)c(Cl)c2Cl 
"2,2',3,3',4,4',5,5'-PCB",-9.16,Clc1cc(c(Cl)c(Cl)c1Cl)c2cc(Cl)c(Cl)c(Cl)c2Cl
"2,2',3,3',4,4'-PCB",-8.01,Clc1ccc(c(Cl)c1Cl)c2ccc(Cl)c(Cl)c2Cl 
"2,2',3,3',5,5',6,6'-PCB",-9.15,Clc1cc(Cl)c(Cl)c(c1Cl)c2c(Cl)c(Cl)cc(Cl)c2Cl 
"2,2',3,3',5,6-PCB",-8.6,Clc1cccc(c1Cl)c2c(Cl)c(Cl)cc(Cl)c2Cl 
"2,2',3,3'-PCB",-7.28,Clc1cccc(c1Cl)c2cccc(Cl)c2Cl
"2,2',3,4,4',5',6-PCB",-7.92,Clc1ccc(c(Cl)c1)c2c(Cl)c(Cl)c(Cl)c(Cl)c2Cl
"2,2',3,4,5,5',6-PCB",-8.94,Clc1ccc(Cl)c(c1)c2c(Cl)c(Cl)c(Cl)c(Cl)c2Cl
"2,2',3,4,5,5'-PCB",-7.68,Clc1ccc(Cl)c(c1)c2cc(Cl)c(Cl)c(Cl)c2Cl
"2,2',3,4,5-PCB",-7.21,Clc1cc(Cl)c(cc1Cl)c2cccc(Cl)c2Cl 
"2,2',3,4,6-PCB",-7.43,Clc1ccc(c(Cl)c1)c2c(Cl)ccc(Cl)c2Cl 
"2,2',3,5,5',6-PCB",-7.42,Clc1ccc(Cl)c(c1)c2c(Cl)c(Cl)cc(Cl)c2Cl 
"2,2',3,5'-PCB",-6.47,Clc1ccc(Cl)c(c1)c2cccc(Cl)c2Cl 
"2,2,3-Trimethylbutane",-4.36,CC(C)C(C)(C)C
"2,2',4,4',5,5'-PCB",-8.56,Clc1cc(Cl)c(cc1Cl)c2cc(Cl)c(Cl)cc2Cl 
"2,2',4,4',6,6'-PCB",-8.71,Clc1cc(Cl)c(c(Cl)c1)c2c(Cl)cc(Cl)cc2Cl 
"2,2',4,5'-PCB",-6.57,Clc1ccc(c(Cl)c1)c2cc(Cl)ccc2Cl 
"2,2,4,6,6'-PCB",-7.32,Clc1cc(Cl)c(c(Cl)c1)c2c(Cl)cccc2Cl
"2,2,4-Trimethylpentane",-4.74,CC(C)CC(C)(C)C
"2,2,5-Trimethylhexane",-5.05,CC(C)CCC(C)(C)C
"2,2',6,6'-PCB",-7.39,Clc1cccc(Cl)c1c2c(Cl)cccc2Cl 
"2,2-Dimethyl-1-butanol",-1.04,CCC(C)(C)CO
"2,2-Dimethylbutane",-3.55,CCC(C)(C)C
"2,2-Dimethylpentane",-4.36,CCCC(C)(C)C
"2,2-Dimethylpentanol",-1.52,CCCC(C)(C)CO
"2,2-Dimethylpropanol",-0.4,CC(C)(C)CO
"2,2'-PCB",-5.27,Clc1ccccc1c2ccccc2Cl 
"2,3,3',4,4',5-PCB",-7.82,Clc1ccc(cc1Cl)c2cc(Cl)c(Cl)c(Cl)c2Cl 
"2,3,3',4,4'6-PCB",-7.66,Clc1ccc(c(Cl)c1Cl)c2c(Cl)cc(Cl)c(Cl)c2Cl 
"2,3',4,4',5-PCB",-7.39,Clc1ccc(c(Cl)c1)c2cc(Cl)c(Cl)c(Cl)c2Cl 
"2,3',4,4'-PCB",-7.8,Clc1ccc(c(Cl)c1)c2ccc(Cl)c(Cl)c2Cl 
"2,3,4,5,6-PCB",-7.92,Clc2c(Cl)c(Cl)c(c1ccccc1)c(Cl)c2Cl 
"2,3',4',5-PCB",-7.25,Clc1ccc(Cl)c(c1)c2ccc(Cl)c(Cl)c2
"2,3,4,5-Tetrachlorophenol",-3.15,Oc1cc(Cl)c(Cl)c(Cl)c1Cl
"2,3,4,6-Tetrachlorophenol",-3.1,Oc1c(Cl)cc(Cl)c(Cl)c1Cl
"2',3,4-PCB",-6.29,Clc1ccc(cc1)c2cccc(Cl)c2Cl 
"2,3,4-Trichlorophenol",-2.67,Oc1ccc(Cl)c(Cl)c1Cl
"2,3,4-Trimethylpentane",-4.8,CC(C)C(C)C(C)C
"2,3,5,6-Tetrachlorophenol",-3.37,Oc1c(Cl)c(Cl)cc(Cl)c1Cl
"2,3',5-PCB",-6.01,Clc1cccc(c1)c2cc(Cl)ccc2Cl 
"2,3,5-Trichlorophenol",-2.67,Oc1cc(Cl)cc(Cl)c1Cl
"2,3,6-Trichlorophenol",-2.64,Oc1c(Cl)ccc(Cl)c1Cl
"2,3-Dichloronitrobenzene",-3.48,O=N(=O)c1c(Cl)c(Cl)ccc1
"2,3-Dichlorophenol",-1.3,Oc1cccc(Cl)c1Cl
"2,3-Dimethyl-1,3-Butadiene",-2.4,CC(=C)C(=C)C
"2,3-Dimethylbutane",-3.65,CC(C)C(C)C
"2,3-Dimethylnaphthalene",-4.72,Cc1cc2ccccc2cc1C
"2,3-Dimethylpentane",-4.28,CCC(C)C(C)C
"2,3-Dimethylpyridine",0.38,Cc1cccnc1C
"2,4,5-PCB",-6.27,Clc1ccc(cc1)c2cc(Cl)ccc2Cl 
"2,4,5-Trichlorophenol ",-2.21,Oc1cc(Cl)c(Cl)cc1Cl
"2,4,6-PCB",-6.14,Clc1ccc(cc1)c2c(Cl)cccc2Cl 
"2,4,6-Trichlorophenol",-2.34,Oc1c(Cl)cc(Cl)cc1Cl
"2,4,6-Trimethylphenol",-2.05,Cc1cc(C)c(O)c(C)c1
"2,4,6-Trinitrotoluene",-3.22,Cc1c(cc(cc1N(=O)=O)N(=O)=O)N(=O)=O
"2,4-Dichlorophenol ",-1.55,Oc1ccc(Cl)cc1Cl
"2,4-Dimethyl-2-pentanol ",-0.92,CC(C)CC(C)(C)O
"2,4-Dimethyl-3-pentanol",-1.22,CC(C)C(O)C(C)C
"2,4-Dimethyl-3-pentanone",-1.3,CC(C)C(=O)C(C)C
"2,4-Dimethylpentane",-4.26,CC(C)CC(C)C
"2,4-Dimethylphenol",-1.19,Cc1ccc(O)c(C)c1
"2,4-Dimethylpyridine",0.38,Cc1ccnc(C)c1
"2,4-Dinitrotoluene",-2.82,Cc1ccc(cc1N(=O)=O)N(=O)=O
"2,4'-PCB",-5.28,Clc1ccc(cc1)c2ccccc2Cl 
"2,6-Dichlorophenol",-1.79,Oc1c(Cl)cccc1Cl
"2,6-Dimethylnaphthalene ",-4.89,Cc1ccc2cc(C)ccc2c1
"2,6-Dimethylphenol",-1.29,Cc1cccc(C)c1O
"2,6-Dimethylpyridine",0.45,Cc1cccc(C)n1
"2,6-Dinitrotoluene",-3.0,Cc1c(cccc1N(=O)=O)N(=O)=O
"2,6-PCB",-5.21,Clc1cccc(Cl)c1c2ccccc2 
"2,7-dimethylquinoline",-1.94,c2c(C)cc1nc(C)ccc1c2 
2-aminoanthracene,-5.17,Nc3ccc2cc1ccccc1cc2c3 
2-bromonaphthalene,-4.4,c1c(Br)ccc2ccccc12 
2-Bromonapthalene,-4.4,Brc1ccc2ccccc2c1
2-Bromopropane,-1.59,CC(C)Br
2-Bromotoluene,-2.23,Cc1ccccc1Br
2-Butanone,0.52,CCC(=O)C
2-butenal,0.32,CC=CC=O
2-Butoxyethanol,-0.42,CCCCOCCO
2-Chloro-2-methylbutane,-2.51,CCC(C)(C)Cl
2-Chloroanisole,-2.46,COc1ccccc1Cl
2-Chlorobiphenyl,-4.54,Clc1ccccc1c2ccccc2
2-Chlorobutane,-1.96,CCC(C)Cl
2-Chloronapthalene,-4.14,Clc1ccc2ccccc2c1
2-Chlorophenol,-1.06,Oc1ccccc1Cl
2-Chloropropane,-1.41,CC(C)Cl
2-Chlorotoluene,-3.52,Cc1ccccc1Cl
2-cyanoguanidine,-0.31,NC(N)=NC#N 
2-Decanone,-3.3,CCCCCCCCC(=O)C
2-Ethyl pyridine,0.51,CCc1ccccn1
2-Ethyl-1-butanol,-1.17,CCC(CC)CO
2-Ethyl-1-hexanol,-2.11,CCCCC(CC)CO
2-Ethyl-2-hexanal,-2.46,CCCC=C(CC)C=O
2-Ethylbutanal,-1.52,CCC(CC)C=O
2-Ethylhexanal,-2.13,CCCCC(CC)C=O
2-Ethylnaphthalene,-4.29,CCc1ccc2ccccc2c1
2-Ethyltoluene,-3.21,CCc1ccccc1C
2-Heptanol ,-1.55,CCCCCC(C)O
2-Heptanone,-1.45,CCCCCC(=O)C
2-Hexanol,-0.89,CCCCC(C)O
2-Hexanone,-0.8,CCCCC(=O)C
2-hydroxypteridine,-1.947,Oc2ncc1nccnc1n2
2-Hydroxypyridine,1.02,Oc1ccccn1
2-Iodopropane,-2.09,CC(C)I
2-Isopropyltoluene,-3.76,CC(C)c1ccccc1C
2-methoxypteridine,-1.11,COc2ncc1nccnc1n2
2-Methy-2-Butene,-2.56,CC=C(C)C
"2-Methyl-1,3-Butadiene ",-2.03,CC(=C)C=C
2-Methyl-1-Butene,-2.73,CCC(=C)C
2-Methyl-1-Pentene,-3.03,CCCC(=C)C
2-Methyl-2-heptanol,-1.72,CCCCCC(C)(C)O
2-Methyl-2-hexanol,-1.08,CCCCC(C)(C)O
2-Methyl-2-pentanol,-0.49,CCCC(C)(C)O
2-Methyl-3-pentanol,-0.7,CCC(O)C(C)C
2-Methylanthracene,-6.96,Cc1ccc2cc3ccccc3cc2c1
2-Methylbutan-2-ol,0.15,CCC(C)(C)O
2-Methylbutane,-3.18,CCC(C)C
2-Methylbutanol,-0.47,CCC(C)CO
2-Methylheptane,-5.08,CCCCCC(C)C
2-Methylnapthalene,-3.77,Cc1ccc2ccccc2c1
2-Methylpentane,-3.74,CCCC(C)C
2-Methylpentanol,-1.11,CCCC(C)CO
2-Methylphenanthrene,-5.84,Cc1ccc2c(ccc3ccccc32)c1
2-Methylphenol,-0.62,Cc1ccccc1O
2-Methylpropan-1-ol,0.1,CC(C)CO
2-Methylpropane,-2.55,CC(C)C
2-Methylpropene,-2.33,CC(=C)C
2-methylpteridine,-0.12,Cc2ncc1nccnc1n2
2-Methyltetrahydrofurane,0.11,CC1CCCO1
2-Napthol,-2.28,Oc1ccc2ccccc2c1
2-Nitropropane,-0.62,CC(C)N(=O)=O
2-Nonanol,-2.74,CCCCCCCC(C)O
2-Nonanone,-2.58,CCCCCCCC(=O)C
2-Octanol,-2.09,CCCCCCC(C)O
2-Octanone,-2.05,CCCCCCC(=O)C
2-Pentanol,-0.29,CCCC(C)O
2-Pentanone,-0.19,CCCC(=O)C
2-Phenoxyethanol,-0.7,OCCOc1ccccc1
2-Propanol,0.43,CC(C)O
2-pyrrolidone,1.07,O=C1CCCN1
2-Undecanol,-2.94,CCCCCCCCCC(C)O
"3,3-Dimethyl-1-butanol",-0.5,CC(C)(C)CCO
"3,3-Dimethyl-2-butanol",-0.62,CC(O)C(C)(C)C
"3,3-Dimethyl-2-butanone",-0.72,CC(=O)C(C)(C)C
"3,3-Dimethylpentane",-4.23,CCC(C)(C)CC
"3,4-Dichloronitrobenzene",-3.2,O=N(=O)c1cc(Cl)c(Cl)cc1
"3,4-Dichlorophenol",-1.25,Oc1ccc(Cl)c(Cl)c1
"3,4-Dimethylphenol",-1.38,Cc1ccc(O)cc1C
"3,4-Dimethylpyridine",0.36,Cc1ccncc1C
"3,4-PCB",-6.39,Clc1ccc(cc1Cl)c2ccccc2 
"3,5-Dichlorophenol",-1.34,Oc1cc(Cl)cc(Cl)c1
"3,5-Dimethylphenol",-1.4,Cc1cc(C)cc(O)c1
"3,5-Dimethylpyridine",0.38,Cc1cncc(C)c1
3-Butanoyloxymethylphenytoin,-5.071,O=C1N(COC(=O)CCC)C(=O)C(N1)(c2ccccc2)c3ccccc3
3-Chloroanisole,-2.78,COc1cccc(Cl)c1
3-Chlorobiphenyl,-4.88,c1c(Cl)cccc1c2ccccc2
3-Chlorophenol,-0.7,Oc1cccc(Cl)c1
3-chloropropionitrile,-0.29,ClCCC#N 
3-Ethanoyloxymethylphenytoin,-4.47,O=C1N(COC(=O)C)C(=O)C(N1)(c2ccccc2)c3ccccc3
3-Ethyl-3-pentanol,-0.85,CCC(O)(CC)CC
3-Heptanol ,-1.47,CCCCC(O)CC
3-Heptanoyloxymethylphenytoin,-6.301,O=C1N(COC(=O)CCCCCC)C(=O)C(N1)(c2ccccc2)c3ccccc3
3-Hexanol,-0.8,CCCC(O)CC
3-Hexanone,-0.83,CCCC(=O)CC
3-Hexanoyloxymethylphenyltoin,-5.886,O=C1N(COC(=O)CCCCC)C(=O)C(N1)(c2ccccc2)c3ccccc3
3-Hexyne,-1.99,CCC#CCC
3-Methyl-1-Butene,-2.73,CC(C)C=C
3-Methyl-2-butanol,-0.18,CC(C)C(C)O
3-Methyl-2-butanone,-0.12,CC(C)C(=O)C
3-Methyl-2-pentanol,-0.72,CCC(C)CCO
3-Methyl-2-pentanone,-0.67,CCC(C)C(=O)C
3-Methyl-3-heptanol,-1.6,CCCCC(C)(O)CC
3-Methyl-3-hexanol,-0.98,CCCC(C)(O)CC
3-Methyl-3-pentanol,-0.36,CCC(C)(O)CC
3-Methylbutan-1-ol,-0.51,CC(C)CCO
3-Methylcholanthrene,-7.92,c1cc(C)cc2c1c3cc4cccc5CCc(c45)c3cc2
3-Methylheptane,-5.16,CCCCC(C)CC
3-methylindole,-2.42,Cc1c[nH]c2ccccc12 
3-Methylpentane,-3.68,CCC(C)CC
3-Methylphenol,-0.68,Cc1cccc(O)c1
3-Octanol,-1.98,CCCCCC(O)CC
3-Octanoyloxymethylphenytoin,-6.523,O=C1N(COC(=O)CCCCCCC)C(=O)C(N1)(c2ccccc2)c3ccccc3
3-Pentanol,-0.24,CCC(O)CC
3-Pentanone,-0.28,CCC(=O)CC
3-Pentanoyloxymethylphenytoin,-4.678,O=C1N(COC(=O)CCCC)C(=O)C(N1)(c2ccccc2)c3ccccc3
3-Propanoyloxymethylphenytoin,-4.907,O=C1N(COC(=O)CC)C(=O)C(N1)(c2ccccc2)c3ccccc3
"4,4'-PCB",-6.56,Clc1ccc(cc1)c2ccc(Cl)cc2 
4-Bromophenol,-1.09,Oc1ccc(Br)cc1
4-Bromotoluene,-3.19,Cc1ccc(Br)cc1
4-Chloroanisole,-2.78,COc1ccc(Cl)cc1
4-Chlorophenol ,-0.7,Oc1ccc(Cl)cc1
4-Chlorotoluene,-3.08,Cc1ccc(Cl)cc1
4-Ethyltoluene,-3.11,CCc1ccc(C)cc1
4-Heptanol,-1.4,CCCC(O)CCC
4-Heptanone,-1.3,CCCC(=O)CCC
4-hexylresorcinol,-2.59,c1(O)cc(O)ccc1CCCCCC
4-hydroxypyridine,1.02,Oc1ccncc1
4-Isopropyltoluene,-3.77,CC(C)c1ccc(C)cc1
4-methoxypteridine,-1.11,COc1ncnc2nccnc12 
4-Methyl-2-pentanol,-0.8,CC(C)CC(C)O
4-Methyl-2-pentanone,-0.74,CC(C)CC(=O)C
4-Methylbiphenyl,-4.62,Cc1ccc(cc1)c2ccccc2
4-Methylpentanol,-1.14,CC(C)CCCO
4-methylpteridine,-0.466,Cc1ncnc2nccnc12
4-Nitroacetanilide,-2.692,CC(=O)Nc1ccc(cc1)N(=O)=O
4-Pentene-1-ol,-0.15,OCCCC=C
5-(3-Methyl-2-butenyl)-5-ethylbarbital,-2.253,O=C1NC(=O)NC(=O)C1(CC)CC=C(C)C
5-(3-Methyl-2-butenyl)-5-isoPrbarbital,-2.593,O=C1NC(=O)NC(=O)C1(C(C)C)CC=C(C)C
"5,5-Diallylbarbital",-2.077,O=C1NC(=O)NC(=O)C1(CC=C)CC=C
"5,5-Diisopropylbarbital",-2.766,O=C1NC(=O)NC(=O)C1(C(C)C)C(C)C
"5,5-Dimethylbarbituric acid",-1.742,O=C1NC(=O)NC(=O)C1(C)C
"5,6,7,8-tetrahydro-2-naphthol",-1.99,Oc2ccc1CCCCc1c2 
"5,6-Dimethylchrysene",-7.01,Cc1c(C)c2c3ccccc3ccc2c4ccccc14
5-Allyl-5-ethylbarbital,-1.614,O=C1NC(=O)NC(=O)C1(CC)CC=C
5-Allyl-5-isopropylbarbital,-1.708,O=C1NC(=O)NC(=O)C1(C(C)C)CC=C
5-Allyl-5-methylbarbital,-1.16,O=C1NC(=O)NC(=O)C1(C)CC=C
5-Allyl-5-phenylbarbital,-2.369,O=C1NC(=O)NC(=O)C1(CC=C)c1ccccc1
5-Ethyl-5-(3-methylbutyl)barbital,-2.658,O=C1NC(=O)NC(=O)C1(CC)CCC(C)C
5-Ethyl-5-isopropylbarbituric acid,-2.148,O=C1NC(=O)NC(=O)C1(CC)C(C)C
5-Ethyl-5-phenylbarbital,-2.322,O=C1NC(=O)NC(=O)C1(CC)c1ccccc1
5-fluorouracil,-1.077,Fc1c[nH]c(=O)[nH]c1=O 
5-hydroxyquinoline,-2.54,Oc1cccc2ncccc12 
5-Methyl-5-ethylbarbituric acid,-1.228,O=C1NC(=O)NC(=O)C1(C)CC
5-Methylchrysene,-6.59,c1cccc2c3c(C)cc4ccccc4c3ccc12
5-methylcytosine,-1.458,Nc1c(C)c[nH]c(=O)n1 
5-Nonanone,-2.58,CCCCC(=O)CCCC
6-aminochrysene,-6.2,Nc3cc2c1ccccc1ccc2c4ccccc34 
6-hydroxyquinoline,-2.16,Oc2ccc1ncccc1c2 
6-methoxypteridine,-1.139,COc2cnc1ncncc1n2
6-Methylchrysene,-6.57,Cc1cc2c3ccccc3ccc2c4ccccc14
"7,12-Dimethylbenz(a)anthracene",-7.02,Cc1c2ccccc2c(C)c3ccc4ccccc4c13
7-methoxypteridine,-0.91,COc2cnc1cncnc1n2
7-methylpteridine,-0.854,Cc2cnc1cncnc1n2
8-quinolinol,-2.42,Oc1cccc2cccnc12 
"9,10-Dimethylanthracene",-6.57,Cc1c2ccccc2c(C)c3ccccc13
9-anthrol,-4.73,c3ccc2c(O)c1ccccc1cc2c3 
9-Methylanthracene,-5.89,Cc1c2ccccc2cc3ccccc13
Abate,-6.237,COP(=S)(OC)Oc1ccc(Sc2ccc(OP(=S)(OC)OC)cc2)cc1
Acenapthene,-4.63,C1Cc2cccc3cccc1c23
Acenapthylene,-3.96,C1=Cc2cccc3cccc1c23
Acephate,0.54,COP(=O)(NC(C)=O)SC 
Acetamide,1.58,CC(=O)N
Acetanilide,-1.33,CC(=O)Nc1ccccc1
acetazolamide,-2.36,CC(=O)Nc1nnc(s1)S(N)(=O)=O 
Acetonitrile,0.26,CC#N
Acetophenone,-1.28,CC(=O)c1ccccc1
acetyl sulfisoxazole,-3.59,CC(=O)N(S(=O)c1ccc(N)cc1)c2onc(C)c2C 
Acridine,-3.67,c3ccc2nc1ccccc1cc2c3
Acrolein,0.57,C=CC=O
Acrylonitrile,0.15,C=CC#N
adenine,-2.12,Nc1ncnc2nc[nH]c12 
adrenosterone,-3.48,CC34CC(=O)C1C(CCC2=CC(=O)CCC12C)C3CCC4(=O) 
alachlor,-3.26,CCc1cccc(CC)c1N(COC)C(=O)CCl 
aldosterone,-3.85,CC13CCC(=O)C=C1CCC4C2CCC(C(=O)CO)C2(CC(O)C34)C=O 
Aldrin,-6.307,ClC1=C(Cl)C2(Cl)C3C4CC(C=C4)C3C1(Cl)C2(Cl)Cl
allantoin,-1.6,NC(=O)NC1NC(=O)NC1=O 
allicin,-0.83,C=CCS(=O)SCC=C
allopurinol,-2.266,O=c1[nH]cnc2[nH]ncc12 
alloxan,-1.25,O=C1NC(=O)C(=O)C(=O)N1 
alloxantin,-1.99,C1(=O)NC(=O)NC(=O)C1(O)C2(O)C(=O)NC(=O)NC2(=O)
Altretamine,-3.364,CN(C)c1nc(nc(n1)N(C)C)N(C)C
Ametryn,-3.04,CCNc1nc(NC(C)C)nc(SC)n1
Amigdalin,-0.77,OCC3OC(OCC2OC(OC(C#N)c1ccccc1)C(O)C(O)C2O)C(O)C(O)C3O 
Aminocarb,-2.36,CNC(=O)Oc1ccc(N(C)C)c(C)c1
aminopyrine,-0.364,CN(C)c2c(C)n(C)n(c1ccccc1)c2=O 
aminothiazole,-0.36,Nc1nccs1 
Amitraz,-5.47,CN(C=Nc1ccc(C)cc1C)C=Nc2ccc(C)cc2C
Amitrole,0.522,Nc1nc[nH]n1
Amobarbital,-2.468,CCC1(CCC(C)C)C(=O)NC(=O)NC1=O
ampyrone,-0.624,Cc2c(N)c(=O)n(c1ccccc1)n2C
Ancymidol,-2.596,COc1ccc(cc1)C(O)(C2CC2)c3cncnc3 
Androstenedione,-3.69,CC34CCC1C(CCC2=CC(=O)CCC12C)C3CCC4=O
Androsterone,-4.402,CC12CCC(O)CC1CCC3C2CCC4(C)C3CCC4=O
Anethole,-3.13,COc1ccc(C=CC)cc1
Aniline ,-0.41,Nc1ccccc1
Anilofos,-4.432,COP(=S)(OC)SCC(=O)N(C(C)C)c1ccc(Cl)cc1
Anisole,-1.85,COc1ccccc1
Anthracene,-6.35,c1ccc2cc3ccccc3cc2c1
Anthraquinone,-5.19,O=C1c2ccccc2C(=O)c3ccccc13
Antipyrene,0.715,Cc1cc(=O)n(c2ccccc2)n1C
Apazone,-3.538,CCCC1C(=O)N3N(C1=O)c2cc(C)ccc2N=C3N(C)C 
"Atovaquone(0,430mg/ml) - neutral",-5.931,OC4=C(C1CCC(CC1)c2ccc(Cl)cc2)C(=O)c3ccccc3C4=O
Atratone,-2.084,CCNc1nc(NC(C)C)nc(OC)n1
Atrazine,-3.85,CCNc1nc(Cl)nc(NC(C)C)n1
Azintamide,-1.716,CCN(CC)C(=O)CSc1ccc(Cl)nn1
Azobenzene,-4.45,N(=Nc1ccccc1)c2ccccc2
Azodrin,0.651,CNC(=O)C=C(C)OP(=O)(OC)OC
Barban,-4.37,ClCC#CCOC(=O)Nc1cccc(Cl)c1
Barbital,-2.4,O=C1NC(=O)NC(=O)C1(CC)CC
Bendroflumethiazide,-3.59,NS(=O)(=O)c3cc2c(NC(Cc1ccccc1)NS2(=O)=O)cc3C(F)(F)F
Benfluralin,-5.53,CCCCN(CC)c1c(cc(cc1N(=O)=O)C(F)(F)F)N(=O)=O
Benfuracarb,-4.71,CCOC(=O)CCN(SN(C)C(=O)Oc1cccc2CC(C)(C)Oc21)C(C)C
benodanil,-4.21,c1c(NC(=O)c2ccccc2(I))cccc1
Benomyl,-4.883,CCCCNC(=O)n1c(NC(=O)OC)nc2ccccc12
Bensulide,-4.2,CC(C)OP(=S)(OC(C)C)SCCNS(=O)(=O)c1ccccc1
Benzaldehyde,-1.19,O=Cc1ccccc1
Benzamide,-0.96,NC(=O)c1ccccc1
Benzene ,-1.64,c1ccccc1
benzhydrol,-2.55,c1ccccc1C(O)c2ccccc2
Benznidazole,-2.81,O=C(Cn1ccnc1N(=O)=O)NCc2ccccc2
Benzo(a)fluorene,-6.68,C1c2ccccc2c3ccc4ccccc4c13
Benzo(a)pyrene,-8.699,c1ccc2c(c1)cc3ccc4cccc5ccc2c3c45
Benzo(b)fluoranthene,-8.23,c1ccc2c(c1)c3cccc4c3c2cc5ccccc54
Benzo(b)fluorene,-8.04,C1c2ccccc2c3cc4ccccc4cc13
Benzo(e)pyrene,-7.8,c1ccc2c(c1)c3cccc4ccc5cccc2c5c43
Benzo(j)fluoranthene,-8.0,c1ccc2c3c(ccc2c1)c4cccc5cccc3c45
Benzo(k)fluoranthene,-8.49,c1ccc2cc3c4cccc5cccc(c3cc2c1)c45
Benzo[ghi]perylene,-9.018,c1cc2ccc3ccc4ccc5cccc6c(c1)c2c3c4c56
Benzocaine,-2.616,CCOC(=O)c1ccc(N)cc1
benzoin,-2.85,OC(C(=O)c1ccccc1)c2ccccc2
Benzonitrile,-1.0,N#Cc1ccccc1
Benzophenone,-3.12,O=C(c1ccccc1)c2ccccc2
benzothiazole,-1.5,c2ccc1scnc1c2 
Benzotriazole,-0.78,c2ccc1[nH]nnc1c2
Benzoxazole,-1.16,c2ccc1ocnc1c2
Benzylchloride,-2.39,ClCc1ccccc1
Benzyltrifluoride,-2.51,FC(F)(F)c1ccccc1
benzylurea,-0.95,NC(=O)NCc1ccccc1 
Betamethasone-17-valerate,-4.71,CCCCC(=O)OC3(C(C)CC4C2CCC1=CC(=O)C=CC1(C)C2(F)C(O)CC34C)C(=O)CO
Bibenzyl ,-4.62,C(Cc1ccccc1)c2ccccc2
Biphenyl,-4.345,c1ccc(cc1)c2ccccc2
biquinoline,-5.4,c2ccc1nc(ccc1c2)c4ccc3ccccc3n4 
borneol,-2.32,CC1(C)C2CCC1(C)C(O)C2
Bromacil,-2.523,CCC(C)n1c(=O)[nH]c(C)c(Br)c1=O 
bromadiolone,-4.445,OC(CC(c1ccccc1)c3c(O)c2ccccc2oc3=O)c4ccc(cc4)c5ccc(Br)cc5 
Bromobenzene,-2.55,Brc1ccccc1
Bromochloromethane,-0.89,ClCBr
Bromodichloromethane,-1.54,BrC(Cl)Cl
Bromoethane,-1.09,CCBr
Bromomethane,-0.79,CBr
Bromophos,-6.09,COP(=S)(OC)Oc1cc(Cl)c(Br)cc1Cl
bromopropylate,-4.93,CC(C)OC(=O)C(O)(c1ccc(Br)cc1)c2ccc(Br)cc2 
bromoxynil,-3.33,Oc1c(Br)cc(C#N)cc1Br 
brompyrazone,-3.127,c1ccccc1n2ncc(N)c(Br)c2(=O)
bupirimate,-4.16,CCCCc1c(C)nc(NCC)nc1OS(=O)(=O)N(C)C 
Butabarbital,-2.39,O=C1NC(=O)NC(=O)C1(CC)C(C)CC
butacarb,-4.24,c1(C(C)(C)C)cc(C(C)(C)C)cc(OC(=O)NC)c1
butachlor,-4.19,CCCCOCN(C(=O)CCl)c1c(CC)cccc1CC 
butallylonal,-2.647,CCC(C)C1(CC(Br)=C)C(=O)NC(=O)NC1=O 
Butamben,-3.082,CCCCOC(=O)c1ccc(N)cc1
Butan-2-ol,0.47,CCC(C)O
Butane,-2.57,CCCC
Butanethiol ,-2.18,CCCCS
Butethal,-1.661,CCCCC1(CC)C(=O)NC(=O)NC1=O
Buthidazole,-1.877,CN1CC(O)N(C1=O)c2nnc(s2)C(C)(C)C
Buturon,-3.9,CC(C#C)N(C)C(=O)Nc1ccc(Cl)cc1
Butyl acetate,-1.37,CCCCOC=O
Butylate,-3.68,CCSC(=O)N(CC(C)C)CC(C)C
Butylbenzene,-4.06,CCCCc1ccccc1
Butyraldehyde,-0.01,CCCC=O
Caffeine,-0.876,Cn1cnc2n(C)c(=O)n(C)c(=O)c12
Camphor,-1.96,CC1(C)C2CCC1(C)C(=O)C2
Caproaldehyde,-1.3,CCCCCC=O
captafol,-5.4,ClC(Cl)C(Cl)(Cl)SN2C(=O)C1CC=CCC1C2=O 
Carbanilide,-3.15,O=C(Nc1ccccc1)Nc2ccccc2
Carbaryl,-3.224,CNC(=O)Oc1cccc2ccccc12
Carbazole,-5.27,c1ccc2c(c1)[nH]c3ccccc32
Carbetamide,-1.83,c1c(NC(=O)OC(C)C(=O)NCC)cccc1
Carbofuran,-2.8,CNC(=O)Oc1cccc2CC(C)(C)Oc12
Carbophenthion,-5.736,CCOP(=S)(OCC)SCSc1ccc(Cl)cc1
Carboxin,-3.14,CC1=C(SCCO1)C(=O)Nc2ccccc2
Carbromal,-2.68,CCC(Br)(CC)C(=O)NC(N)=O
Carvacrol,-2.08,c1(O)c(C)ccc(C(C)C)c1
Carvone,-2.06,CC(=C)C1CC=C(C)C(=O)C1
chloralose,-1.84,OCC(O)C2OC1OC(OC1C2O)C(Cl)(Cl)Cl 
Chloramphenicol,-2.111,OCC(NC(=O)C(Cl)Cl)C(O)c1ccc(cc1)N(=O)=O
Chlorazine,-4.411,CCN(CC)c1nc(Cl)nc(n1)N(CC)CC
Chlorbromuron,-3.924,CON(C)C(=O)Nc1ccc(Br)c(Cl)c1
Chlorbufam,-2.617,CC(OC(=O)Nc1cccc(Cl)c1)C#C
Chlordane,-6.86,ClC1CC2C(C1Cl)C3(Cl)C(=C(Cl)C2(Cl)C3(Cl)Cl)Cl
Chlordene,-5.64,ClC2=C(Cl)C3(Cl)C1C=CCC1C2(Cl)C3(Cl)Cl 
chlordimeform,-2.86,CN(C)C=Nc1ccc(Cl)cc1C
Chlorimuron-ethyl (ph 7),-4.576,CCOC(=O)c1ccccc1S(=O)(=O)NN(C=O)c2nc(Cl)cc(OC)n2
chloroacetamide,-0.02,NC(=O)CCl 
Chloroacetonitrile,-0.092,ClCC#N
Chlorobenzene,-2.38,Clc1ccccc1
Chlorodibromethane,-1.9,ClC(Br)Br
Chloroethane,-1.06,ClCC
Chloroethylene,-1.75,ClC=C
Chloropham,-3.38,CC(C)OC(=O)Nc1cccc(Cl)c1
Chloropicrin,-2.0,ClC(Cl)(Cl)N(=O)=O
chloropropylate,-4.53,c1ccc(Cl)cc1C(c2ccc(Cl)cc2)(O)C(=O)OC(C)C
Chlorothalonil,-5.64,c1(C#N)c(Cl)c(C#N)c(Cl)c(Cl)c(Cl)1
chlorothiazide,-3.05,NS(=O)(=O)c2cc1c(N=CNS1(=O)=O)cc2Cl 
Chlorotoluron,-3.46,CN(C)C(=O)Nc1ccc(C)c(Cl)c1
Chloroxuron,-4.89,CN(C)C(=O)Nc2ccc(Oc1ccc(Cl)cc1)cc2
chlorpyrifos,-5.67,CCOP(=S)(OCC)Oc1nc(Cl)c(Cl)cc1Cl 
chlorquinox,-5.43,c2(Cl)c(Cl)c(Cl)c1nccnc1c2(Cl) 
Chlorthalidone,-3.451,NS(=O)(=O)c1cc(ccc1Cl)C2(O)NC(=O)c3ccccc23
Chlorzoxazone,-2.831,Clc2ccc1oc(=O)[nH]c1c2
Cholanthrene,-7.85,C1Cc2c3c1cccc3cc4c2ccc5ccccc54
Chrysene,-8.057,c1ccc2c(c1)ccc3c4ccccc4ccc23
"cis 1,2-Dichloroethylene",-1.3,Cl\C=C/Cl
"cis-1,2-Dimethylcyclohexane",-4.3,C/C1CCCCC1\C
cis-2-Pentene,-2.54,CC/C=C\C
citral,-2.06,CC(C)=CCCC(C)=CC(=O)
Clomazone,-2.338,CC1(C)CON(Cc2ccccc2Cl)C1=O
Clonazepam,-3.499,Clc1ccccc1C2=NCC(=O)Nc3ccc(cc23)N(=O)=O
Coronene,-9.332,c1cc2ccc3ccc4ccc5ccc6ccc1c7c2c3c4c5c67
Corticosterone,-3.24,CC12CC(O)C3C(CCC4=CC(=O)CCC34C)C2CCC1C(=O)CO
Cortisone,-3.11,CC12CC(=O)C3C(CCC4=CC(=O)CCC34C)C2CCC1(O)C(=O)CO
cortisone acetate,-4.21,CC(=O)OCC(=O)C3(O)CCC4C2CCC1=CC(=O)CCC1(C)C2C(=O)CC34C 
Coumachlor,-5.839,CC(=O)CC(c1ccc(Cl)cc1)c2c(O)c3ccccc3oc2=O
Coumaphos,-5.382,CCOP(=S)(OCC)Oc2ccc1oc(=O)c(Cl)c(C)c1c2
Coumatetralyl,-2.84,O=c2c(C3CCCc4ccccc43)c(O)c1ccccc1o2 
Cyanazine,-3.15,CCNc1nc(Cl)nc(NC(C)(C)C#N)n1
cycloate,-3.4,CCSC(=O)N(CC)C1CCCCC1 
cyclobarbital,-2.17,CCC1(C(=O)NC(=O)NC1=O)C2=CCCCC2 
Cyclobutyl-5-spirobarbituric acid,-1.655,O=C2NC(=O)C1(CCC1)C(=O)N2
Cycloheptane,-3.51,C1CCCCCC1
Cycloheptanol,-0.88,OC1CCCCCC1
Cycloheptene,-3.18,C1CCC=CCC1
Cycloheptyl-5-spirobarbituric acid,-3.168,O=C2NC(=O)C1(CCCCCC1)C(=O)N2 
Cyclohexane,-3.1,C1CCCCC1
Cyclohexanol ,-0.44,OC1CCCCC1
Cyclohexanone,-0.6,O=C1CCCCC1
Cyclohexene,-2.59,C1CCC=CC1
cycloheximide,-1.13,CC1CC(C)C(=O)C(C1)C(O)CC2CC(=O)NC(=O)C2 
Cyclohexyl-5-spirobarbituric acid,-3.06,O=C2NC(=O)C1(CCCCC1)C(=O)N2
Cyclooctane,-4.15,C1CCCCCCC1
Cyclooctanol,-1.29,OC1CCCCCCC1
Cyclooctyl-5-spirobarbituric acid,-2.982,O=C2NC(=O)C1(CCCCCCC1)C(=O)N2
Cyclopentane ,-2.64,C1CCCC1
Cyclopentene ,-2.1,C1CC=CC1
Cyclopentyl-5-spirobarbituric acid,-2.349,O=C2NC(=O)C1(CCCC1)C(=O)N2
Cyclopropyl-5-spirobarbituric acid,-1.886,O=C2NC(=O)C1(CC1)C(=O)N2 
Cycluron,-2.218,CN(C)C(=O)NC1CCCCCCC1
Cyfluthrin,-7.337,CC1(C)C(C=C(Cl)Cl)C1C(=O)OC(C#N)c2ccc(F)c(Oc3ccccc3)c2
Cyhalothrin,-8.176,CC1(C)C(C=C(Cl)C(F)(F)F)C1C(=O)OC(C#N)c2cccc(Oc3ccccc3)c2
Cypermethrin,-8.017,CC1(C)C(C=C(Cl)Cl)C1C(=O)OC(C#N)c2cccc(Oc3ccccc3)c2
cytosine,-1.155,Nc1cc[nH]c(=O)n1 
Danazol,-5.507,CC23Cc1cnoc1C=C2CCC4C3CCC5(C)C4CCC5(O)C#C
Dapsone,-3.094,Nc1ccc(cc1)S(=O)(=O)c2ccc(N)cc2
DDD,-7.2,ClC(Cl)C(c1ccc(Cl)cc1)c2ccc(Cl)cc2
DDE,-6.9,ClC(Cl)=C(c1ccc(Cl)cc1)c2ccc(Cl)cc2
DDT,-7.15,Clc1ccc(cc1)C(c2ccc(Cl)cc2)C(Cl)(Cl)Cl
Decalin,-5.19,C1CCC2CCCCC2C1
DEF,-5.14,CCCCSP(=O)(SCCCC)SCCCC
Deltamethrin,-8.402,CC1(C)C(C=C(Br)Br)C1C(=O)OC(C#N)c2cccc(Oc3ccccc3)c2
Deoxycorticosterone,-3.45,CC12CCC3C(CCC4=CC(=O)CCC34C)C2CCC1C(=O)CO
deoxycorticosterone acetate,-4.63,CC(=O)OCC(=O)C3CCC4C2CCC1=CC(=O)CCC1(C)C2CCC34C 
Desmedipham,-4.632,CCOC(=O)Nc2cccc(OC(=O)Nc1ccccc1)c2 
Dexamethasone,-3.59,CC1CC2C3CCC4=CC(=O)C=CC4(C)C3(F)C(O)CC2(C)C1(O)C(=O)CO
dexamethasone acetate,-4.9,CC4CC3C2CCC1=CC(=O)C=CC1(C)C2(F)C(O)CC3(C)C4(O)C(=O)COC(C)=O 
D-fenchone,-1.85,CC2(C)C1CCC(C)(C1)C2=O
Di(2-ethylhexyl)-phthalate,-6.96,CCCCC(CC)COC(=O)c1ccccc1C(=O)OCC(CC)CCCC
Dialifor,-6.34,CCOP(=S)(OCC)SC(CCl)N1C(=O)c2ccccc2C1=O
Dialifos,-6.34,CCOP(=S)(OCC)SC(CCl)N2C(=O)c1ccccc1C2=O
Diallate,-4.286,CC(C)N(C(C)C)C(=O)SCC(=CCl)Cl
Diazepam,-3.754,CN2C(=O)CN=C(c1ccccc1)c3cc(Cl)ccc23
Diazinon,-3.64,CCOP(=S)(OCC)Oc1cc(C)nc(n1)C(C)C
Dibenzofurane,-4.6,o1c2ccccc2c3ccccc13
Dibenzothiophene,-4.38,c1ccc2c(c1)sc3ccccc23
Dibromomethane,-1.17,BrCBr
Dibutyl ether ,-1.85,CCCCOCCCC
dibutyl sebacate,-3.896,CCCCOC(=O)CCCCCCCCC(=O)OCCCC
dibutylphthalate,-4.4,CCCCOC(=O)c1ccccc1C(=O)OCCCC 
Dicapthon,-4.31,COP(=S)(OC)Oc1ccc(cc1Cl)N(=O)=O
Dichloromethane,-0.63,ClCCl
Dichlorophen,-3.953,Oc1ccc(Cl)cc1Cc2cc(Cl)ccc2O
Dicofol,-5.666,OC(c1ccc(Cl)cc1)(c2ccc(Cl)cc2)C(Cl)(Cl)Cl
Dieldrin,-6.29,ClC4=C(Cl)C5(Cl)C3C1CC(C2OC12)C3C4(Cl)C5(Cl)Cl
Dienestrol,-4.95,CC=C(C(=CC)c1ccc(O)cc1)c2ccc(O)cc2
Dienochlor,-7.278,ClC1=C(Cl)C(Cl)(C(=C1Cl)Cl)C2(Cl)C(=C(Cl)C(=C2Cl)Cl)Cl
Diethyl ether ,-0.09,CCOCC
Diethyl phthalate ,-2.35,CCOC(=O)c1ccccc1C(=O)OCC
Diethyl sulfide,-1.34,CCSCC
Diethyldisulfide,-2.42,CCSSCC
diethylstilbestrol,-4.07,CCC(=C(CC)c1ccc(O)cc1)c2ccc(O)cc2 
Difenoxuron,-4.16,COc2ccc(Oc1ccc(NC(=O)N(C)C)cc1)cc2
difluron,-6.02,Fc1cccc(F)c1C(=O)NC(=O)Nc2ccc(Cl)cc2
Digitoxin,-5.293,CC1OC(CC(O)C1O)OC2C(O)CC(OC2C)OC8C(O)CC(OC7CCC3(C)C(CCC4C3CCC5(C)C(CCC45O)C6=CC(=O)OC6)C7)OC8C 
"Digoxin (L1=41,8mg/mL, L2=68,2mg/mL, Z=40,1mg/mL)",-4.081,CC1OC(CC(O)C1O)OC2C(O)CC(OC2C)OC8C(O)CC(OC7CCC3(C)C(CCC4C3CC(O)C5(C)C(CCC45O)C6=CC(=O)OC6)C7)OC8C 
Dihexyl phthalate,-6.144,CCCCCCOC(=O)c1ccccc1C(=O)OCCCCCC
Diiodomethane,-2.34,ICI
diisooctyl phthalate,-6.637,c1(C(=O)OCCCCCC(C)(C))c(C(=O)OCCCCCC(C)(C))cccc1
Diisopropyl ether ,-1.1,CC(C)OC(C)C
Diisopropylsulfide,-2.24,CC(C)SC(C)C
Dimecron,0.523,CCN(CC)C(=O)C(=CCOP(=O)(OC)OC)Cl
Dimefuron,-4.328,CN(C)C(=O)Nc1ccc(c(Cl)c1)n2nc(oc2=O)C(C)(C)C
dimetan,-0.85,CN(C)C(=O)OC1=CC(=O)CC(C)(C)C1 
dimethirimol,-2.24,CCCCc1c(C)nc(nc1O)N(C)C 
Dimethoxymethane,0.48,COCOC
Dimethyl phthalate,-1.66,COC(=O)c1ccccc1C(=O)OC
Dimethyl sulfide,-0.45,CSC
Dimethyldisulfide,-1.44,CSSC
Dinitramine,-5.47,CCN(CC)c1c(cc(c(N)c1N(=O)=O)C(F)(F)F)N(=O)=O
Dinoseb,-3.38,CCC(C)c1cc(cc(N(=O)=O)c1O)N(=O)=O 
d-inositol,0.35,OC1C(O)C(O)C(O)C(O)C1O
Di-n-propylsulfide,-2.58,CCCSCCC
dioctyl phthalate,-5.115,CCCCCCCCOC(=O)c1ccccc1C(=O)OCCCCCCCC 
Diosgenin,-7.32,C1C(O)CCC2(C)CC3CCC4(C)C5(C)CC6OCC(C)CC6OC5CC4C3C=C21
Dioxacarb,-1.57,CNC(=O)Oc1ccccc1C2OCCO2
diphenamid,-2.98,CN(C)C(=O)C(c1ccccc1)c2ccccc2 
Diphenyl ether ,-3.96,O(c1ccccc1)c2ccccc2
Diphenylamine,-3.504,N(c1ccccc1)c2ccccc2
Diphenylmethane,-4.08,C(c1ccccc1)c2ccccc2
Dipropyl ether,-1.62,CCCOCCC
Disulfiram,-4.86,CCN(CC)C(=S)SSC(=S)N(CC)CC
Disulfoton,-4.23,CCOP(=S)(OCC)SCCSCC
Ditalimfos,-3.35,CCOP(=S)(OCC)N2C(=O)c1ccccc1C2=O
Diuron,-3.8,CN(C)C(=O)Nc1ccc(Cl)c(Cl)c1
d-Limonene,-4.26,CC1=CCC(CC1)C(C)=C
DNOC,-1.456,Cc1cc(cc(N(=O)=O)c1O)N(=O)=O
Dulcin,-2.17,CCOc1ccc(NC(N)=O)cc1
Dyphylline,-0.17,Cn2c(=O)n(C)c1ncn(CC(O)CO)c1c2=O
Eicosane,-8.172,CCCCCCCCCCCCCCCCCCCC
Epiandrosterone,-4.16,CC34CCC1C(CCC2CC(O)CCC12C)C3CCC4=O
Epitostanol,-5.41,CC45CCC2C(CCC3CC1SC1CC23C)C4CCC5O
Equilenin,-5.24,CC34CCc1c(ccc2cc(O)ccc12)C3CCC4=O
Equilin,-5.282,CC34CCC1C(=CCc2cc(O)ccc12)C3CCC4=O
Eriodictyol,-3.62,Oc2cc(O)c1C(=O)CC(Oc1c2)c3ccc(O)c(O)c3
Erythritol,0.7,OCC(O)C(O)CO
Estradiol,-5.03,CC12CCC3C(CCc4cc(O)ccc34)C2CCC1O
Estragole,-2.92,c1(OC)ccc(CC=C)cc1
estriol,-4.955,CC34CCC1C(CCc2cc(O)ccc12)C3CC(O)C4O 
Estrone,-3.955,CC12CCC3C(CCc4cc(O)ccc34)C2CCC1=O
Ethalfluralin,-6.124,CCN(CC(C)=C)c1c(cc(cc1N(=O)=O)C(F)(F)F)N(=O)=O
Ethane,-1.36,CC
Ethanethiol,-0.6,CCS
Ethanol,1.1,CCO
Ethinyl estradiol,-4.3,CC34CCC1C(CCc2cc(O)ccc12)C3CCC4(O)C#C 
ethiofencarb,-2.09,CCSCc1ccccc1OC(=O)NC 
Ethion,-5.54,CCOP(=S)(OCC)SCSP(=S)(OCC)OCC
Ethirimol,-3.028,CCCCc1c(C)nc(NCC)[nH]c1=O
Ethisterone,-5.66,CC12CCC(=O)C=C1CCC3C2CCC4(C)C3CCC4(O)C#C 
Ethofumesate,-3.42,CCOC2Oc1ccc(OS(C)(=O)=O)cc1C2(C)C
Ethoxyzolamide,-3.81,CCOc2ccc1nc(sc1c2)S(N)(=O)=O 
Ethyl acetate,-0.04,CCOC(=O)C
Ethyl benzoate ,-2.32,CCOC(=O)c1ccccc1
Ethyl butyrate,-1.28,CCCCCOC(=O)CC
ethyl cinnamate,-3.0,CCOC(=O)C=Cc1ccccc1
Ethyl decanoate,-4.1,CCCCCCCCCC(=O)OCC
Ethyl formate,0.15,CCOC=O
Ethyl heptanoate,-2.74,CCCCCCC(=O)OCC
Ethyl hexanoate,-2.35,CCCCCC(=O)OCC
Ethyl nonanoate,-3.8,CCCCCCCCC(=O)OCC
Ethyl octanoate,-3.39,CCCCCCCC(=O)OCC
Ethyl pentanoate,-1.75,CCCOC(=O)CCC
Ethyl propionate,-0.66,CCOC(=O)CC
Ethyl propyl ether,-0.66,CCCOCC
Ethyl vinyl ether,-0.85,CCOC=C
Ethylbenzene,-2.77,CCc1ccccc1
Ethylcyclohexane,-4.25,CCC1CCCCC1
Ethylene,-0.4,C=C
Ethyl-p-hydroxybenzoate ,-2.35,CCOC(=O)c1ccc(O)cc1
Ethyne,0.29,C#C
Etofenprox,-8.6,CCOc1ccc(cc1)C(C)(C)COCc3cccc(Oc2ccccc2)c3
Etomidate,-4.735,CCOC(=O)c1cncn1C(C)c2ccccc2
"Etoposide (148-167,25mg/ml)",-3.571,COc1cc(cc(OC)c1O)C6C2C(COC2=O)C(OC4OC3COC(C)OC3C(O)C4O)c7cc5OCOc5cc67
eucalyptol,-1.64,CC12CCC(CC1)C(C)(C)O2 
Eugenol,-1.56,COc1cc(CC=C)ccc1O
Fenarimol,-4.38,OC(c1ccc(Cl)cc1)(c2cncnc2)c3ccccc3Cl
Fenfuram,-3.3,Cc1occc1C(=O)Nc2ccccc2
Fenitrothion,-4.04,COP(=S)(OC)Oc1ccc(N(=O)=O)c(C)c1
Fenothiocarb,-3.927,CN(C)C(=O)SCCCCOc1ccccc1
Fenoxycarb,-4.7,CCOC(=O)NCCOc2ccc(Oc1ccccc1)cc2
Fenpropathrin,-6.025,CC1(C)C(C(=O)OC(C#N)c2cccc(Oc3ccccc3)c2)C1(C)C
fensulfothion,-2.3,CCOP(=S)(OCC)Oc1ccc(cc1)S(C)=O 
Fenthion,-4.57,COP(=S)(OC)Oc1ccc(SC)c(C)c1
Fenuron,-1.6,CN(C)C(=O)Nc1ccccc1
fluconazole,-1.8,OC(Cn1cncn1)(Cn2cncn2)c3ccc(F)cc3F 
Flucythrinate,-6.876,CC(C)C(C(=O)OC(C#N)c1cccc(Oc2ccccc2)c1)c3ccc(OC(F)F)cc3
Flucytosine,-0.972,Nc1nc(=O)[nH]cc1F
Fludrocortisone,-3.43,CC34CC(O)C1(F)C(CCC2=CC(=O)CCC12C)C3CCC4(O)C(=O)CO 
Flumethasone,-5.613,CC1CC2C3CC(F)C4=CC(=O)C=CC4(C)C3(F)C(O)CC2(C)C1(O)C(=O)CO
Flumetralin,-6.78,CCN(Cc1c(F)cccc1Cl)c2c(cc(cc2N(=O)=O)C(F)(F)F)N(=O)=O
Fluometuron,-3.43,CN(C)C(=O)Nc1cccc(c1)C(F)(F)F
Fluoranthene,-6.0,c1ccc2c(c1)c3cccc4cccc2c34
Fluorene ,-5.0,C1c2ccccc2c3ccccc13
Fluorobenzene,-1.8,Fc1ccccc1
Fluoromethalone,-4.099,CC1CC2C3CCC(O)(C(=O)C)C3(C)CC(O)C2(F)C4(C)C=CC(=O)C=C14
Fluridone,-4.445,Cn2cc(c1ccccc1)c(=O)c(c2)c3cccc(c3)C(F)(F)F
Flurochloridone,-4.047,FC(F)(F)c1cccc(c1)N2CC(CCl)C(Cl)C2=O
Flutriafol,-3.37,OC(Cn1cncn1)(c2ccc(F)cc2)c3ccccc3F
Fluvalinate,-8.003,CC(C)C(Nc1ccc(cc1Cl)C(F)(F)F)C(=O)OC(C#N)c2cccc(Oc3ccccc3)c2
Formetanate,-2.34,CNC(=O)Oc1cccc(N=CN(C)C)c1
Formothion,-1.995,COP(=S)(OC)SCC(=O)N(C)C=O
Fructose,0.64,OCC1OC(O)(CO)C(O)C1O
Furane,-0.82,c1ccoc1
Furfural,-0.1,O=Cc1ccco1
gentisin,-2.943,c1c(O)C2C(=O)C3cc(O)ccC3OC2cc1(OC)
Glafenine,-4.571,OCC(O)COC(=O)c1ccccc1Nc2ccnc3cc(Cl)ccc23
glucose,0.74,OCC1OC(O)C(O)C(O)C1O
Glutethimide,-2.337,CCC1(CCC(=O)NC1=O)c2ccccc2 
Glycerol,1.12,OCC(O)CO
Glyceryl triacetate,-0.6,CC(=O)OCC(COC(=O)C)OC(=O)C
Griseofulvin,-3.246,COC1=CC(=O)CC(C)C13Oc2c(Cl)c(OC)cc(OC)c2C3=O
Guaiacol,-1.96,COc1ccccc1O 
guanine,-3.583,Nc2nc1[nH]cnc1c(=O)[nH]2 
halothane,-1.71,FC(F)(F)C(Cl)Br 
hematein,-2.7,c1cc(O)c(O)c2OCC3(O)CC4=CC(=O)C(O)=CC4=C3c21
Heptachlor,-6.317,ClC1C=CC2C1C3(Cl)C(=C(Cl)C2(Cl)C3(Cl)Cl)Cl
Heptane,-4.53,CCCCCCC
"Hexachloro-1,3-butadiene",-4.92,ClC(=C(Cl)C(=C(Cl)Cl)Cl)Cl
Hexachloroethane,-3.67,ClC(Cl)(Cl)C(Cl)(Cl)Cl
hexacosane,-8.334,CCCCCCCCCCCCCCCCCCCCCCCCCC
Hexadecane,-8.4,CCCCCCCCCCCCCCCC
Hexamethylbenzene,-5.23,Cc1c(C)c(C)c(C)c(C)c1C
Hexane ,-3.84,CCCCCC
Hexestrol,-4.43,CCC(C(CC)c1ccc(O)cc1)c2ccc(O)cc2
Hexylbenzene ,-5.21,CCCCCCc1ccccc1
hydantoin,-0.4,O=C1CNC(=O)N1 
hydrazobenzene,-2.92,N(Nc1ccccc1)c2ccccc2 
hydrobenzoin,-1.93,c1ccccc1C(O)C(O)c2ccccc2
hydrochlorothiazide,-2.63,NS(=O)(=O)c2cc1c(NCNS1(=O)=O)cc2Cl 
Hydrocortisone ,-3.09,CC12CC(O)C3C(CCC4=CC(=O)CCC34C)C2CCC1(O)C(=O)CO
Hydrocortisone 21-acetate,-4.88,CC(=O)OCC(=O)C1(O)CCC2C3CCC4=CC(=O)CCC4(C)C3C(O)CC21C
hydroxychlordene,-5.46,OC1C=CC2C1C3(Cl)C(=C(Cl)C2(Cl)C3(Cl)Cl)Cl 
Hydroxyprogesterone-17a,-3.817,CC(=O)C1(O)CCC2C3CCC4=CC(=O)CCC4(C)C3CCC21C
Hypoxanthine,-2.296,O=c1[nH]cnc2nc[nH]c12 
Indan,-3.04,C1Cc2ccccc2C1
Indapamide,-3.586,CC2Cc1ccccc1N2NC(=O)c3ccc(Cl)c(c3)S(N)(=O)=O 
indazole,-2.16,c2ccc1[nH]ncc1c2 
Indole,-1.52,c2ccc1[nH]ccc1c2
indoline,-1.04,c2ccc1NCCc1c2 
Inosine,-1.23,OCC1OC(C(O)C1O)n2cnc3c(O)ncnc23
Iodobenzene,-3.01,Ic1ccccc1
Iodoethane,-1.6,CCI
Iodofenphos,-6.62,COP(=S)(OC)Oc1cc(Cl)c(I)cc1Cl
Iodomethane,-1.0,CI
Ioxynil,-3.61,Oc1c(I)cc(C#N)cc1I
Ipazine,-3.785,CCN(CC)c1nc(Cl)nc(NC(C)C)n1
Isazofos,-3.658,CCOP(=S)(OCC)Oc1nc(Cl)n(n1)C(C)C
Isobutyl acetate,-1.21,CC(C)COC(=O)C
Isobutyl formate,-1.01,CC(C)COC=O
Isobutylbenzene,-4.12,CC(C)Cc1ccccc1
isocarbamid,-2.15,C1N(C(=O)NCC(C)C)C(=O)NC1
Isocarboxazid,-2.461,Cc1cc(no1)C(=O)NNCc2ccccc2
Isofenphos,-4.194,CCOP(=S)(NC(C)C)Oc1ccccc1C(=O)OC(C)C
isoguanine,-3.401,Nc1nc(O)nc2nc[nH]c12 
Isonazid,0.009,c1nccc(C(=O)NN)c1
Isopentyl acetate,-1.92,CC(C)CCOC(=O)C
Isopentyl formate,-1.52,CC(C)CCOC=O
isophorone,-1.06,CC1=CC(=O)CC(C)(C)C1 
Isoprocarb,-2.863,CNC(=O)Oc1ccccc1C(C)C
Isopropalin,-6.49,CCCN(CCC)c1c(cc(cc1N(=O)=O)C(C)C)N(=O)=O
Isopropyl acetate,-0.55,CC(C)OC(=O)C
Isopropyl formate,-0.63,CC(C)OC=O
Isopropylbenzene ,-3.27,CC(C)c1ccccc1
Isoproturon,-3.536,CC(C)c1ccc(NC(=O)N(C)C)cc1
Isoquinoline,-1.45,c1ccc2cnccc2c1
karbutilate,-2.93,CN(C)C(=O)Nc1cccc(OC(=O)NC(C)(C)C)c1 
kebuzone,-3.27,CC(=O)CCC1C(=O)N(N(C1=O)c2ccccc2)c3ccccc3
Kepone,-5.259,ClC1(C(=O)C2(Cl)C3(Cl)C14Cl)C5(Cl)C2(Cl)C3(Cl)C(Cl)(Cl)C45Cl
Khellin,-3.021,COc2c1occc1c(OC)c3c(=O)cc(C)oc23 
Lactose,-0.244,OCC1OC(OC2C(O)C(O)C(O)OC2CO)C(O)C(O)C1O
L-arabinose,0.39,C1OC(O)C(O)C(O)C1O
Lenacil,-4.594,O=c2[nH]c1CCCc1c(=O)n2C3CCCCC3
linalool,-1.99,CC(C)=CCCC(O)(C)C=C
Lindane,-4.64,ClC1C(Cl)C(Cl)C(Cl)C(Cl)C1Cl
Linuron,-3.592,CON(C)C(=O)Nc1ccc(Cl)c(Cl)c1
Lorazepam,-3.604,OC3N=C(c1ccccc1Cl)c2cc(Cl)ccc2NC3=O
Lovastatin,-6.005,CCC(C)C(=O)OC2CC(C)C=C3C=CC(C)C(CCC1CC(O)CC(=O)O1)C23 
Malathion,-3.37,CCOC(=O)CC(SP(=S)(OC)OC)C(=O)OCC
Malonic acid diethylester,-0.82,CCOC(=O)CC(=O)OCC
mannitol,0.06,OCC(O)C(O)C(O)C(O)CO 
m-Chloroaniline,-1.37,Nc1cccc(Cl)c1
m-Chlorobromobenzene,-3.21,Clc1cccc(Br)c1
m-Chloroiodobenzene,-3.55,Clc1cccc(I)c1
m-Chloronitrobenzene ,-2.77,Clc1cccc(c1)N(=O)=O
Mebendazole,-3.88,COC(=O)Nc2nc1ccc(cc1[nH]2)C(=O)c3ccccc3
Mecarbam,-2.518,CCOC(=O)N(C)C(=O)CSP(=S)(OCC)OCC
meconin,-1.899,c1c(OC)c(OC)C2C(=O)OCC2c1
Medrogestone,-5.27,CC(=O)C3(C)CCC4C2C=C(C)C1=CC(=O)CCC1(C)C2CCC34C
Mefenacet,-4.873,CN(C(=O)COc1nc2ccccc2s1)c3ccccc3
Mefluidide,-3.24,CC(=O)Nc1cc(NS(=O)(=O)C(F)(F)F)c(C)cc1C
megestrol acetate,-5.35,CC(=O)OC3(CCC4C2C=C(C)C1=CC(=O)CCC1(C)C2CCC34C)C(C)=O 
Menadione,-3.03,CC2=CC(=O)c1ccccc1C2=O 
menthol,-2.53,CC(C)C1CCC(C)CC1O 
Menthone,-2.35,CC(C)C1CCC(C)CC1=O
Meprobamate,-1.807,CCCC(C)(COC(N)=O)COC(N)=O 
mercaptobenzothiazole,-3.18,Sc2nc1ccccc1s2 
metalaxyl,-1.601,COCC(=O)N(C(C)C(=O)OC)c1c(C)cccc1C 
Methane,-0.9,C
Methanol,1.57,CO
Methaqualone,-2.925,Cc1ccccc1n3c(C)nc2ccccc2c3=O
metharbital,-2.23,CCC1(CC)C(=O)NC(=O)N(C)C1=O 
Methazole,-2.82,Cn2c(=O)on(c1ccc(Cl)c(Cl)c1)c2=O
Methocarbamol,-0.985,COc1ccccc1OCC(O)COC(N)=O
Methoprene,-5.19,COC(C)(C)CCCC(C)CC=CC(C)=CC(=O)OC(C)C
Methoproptryne,-2.928,COCCCNc1nc(NC(C)C)nc(SC)n1
Methoxsalen,-3.664,COc2c1occc1cc3ccc(=O)oc23 
Methoxychlor,-6.89,COc1ccc(cc1)C(c2ccc(OC)cc2)C(Cl)(Cl)Cl
Methyl acetate,0.46,COC(=O)C
Methyl acrylate,-0.22,COC(=O)C=C
Methyl benzoate ,-1.85,COC(=O)c1ccccc1
Methyl butyl ether ,-0.99,CCCCOC
Methyl butyrate,-0.82,CCCOC(=O)CC
Methyl decanoate,-4.69,CCCCCCCCCC(=O)OC
Methyl formate,0.58,COC=O
methyl gallate,-1.24,COC(=O)c1cc(O)c(O)c(O)c1 
Methyl hexanoate,-1.87,CCCCCC(=O)OC
Methyl hydrazine,1.34,CNN
methyl laurate,-4.69,CCCCCCCCCCCC(=O)OC
methyl nicotinate,-0.46,COC(=O)c1cccnc1 
Methyl nonanoate,-3.38,CCCCCCCCC(=O)OC
Methyl octanoate,-3.17,CCCCCCCC(=O)OC
Methyl pentanoate,-1.36,CCCC(=O)OCC
Methyl propionate,-0.14,CCC(=O)OC
Methyl propyl ether ,-0.39,CCCOC
Methyl t-butyl ether ,-0.24,COC(C)(C)C
Methylcyclohexane ,-3.85,CC1CCCCC1
Methylcyclopentane,-3.3,CC1CCCC1
Methyldymron,-3.35,CN(C(=O)NC(C)(C)c1ccccc1)c2ccccc2
Methylparaben,-1.827,COC(=O)c1ccc(O)cc1
methyltestosterone acetate,-5.284,CC(=O)OC3(C)CCC4C2CCC1=CC(=O)CCC1(C)C2CCC34C 
methylthiouracil,-2.436,Cc1cc(=O)[nH]c(=S)[nH]1
Metolachlor,-2.73,CCc1cccc(C)c1N(C(C)COC)C(=O)CCl 
Metolazone,-3.78,CC2Nc1cc(Cl)c(cc1C(=O)N2c3ccccc3C)S(N)(=O)=O 
Metolcarb,-1.803,c1ccccc1(OC(=O)NC)
Metoxuron,-2.564,COc1ccc(NC(=O)N(C)C)cc1Cl
Metranidazole,-1.26,Cc1ncc(N(=O)=O)n1CCO 
Metribuzin,-2.253,CSc1nnc(c(=O)n1N)C(C)(C)C
Metronidazole,-1.22,Cc1ncc(N(=O)=O)n1CCO
m-Fluorobromobenzene,-2.67,Fc1cccc(Br)c1
Minoxidil,-1.989,Nc1cc(nc(N)n1=O)N2CCCCC2 
Mirex,-6.8,ClC1(C2(Cl)C3(Cl)C4(Cl)C5(Cl)C1(Cl)C3(Cl)Cl)C5(Cl)C(Cl)(Cl)C24Cl
m-Methylaniline,-0.85,Cc1cccc(N)c1
m-Nitroaniline,-2.19,Nc1cccc(c1)N(=O)=O
m-Nitrophenol,-1.01,Oc1cccc(c1)N(=O)=O
m-Nitrotoluene,-2.44,Cc1cccc(c1)N(=O)=O
Monolinuron,-2.57,CON(C)C(=O)Nc1ccc(Cl)cc1
Monotropitoside,-0.742,COC(=O)c1ccccc1OC2OC(COC3OCC(O)C(O)C3O)C(O)C(O)C2O
Monuron,-2.89,CN(C)C(=O)Nc1ccc(Cl)cc1
Morin,-3.083,Oc1ccc(c(O)c1)c3oc2cc(O)cc(O)c2c(=O)c3O 
m-Xylene ,-2.82,Cc1cccc(C)c1
"N,N-Diethylaniline",-3.03,CCN(CC)c1ccccc1
"N,N-Dimethylacetamide",1.11,CN(C)C(=O)C
"N,N-Dimethylaniline",-1.92,CN(C)c1ccccc1
Naled,-2.28,COP(=O)(OC)OC(Br)C(Cl)(Cl)Br
Napropamide,-3.57,CCN(CC)C(=O)C(C)Oc1cccc2ccccc12 
Napthacene,-8.6,c1ccc2cc3cc4ccccc4cc3cc2c1
Napthalene,-3.6,c1ccc2ccccc2c1
Neburon,-4.77,CCCCN(C)C(=O)Nc1ccc(Cl)c(Cl)c1
Nerol,-2.46,CC(C)=CCC/C(C)=C\CO
N-Ethylaniline,-1.7,CCNc1ccccc1
nevirapine,-3.19,Cc3ccnc4N(C1CC1)c2ncccc2C(=O)Nc34 
Niclosamide,-4.7,Oc1ccc(Cl)cc1C(=O)Nc2ccc(cc2Cl)N(=O)=O
nicotinamide,0.61,NC(=O)c1cccnc1 
nifedipine,-4.76,COC(=O)C1=C(C)NC(=C(C1c2ccccc2N(=O)=O)C(=O)OC)C 
nifuroxime,-2.19,ON=Cc1ccc(o1)N(=O)=O 
Nimetazepam,-3.796,CN2C(=O)CN=C(c1ccccc1)c3cc(ccc23)N(=O)=O
Niridazole,-3.22,O=C1NCCN1c2ncc(s2)N(=O)=O
Nitrapyrin,-3.76,Clc1cccc(n1)C(Cl)(Cl)Cl
Nitrazepam,-3.796,O=C3CN=C(c1ccccc1)c2cc(ccc2N3)N(=O)=O
Nitrobenzene,-1.8,O=N(=O)c1ccccc1
Nitroethane,-0.22,CCN(=O)=O
Nitrofen,-5.46,Clc2ccc(Oc1ccc(cc1)N(=O)=O)c(Cl)c2
nitrofurantoin,-3.38,O=C2CN(N=Cc1ccc(o1)N(=O)=O)C(=O)N2 
nitroglycerin,-2.22,O=N(=O)OCC(CON(=O)=O)ON(=O)=O 
Nitromethane,0.26,CN(=O)=O
N-Methylaniline ,-1.28,CNc1ccccc1
Nonane,-5.88,CCCCCCCCC
norbormide,-3.931,OC(C1=CC2C5C(C1C2=C(c3ccccc3)c4ccccn4)C(=O)NC5=O)(c6ccccc6)c7ccccn7 
Norea,-3.171,CN(C)C(=O)NC1CC2CC1C3CCCC23
norethindrone acetate,-4.8,CC(=O)OC3(CCC4C2CCC1=CC(=O)CCC1C2CCC34C)C#C
Norethisterone,-4.57,CC34CCC1C(CCC2=CC(=O)CCC12O)C3CCC4(O)C#C
norflurazon,-4.046,CNc2cnn(c1cccc(c1)C(F)(F)F)c(=O)c2Cl
"O,P'-DDD",-6.51,ClC(Cl)C(c1ccc(Cl)cc1)c2ccccc2Cl 
o-Aminophenol,-0.72,Nc1ccccc1O
o-Chloroaniline,-1.52,Nc1ccccc1Cl
o-Chlorobromobenzene,-3.19,Clc1ccccc1Br
o-Chloroiodobenzene,-3.54,Clc1ccccc1I
o-Chloronitrobenzene,-2.55,Clc1ccccc1N(=O)=O
Octane,-5.24,CCCCCCCC
O-Ethyl carbamate,0.85,CCOC(=O)N
o-Fluorobromobenzene,-2.7,Fc1ccccc1Br
o-Hydroxybenzamide,-1.82,NC(=O)c1ccccc1O
o-Methoxyphenol,-1.96,COc1ccccc1O
o-Nitroaniline,-1.96,Nc1ccccc1N(=O)=O
o-Nitroanisole,-1.96,COc1ccccc1N(=O)=O
o-Nitrophenol,-1.74,Oc1ccccc1N(=O)=O
o-Nitrotoluene,-2.33,Cc1ccccc1N(=O)=O
oryzalin,-5.16,CCCN(CCC)c1c(cc(cc1N(=O)=O)S(N)(=O)=O)N(=O)=O
osthole,-4.314,c1cc2ccc(OC)c(CC=C(C)(C))c2oc1=O 
o-Toluidine,-2.21,Cc1ccccc1N
Oxadiazon,-5.696,CC(C)Oc1cc(c(Cl)cc1Cl)n2nc(oc2=O)C(C)(C)C
Oxamyl,0.106,CNC(=O)ON=C(SC)C(=O)N(C)C
Oxazepam,-3.952,OC3N=C(c1ccccc1)c2cc(Cl)ccc2NC3=O 
Oxycarboxin,-2.281,CC1=C(C(=O)Nc2ccccc2)S(=O)(=O)CCO1
o-Xylene ,-2.8,Cc1ccccc1C
oxyphenbutazone,-3.73,CCCCC1C(=O)N(N(C1=O)c2ccc(O)cc2)c3ccccc3 
"p,p'-Biphenyldiamine ",-2.7,Nc1ccc(cc1)c2ccc(N)cc2
"P,P'-DDD",-7.2,ClC(Cl)C(c1ccc(Cl)cc1)c2ccc(Cl)cc2 
p-Aminophenol,-0.8,Nc1ccc(O)cc1
parabanic acid,-0.4,O=C1NC(=O)C(=O)N1 
Parathion,-4.66,CCOP(=S)(OCC)Oc1ccc(cc1)N(=O)=O
p-Bromoacetanilide,-3.083,CC(=O)Nc1ccc(Br)cc1
p-Bromoiodobenzene,-4.56,Brc1ccc(I)cc1
p-Chloroacetanilide,-2.843,CC(=O)Nc1ccc(Cl)cc1
p-Chloroaniline,-1.66,Nc1ccc(Cl)cc1
p-Chlorobromobenzene,-3.63,Clc1ccc(Br)cc1
p-Chloroiodobenzene,-4.03,Clc1ccc(I)cc1
p-Chloronitrobenzene,-2.92,Clc1ccc(cc1)N(=O)=O
p-Cresol,-0.73,Cc1ccc(O)cc1
Pebulate,-3.53,CCCCN(CC)C(=O)SCCC
Pencycuron,-5.915,Clc1ccc(CN(C2CCCC2)C(=O)Nc3ccccc3)cc1
Pentachlorobenzene,-5.65,Clc1cc(Cl)c(Cl)c(Cl)c1Cl
Pentachloroethane,-2.6,ClC(Cl)C(Cl)(Cl)Cl
Pentachlorophenol,-4.28,Oc1c(Cl)c(Cl)c(Cl)c(Cl)c1Cl
Pentamethylbenzene,-4.0,Cc1cc(C)c(C)c(C)c1C
Pentane,-3.18,CCCCC
Pentobarbital,-2.39,O=C1NC(=O)NC(=O)C1(CC)C(C)CCC
Pentyl acetate,-1.89,CCCCCOC(=O)C
Pentyl propanoate,-2.25,CCCCC(=O)OCC
Pentylbenzene,-4.64,CCCCCc1ccccc1
Pentylcyclopentane,-6.08,CCCCCC1CCCC1
Perfluidone,-3.8,Cc1cc(ccc1NS(=O)(=O)C(F)(F)F)S(=O)(=O)c2ccccc2
Permethrin,-6.291,CC1(C)C(C=C(Cl)Cl)C1C(=O)OCc2cccc(Oc3ccccc3)c2
Perylene,-8.804,c1cc2cccc3c4cccc5cccc(c(c1)c23)c54
p-Fluoroacetanilide,-1.78,CC(=O)Nc1ccc(F)cc1
Phenacetin,-2.35,CCOc1ccc(NC(=O)C)cc1
Phenanthrene,-5.26,c1ccc2c(c1)ccc3ccccc32
phenanthridine,-2.78,c1ccc2c(c1)cnc3ccccc23 
Phenetole,-2.33,CCOc1ccccc1
Phenmedipham,-4.805,COC(=O)Nc1cccc(OC(=O)Nc2cccc(C)c2)c1
phenobarbital,-2.322,CCC1(C(=O)NC(=O)NC1=O)c2ccccc2 
Phenol,0.0,c1ccccc1O
phenolphthalein,-2.9,Oc1ccc(cc1)C2(OC(=O)c3ccccc23)c4ccc(O)cc4 
phenothrin,-5.24,CC(C)=CC3C(C(=O)OCc2cccc(Oc1ccccc1)c2)C3(C)C 
phenylbutazone,-3.81,CCCCC1C(=O)N(N(C1=O)c2ccccc2)c3ccccc3 
Phenylhydrazine,0.07,NNc1ccccc1
Phenylmethanol,-0.4,OCc1ccccc1
Phenylthiourea,-1.77,NC(=S)Nc1ccccc1
Phenytoin,-4.097,O=C1NC(=O)C(N1)(c2ccccc2)c3ccccc3
Phorate,-4.11,CCOP(=S)(OCC)SCSCC
Phosalone,-5.233,CCOP(=S)(OCC)SCn1c(=O)oc2cc(Cl)ccc12
Phoxim,-4.862,CCOP(=S)(OCC)ON=C(C#N)c1ccccc1
phthalamide,-2.932,c1cC2C(=O)NC(=O)C2cc1
phthalimide,-2.61,O=C1NC(=O)c2ccccc12 
Phthalonitrile,-2.38,N#Cc1ccccc1C#N
p-Hydroxyacetanilide,-1.03,CC(=O)Nc1ccc(O)cc1
p-Hydroxybenzaldehyde ,-0.96,Oc1ccc(C=O)cc1
Picene,-7.87,c1ccc2c(c1)ccc3c2ccc4c5ccccc5ccc43
Piperine,-3.46,O=C(C=CC=Cc2ccc1OCOc1c2)N3CCCCC3
piperonal,-1.63,O=Cc2ccc1OCOc1c2 
Piperophos,-4.15,CCCOP(=S)(OCCC)SCC(=O)N1CCCCC1C
Pirimicarb,-1.95,CN(C)C(=O)Oc1nc(nc(C)c1C)N(C)C
piroxicam,-4.16,CN2C(=C(O)c1ccccc1S2(=O)=O)C(=O)Nc3ccccn3 
p-Methoxybenzaldehyde,-1.49,COc1ccc(C=O)cc1
p-Methylaniline ,-1.21,Cc1ccc(N)cc1
p-Nitroaniline,-2.37,Nc1ccc(cc1)N(=O)=O
p-Nitroanisole,-2.41,COc1ccc(cc1)N(=O)=O
p-Nitrophenol,-0.74,Oc1ccc(cc1)N(=O)=O
p-Nitrotoluene,-2.49,Cc1ccc(cc1)N(=O)=O
p-Phenylphenol,-3.48,Oc1ccc(cc1)c2ccccc2
Prasterone,-4.12,CC34CCC1C(CC=C2CC(O)CCC12C)C3CCC4=O
Prednisolone,-3.18,CC12CC(O)C3C(CCC4=CC(=O)C=CC34C)C2CCC1(O)C(=O)CO
prednisolone acetate,-4.37,CC(=O)OCC(=O)C3(O)CCC4C2CCC1=CC(=O)C=CC1(C)C2C(O)CC34C 
pregnenolone,-4.65,CC(=O)C3CCC4C2CC=C1CC(O)CCC1(C)C2CCC34C 
Primidone,-2.64,CCC1(C(=O)NCNC1=O)c2ccccc2
probarbital,-2.21,CCC1(C(C)C)C(=O)NC(=O)NC1=O 
Procymidone,-4.8,CC12CC2(C)C(=O)N(C1=O)c3cc(Cl)cc(Cl)c3
Progesterone,-4.42,CC(=O)C1CCC2C3CCC4=CC(=O)CCC4(C)C3CCC12C
Prometon,-2.478,COc1nc(NC(C)C)nc(NC(C)C)n1
Prometryn,-4.1,CSc1nc(NC(C)C)nc(NC(C)C)n1
propachlor,-2.48,CC(C)N(C(=O)CCl)c1ccccc1 
Propane,-1.94,CCC
Propanil,-3.0,CCC(=O)Nc1ccc(Cl)c(Cl)c1
Propazine,-4.43,CC(C)Nc1nc(Cl)nc(NC(C)C)n1
Propetamphos,-3.408,CCNP(=S)(OC)OC(=CC(=O)OC(C)C)C
Propiconazole,-3.493,CCCC1COC(Cn2cncn2)(O1)c3ccc(Cl)cc3Cl
Propionaldehyde,0.58,CCC=O
Propionitrile,0.28,CCC#N
Propoxur,-2.05,CNC(=O)Oc1ccccc1OC(C)C
Propyl acetate,-0.72,CCCOC(=O)C
Propyl butyrate,-1.92,CCCC(=O)OC
Propyl formate,-0.49,CCCOC=O
Propyl propanoate,-1.34,CCCCC(=O)OC
Propylbenzene ,-3.37,CCCc1ccccc1
Propylcyclopentane,-4.74,CCCC1CCCC1
Propylene,-1.08,CC=C
Propylisopropylether,-1.34,CCCOC(C)C
Propyne,-0.41,CC#C
p-t-Butylphenol,-2.41,CC(C)(C)c1ccc(O)cc1
Pteridine,0.02,c2cnc1ncncc1n2
p-terphenyl,-7.11,c1ccc(cc1)c2ccc(cc2)c3ccccc3
p-Toluenesulfonamide ,-1.74,Cc1ccc(cc1)S(=O)(=O)N
p-Xylene ,-2.77,Cc1ccc(C)cc1
pyracarbolid,-2.56,CC1=C(CCCO1)C(=O)Nc2ccccc2 
Pyrazinamide,-0.667,NC(=O)c1cnccn1
Pyrazon,-2.878,Nc2cnn(c1ccccc1)c(=O)c2Cl
Pyrene,-6.176,c1cc2ccc3cccc4ccc(c1)c2c34
Pyridazine,1.1,c1ccnnc1
Pyridine,0.76,c1ccncc1
Pyrimidine,1.1,c1cncnc1
Pyrolan,-2.09,CN(C)C(=O)Oc1cc(C)nn1c2ccccc2
Quinethazone,-3.29,CCC2NC(=O)c1cc(c(Cl)cc1N2)S(N)(=O)=O
Quinoline,-1.3,c1ccc2ncccc2c1
Quinonamid,-5.03,ClC(Cl)CC(=O)NC2=C(Cl)C(=O)c1ccccc1C2=O
Quintozene,-5.82,Clc1c(Cl)c(Cl)c(N(=O)=O)c(Cl)c1Cl
Raffinose,-0.41,OCC1OC(CO)(OC2OC(COC3OC(CO)C(O)C(O)C3O)C(O)C(O)C2O)C(O)C1O
Reposal,-2.696,CCC1(C(=O)NC(=O)NC1=O)C2=CCC3CCC2C3
Reverse Transcriptase inhibitor 1,-2.62,CCN2c1ncccc1N(C)C(=O)c3cccnc23 
rhodanine,-1.77,C1SC(=S)NC1(=O)
Riboflavin,-3.685,Cc3cc2nc1c(=O)[nH]c(=O)nc1n(CC(O)C(O)C(O)CO)c2cc3C
Risocaine,-2.452,CCCOC(=O)c1ccc(N)cc1
Ronnel,-5.72,COP(=S)(OC)Oc1cc(Cl)c(Cl)cc1Cl
Rotenone,-4.42,COc5cc4OCC3Oc2c1CC(Oc1ccc2C(=O)C3c4cc5OC)C(C)=C 
Rovral,-4.376,CC(C)NC(=O)N1CC(=O)N(C1=O)c2cc(Cl)cc(Cl)c2
RTI 10,-3.672,O2c1ccccc1N(C)C(=O)c3cccnc23 
RTI 11,-3.928,O2c1ccc(N)cc1N(C)C(=O)c3cc(C)ccc23 
RTI 12,-4.114,CCN2c1nc(Cl)ccc1N(C)C(=O)c3cccnc23 
RTI 13,-4.207,CCN2c1nc(C)cc(C(F)(F)F)c1NC(=O)c3cccnc23 
RTI 15,-4.554,CCN2c1nc(C)cc(C)c1NC(=O)c3cccnc23 
RTI 16,-4.634,CCN2c1ncccc1N(C)C(=S)c3cccnc23 
RTI 17,-4.706,CCN2c1ccccc1N(C)C(=S)c3cccnc23 
RTI 19,-4.749,CCN2c1ccccc1N(C)C(=O)c3ccccc23 
RTI 2,-2.86,CCN2c1ncccc1N(CC)C(=O)c3cccnc23 
RTI 20,-4.799,C2c1ccccc1N(CCF)C(=O)c3ccccc23 
RTI 22,-4.871,CCN2c1cc(N(C)C)cc(C)c1NC(=O)c3cccnc23 
RTI 23,-5.153,CCN2c1cc(OC)cc(C)c1NC(=O)c3cccnc23 
RTI 24,-5.36,CCN2c1cc(Cl)ccc1NC(=O)c3cccnc23 
RTI 3,-3.043,O2c1cc(C)ccc1N(C)C(=O)c3cc(N)cnc23 
RTI 5,-3.324,CCN2c1ccccc1N(C)C(=O)c3cccnc23 
RTI 6,-3.36,CCN2c1nc(N(C)(CCO))ccc1NC(=O)c3cccnc23 
RTI 9,-3.68,O2c1ccccc1N(CC)C(=O)c3ccccc23 
Salicin,-0.85,OCC2OC(Oc1ccccc1CO)C(O)C(O)C2O
salicylanilide,-3.59,c1ccccc1NC(=O)c2c(O)cccc2
Santonin,-3.09,CC3C2CCC1(C)C=CC(=O)C(=C1C2OC3=O)C
Secobarbital,-2.356,O=C1NC(=O)NC(=O)C1(C(C)CCC)CC=C
Siduron,-4.11,CC1CCCCC1NC(=O)Nc2ccccc2
simazine,-4.55,CCNc1nc(Cl)nc(NCC)n1 
Simetryn,-2.676,CSc1nc(nc(n1)N(C)C)N(C)C
Sorbitol,1.09,OCC(O)C(O)C(O)C(O)CO
"Sparsomycin (3,8mg/ml)",-1.981,CSCS(=O)CC(CO)NC(=O)C=Cc1c(C)[nH]c(=O)[nH]c1=O
Spironolactone,-4.173,CC(=O)SC4CC1=CC(=O)CCC1(C)C5CCC2(C)C(CCC23CCC(=O)O3)C45
stadacaine,-3.84,CCCCOc1ccc(C(=O)OCC)c(c1)N(CC)CC 
Stanolone,-4.743,CC34CCC1C(CCC2CC(=O)CCC12C)C3CCC4O 
Stirofos,-4.522,COP(=O)(OC)OC(=CCl)c1cc(Cl)c(Cl)cc1Cl
Styrene,-2.82,C=Cc1ccccc1
styrene oxide,-1.6,C1OC1c2ccccc2 
Succinimide,0.3,O=C1CCC(=O)N1
Sucrose,0.79,OCC2OC(OC1(CO)OC(CO)C(O)C1O)C(O)C(O)C2O 
sulfaguanidine,-1.99,NC(=N)NS(=O)(=O)c1ccc(N)cc1 
Sulfallate,-3.39,CCN(CC)C(=S)SCC(Cl)=C
Sulfanilamide,-1.34,Nc1ccc(cc1)S(N)(=O)=O
Talbutal,-2.016,CCC(C)C1(CC=C)C(=O)NC(=O)NC1=O
t-Butylbenzene ,-3.66,CC(C)(C)c1ccccc1
t-Crotonaldehyde,0.32,C/C=C/C=O
TEFLUBENZURON,-7.28,Fc1cccc(F)c1C(=O)NC(=O)Nc2cc(Cl)c(F)c(Cl)c2F 
Terbacil,-2.484,Cc1[nH]c(=O)n(c(=O)c1Cl)C(C)(C)C
Terbufos,-4.755,CCOP(=S)(OCC)SCSC(C)(C)C
Terbumeton,-3.239,CCNc1nc(NC(C)(C)C)nc(OC)n1
Terbutryn,-4.0,CCNc1nc(NC(C)(C)C)nc(SC)n1
Testosterone,-4.02,CC12CCC3C(CCC4=CC(=O)CCC34C)C2CCC1O
testosterone acetate,-5.184,CC(=O)OC3CCC4C2CCC1=CC(=O)CCC1(C)C2CCC34C 
testosterone propionate,-5.37,CCC(=O)OC3CCC4C2CCC1=CC(=O)CCC1(C)C2CCC34C 
Tetrabromomethane,-3.14,BrC(Br)(Br)Br
Tetrachloroethylene,-2.54,ClC(=C(Cl)Cl)Cl
tetrachloroguaiacol,-4.02,COc1c(O)c(Cl)c(Cl)c(Cl)c1Cl 
Tetrachloromethane,-2.31,ClC(Cl)(Cl)Cl
Tetradecane,-7.96,CCCCCCCCCCCCCC
Tetrafluthrin,-7.321,Cc1c(F)c(F)c(COC(=O)C2C(C=C(Cl)C(F)(F)F)C2(C)C)c(F)c1F
Tetrahydrofurane ,0.49,C1CCOC1
Tetrahydropyran ,-0.03,C1CCOCC1
tetramethylurea,0.94,CN(C)C(=O)N(C)C 
Thalidomide,-2.676,O=C1N(C2CCC(=O)NC2=O)C(=O)c3ccccc13
theobromine,-2.523,Cn1cnc2n(C)c(=O)[nH]c(=O)c12 
Theophylline,-1.39,Cn1c(=O)n(C)c2nc[nH]c2c1=O
Thiamphenicol,-2.154,CS(=O)(=O)c1ccc(cc1)C(O)C(CO)NC(=O)C(Cl)Cl 
thiamylal,-3.46,CCCC(C)C1(CC=C)C(=O)NC(=S)NC1=O 
thioanisole,-2.39,c1ccccc1SC
thiofanox,-1.62,CNC(=O)ON=C(CSC)C(C)(C)C 
Thiometon,-3.091,CCSCCSP(=S)(OC)OC
thiopental,-3.36,CCCC(C)C1(CC)C(=O)NC(=S)NC1=O 
Thiophene,-1.33,c1ccsc1
Thiophenol ,-2.12,Sc1ccccc1
thiouracil,-2.273,Sc1nccc(=O)[nH]1 
Thiourea,0.32,NC(=S)N
Thiram,-3.9,CN(C)C(=S)SSC(=S)N(C)C 
thymine,-1.506,Cc1c[nH]c(=O)[nH]c1=O 
Thymol,-2.22,CC(C)c1ccc(C)cc1O
Toluene ,-2.21,Cc1ccccc1
t-Pentylbenzene,-4.15,CC(C)(C)Cc1ccccc1
"trans-1,4-Dimethylcyclohexane",-4.47,C/C1CCC(\C)CC1
trans-2-Heptene ,-3.82,CCCC/C=C/C
trans-2-Pentene ,-2.54,CC/C=C/C
Triadimefon,-3.61,CC(C)(C)C(=O)C(Oc1ccc(Cl)cc1)n2cncn2
Triallate,-4.88,CC(C)N(C(C)C)C(=O)SCC(Cl)=C(Cl)Cl
Triamcinolone,-3.68,CC34CC(O)C1(F)C(CCC2=CC(=O)C=CC12C)C3CC(O)C4(O)C(=O)CO
triamcinolone acetonide,-4.31,CC5(C)OC4CC3C2CCC1=CC(=O)C=CC1(C)C2(F)C(O)CC3(C)C4(O5)C(=O)CO 
triamcinolone diacetate,-4.13,CC(=O)OCC(=O)C3(O)C(CC4C2CCC1=CC(=O)C=CC1(C)C2(F)C(O)CC34C)OC(C)=O 
Triamterene,-2.404,Nc3nc(N)c2nc(c1ccccc1)c(N)nc2n3
Triazolam,-4.09,Cc3nnc4CN=C(c1ccccc1Cl)c2cc(Cl)ccc2n34
Tribromomethane,-1.91,BrC(Br)Br
Trichlomethiazide,-2.68,NS(=O)(=O)c2cc1c(NC(NS1(=O)=O)C(Cl)Cl)cc2Cl 
Trichlorfon,-0.22,COP(=O)(OC)C(O)C(Cl)(Cl)Cl
Trichloroacetonitrile,-2.168,ClC(Cl)(Cl)C#N
Trichloroethylene,-1.96,ClC=C(Cl)Cl
Trichloromethane,-1.17,ClC(Cl)Cl
Trichloronate,-5.752,CCOP(=S)(CC)Oc1cc(Cl)c(Cl)cc1Cl
Triclosan,-4.46,Oc1cc(Cl)ccc1Oc2ccc(Cl)cc2Cl
Tricresyl phosphate,-6.01,Cc1ccc(OP(=O)(Oc2cccc(C)c2)Oc3ccccc3C)cc1
Tricyclazole,-2.07,Cc2cccc3sc1nncn1c23 
Trietazine,-4.06,CCNc1nc(Cl)nc(n1)N(CC)CC
Triethyl phosphate,0.43,CCOP(=O)(OCC)OCC
Trifluralin,-5.68,CCCN(CCC)c1c(cc(cc1N(=O)=O)C(F)(F)F)N(=O)=O
triforine,-4.19,ClC(Cl)(Cl)C(NC=O)N1C=CN(C=C1)C(NC=O)C(Cl)(Cl)Cl 
Trimazosin,-3.638,COc2cc1c(N)nc(nc1c(OC)c2OC)N3CCN(CC3)C(=O)OCC(C)(C)O 
Triphenylene,-6.726,c1ccc2c(c1)c3ccccc3c4ccccc24
tubercidin,-1.95,Nc1ncnc2n(ccc12)C3OC(CO)C(O)C3O 
uracil,-1.488,O=c1cc[nH]c(=O)[nH]1 
Urea,0.96,NC(=O)N
uric acid,-3.93,O=c2[nH]c(=O)c1[nH]c(=O)[nH]c1[nH]2 
Valeraldehyde,-0.85,CCCCC=O
vamidothion,1.144,CNC(=O)C(C)SCCSP(=O)(OC)(OC)
Vinclozolin,-4.925,CC1(OC(=O)N(C1=O)c2cc(Cl)cc(Cl)c2)C=C
Warfarin,-3.893,CC(=O)CC(c1ccccc1)c3c(O)c2ccccc2oc3=O 
Xipamide,-3.79,Cc1cccc(C)c1NC(=O)c2cc(c(Cl)cc2O)S(N)(=O)=O
XMC,-2.581,CNC(=O)Oc1cc(C)cc(C)c1
mobley_2661134,-9.65,c1cc(cc(c1)O)C#N
mobley_6929123,-4.0,COC(=O)CCl
mobley_5631798,-4.29,N
mobley_1735893,-6.21,CCCCCC(=O)O
mobley_2198613,-0.63,CCCl
mobley_1449384,-0.68,Cc1ccc(cc1)C(C)C
mobley_3682850,-4.91,C1CCC(=O)CC1
mobley_3264884,-7.47,c1ccc2cc(ccc2c1)N
mobley_4043987,2.93,CCCCC(C)C
mobley_2864987,-4.39,CCC[C@@H](C)O
mobley_4291494,-4.39,c1ccnc(c1)Cl
mobley_2364370,-2.64,CCCCOC(=O)C
mobley_1893815,-1.43,C(C(Cl)(Cl)Cl)Cl
mobley_5200358,-9.84,CC(C)(/C=N\OC(=O)NC)SC
mobley_5110043,-2.63,Cc1ccc2cc(ccc2c1)C
mobley_6190089,-2.37,C(C(Cl)Cl)(Cl)Cl
mobley_6266306,-5.56,C1CNC1
mobley_4219614,-1.34,c1cc(c(c(c1Cl)Cl)Cl)Cl
mobley_9246351,-1.96,C(Br)Br
mobley_8011706,-7.81,CN(C)C=O
mobley_2577969,-4.52,c1cc2ccc3cccc4c3c2c(c1)cc4
mobley_9942801,-0.95,CCc1ccc(cc1)C
mobley_7578802,-2.13,C(Br)(Br)Br
mobley_8861672,-4.86,Cc1ccnc(c1)C
mobley_194273,-9.73,CC[C@H](C)n1c(=O)c(c([nH]c1=O)C)Br
mobley_1244778,-5.48,C1CCCC(CC1)O
mobley_468867,-2.55,C1=C[C@@H]([C@@H]2[C@H]1[C@@]3(C(=C([C@]2(C3(Cl)Cl)Cl)Cl)Cl)Cl)Cl
mobley_8827942,-4.05,c1ccc2c(c1)Oc3c(cc(c(c3O2)Cl)Cl)Cl
mobley_8427539,-9.4,CCC(=O)N
mobley_2789243,-4.01,c1cc(cnc1)Cl
mobley_7794077,-15.46,c1c(c(=O)[nH]c(=O)[nH]1)C(F)(F)F
mobley_1849020,-6.5,CCOP(=S)(OCC)SCSc1ccc(cc1)Cl
mobley_8798016,-7.0,c1cnccc1C=O
mobley_6201330,-9.37,CCCOC(=O)c1ccc(cc1)O
mobley_4620651,-4.1,COC(=O)C1CC1
mobley_9717937,-2.69,c1ccc(cc1)c2ccccc2Cl
mobley_4630641,-4.84,COCCOC
mobley_2636578,-4.8,C(CO[N+](=O)[O-])CO[N+](=O)[O-]
mobley_5571660,-5.21,Cc1cccc(c1N)C
mobley_7463799,-6.92,c1ccc(cc1)CCCO
mobley_4479135,-2.78,C=C(c1ccccc1)c2ccccc2
mobley_7176248,-3.25,CCCN(CCC)c1c(cc(cc1[N+](=O)[O-])C(F)(F)F)[N+](=O)[O-]
mobley_2295058,-9.51,COC(=O)c1ccc(cc1)O
mobley_819018,-4.45,CC(=CCC/C(=C/CO)/C)C
mobley_1976156,-2.07,CCCCCCCCC=O
mobley_2197088,3.16,CCCCCCCCCC
mobley_7415647,-11.95,CN(C)C(=O)c1ccc(cc1)[N+](=O)[O-]
mobley_1659169,-7.17,C1COCCN1
mobley_9534740,-25.47,C([C@@H]1[C@H]([C@@H]([C@H]([C@@H](O1)O)O)O)O)O
mobley_1189457,-2.73,CSc1ccccc1
mobley_646007,-5.48,C1CCNC1
mobley_6804509,-1.34,c1c(c(cc(c1Cl)Cl)Cl)Cl
mobley_6843802,-1.29,c1ccc(cc1)O[C@@H](C(F)F)F
mobley_1922649,-7.19,COP(=S)(OC)Oc1ccc(cc1)[N+](=O)[O-]
mobley_632905,-4.4,CC(=O)c1ccc(cc1)OC
mobley_4039055,-18.17,c1c(c(=O)[nH]c(=O)[nH]1)Br
mobley_4934872,-5.23,CCOC(OCC)Oc1ccccc1
mobley_4683624,-5.21,CCCc1ccc(cc1)O
mobley_486214,-6.96,COc1cccc(c1O)OC
mobley_8426916,-4.07,CCNCC
mobley_550662,-4.42,CC(OC)(OC)OC
mobley_755351,-7.29,COc1cccc(c1)N
mobley_2751110,-10.64,c1cc(ccc1[N+](=O)[O-])O
mobley_5977084,-4.77,Cc1cccnc1
mobley_5816127,-6.619999999999999,COCCO
mobley_6257907,-5.82,c1cc(cc(c1)Cl)N
mobley_1963873,-10.0,CC(=O)NC
mobley_7015518,-1.91,COC
mobley_6195751,-8.68,COc1c(c(c(c(c1Cl)C=O)Cl)OC)O
mobley_5538249,-2.16,c1ccc(cc1)c2c(cc(cc2Cl)Cl)Cl
mobley_9741965,-4.29,CC(CCO[N+](=O)[O-])O[N+](=O)[O-]
mobley_5616693,-2.53,C[C@@H]1CC[C@H](C(=O)C1)C(C)C
mobley_9114381,-6.72,COC(=O)CC#N
mobley_9209581,-3.2,CN(C)C
mobley_52782,-5.73,C(CO[N+](=O)[O-])O[N+](=O)[O-]
mobley_1571523,-6.16,Cc1cccc(c1C)O
mobley_2023925,0.1,[C@@H](C(F)(F)F)(OC(F)F)Cl
mobley_8785107,-2.92,C[C@H]1CC[C@@H](O1)C
mobley_2881590,-1.88,CC(C)CO[N+](=O)[O-]
mobley_3274817,-6.23,CC[C@@H](C)c1cc(cc(c1O)[N+](=O)[O-])[N+](=O)[O-]
mobley_9979854,-4.2,C[C@H](C(F)(F)F)O
mobley_2126135,-5.66,CCc1ccccc1O
mobley_6743808,-6.5,Cc1ccc(cc1C)O
mobley_2493732,0.25,C=C(Cl)Cl
mobley_7142697,-4.09,CCCCCN
mobley_8311303,-4.38,c1cc(c(cc1c2c(c(cc(c2Cl)Cl)Cl)Cl)Cl)Cl
mobley_4694328,-2.29,CCCCCCCC=O
mobley_7913234,-5.73,CCCCOC[C@H](C)O
mobley_951560,-7.4,C1CNCCN1
mobley_6359156,-2.46,c1ccc(cc1)c2cc(ccc2Cl)Cl
mobley_3234716,-0.8,Cc1ccc(cc1)C
mobley_5286200,-2.32,C(CCCl)CCl
mobley_2727678,-18.72,c1c(c(=O)[nH]c(=O)[nH]1)I
mobley_6309289,-5.11,C1CCNCC1
mobley_1235151,-2.82,CCCCC[N+](=O)[O-]
mobley_820789,-6.35,CCCC(=O)O
mobley_1838110,1.77,C(C(F)(Cl)Cl)(F)(F)Cl
mobley_3843583,-7.28,c1ccc2c(c1)cccc2N
mobley_7983227,-4.42,CC[C@@H](C)CO
mobley_2960202,-3.71,c1c2c(cc(c1Cl)Cl)Oc3c(c(c(c(c3Cl)Cl)Cl)Cl)O2
mobley_7176290,-9.62,c1cc(cc(c1)O)[N+](=O)[O-]
mobley_6334915,-12.74,COP(=O)([C@H](C(Cl)(Cl)Cl)O)OC
mobley_5665561,-2.47,Cc1cc(c2ccccc2c1)C
mobley_4850657,-4.87,CS(=O)(=O)Cl
mobley_1743409,-5.71,CCOC(=O)CCC(=O)OCC
mobley_3006808,-4.31,C(C(F)(F)F)O
mobley_6303022,-4.73,CCc1ccncc1
mobley_7047032,1.09,CC(C)(C)Cl
mobley_1708457,-10.08,CS(=O)(=O)C
mobley_1079207,-0.98,c1cc(cc(c1)Cl)Cl
mobley_7375018,-2.15,CCCCCCCCCC(=O)C
mobley_4792268,-6.16,CCCCC(=O)O
mobley_1520842,-4.93,Cc1ccncc1
mobley_5520946,-2.55,c1ccc(cc1)S
mobley_7688753,-9.52,c1cc(cc(c1)O)C=O
mobley_1723043,3.43,C1(C(C(C1(F)F)(F)F)(F)F)(F)F
mobley_7860938,-3.24,CCCCNCCCC
mobley_4845722,-2.33,c1(c(c(c(c(c1Cl)Cl)Cl)Cl)Cl)Cl
mobley_2492140,-1.23,C(C(Cl)(Cl)Cl)(Cl)Cl
mobley_8899867,-5.49,C1CCC(C1)O
mobley_5371840,-3.1,c1ccc2c(c1)Oc3ccc(cc3O2)Cl
mobley_2929847,-6.09,CC(C)CC(=O)O
mobley_2146331,-2.75,C=O
mobley_2099370,-10.78,C[C@@H](c1cccc(c1)C(=O)c2ccccc2)C(=O)O
mobley_3968043,-4.7,C1CCC(=O)C1
mobley_3323117,-8.61,C1CC[S+2](C1)([O-])[O-]
mobley_8705848,-3.22,CC(C)NC(C)C
mobley_2484519,-1.93,c1ccc(cc1)CCl
mobley_8311321,-0.5,C(F)(F)Cl
mobley_3183805,-0.86,Cc1ccc(c(c1)C)C
mobley_5600967,-11.01,CN(C)C(=O)c1ccc(cc1)OC
mobley_6794076,-7.62,CC(=O)c1ccncc1
mobley_6055410,-9.4,c1cc(c(cc1c2ccc(cc2F)F)C(=O)O)O
mobley_7393673,-5.33,COc1ccc(cc1)C(=O)OC
mobley_7676709,-4.51,CC1=CC(=O)[C@@H](CC1)C(C)C
mobley_2845466,-3.37,c1c2c(cc(c1Cl)Cl)Oc3cc(c(cc3O2)Cl)Cl
mobley_6935906,-2.49,CC(=CCC[C@](C)(C=C)OC(=O)C)C
mobley_7239499,-3.52,c1ccc2c(c1)Oc3cccc(c3O2)Cl
mobley_4193752,-4.12,c1ccc(cc1)[N+](=O)[O-]
mobley_2844990,-3.84,c1cc2c(cc1Cl)Oc3cc(c(c(c3O2)Cl)Cl)Cl
mobley_2925352,-6.13,Cc1ccc(cc1)O
mobley_3690931,-2.28,CCCC(=O)OCCC
mobley_6359135,0.08,C(Cl)(Cl)(Cl)Cl
mobley_1857976,-1.79,C(CCl)Cl
mobley_718988,-3.79,CCCCCCCN
mobley_1160109,-3.75,C[C@@H]1CC[C@H](CC1=O)C(=C)C
mobley_4584540,-4.59,Cc1cccc(n1)C
mobley_7758918,-6.46,CCC(=O)O
mobley_1178614,-4.55,c1ccc(c(c1)O)Cl
mobley_4218209,-7.48,COc1ccc(cc1)N
mobley_7988076,-8.83,c1cc(ccc1C=O)O
mobley_6175884,-4.27,Cc1ccc(cc1)C=O
mobley_6235784,0.0,CC[C@H](C)Cl
mobley_5026370,-6.02,c1cnccc1C#N
mobley_3762186,-1.31,C(Cl)Cl
mobley_9626434,-6.69,CCOCCO
mobley_1396156,-5.22,c1(c(c(c(c(c1Cl)Cl)Cl)Cl)Cl)N(=O)=O
mobley_9507933,-4.72,Cc1ccc(nc1)C
mobley_9913368,-0.78,C(=C/Cl)\Cl
mobley_2725802,-9.8,CC(=O)N1CCCC1
mobley_4678740,1.07,c1cc(cc(c1)C(F)(F)F)C(F)(F)F
mobley_242480,-11.85,c1ccc2c(c1)C(=O)c3c(ccc(c3C2=O)N)N
mobley_8823527,-3.61,c1cc(c(cc1Cl)c2cc(c(c(c2)Cl)Cl)Cl)Cl
mobley_1755375,-5.26,Cc1cccc(c1O)C
mobley_4371692,-9.53,c1ccc2c(c1)C(=O)c3c(ccc(c3C2=O)O)N
mobley_6060301,-3.95,CCCCCCN
mobley_2354112,-6.25,CCc1cccc(c1)O
mobley_5747188,-3.58,Cc1ccccc1[N+](=O)[O-]
mobley_5456566,-2.98,c1(c(c(c(c(c1Cl)Cl)Cl)Cl)Cl)c2c(c(c(c(c2Cl)Cl)Cl)Cl)Cl
mobley_1328936,-6.88,COC(=O)c1ccc(cc1)[N+](=O)[O-]
mobley_5499659,-8.41,Cn1ccnc1
mobley_2792521,-3.68,CCC/C=C/C=O
mobley_6733657,-3.44,C1[C@H]([C@@H]2[C@H]([C@H]1Cl)[C@]3(C(=C([C@@]2(C3(Cl)Cl)Cl)Cl)Cl)Cl)Cl
mobley_6082662,-9.82,c1cc(ccc1N)N(=O)=O
mobley_7099614,-0.57,C=CCCl
mobley_7859387,-2.67,CCCCCCC=O
mobley_63712,-3.88,CN1CCCCC1
mobley_7360181,-0.8,COC(C(F)(F)F)(OC)OC
mobley_5282042,-7.43,CN(C)CCC=C1c2ccccc2CCc3c1cccc3
mobley_2607611,-2.26,CCCCCCOC(=O)C
mobley_1036761,-4.59,C1CCC(CC1)N
mobley_4893032,-3.52,CCCCC#N
mobley_8558116,-6.32,CN1CCOCC1
mobley_5518547,-5.57,Cc1ccc(cc1)N
mobley_9794857,-2.21,CC(C)(C)OC
mobley_6456034,-1.69,CC(C)COC(=O)C(C)C
mobley_676247,3.12,C(F)(F)(F)F
mobley_5760563,-5.1,COS(=O)(=O)OC
mobley_1424265,-0.83,Cc1cccc(c1)C
mobley_3169935,-4.91,c1ccc(c(c1)N)Cl
mobley_5311804,-6.62,c1ccc(cc1)CO
mobley_6115639,-8.7,COP(=O)(OC)OC
mobley_6714389,-4.55,CN
mobley_1417007,-9.01,C1C=CC[C@@H]2[C@@H]1C(=O)N(C2=O)SC(Cl)(Cl)Cl
mobley_2681549,-0.78,c1c(cc(cc1Cl)Cl)Cl
mobley_4287564,-4.63,Cc1ccccn1
mobley_2043882,-3.9,CC(=O)C1CCCCC1
mobley_352111,-6.34,CC(=O)OCCOC(=O)C
mobley_8337722,-3.2,C[C@@H]1CC[C@H]([C@@H](C1)O)C(C)C
mobley_7326706,-5.04,CCOP(=S)(OCC)Oc1c(cc(c(n1)Cl)Cl)Cl
mobley_3144334,-5.91,Cc1ccc(c(c1)O)C
mobley_7608462,-1.12,c1ccc(cc1)Cl
mobley_6353617,-8.26,CC(=O)c1cccnc1
mobley_2261979,-3.15,c1cc2cccc3c2c(c1)CC3
mobley_4715906,1.58,C[C@@H]1CCCC[C@@H]1C
mobley_5952846,0.1,C(=C(Cl)Cl)(Cl)Cl
mobley_1903702,-4.62,CC[C@H](C)O
mobley_5220185,-5.45,CCc1cnccn1
mobley_5510474,-3.81,c1ccc2c(c1)Oc3c(c(c(c(c3Cl)Cl)Cl)Cl)O2
mobley_3980099,-1.24,c1cc(c(c(c1)Cl)Cl)Cl
mobley_2501588,-2.45,CCC[N@@](CC1CC1)c2c(cc(cc2[N+](=O)[O-])C(F)(F)F)[N+](=O)[O-]
mobley_9897248,-4.78,CC(=CCC/C(=C\CO)/C)C
mobley_3727287,-6.5,C1=CC(=O)C=CC1=O
mobley_6620221,-9.61,CC1(Cc2cccc(c2O1)OC(=O)NC)C
mobley_3370989,-0.11,CC(F)F
mobley_6232400,-7.1,c1cc(cnc1)C=O
mobley_5056289,-3.3,C[C@H]1CCCO1
mobley_6358463,1.07,c1ccc(c(c1)C(F)(F)F)C(F)(F)F
mobley_1261349,2.51,CC(C)(C)C
mobley_1363784,-4.84,Cc1cc(cnc1)C
mobley_628086,-4.16,C[C@@H](C(F)(F)F)O
mobley_7599023,-1.46,c1ccc(cc1)Br
mobley_7039935,-7.67,c1ccc2c(c1)cccc2O
mobley_9510785,-3.48,c1ccc(cc1)c2cc(c(c(c2Cl)Cl)Cl)Cl
mobley_4465023,-1.17,C(=C\Cl)\Cl
mobley_6917738,-6.55,COCCN
mobley_7943327,-2.68,CCC(=O)OCC
mobley_8118832,-5.03,C=CCO
mobley_5076071,-5.66,CCN(CC)c1c(cc(c(c1[N+](=O)[O-])N)C(F)(F)F)[N+](=O)[O-]
mobley_20524,-6.6,c1ccc(cc1)O
mobley_7378987,-12.64,Cn1cnc2c1c(=O)n(c(=O)n2C)C
mobley_7227357,-4.35,CCC(CC)O
mobley_9139060,2.11,CC1CCC(CC1)C
mobley_2996632,-1.08,C(Cl)(Cl)Cl
mobley_2518989,-5.74,CCOP(=S)(OCC)S[C@@H](CCl)N1C(=O)c2ccccc2C1=O
mobley_3047364,-7.65,CCNc1nc(nc(n1)SC)NC(C)C
mobley_5857,-5.72,c1ccc2c(c1)cccn2
mobley_197466,-4.61,CC(=O)C1CC1
mobley_967099,-3.13,CC(C)[N+](=O)[O-]
mobley_1792062,-2.33,C(CBr)Br
mobley_7203421,-9.31,CCCCCC(=O)N
mobley_7912193,-8.72,CCCCOC(=O)c1ccc(cc1)O
mobley_7200804,-5.29,c1ccc(c(c1)O)F
mobley_5094777,-1.46,c1ccc2c(c1)CCC2
mobley_1987439,-0.9,Cc1cc(cc(c1)C)C
mobley_4494568,-1.39,Cc1ccc(cc1)Br
mobley_7869158,-1.82,CC[C@H](C)O[N+](=O)[O-]
mobley_8691603,-5.49,Cc1cccc(c1)O
mobley_2693089,-5.04,CC(C)Cc1cnccn1
mobley_8525830,-0.14,CCCCCI
mobley_6239320,-18.06,c1(=O)[nH]c(=O)[nH]c(=O)[nH]1
mobley_4506634,-0.11,[C@@H](C(F)(F)F)(Cl)Br
mobley_8685905,0.5,[C@@H](C(F)(F)F)(F)Br
mobley_2451097,-4.1,c1ccc(cc1)C#N
mobley_6102880,-2.87,c1ccc(cc1)Oc2ccccc2
mobley_337666,-16.92,c1c(c(=O)[nH]c(=O)[nH]1)F
mobley_2913224,-9.94,CC(=O)Oc1ccccc1C(=O)O
mobley_5561855,-1.96,c1cc(c(c(c1)Cl)c2c(cc(cc2Cl)Cl)Cl)Cl
mobley_6250025,0.08,CCCCCCI
mobley_8789864,-6.4,COC(CC#N)(OC)OC
mobley_3325209,-4.04,COC(c1ccccc1)(OC)OC
mobley_5692472,-4.29,CNC
mobley_2972345,-3.78,c1ccc2c(c1)Cc3ccccc3C2
mobley_3976574,-4.15,c1cc2c(cc1Cl)Oc3c(c(c(c(c3Cl)Cl)Cl)Cl)O2
mobley_8966374,-5.51,Cc1cnccn1
mobley_5732611,-10.27,Cc1c[nH]cn1
mobley_7298388,-3.45,Cc1cccc(c1)[N+](=O)[O-]
mobley_3269819,-3.17,c1c(cc(c(c1Cl)Cl)Cl)c2cc(c(c(c2Cl)Cl)Cl)Cl
mobley_3802803,-1.66,CCCCCCO[N+](=O)[O-]
mobley_8208692,-4.61,c1c(c(c(c(c1Cl)Cl)Cl)Cl)c2c(cc(c(c2Cl)Cl)Cl)Cl
mobley_3867265,-3.8,CC(=O)C
mobley_5072416,-6.12,COc1ccccc1N
mobley_2489709,-1.36,c1ccc(c(c1)Cl)Cl
mobley_2481002,-1.45,C([N+](=O)[O-])(Cl)(Cl)Cl
mobley_1034539,-3.04,c1cc(c(cc1c2cc(c(c(c2Cl)Cl)Cl)Cl)Cl)Cl
mobley_8916409,-8.15,CCOC(=O)C[C@H](C(=O)OCC)SP(=S)(OC)OC
mobley_1770205,-10.03,COP(=S)(OC)SCn1c(=O)c2ccccc2nn1
mobley_3982371,-3.13,CC(=O)OC
mobley_2659552,-9.76,Cc1ccc(cc1)C(=O)N(C)C
mobley_2725215,-7.98,CCCN(CCC)c1c(cc(cc1[N+](=O)[O-])S(=O)(=O)C)[N+](=O)[O-]
mobley_9571888,-4.23,C1[C@@H]2[C@H](COS(=O)O1)[C@@]3(C(=C([C@]2(C3(Cl)Cl)Cl)Cl)Cl)Cl
mobley_3777264,-8.84,c1cc(cc(c1)[N+](=O)[O-])N
mobley_6006813,-3.09,CCCC[N+](=O)[O-]
mobley_1905088,-2.38,c1ccc(cc1)CBr
mobley_9281946,-6.74,CCOP(=S)(OCC)Oc1ccc(cc1)[N+](=O)[O-]
mobley_1469079,-3.56,c1ccc2c(c1)Oc3cc(c(cc3O2)Cl)Cl
mobley_4603202,-4.23,C(CCl)OCCCl
mobley_1527293,-8.42,C[C@@H](c1ccc(c(c1)F)c2ccccc2)C(=O)O
mobley_3259411,-13.43,C(C(CO)O)O
mobley_5393242,-6.48,CCOP(=S)(OCC)Oc1cc(nc(n1)C(C)C)C
mobley_9624458,-1.89,C(CCl)CCl
mobley_2316618,-14.21,c1ccc2c(c1)C(=O)c3cccc(c3C2=O)NCCO
mobley_349850,-4.7,Cc1ccc(cc1)C(=O)C
mobley_186894,-1.1,CCCS
mobley_7463408,-7.78,CCC(=O)Nc1ccc(c(c1)Cl)Cl
mobley_4609460,-9.2,CCOC(=O)c1ccc(cc1)O
mobley_2049967,-1.5,CCSC
mobley_4395315,-6.79,Cc1cc(ccc1Cl)O
mobley_2850833,-4.68,c1ccc(c(c1)C=O)O
mobley_4463913,-4.97,CC(OC(=O)C)OC(=O)C
mobley_2183616,-0.45,CC[C@H](C)c1ccccc1
mobley_902954,-2.09,CCCCO[N+](=O)[O-]
mobley_2523689,-16.43,c1ccc(cc1)n2c(=O)c(c(cn2)N)Cl
mobley_3969312,-4.02,c1ccc(cc1)C=O
mobley_6248915,-3.65,CCCCCCCCN
mobley_8449031,-3.22,CCN(CC)CC
mobley_5467162,-5.91,CC(C)(C)c1ccc(cc1)O
mobley_6522117,-7.07,CCOP(=O)(OCC)O/C(=C/Cl)/c1ccc(cc1Cl)Cl
mobley_7977115,-4.06,CCC[C@H](CC)O
mobley_8809274,-0.25,c1ccc(cc1)C(F)(F)F
mobley_5063386,-4.58,c1ccc(c(c1)[N+](=O)[O-])O
mobley_2958326,-3.65,CCCNCCC
mobley_8052240,-9.44,c1ccc2c(c1)C(=O)c3cccc(c3C2=O)N
mobley_4059279,-7.58,CN1CCN(CC1)C
mobley_9733743,-4.24,CCCCN
mobley_3266352,-1.92,CN(CC(F)(F)F)c1ccccc1
mobley_1650157,-4.47,CC(C)(C)O
mobley_7066554,-7.03,c1cc(ccc1O)Cl
mobley_7009711,-6.27,Cc1cc(cc(c1)O)C
mobley_9705941,-1.38,Cc1cccs1
mobley_4149784,-3.67,c1cc2c(cc1Cl)Oc3ccc(cc3O2)Cl
mobley_3359593,-5.26,CCCc1ccc(c(c1)OC)O
mobley_7417968,-5.31,CCOCCOC(=O)C
mobley_9653690,-4.44,CC1=CC[C@H](C[C@@H]1O)C(=C)C
mobley_4699732,-1.27,C[C@@H](CCl)Cl
mobley_628951,-2.28,c1cc(c(c(c1)Cl)c2c(cccc2Cl)Cl)Cl
mobley_4883284,-5.49,c1ccc(cc1)N
mobley_3210206,-4.95,C[C@@H](CO[N+](=O)[O-])O[N+](=O)[O-]
mobley_1858644,-6.79,c1ccc(cc1)CCO
mobley_7017274,-3.88,c1ccc2c(c1)ccc3c2cccc3
mobley_1896013,-20.52,C1[C@H]([C@@H]([C@H]([C@H](O1)O)O)O)O
mobley_8723116,-5.9,c1cc(ccc1N)Cl
mobley_7261305,-9.3,NN
mobley_8191186,0.06,C(C(F)(F)F)Cl
mobley_4434915,-0.55,CCl
mobley_667278,-4.4,c1cc(c(c(c1c2cc(c(c(c2Cl)Cl)Cl)Cl)Cl)Cl)Cl
mobley_6911232,-2.1,CCOC
mobley_8057732,-6.62,c1cc(cc(c1)Cl)O
mobley_5006685,-4.09,CC(=C)[C@H]1CCC(=CC1)C=O
mobley_3201701,-9.41,Cc1c(nc(nc1OC(=O)N(C)C)N(C)C)C
mobley_3746675,-1.24,CC(=C)c1ccccc1
mobley_1929982,-0.7,S
mobley_4964807,-5.99,CC(=O)CO[N+](=O)[O-]
mobley_8668219,2.52,CC[C@@H](C)C(C)C
mobley_9729792,-0.99,C1C=CC=CC=C1
mobley_2784376,0.75,C1CC1
mobley_6338073,-6.68,CCNc1nc(nc(n1)SC)NC(C)(C)C
mobley_4884177,-4.59,CCc1cccnc1
mobley_6081058,-3.43,CCCCC/C=C/C=O
mobley_9257453,-7.29,c1cc(c(cc1O)Cl)Cl
mobley_7829570,-3.51,CCCC[N@](CC)c1c(cc(cc1[N+](=O)[O-])C(F)(F)F)[N+](=O)[O-]
mobley_3269565,-2.01,CC(C)OC
mobley_766666,-0.44,C(=C(Cl)Cl)Cl
mobley_4188615,-9.29,CN(C)C(=O)c1ccccc1
mobley_5747981,-5.73,COCC(OC)(OC)OC
mobley_9671033,-3.34,CCC[N+](=O)[O-]
mobley_525934,-1.2,CS
mobley_8578590,-9.28,CS(=O)C
mobley_1821184,-5.88,Cc1c[nH]c2c1cccc2
mobley_4553008,-1.01,c1cc(ccc1Cl)Cl
mobley_3398536,-1.74,c1ccc(cc1)I
mobley_7814642,-1.12,c1cc(c(cc1Cl)Cl)Cl
mobley_6727159,-8.18,C(CO[N+](=O)[O-])O
mobley_4639255,-9.3,C(CO)O
mobley_3034976,-6.69,CC(=O)O
mobley_9565165,-3.35,c1ccc-2c(c1)Cc3c2cccc3
mobley_1967551,-3.5,CC=O
mobley_4587267,-23.62,C([C@H]([C@H]([C@@H]([C@@H](CO)O)O)O)O)O
mobley_172879,-3.15,c1ccc2c(c1)Oc3ccccc3O2
mobley_2457863,-7.66,COc1cccc(c1)O
mobley_2837389,-4.78,c1cc[nH]c1
mobley_8789465,-6.2,c1ccc(c(c1)O)I
mobley_1855337,-1.62,c1c(cc(c(c1Cl)Cl)Cl)Cl
mobley_9740891,-4.71,c1cc(c(c(c1)Cl)C#N)Cl
mobley_2771569,-7.77,CN1CCNCC1
mobley_8221999,-3.64,CCCC#N
mobley_2279874,-4.42,COC(OC)OC
mobley_8764620,-6.75,c1cc(cnc1)C#N
mobley_4613090,-7.63,c1ccc(cc1)Cn2ccnc2
mobley_6978427,-3.3,COC(=O)C1CCCCC1
mobley_6739648,-5.06,C1COCCO1
mobley_1046331,-3.82,c1ccc(cc1)OC=O
mobley_9821936,-4.53,c12c(c(c(c(c1Cl)Cl)Cl)Cl)Oc3c(c(c(c(c3Cl)Cl)Cl)Cl)O2
mobley_1781152,-2.4,CC(C)(C)C(=O)OC
mobley_4483973,-0.8,c1ccc(cc1)F
mobley_4780078,-6.01,Cc1ccc(c(c1)C)O
mobley_8117218,-4.82,C1[C@@H]2[C@H]3[C@@H]([C@H]1[C@H]4[C@@H]2O4)[C@@]5(C(=C([C@]3(C5(Cl)Cl)Cl)Cl)Cl)Cl
mobley_1278715,-0.64,C(C(Cl)(Cl)Cl)(Cl)(Cl)Cl
mobley_2269032,-10.21,C[C@@H](c1ccc2cc(ccc2c1)OC)C(=O)O
mobley_1328465,-1.99,C(C(Cl)Cl)Cl
mobley_3663158,-8.11,c1ccc2cc(ccc2c1)O
mobley_3425174,-0.77,C(F)Cl
mobley_2923700,-6.13,CCc1ccc(cc1)O
mobley_2123854,-10.17,c1cc(ccc1C#N)O
mobley_3589456,-4.59,COC(CCl)(OC)OC
mobley_2078467,-7.0,C[C@@H](c1ccc(cc1)CC(C)C)C(=O)O
mobley_3265457,-7.78,COc1cc(c(c(c1O)OC)Cl)C=O
mobley_9028462,-1.1,COC(=O)C(F)(F)F
mobley_1944394,-9.34,CN(C)CCOC(c1ccccc1)c2ccccc2
mobley_7735340,-9.63,c1cnc[nH]1
mobley_5948990,-7.37,c1ccc(c(c1)N)[N+](=O)[O-]
mobley_3452749,-1.21,Cc1cccc(c1C)C
mobley_9414831,-2.44,Cc1cccc2c1cccc2
mobley_8207196,-10.22,CCNc1nc(nc(n1)Cl)NCC
mobley_9557440,-17.74,c1c(c(=O)[nH]c(=O)[nH]1)Cl
mobley_6474572,-0.59,C=CCl
mobley_7150646,-2.3,c1cc(ccc1Br)Br
mobley_5708811,-9.86,COc1c(ccc(c1C(=O)O)Cl)Cl
mobley_6688723,-6.44,COc1c(cc(c(c1O)OC)Cl)Cl
mobley_1952272,-4.02,C[N+](=O)[O-]
mobley_9007496,-9.45,CNC(=O)Oc1cccc2c1cccc2
mobley_8124669,-8.21,CCc1cccc(c1N(COC)C(=O)CCl)CC
mobley_1728386,-11.0,c1ccc(cc1)C(=O)N
mobley_5627459,-2.86,CC(C)C=O
mobley_7768165,-1.95,C(CBr)Cl
mobley_664966,-2.49,C(I)I
mobley_852937,-6.19,c1cc(ccc1O)F
mobley_4687447,-6.4,CCCOCCO
mobley_7364468,-5.18,CC1=CC(=O)CC(C1)(C)C
mobley_6896128,2.97,CCCC[C@@H](C)CC
mobley_7610437,-3.88,CC[C@H](C(C)C)O
mobley_5123639,-3.73,C[C@H](CC(C)C)O
mobley_8713762,-4.13,CCCN(CCC)C(=O)SCCC
mobley_4936555,-6.78,Cc1cccc(c1C)Nc2ccccc2C(=O)O
mobley_9883303,2.71,CCC[C@H](C)CC
mobley_9029594,-0.22,CF
mobley_9201263,-4.87,COS(=O)(=O)C
mobley_2613240,-5.33,COc1ccccc1OC
mobley_7769613,0.84,CC(C)(C)Br
mobley_2410897,-4.5,CCN
mobley_5003962,-11.53,c1ccc2c(c1)C(=O)c3ccc(cc3C2=O)N
mobley_4338603,-15.83,c1c(=O)[nH]c(=O)[nH]c1Cl
mobley_5917842,-5.8,Cc1ccc(c(c1)OC)O
mobley_8883511,-3.93,Cc1ccccc1C=O
mobley_7732703,1.79,C(F)(F)(F)Br
mobley_9185328,-4.39,CCCN
mobley_3105103,-11.14,Cc1c(c(=O)n(c(=O)[nH]1)C(C)(C)C)Cl
mobley_5347550,-1.12,COC(C(Cl)Cl)(F)F
mobley_1733799,-5.85,c1cc(ccc1O)Br
mobley_5494918,2.93,C(=C(F)F)(C(F)(F)F)F
mobley_7010316,-5.46,C1CCC(CC1)O
mobley_8320545,-3.71,CC[N+](=O)[O-]
mobley_3775790,-2.89,Cn1cccc1
mobley_2782339,-9.61,c1ccc2c(c1)C(=O)NC2=O
mobley_3715043,-2.82,Cc1ccc(c2c1cccc2)C
mobley_5263791,-2.4,CCc1cccc2c1cccc2
CHEMBL596271,3.54,Cn1c(CN2CCN(c3ccc(Cl)cc3)CC2)nc2ccccc21
CHEMBL1951080,-1.18,COc1cc(OC)c(S(=O)(=O)N2c3ccccc3CCC2C)cc1NC(=O)CSCC(=O)O
CHEMBL1771,3.69,COC(=O)[C@H](c1ccccc1Cl)N1CCc2sccc2C1
CHEMBL234951,3.37,O=C(NC1Cc2ccccc2N(C[C@@H](O)CO)C1=O)c1cc2cc(Cl)sc2[nH]1
CHEMBL565079,3.1,Cc1cccc(C[C@H](NC(=O)c2cc(C(C)(C)C)nn2C)C(=O)NCC#N)c1
CHEMBL317462,3.14,OC1(C#Cc2ccc(-c3ccccc3)cc2)CN2CCC1CC2
CHEMBL1951182,-0.72,COc1cc(OC)c(S(=O)(=O)NCc2ccccc2N2CCCCC2)cc1NC(=O)CCC(=O)O
CHEMBL2030960,0.34,CNc1cccc(CCOc2ccc(C[C@H](NC(=O)c3c(Cl)cccc3Cl)C(=O)O)cc2C)n1
CHEMBL13097,3.05,COc1ccc(-c2coc3cc(OC)cc(OC)c3c2=O)cc1
CHEMBL1527751,2.25,Oc1ncnc2scc(-c3ccsc3)c12
CHEMBL1940306,1.51,CS(=O)(=O)c1ccc(Oc2ccc(C#C[C@]3(O)CN4CCC3CC4)cc2)cc1
CHEMBL578201,2.61,Cc1cc(Nc2nc(N[C@@H](C)c3ccc(F)cn3)c(C#N)nc2C)n[nH]1
CHEMBL276218,-0.08,O=C1CCCCCN1
CHEMBL2153181,1.95,CCCSc1ncccc1C(=O)N1CCCC1c1ccncc1
CHEMBL1916276,1.34,Cc1ccc(S(=O)(=O)Nc2c(C(=O)NC3CCCCC3C)cnn2-c2ccccc2)cc1
CHEMBL93884,3.2,Nc1ccc(-c2nc3ccc(O)cc3s2)cc1
CHEMBL2171986,1.6,COc1ccc(N2CCN(C(=O)[C@@H]3CCCC[C@H]3C(=O)NCC#N)CC2)cc1
CHEMBL190044,3.77,CCC(COC(=O)c1cc(OC)c(OC)c(OC)c1)(c1ccccc1)N(C)C
CHEMBL469790,3.15,COc1cc(-n2nnc3cc(-c4ccc(Cl)cc4)sc3c2=O)ccc1N1CC[C@@H](O)C1
CHEMBL2165055,0.32,CO[C@H]1CN(CCn2c(=O)ccc3ccc(C#N)cc32)CC[C@H]1NCc1ccc2c(n1)NC(=O)CO2
CHEMBL322479,2.92,CC(C)(CCCCCOCCc1ccccc1)NCCc1ccc(O)c2nc(O)sc12
CHEMBL2036736,1.92,O=C(Nc1nnc(C(=O)Nc2ccc(N3CCOCC3)cc2)o1)c1ccc(Cl)cc1
CHEMBL2179291,3.17,COc1ccc(Oc2cccc(CN3CCCC(n4cc(C)c(=O)[nH]c4=O)C3)c2)cc1
CHEMBL2158823,2.17,O=C(O)c1cccc(N2CCC(CN3CCC(Oc4ccc(Cl)c(Cl)c4)CC3)CC2)c1
CHEMBL641,1.2,CNCC[C@@H](Oc1ccccc1C)c1ccccc1
CHEMBL1289785,3.93,O=C(CCCc1ccncc1)N1CCN(c2ccc(Cl)cc2Cl)CC1
CHEMBL1381135,1.9,COc1cnc(-c2ccccn2)nc1N(C)C
CHEMBL528217,2.27,c1ccc(-c2cc(NCCCCCCCCNc3cc(-c4ccccc4)nc4ccccc34)c3ccccc3n2)cc1
CHEMBL2177621,1.2,CSc1c(C(=O)NC2C3CC4CC(C3)CC2C4)cnn1-c1ccc(C(=O)O)cc1
CHEMBL475386,1.14,CNC1=Nc2ncccc2C(c2ncco2)=NC1c1cccs1
CHEMBL2325699,2.6,CS(=O)(=O)C1(c2cc(N3CC4CCC(C3)O4)nc(-c3cccc4[nH]ccc34)n2)CC1
CHEMBL2010845,3.3,CN(C(=O)Cc1ccc(-n2cnnn2)cc1)[C@@H]1CCN(Cc2ccc(C(F)(F)F)cc2)C[C@@H]1F
CHEMBL103,3.94,CC(=O)[C@H]1CC[C@H]2[C@@H]3CCC4=CC(=O)CC[C@]4(C)[C@H]3CC[C@]12C
CHEMBL2208428,2.34,CS(=O)(=O)c1ccccc1C(=O)NC[C@@H](O)CN1CCC(Oc2ccc(Cl)c(Cl)c2)CC1
CHEMBL1796293,2.57,N#Cc1ccccc1Oc1ccc(C(=O)NCc2ccncc2)cc1
CHEMBL1557436,3.62,CN(C)c1ccnc2sc(C(=O)NCc3ccccc3)c(N)c12
CHEMBL2031236,2.06,Cc1ccc(NC(=O)c2cscn2)cc1-n1cnc2ccc(N3CCN(C)CC3)cc2c1=O
CHEMBL2087849,4.33,Cn1cncc1-c1c2c(=O)n(CC3CC3)c(=O)n(CC3CC3)c2nn1Cc1ccnc2ccc(Cl)cc12
CHEMBL1235773,2.55,COc1ccc2ncc(C#N)c(CCN3CCC(NCc4cc5c(cn4)OCS5)CC3)c2c1
CHEMBL339051,2.78,CNC(=O)C1(N2CCCCC2=O)CCN(CC[C@H](CN(C)C(=O)c2c(OC)c(C#N)cc3ccccc23)c2ccc(Cl)c(Cl)c2)CC1
CHEMBL168899,1.4,O=C1Nc2ccccc2B(O)N1c1ccccc1
CHEMBL517,-0.54,CC(C)N(CCC(C(N)=O)(c1ccccc1)c1ccccn1)C(C)C
CHEMBL578288,2.91,N#CN=C(N)c1sc(Nc2ccccc2)nc1N
CHEMBL1778648,-0.4,CCS(=O)(=O)c1ccc(-c2cc(C(F)(F)F)ccc2O[C@H](C)C(=O)O)c(C)c1
CHEMBL1778635,-0.16,N#Cc1ccc(F)c(-c2cc(C(F)(F)F)ccc2OCC(=O)O)c1
CHEMBL1234354,2.2,COc1ccc(-c2cc3c(C)nc(N)nc3n([C@H]3CC[C@H](OCCO)CC3)c2=O)cn1
CHEMBL1550278,3.4,CC(Nc1ncnc2ccccc12)c1ccccc1
CHEMBL1096,1.1,CC(C)c1ccc2oc3nc(N)c(C(=O)O)cc3c(=O)c2c1
CHEMBL1807822,2.28,O=c1[nH]c2c(O)ccc([C@@H](O)CNCCCOCCOCCc3cccc4ccccc34)c2s1
CHEMBL1310086,3.47,COc1ccccc1Cn1c(C)nc2ccccc21
CHEMBL373364,3.0,O=C(O)c1ccc(NC(=O)c2cc(OCc3ccccc3F)cc(OCc3ccccc3F)c2)nc1
CHEMBL484901,-1.17,NC(Cc1c[nH]c2ccccc12)C(=O)O
CHEMBL1233652,1.95,O=C(O)CCC[C@@H]1c2ccccc2C[C@H]1NC(=O)c1cc2cc(F)ccc2[nH]1
CHEMBL2059196,-0.99,CCNC(=O)c1cc2c(-n3ccc(C(F)(F)F)n3)c(-c3cncc(C(=O)O)c3)cnc2[nH]1
CHEMBL1934414,2.0,Cc1ccc(S(=O)(=O)Nc2c(C(=O)N[C@@H](C)C(C)(C)C)c(C)nn2C2CCCC2)cc1
CHEMBL1415894,3.8,c1ccc(Nc2cc(Nc3ccccc3)[nH]n2)cc1
CHEMBL2335875,3.21,COCCNC(=O)c1cccc(Nc2ncc3cc(-c4ccncc4)ccc3n2)c1
CHEMBL1916269,0.36,CCC(CC)NC(=O)c1cnn(C)c1NS(=O)(=O)c1ccc(C)cc1
CHEMBL1224139,2.14,NC(=O)c1cc(F)cc(O[C@H]2C[C@H]3CC[C@@H](C2)N3Cc2ccccc2)c1
CHEMBL1082812,1.71,N#Cc1c(-c2ccccc2)nc(SCCc2ccccc2)[nH]c1=O
CHEMBL12980,1.19,O=C(OC1CN2CCC1CC2)C(O)(c1ccccc1)c1ccccc1
CHEMBL1412343,2.7,Cc1ccccc1NC(=O)CCS(=O)(=O)c1ccc(Br)s1
CHEMBL453862,2.77,Cc1ncc(-c2nc(Nc3ccc(C(=O)N(C)C)cc3)ncc2F)n1C(C)C
CHEMBL296572,3.8,COc1cccc(-c2c[nH]c(-c3ccccc3)n2)c1
CHEMBL239513,2.87,O=C(COc1ccccc1)c1ccccc1
CHEMBL479445,1.91,COc1cc2ncc(C(N)=O)c(Nc3ccc(F)cc3F)c2cc1NCCN(C)C
CHEMBL2152917,3.4,CO[C@H]1CC[C@]2(CC1)Cc1ccc(OCC(C)C)cc1C21N=C(C)C(N)=N1
CHEMBL299672,3.13,COc1cc2ncnc(Nc3ccc(F)c(Cl)c3)c2cc1OCCCN1CCCC1
CHEMBL1682820,3.0,O=C1CCOc2cc(COc3ccccc3)ccc21
CHEMBL247367,2.33,Clc1cccc2cn[nH]c12
CHEMBL2010834,2.8,CNC(=O)c1ccc(CC(=O)N(C)C2CCN(Cc3ccc(C(F)(F)F)cc3)CC2)cc1
CHEMBL1945293,-0.54,COCCNCc1ccc(CCNC[C@H](O)c2ccc(O)c3[nH]c(=O)sc23)cc1
CHEMBL1652588,3.16,C#CCn1c(=O)c2c(-c3cncn3C)n(Cc3ccnc4ccc(Cl)cc34)nc2n(CC2CC2)c1=O
CHEMBL190812,2.91,C[C@H](NC(=O)c1cccnc1Oc1ccccc1)c1ccccc1
CHEMBL235392,1.55,O=C(NCC12CC3CC(CC(C3)C1)C2)c1cc(CN2CC3CNCC(C2)O3)ccc1Cl
CHEMBL62193,0.2,COc1cc(NS(=O)(=O)c2ccc(N)cc2)nc(OC)n1
CHEMBL1784338,1.43,Cc1cc(CCC2CCN(S(=O)(=O)CC3(N(O)C=O)CCOCC3)CC2)c(C)cn1
CHEMBL1650698,2.47,C[C@H](Nc1ncc(F)c(Nc2cc(C3CC3)[nH]n2)n1)c1ncc(F)cn1
CHEMBL2062583,2.48,CC(=O)Nc1ccc2c(c1)c(-c1cc(NC3CC3)n3ncc(C#N)c3n1)cn2CCCO
CHEMBL4,-0.45,CC1COc2c(N3CCN(C)CC3)c(F)cc3c(=O)c(C(=O)O)cn1c23
CHEMBL2158534,2.0,CC1(c2nc(N3CCOCC3)ncc2C(=O)N[C@H]2C3CC4CC2C[C@](O)(C4)C3)CC1
CHEMBL492234,2.6,COC(=O)c1ccc(C)c(NS(=O)(=O)c2ccc3c(c2)c(=O)sn3C)c1
CHEMBL131921,3.5,COc1ccc(-c2coc3cc(O)cc(O)c3c2=O)cc1
CHEMBL21731,0.89,CNCCCC12CCC(c3ccccc31)c1ccccc12
CHEMBL346528,1.3,Oc1cc(-c2ccccc2)nc2ccnn12
CHEMBL133501,2.01,O=CN1CC=C(c2c(F)cc(N3C[C@H](COc4ccon4)OC3=O)cc2F)CC1
CHEMBL2087854,3.59,C#CC(C)n1c(=O)c2c(-c3cncn3C)n(Cc3ccnc4ccc(Cl)cc34)nc2n(CC2CC2)c1=O
CHEMBL1689126,0.18,C[C@H]1CN(Cc2cc(Cl)ccc2OCC(=O)O)CCN1C(=O)Cc1ccccc1
CHEMBL1650728,2.6,COc1cc(Nc2nc(N[C@@H](C)c3ncc(F)cn3)ncc2Br)n[nH]1
CHEMBL2178942,1.3,Cc1nc(C)c(-c2ccc([C@H]3CC[C@H](CC(=O)O)CC3)c(F)c2)nc1C(N)=O
CHEMBL1800528,2.1,COc1ccnc(CCc2nc3c(C)ccnc3[nH]2)c1
CHEMBL143305,3.72,Cc1cc(CCCOc2c(Cl)cc(C3=NCCO3)cc2Cl)on1
CHEMBL2326481,1.72,CN(C)C(=O)c1ccc(CN2CCc3cc4nc(N)sc4cc3CC2)cc1
CHEMBL15245,1.65,COC(=O)[C@@H]1[C@H]2C[C@H]3c4[nH]c5ccccc5c4CCN3C[C@@H]2CC[C@@H]1O
CHEMBL1852688,3.7,CCN1CCN(c2ccc(Nc3cc(N(C)C(=O)Nc4c(Cl)c(OC)cc(OC)c4Cl)ncn3)cc2)CC1
CHEMBL2171169,2.2,CC(C)N(CCCNC(=O)Nc1ccc(C(C)(C)C)cc1)C[C@H]1O[C@@H](n2cnc3c(N)ncnc32)[C@H](O)[C@@H]1O
CHEMBL2216830,2.04,C=CC(=O)Nc1cccc(CN2C(=O)N(c3c(Cl)c(OC)cc(OC)c3Cl)Cc3cnc(NCCCCN(CC)CC)nc32)c1
CHEMBL381098,4.49,CCSc1c(Cc2ccccc2C(F)(F)F)sc2c1c(=O)n(C)c(=O)n2CC(C)C
CHEMBL284275,0.2,COc1ccc(Cc2c(N)n[nH]c2N)cc1
CHEMBL2177167,2.0,CCN(CCN(C)C)S(=O)(=O)c1ccc(-c2cnc(N)c(C(=O)Nc3cccnc3)n2)cc1
CHEMBL2331746,1.49,Cc1cn([C@H]2CCCN(S(=O)(=O)c3ccc(O)c(Oc4ccccc4)c3)C2)c(=O)[nH]c1=O
CHEMBL1712280,4.28,c1ccc(N2CC3COc4ccccc4C3=N2)cc1
CHEMBL1790041,-0.95,CNC(=C[N+](=O)[O-])NCCSCc1ccc(CN(C)C)o1
CHEMBL1184060,1.64,CC(C)CC(c1ccncc1)n1[nH]c(=O)c2nc3cc(Cl)ccc3c(O)c2c1=O
CHEMBL1502799,2.02,FC(F)c1nc2ccccc2[nH]1
CHEMBL2208436,3.09,N#Cc1cccc(OC[C@@H](O)CNC2CCN(Cc3ccc(Cl)c(Cl)c3)CC2)c1
CHEMBL480445,2.18,COc1cc2ncc(C(N)=O)c(Nc3ccc(F)cc3F)c2cc1N1CCN(C)CC1
CHEMBL1392670,4.4,O=C(Oc1ccccc1O)c1cccc2ccccc12
CHEMBL1455477,3.28,COc1ccccc1CNc1cc(C)ccn1
CHEMBL1939414,3.04,Nc1nc(Nc2cccc(Br)c2)c2nc[nH]c2n1
CHEMBL1617016,3.12,Nc1c2c(nc3ccc(Br)cc13)N(c1ccccc1)CC2
CHEMBL2207600,0.06,COc1cc(OC)c(S(=O)(=O)N(c2ccc(C)cc2)c2ccc(C)cc2)cc1NC(=O)CCC(=O)O
CHEMBL244213,2.49,O=C(c1ccc(F)cc1)C(O)c1ccc(F)cc1
CHEMBL404957,1.11,CC(C)C[C@H](N)c1nnc(S(=O)(=O)Cc2ccc(F)cc2)o1
CHEMBL520252,2.81,Cc1ccc(NC(=O)c2cccc(OCC(C)C)c2)cc1C(=O)Nc1cccnc1
CHEMBL190747,3.52,COc1ccc(OC)c(CNC(=O)c2cccnc2Oc2ccccc2)c1
CHEMBL1079175,2.5,NC1(c2ccc(-c3nc4ccn5c(=O)[nH]nc5c4cc3-c3ccccc3)cc2)CCC1
CHEMBL1499868,4.48,CC(c1ccccc1)C(Cc1nc2ccccc2[nH]1)c1nc2ccccc2[nH]1
CHEMBL1824042,1.33,O=C1COc2ccc(CNC3CCN(CCN4C(=O)COc5ccc(Cl)cc54)CC3)nc2N1
CHEMBL2158827,1.83,O=C(O)Cc1ccc(N2CCC(CN3CCC(Oc4ccc(Cl)c(Cl)c4)CC3)CC2)cc1
CHEMBL520925,3.6,COc1cc2ncc(C(N)=O)c(Nc3cccc(Cl)c3F)c2cc1OC
CHEMBL181502,3.2,CN(C(=O)C1CCC1)C1CCN(CCC(c2ccccc2)c2ccccc2)CC1
CHEMBL1962631,-0.56,N=C(N)NC(=O)c1nc(Cl)c(NCc2ccccn2)nc1N
CHEMBL470915,3.53,N#Cc1nc(NC2CC3CCC2C3)c(N)c(N2CCOCC2)n1
CHEMBL1163803,4.3,CCN(C(=O)NCc1c(F)cccc1F)C1CCN(CCC(c2ccccc2)c2ccccc2)CC1
CHEMBL598194,2.88,NC1(C(=O)NCc2ccc(Cl)cc2)CCN(c2ncnc3[nH]ccc23)CC1
CHEMBL42,3.08,CN1CCN(C2=Nc3cc(Cl)ccc3Nc3ccccc32)CC1
CHEMBL2178954,1.0,Cc1ncc(-c2ccc([C@H]3CC[C@H](CC(=O)O)CC3)cc2)nc1C(N)=O
CHEMBL373250,2.4,Cn1ncnc1COc1nn2c(-c3cc(F)ccc3F)nnc2cc1C(C)(C)C
CHEMBL1169388,1.89,CNCC[C@H](Oc1ccc(C(F)(F)F)cc1)c1ccccc1
CHEMBL2171046,1.52,Cc1ccc(S(=O)(=O)NC(=O)N2CCC(N3CCC(Oc4ccc(Cl)cc4Cl)CC3)CC2)cc1
CHEMBL144960,3.33,O=c1ccoc2cc(OCc3ccccc3)ccc12
CHEMBL271023,0.79,[O-][S+](c1ccccc1)c1ccc2nnnn2n1
CHEMBL90531,3.2,O=[N+]([O-])c1ccc2c(c1)N(c1cccc[n+]1[O-])CC(C(F)F)(C(F)F)O2
CHEMBL645,0.1,CC(C)NCC(O)COc1ccc(COCCOC(C)C)cc1
CHEMBL2178950,0.22,Cc1ncc(C(N)=O)nc1-c1ccc([C@H]2CC[C@H](C(=O)O)CC2)cc1
CHEMBL2178393,2.0,Nc1nnc(CCSCCc2nnc(NC(=O)Cc3ccccc3)s2)s1
CHEMBL1809049,4.0,COc1cc(OC2CCN(C(C)=O)CC2)ccc1Nc1ncc(Cl)c(-c2cnc3ccccn23)n1
CHEMBL1373079,2.71,COc1ccc(-c2cc(=O)c3ccccc3[nH]2)cc1
CHEMBL74380,0.7,COC1/C=C/OC2(C)Oc3c(C)c(O)c4c(c3C2=O)C(=O)C=C(NC(=O)/C(C)=C\C=C\C(C)C(O)C(C)C(O)C(C)C(OC(C)=O)C1C)C4=O
CHEMBL257600,3.67,Cn1cc(C#N)cc1-c1c2c(=O)n(C)c(=O)n(CC3CC3)c2nn1Cc1ccnc2ccc(Cl)cc12
CHEMBL1362558,0.87,Cn1sc(NC(=O)c2cccc(Cl)c2)nc1=O
CHEMBL2059861,2.83,Cc1ccc(-c2nccn2C)cc1NC(=O)c1ccc(OCc2ccccn2)cc1
CHEMBL235191,0.82,CC(=O)Nc1ccc(C(=O)Nc2ccccc2N)cc1
CHEMBL197536,1.0,O=c1cc(N2CCOCC2)oc2cc(O)ccc12
CHEMBL1086580,3.07,Oc1nc(-c2ccc(C(F)(F)F)cc2)nc2c1CSCC2
CHEMBL1290331,3.07,O=C(COCc1cscn1)N1CCN(c2ccc(Cl)cc2Cl)CC1
CHEMBL203370,1.6,O=c1c2ccc(O)cc2ncn1-c1ccc(O)cc1
CHEMBL1945035,1.58,O=c1[nH]c2c(O)ccc([C@@H](O)CNCCc3ccccc3CNCCc3ccccc3F)c2s1
CHEMBL551360,2.62,O=C(CC12CC3CC(CC(C3)C1)C2)Nc1cccc2c(=O)n(C(CO)CO)ccc12
CHEMBL1783284,3.37,COc1ccc(-c2c(F)ccc3c(N)c(C(=O)NC4CC4)nnc23)c(OC)n1
CHEMBL1909734,2.68,Clc1ccccc1-c1cnn[nH]1
CHEMBL1481866,1.7,NC(=O)c1ccc(Oc2cccc3cccnc23)c([N+](=O)[O-])c1
CHEMBL1831079,2.21,NC(=O)Nc1cc(-c2cccc(O)c2)sc1C(N)=O
CHEMBL437,-0.37,Nc1ccc(S(=O)(=O)Nc2nccs2)cc1
CHEMBL272105,2.49,COC(=O)c1nc2c(N[C@H](C)CO)nc(SCc3cccc(F)c3F)nc2[nH]c1=O
CHEMBL1940108,3.11,COc1cccc(NC(=O)Cn2cc(Oc3ncnc4cc(OC)c(OC)cc34)cn2)c1
CHEMBL370252,0.74,CC1CCc2cc(F)cc3c(=O)c(C(=O)O)cn1c23
CHEMBL205245,1.61,Cc1nc(Cl)c(Cl)n1Cc1sc2c(c1C(=O)N1CC[C@@H](O)C1)c(=O)n(C)c(=O)n2CC(C)C
CHEMBL2070946,1.2,N#Cc1cnc(N2CCN(C(=O)[C@@H]3CCCC[C@H]3C(=O)NC3(C#N)CC3)CC2)s1
CHEMBL443320,-1.34,Cc1ccc(NC(=N)N)cc1C
CHEMBL1779497,1.26,O=C(NCC1CCCCC1)c1cc(-n2ncc(=O)[nH]c2=O)ccc1Cl
CHEMBL1332736,1.3,O=C(Oc1ccccc1)N1CCOCC1
CHEMBL2070948,1.9,CC(C)(C#N)c1cnc(N2CCN(C(=O)[C@@H]3CCCC[C@H]3C(=O)NC3(C#N)CC3)CC2)s1
CHEMBL1732699,3.0,FC(F)(F)c1nnc2ccc(N3CCCCC3)nn12
CHEMBL1917433,0.21,Cc1c(Sc2ccc(Cl)cc2)c2c(NS(C)(=O)=O)cccc2n1CC(=O)O
CHEMBL2141746,1.55,CCCNC(=O)CSc1ccc(S(=O)(=O)N2CCCC2)cn1
CHEMBL256576,2.82,C[C@@H](Oc1cccc2ncnc(Nc3ccc4c(cnn4Cc4ccccn4)c3)c12)C(=O)N1CCOCC1
CHEMBL87388,3.52,COc1ccc(Cn2cc3c(=O)n(C)c(=O)n(CC(C)C)c3c2)cc1
CHEMBL150606,3.2,COc1cc2c(Nc3ccc(Cl)cc3F)ncnc2cc1OCCn1cncn1
CHEMBL8809,1.09,CCN1CCC[C@H]1CNC(=O)c1c(O)c(Cl)cc(Cl)c1OC
CHEMBL1233655,0.55,CC(=O)Nc1nc(C)c(-c2cnc(F)c(NS(=O)(=O)c3sc(C)nc3C)c2)s1
CHEMBL384962,1.78,Cc1ccc2c(c1)c(-c1ccnc3ccc(C(F)(F)F)cc13)c(C)n2CC(=O)O
CHEMBL1542764,1.43,CSc1ncccc1C(=O)Nc1nccs1
CHEMBL2181927,2.51,CCOc1ncc(C)c2c1[C@H](c1ccc(C#N)cc1OC)C(C(N)=O)=C(C)N2
CHEMBL2334590,2.49,Cc1nc2ccc(Cl)cn2c1-c1ccnc(N)n1
CHEMBL1480987,2.31,CC1CC(OC(=O)C(O)c2ccccc2)CC(C)(C)C1
CHEMBL2335898,3.34,C[C@@H](NC(=O)C1CCCCN1C)c1ccc(Nc2ncc3cc(-c4ccncc4)ccc3n2)cc1
CHEMBL401193,4.13,Cc1cc(C)cc(-c2[nH]c3sc(C(C)(C)C(=O)N4C5CCC4CC5)cc3c2CCN2CCN(CC(=O)N(C)C)CC2)c1
CHEMBL1950851,3.12,CN[C@@H](C)C(=O)N[C@H](C(=O)N[C@H]1CCCN(CCc2ccc(F)cc2)C1)C(C)(C)C
CHEMBL2035030,2.2,NC1(c2ccc(-c3ncc4ccncc4c3-c3ccccc3)cc2)CCC1
CHEMBL111955,1.77,CC(C)C(NC(=O)Cn1c(-c2ccccc2)ccc(NS(C)(=O)=O)c1=O)C(=O)C(F)(F)F
CHEMBL316388,1.5,C[C@@H]1CN(C(=O)[C@@](C)(O)C(F)(F)F)[C@@H](C)CN1C(=O)c1ccc(C#N)cc1
CHEMBL248380,2.5,CCOc1ccccc1-c1ccc(-c2nc3ccc(F)cc3c(N[C@H](C)C(=O)O)c2C#N)cc1
CHEMBL235581,1.49,O=C(NCC12CC3CC(CC(C3)C1)C2)c1cc(CC2CCNCC2)ccc1Cl
CHEMBL1682940,3.17,CC[C@H](NC(=O)c1c(S(C)(=O)=O)c(-c2ccccc2)nc2ccccc12)c1ccccc1
CHEMBL1471868,3.19,O=C(Nc1ccc(F)cc1)c1cccnc1Oc1ccccc1
CHEMBL1076211,1.65,Cc1ccc(C(=O)C(C)CN2CCCCC2)cc1
CHEMBL1951022,2.8,Cc1nc(S(C)(=O)=O)ccc1Nc1ncnc(OC2CCN(C(=O)OC(C)C)CC2)c1C
CHEMBL1987793,3.89,Cc1ccccc1-c1c(C(=O)O)n(CCCOc2cccc3ccccc23)c2ccccc12
CHEMBL1947155,2.28,C[C@@H](NCc1ccccc1-c1ccc(CCNC[C@H](O)c2ccc(O)c3[nH]c(=O)sc23)cc1)c1ccccc1
CHEMBL1939418,2.75,Nc1nc(Nc2ccc(F)c(Cl)c2)c2nc[nH]c2n1
CHEMBL398295,3.97,CCCSc1nc(N[C@@H]2C[C@H]2c2ccccc2)c2nnn([C@@H]3C[C@H](O)[C@@H](O)[C@H]3O)c2n1
CHEMBL174107,-0.84,CSc1ccc(N2C(N)=NC(N)=NC2(C)C)cc1
CHEMBL2089280,1.6,Cc1ccc(-c2cccc([S@]3(=O)=NC(=O)[C@H](C)N3)c2)cc1
CHEMBL139347,2.4,Nc1nc(N)nc(-c2cccc(C(F)(F)F)c2)n1
CHEMBL1623,3.39,Cc1cccc(CN2CCN(C(c3ccccc3)c3ccc(Cl)cc3)CC2)c1
CHEMBL2171034,1.79,O=C(NS(=O)(=O)c1ccc(F)cc1)N1CCC(N2CCC(Oc3ccc(Cl)c(Cl)c3)CC2)CC1
CHEMBL1689115,1.01,O=C(O)COc1ccc(Cl)cc1CN1CCCN(S(=O)(=O)Cc2ccccc2)CC1
CHEMBL1628691,3.62,Clc1cccc(-n2nnnc2NCc2ccccc2Oc2ccccn2)c1Cl
CHEMBL1515447,2.36,CN1CCCN(C(c2ccccc2)c2ccc(Cl)cc2)CC1
CHEMBL559968,1.29,O=C(NCCc1ccccc1Cl)c1cc(-n2ncc(=O)[nH]c2=O)ccc1Cl
CHEMBL1180299,1.1,O=c1[nH]n(Cc2ccccn2)c(=O)c2c(=O)c3ccc(Cl)cc3[nH]c12
CHEMBL2335897,2.15,C[C@@H](NC(=O)[C@H]1CCCCN1)c1ccc(Nc2ncc3cc(-c4ccncc4)ccc3n2)cc1
CHEMBL204476,1.98,CC(C)Cn1c(=O)n(C)c(=O)c2c(C(=O)N3CC[C@@H](O)C3)c(Cc3cccc4ncccc34)sc21
CHEMBL2164680,3.5,C[C@@H](C#N)NC(=O)[C@@H]1CCCC[C@H]1C(=O)N1CCc2[nH]c3ccc(F)cc3c2C1
CHEMBL109396,1.17,CC(C)C(NC(=O)Cn1c(-c2ccccc2)ccc(NS(N)(=O)=O)c1=O)C(=O)C(F)(F)F
CHEMBL551765,2.53,O=C(NCC1CCCCCC1)c1cc(-c2cccnc2N2CCC(C(=O)O)CC2)ccc1Cl
CHEMBL14690,1.13,N=C(NCc1ccc(Cl)cc1)SCCCc1c[nH]cn1
CHEMBL2089276,1.3,Cc1ccc(-c2cccc(-c3nn[nH]n3)c2)cc1
CHEMBL1917461,0.35,Cc1ccc2c(n1)c(Sc1ccc(Cl)cc1)c(C)n2CC(=O)O
CHEMBL366080,1.8,Cc1ccc(NC(=O)c2ccnc(N3CCOCC3)c2)cc1Nc1ccnc(N(C)C2CCN(C)CC2)n1
CHEMBL306262,3.2,CCCCCC[C@H]1OC(=O)CNC(=O)[C@@H]([C@H](C)O)NC(=O)[C@H](CO)NC(=O)[C@H]([C@H](C)CC)NC(=O)[C@H](CC(C)C)N(C)C(=O)[C@@H]1C
CHEMBL1950724,0.82,CN[C@@H](C)C(=O)N[C@H](C(=O)N[C@H]1CCN(C(=O)c2ccccc2)C1)C1CCCCC1
CHEMBL2059864,3.19,Cc1cnc(-c2ccc(C)c(NC(=O)c3ccc(OCc4ccccn4)cc3)c2)[nH]1
CHEMBL1165028,3.3,O=C(NCCSCc1ccccc1)c1ccccc1
CHEMBL2158836,2.5,O=C(O)[C@@H](Cc1ccccc1)N1CCC(CN2CCC(Oc3ccc(Cl)c(Cl)c3)CC2)CC1
CHEMBL205807,2.35,CC(C)Cn1c(=O)n(C)c(=O)c2c(C(=O)N3CC[C@@H](O)C3)c(Cc3c[nH]c4ccccc34)sc21
CHEMBL576068,1.73,Cc1cc(Nc2nc(N[C@@H](C)c3ccc(F)cn3)cnc2C)n[nH]1
CHEMBL142715,3.3,c1ccc(-c2ccc(COc3ccc4c(c3)CCC(CCN3CCCCC3)C4)cc2)cc1
CHEMBL409493,2.31,Nc1ccccc1NC(=O)c1ccc(C2CCN(Cc3ccc(C(=O)NC4CC4)cc3)CC2)cc1
CHEMBL1945297,2.41,CC(Cc1cccc(CNCCc2c(Cl)cccc2Cl)c1)NC[C@H](O)c1ccc(O)c2[nH]c(=O)sc12
CHEMBL2321991,0.61,OCC[C@]1(c2ccc(Cl)c(Cl)c2)CCCNC1
CHEMBL2164670,3.57,COc1ccccc1C(C#N)NC(=O)[C@@H]1CCCC[C@H]1C(=O)N1CCN(Cc2ccc(F)cc2)CC1
CHEMBL182150,3.13,CN(C)c1nc(N[C@H]2CC[C@@H](NC(=O)c3ccc(F)c(F)c3)CC2)nc2ccccc12
CHEMBL1788268,1.56,CCCNC[C@@H](O)COc1ccccc1C(=O)CCc1ccccc1
CHEMBL1180288,0.7,O=c1[nH]n(C(c2ccncc2)C2CC2)c(=O)c2c(O)c3ccc(Cl)cc3nc12
CHEMBL2158792,2.08,Cc1cc(OC2CCN(CC3CCN([C@@](C)(Cc4ccc(F)cc4)C(=O)O)CC3)CC2)ccc1Cl
CHEMBL490512,3.77,O=C(CCc1ccccc1)c1ccccc1
CHEMBL813,-0.9,CCCCc1ncc(/C=C(\Cc2cccs2)C(=O)O)n1Cc1ccc(C(=O)O)cc1
CHEMBL2158835,2.5,O=C(O)[C@H](Cc1ccccc1)N1CCC(CN2CCC(Oc3ccc(Cl)c(Cl)c3)CC2)CC1
CHEMBL75880,3.02,C1CCC(C(CC2CCCCN2)C2CCCCC2)CC1
CHEMBL1762545,3.9,COc1cc(Nc2nccc(N(C)c3cc(CO)ccc3C)n2)cc(N2CCOCC2)c1
CHEMBL1975242,1.94,O=C(Nc1nc2c(=O)[nH]cnc2s1)c1ccccc1
CHEMBL1682948,3.72,CC[C@H](NC(=O)c1c([S+](C)[O-])c(-c2ccc(F)cc2)nc2ccccc12)c1ccccc1
CHEMBL2331753,2.27,Cc1cn([C@H]2CCCN(S(=O)(=O)c3ccc(O)c(Oc4cccc(C(F)(F)F)c4)c3)C2)c(=O)[nH]c1=O
CHEMBL74355,1.7,COc1cccc([C@H](O)C2CCN(CCc3ccc(F)cc3)CC2)c1OC
CHEMBL250540,2.43,COc1ccc2nc(N[C@H]3CCC[C@H](NCc4ccsc4)C3)ccc2c1
CHEMBL1559730,3.2,Cc1cc(C)c2c(n1)sc1c(N3CCN(C)CC3)ncnc12
CHEMBL2086650,3.27,CC(C)(C)OC(=O)N1CCN(c2ncc(OCc3ccc(S(C)(=O)=O)cc3)cn2)CC1
CHEMBL237616,0.75,O=C(COc1ccccc1)N1CCOCC1
CHEMBL1607641,0.97,Cc1nnsc1C(=O)Nc1ccccc1
CHEMBL1201373,1.07,CC[C@H](C)C(=O)O[C@H]1C[C@@H](C)C=C2C=C[C@H](C)[C@H](CC[C@@H](O)C[C@@H](O)CC(=O)O)[C@H]21
CHEMBL2179669,-0.38,Cc1cn([C@H]2CCCN(Cc3ccc(C(=O)O)c(Oc4cccc(C(F)(F)F)c4)c3)C2)c(=O)[nH]c1=O
CHEMBL1479463,2.0,COc1cc(O)cc2occ(-c3ccc(O)cc3)c(=O)c12
CHEMBL976,2.43,O=C(C1CCCCC1)N1CC(=O)N2CCc3ccccc3C2C1
CHEMBL1213085,3.55,Cc1ccccc1-n1c(Cn2nc(-c3ccc(O)c(F)c3)c3c(N)ncnc32)nc2cccc(C)c2c1=O
CHEMBL2152076,2.5,Nc1nc(Nc2ccc3nc(-c4ccc(F)cc4)cc(N)c3c2)cc(-c2cccc(Cl)c2)n1
CHEMBL1467,-0.42,O=c1[nH]cnc2[nH]ncc12
CHEMBL1934423,0.78,Cc1ccc(S(=O)(=O)Nc2c(C(=O)N[C@@H](C)C(C)(C)C)c(C)nn2C2CCOC2)cc1
CHEMBL119385,2.74,O=c1ncn2nc(Sc3ccc(F)cc3F)ccc2c1-c1c(Cl)cccc1Cl
CHEMBL1917421,3.56,Cc1c(Sc2ccc(Cl)cc2)c2cc(Cl)ccc2n1C(C)C(=O)O
CHEMBL207028,2.33,NC(=O)c1sc(-c2ccccc2)cc1N
CHEMBL212777,1.59,Cc1ccc2c(c1)c(-c1ccnc3cc(Cl)ccc13)c(C)n2CC(=O)O
CHEMBL1916532,1.46,COc1ccc2ncc(F)c(CCN3CCC(NCc4cc5c(cn4)OCCO5)CC3)c2n1
CHEMBL2041980,2.4,CS(=O)(=O)c1ccc(-c2cnc(N)c(-c3ccc(C(F)(F)F)nc3)c2)cc1
CHEMBL1682825,2.5,O=C1CCOc2nc(CCc3ccccc3)ccc21
CHEMBL1371,2.16,O=c1[nH]c2cc(Cl)ccc2o1
CHEMBL322122,-0.15,CC(C)C(=O)NCCNCC(O)COc1ccc(O)cc1
CHEMBL2035018,3.3,NC1(c2ccc(-c3nn4cccc4cc3-c3ccccc3)cc2)CCC1
CHEMBL1689110,0.4,O=C(O)COc1ccc(C(F)(F)F)cc1CN1CCN(S(=O)(=O)c2ccccc2)CC1
CHEMBL1770471,3.69,CSCCC(NC(=O)c1sccc1Cl)c1nc2ccccc2[nH]1
CHEMBL1738840,1.69,COc1ccnc(CCc2nc3cccnc3[nH]2)c1
CHEMBL379787,3.3,O=C(Nc1nc2ccccc2n1CCN1CCOCC1)c1cccc([N+](=O)[O-])c1
CHEMBL447426,2.3,CC(C)[C@@H](CO)NS(=O)(=O)c1ccc(Cl)s1
CHEMBL418822,3.05,CC(C)C(NC(=O)Cn1c(-c2cccnc2)ccc(NC(=O)OCc2ccccc2)c1=O)C(=O)C(F)(F)F
CHEMBL97,2.16,C=CC1CN2CCC1CC2[C@@H](O)c1ccnc2ccc(OC)cc12
CHEMBL1789941,2.55,N#CC[C@H](C1CCCC1)n1cc(-c2ncnc3[nH]ccc23)cn1
CHEMBL294209,1.14,O=S(=O)(Nc1nccs1)c1cc(Cl)ccc1Cl
CHEMBL2147033,3.32,O=C1COC2(CCN(S(=O)(=O)c3ccc(-c4ccc5cnccc5c4)cc3)CC2)CN1C1CC1
CHEMBL2062561,2.97,COc1ccc(-c2cc(Nc3ccn(C)n3)n3ncc(C#N)c3n2)cc1
CHEMBL1359777,3.46,Cc1cc(C(=O)Cn2cc(C(F)(F)F)ccc2=O)c(C)n1Cc1ccccc1
CHEMBL47361,3.99,Oc1ccc2nc(-c3ccccc3)sc2c1
CHEMBL168552,1.35,NS(=O)(=O)c1nc2ccccc2s1
CHEMBL1778642,-0.75,CS(=O)(=O)c1ccc(-c2cc(Cl)ccc2OCC(=O)O)c(Cl)c1
CHEMBL249789,3.99,OC[C@H]1C[C@@H](n2nnc3c(N[C@@H]4C[C@H]4c4ccc(F)c(F)c4)nc(SCCC(F)(F)F)nc32)[C@H](O)[C@@H]1O
CHEMBL59956,2.5,NC(=O)c1ccccc1OCc1ccccc1
CHEMBL2142704,0.56,CC1CC(=O)Nc2ccccc2N1
CHEMBL1068,1.28,NC(=O)N1c2ccccc2CC(=O)c2ccccc21
CHEMBL250961,4.0,Cc1ccc(F)cc1S(=O)(=O)N[C@@H]1CCN(Cc2ccc(-c3ccccc3)cc2)C1
CHEMBL1300982,2.8,COc1ccc(-c2coc3cc(O)cc(O)c3c2=O)cc1OC
CHEMBL1917436,0.2,CC(=O)Nc1ccc2c(c1)c(Sc1ccc(Cl)cc1)c(C)n2CC(=O)O
CHEMBL1682822,3.0,O=C1CCOc2nc(C#CC3CCCC3)ccc21
CHEMBL654,2.82,CN1CCN2c3ncccc3Cc3ccccc3C2C1
CHEMBL499028,0.91,COc1ccccc1-c1nnc(N)[nH]1
CHEMBL2171993,1.4,COc1ccc(N2CCN(C(=O)[C@@H]3CCCC[C@H]3C(=O)NC3(C#N)CC3)CC2)cc1OC
CHEMBL198114,1.84,CCN(C(=O)Cc1ccc(S(C)(=O)=O)cc1)C1CCN(CCC(c2ccccc2)c2ccc(NS(C)(=O)=O)cc2)CC1
CHEMBL1807823,0.12,O=c1[nH]c2c(O)ccc([C@@H](O)CNCCSCCCNCCc3ccccc3)c2s1
CHEMBL2057372,0.96,CC(C)(C)NS(=O)(=O)c1cncc(-c2ccc3nc(NC(=O)NCC(=O)N4CCOCC4)nn3c2)c1
CHEMBL1682957,3.81,CC[C@H](NC(=O)c1c([S+]([O-])C(C)C)c(-c2ccccc2)nc2ccccc12)c1ccccc1
CHEMBL1951076,2.07,COc1cc(OC)c(S(=O)(=O)N2c3ccccc3CCC2C)cc1NC(=O)COC(C)=O
CHEMBL575448,3.16,C[C@@]1(C(=O)Nc2ccc(F)nc2)CCCN1c1nc(Nc2cc(C3CC3)[nH]n2)c2cccn2n1
CHEMBL1886726,1.73,CC1CN(C(=O)c2ccccc2)c2ccccc2NC1=O
CHEMBL474432,0.84,COc1cc2ncn(-c3cc(OCc4ccccc4C(F)(F)F)c(C(=O)O)s3)c2cc1OC
CHEMBL1807871,1.74,O=c1[nH]c2c(O)ccc([C@@H](O)CNCCCSCCNCCc3cccc(Cl)c3Cl)c2s1
CHEMBL2078873,1.32,NC(=O)Nc1cc(-c2cccc(F)c2F)sc1C(=O)N[C@H]1CCCNC1
CHEMBL335744,2.7,CC(C)C(=O)Nc1nc(-c2ccccn2)cc2ccccc12
CHEMBL585,1.16,Nc1nc(N)c2nc(-c3ccccc3)c(N)nc2n1
CHEMBL74582,3.07,C=CCNS(=O)(=O)c1ccc(NC(=O)[C@@](C)(O)C(F)(F)F)c(Cl)c1
CHEMBL1783119,3.5,COc1ccc(C(=O)NCc2cn(-c3cc(C)nc4ccc(OC)cc34)nn2)cc1
CHEMBL322271,1.92,O=S(=O)(CCCNCCc1ccc(O)c2nc(O)sc12)NCCOCCc1cccc(Cl)c1
CHEMBL660,-0.98,NC12CC3CC(CC(C3)C1)C2
CHEMBL2325726,1.7,CNC(=O)c1cc(-c2nc(N3CCOCC3)cc(C3(S(C)(=O)=O)CC3)n2)c2cc[nH]c2c1
CHEMBL358816,1.02,O=c1ccc(=O)c2ccccc2[nH]1
CHEMBL216981,2.32,CC[C@@H](Nc1c(Nc2cccc(C(=O)N(C)C)c2O)c(=O)c1=O)c1ccc(C)o1
CHEMBL2346972,2.8,Fc1ccc(CN2CCN(C3=Nn4c(nnc4C(F)(F)F)CC3)CC2)cc1
CHEMBL2036739,3.72,O=C(Nc1ccc(N2CCOCC2)cc1)c1nnc(NC(=O)C2(c3ccc(Cl)cc3)CCCC2)o1
CHEMBL44722,4.18,CC[C@H](NC(=O)c1c(CN(C)C)c(-c2ccccc2)nc2ccccc12)c1ccccc1
CHEMBL1939749,2.32,CCOC(=O)Nc1cccc([C@@H](c2ccc(C(=O)N(C)CC)cc2)N2CCN(Cc3nc[nH]c3C)CC2)c1
CHEMBL175296,2.43,Nc1nc(-c2ccccc2)cs1
CHEMBL1800526,2.92,COc1ccnc(CCc2nc3cc(Br)cnc3[nH]2)c1
CHEMBL741,1.38,Nc1nnc(-c2cccc(Cl)c2Cl)c(N)n1
CHEMBL1770477,4.23,CCOc1ccc2oc(C(=O)NC(CCSC)c3nc4ncccc4[nH]3)c(C)c2c1
CHEMBL1604571,-0.2,CCOC(=O)C(CCc1ccccc1)NC1CCc2ccccc2N(CC(=O)O)C1=O
CHEMBL426161,2.0,COc1ccc(Cl)c(Nc2ncnc3cc(OCC4CCN(C)CC4)c(OC)cc23)c1
CHEMBL2325714,1.35,CS(=O)(=O)C1(c2cc(N3CCOCC3)nc(-c3cccc(N)c3)n2)CC1
CHEMBL2177165,2.83,Nc1ncc(-c2ccc(S(=O)(=O)N3CCOCC3)cc2)nc1C(=O)Nc1cccnc1
CHEMBL2325735,2.1,CS(=O)(=O)NCC(NC(=O)C1(N)CCN(c2ncnc3[nH]ccc23)CC1)c1ccc(Cl)cc1
CHEMBL2036576,2.36,CN1CCN(c2ccc(NC(=O)c3nnc(Nc4ccccc4F)o3)cn2)CC1
CHEMBL1682965,3.18,CC[C@H](NC(=O)c1c([S+](C)[O-])c(-c2ccccc2)nc2cc(Br)ccc12)c1ccccc1
CHEMBL1809229,3.2,COc1cc(N2CCN(C(C)=O)CC2)ccc1Nc1ncc(Cl)c(-c2cnc3c(F)cc(F)cn23)n1
CHEMBL387125,2.23,CON(C)C(=O)c1c(Cn2c(C)nc(Cl)c2Cl)sc2c1c(=O)n(C)c(=O)n2CC(C)C
CHEMBL2325983,3.4,NC1(C(=O)NC(c2ccc(Cl)cc2)C2CC2)CCN(c2ncnc3[nH]ccc23)CC1
CHEMBL2208429,2.95,O=C(NC[C@@H](O)CN1CCC(Oc2ccc(Cl)c(Cl)c2)CC1)c1n[nH]c2ccccc12
CHEMBL387545,3.3,COc1cc(N2CCN(C)CC2)c2nc(C(=O)Nc3ccc(N4CCOCC4)cc3)cc(N(C)C)c2c1
CHEMBL2023350,3.4,Cc1nn(C2CCN(C)CC2)cc1-c1cnc(N)c(-c2nc3ccccc3o2)c1
CHEMBL1889452,2.11,CC1C(=O)Nc2ccccc2N1C(=O)c1ccccc1
CHEMBL2216859,3.49,CC(C)N1CCN(Cc2cnc(-c3cc(-c4cccc5[nH]ccc45)cc4[nH]ncc34)o2)CC1
CHEMBL273449,2.37,CC(C)C(NC(=O)Cn1c(-c2ccccc2)ncc(NC(=O)OCC(F)(F)F)c1=O)C(=O)C(F)(F)F
CHEMBL509,2.33,Cc1ccc(Cl)c(Nc2ccccc2C(=O)O)c1Cl
CHEMBL2164745,0.78,COc1ccc2ncc(=O)n(CCN3CC[C@@H](NCc4cc5c(cn4)OCCO5)[C@@H](O)C3)c2c1
CHEMBL2023802,3.29,CCOc1cc2nccc(Oc3cnc(CC(=O)Nc4n[nH]c(CC)c4C)c(OC)c3)c2cc1OC
CHEMBL567161,3.11,CCNc1nc(C#N)nc(Nc2ccccc2)n1
CHEMBL1682824,3.2,O=C1CCOc2nc(/C=C/c3ccccc3)ccc21
CHEMBL184659,2.7,COc1cc2ncnc(Nc3cc(NC(=O)c4ccnc(N5CCOCC5)c4)ccc3C)c2cc1OCCN1CCCC1
CHEMBL1684,1.78,NS(=O)(=O)c1cc2c(cc1C(F)(F)F)NC(Cc1ccccc1)NS2(=O)=O
CHEMBL193646,0.73,c1ccc(CNCCNCc2ccccc2)cc1
CHEMBL153036,1.96,CNCC[C@@H](Oc1ccc(C(F)(F)F)cc1)c1ccccc1
CHEMBL390674,3.47,Cc1cc(Oc2ccc3c(c2)OCO3)nc(Oc2ccc(-n3ccnc3)cc2)n1
CHEMBL2029359,1.92,CS(=O)(=O)Cc1cc(N2CCOCC2)nc(-c2cnc3[nH]ccc3c2)n1
CHEMBL50161,2.96,COC(=O)CCCC(=O)Nc1ccc2c(c1)-c1ccccc1C(=O)C2=O
CHEMBL2086691,3.1,C[C@@H]1CN(c2noc(C3CC3)n2)CCN1c1ncc(OCc2ccncc2C#N)cn1
CHEMBL1703518,3.9,CCN(CC)S(=O)(=O)c1ccc(-c2nnc(SCC(=O)N3CCc4ccccc43)o2)cc1
CHEMBL1084762,2.53,O=C(O)C[C@@H]1c2ccccc2C[C@H]1NC(=O)c1cc2sc(Cl)c(Cl)c2[nH]1
CHEMBL1290746,2.6,Cc1ccc(C(=O)Nc2ccon2)cc1NC(=O)c1cnn(-c2ccccc2F)c1N
CHEMBL225363,2.7,CN1CCN(c2cc(F)cc3c(=O)cc(C(=O)Nc4ccc(N5CCOCC5)cc4)[nH]c23)CC1
CHEMBL193757,0.81,CC(C)Oc1cc(OCCc2cccnc2)cc(C(=O)Nc2ccc(C(=O)O)cn2)c1
CHEMBL1382733,1.2,Cn1c(-c2ccc(O)nc2)nc2ccccc21
CHEMBL1190521,1.89,CCOC(=O)C1(c2cccc(O)c2)CCCN(CC2CC2)C1
CHEMBL210887,3.0,O=C(Nc1nc2ccccc2n1CCCO)c1cccc([N+](=O)[O-])c1
CHEMBL1916264,0.65,CCC(CC)NC(=O)c1cnn(-c2ccccc2Cl)c1NS(=O)(=O)c1ccc(C)cc1
CHEMBL226856,1.11,O=c1[nH]n(Cc2ccsc2)c(=O)c2c(=O)c3ccc(Cl)cc3[nH]c12
CHEMBL2361579,2.8,Cc1cc2cc(C)c3nnc(SCC(=O)N4CCN(C(=O)c5ccco5)CC4)n3c2cc1C
CHEMBL1308863,2.96,Cc1cc(NC(=O)Nc2ccc(Cl)cc2)n(C)n1
CHEMBL1762157,3.73,CC1(C)C(=O)N(c2ccc(SC(F)(F)F)cc2)C(=O)N1Cc1ccnc(N2CCOCC2)c1
CHEMBL100675,2.16,Cc1ccc(Cl)c(Nc2cc(Nc3ccc(OCC(O)CN(C)C)cc3)ncn2)c1
CHEMBL2207286,3.13,CN(C)S(=O)(=O)c1ccc2c(C(=O)NC[C@@H](O)CN3CCC(Oc4ccc(Cl)c(Cl)c4)CC3)c[nH]c(=O)c2c1
CHEMBL428777,3.67,C[C@@H](Oc1cccc2ncnc(Nc3ccc(OCc4ccccn4)c(Cl)c3)c12)C(=O)N(C)C
CHEMBL644,2.95,CC(CN(C)C)CN1c2ccccc2CCc2ccccc21
CHEMBL1608462,3.8,Cc1cc(C)c(CNC(=O)c2cc(C3CC3)nc3c2cnn3C(C)C)c(O)n1
CHEMBL2207659,3.02,Cc1cc(Cl)ccc1OC1CCN(C[C@H](O)CNC(=O)c2c[nH]nc2C(F)(F)F)CC1
CHEMBL2107729,3.02,O=C(Nc1ccc(S(=O)(=O)N2CCOCC2)cc1)c1cc(Cl)ccc1NS(=O)(=O)c1ccc(Cl)s1
CHEMBL101119,2.1,CN(C)CC(O)COc1ccc(Nc2cc(N(CC#N)c3cc(Cl)ccc3Cl)ncn2)cc1
CHEMBL22242,0.05,CCN1CCC[C@H]1CNC(=O)c1c(OC)ccc(Br)c1OC
CHEMBL1094250,3.48,Cc1cc2c(C(=O)NC[C@H](C)c3ccccc3)c(O)c(O)cc2c(O)c1-c1c(C)cc2c(C(=O)NC[C@H](C)c3ccccc3)c(O)c(O)cc2c1O
CHEMBL2336320,2.82,COc1ccc(-c2ccc3c(N4CCOC[C@@H]4C)nc(N4CCOC[C@@H]4C)nc3n2)cc1C(N)=O
CHEMBL239767,3.9,O=C(Nc1ccc([N+](=O)[O-])cc1O)Nc1ccccc1Br
CHEMBL2171036,1.39,COc1ccc(S(=O)(=O)NC(=O)N2CCC(N3CCC(Oc4ccc(Cl)c(Cl)c4)CC3)CC2)cc1
CHEMBL250132,3.22,C[C@H](CN(C)C(=O)CO)Oc1cccc2ncnc(Nc3ccc(OCc4ccccn4)c(Cl)c3)c12
CHEMBL235579,2.18,O=C(NCC12CC3CC(CC(C3)C1)C2)c1cc(O[C@H]2CCCNC2)ccc1Cl
CHEMBL514384,2.75,COCCS(=O)(=O)N1CCN(c2ccc(Nc3nccc(-c4cnc(C)n4C(C)C)n3)cc2)CC1
CHEMBL294878,3.2,O=c1cc(-c2ccc(O)cc2)oc2cc(O)ccc12
CHEMBL686,1.89,Cc1cccc(Nc2ccccc2C(=O)O)c1C
CHEMBL167226,2.3,CCCc1c(OCc2ccc(C(=O)O)c(Br)c2)ccc(C(C)=O)c1O
CHEMBL550438,3.56,CC1CCC(CC(=O)Nc2cccc3ncccc23)CC1
CHEMBL301265,3.15,CCCN[C@H]1CCc2nc(N)sc2C1
CHEMBL1807855,0.47,Nc1nc(OCc2nccs2)nc2c1ncn2[C@@H]1O[C@H](CF)[C@@H](O)[C@H]1O
CHEMBL1232461,2.46,CCNC(=O)C[C@@H]1N=C(c2ccc(Cl)cc2)c2cc(OC)ccc2-n2c(C)nnc21
CHEMBL403812,1.69,Nc1ccccc1NC(=O)c1ccc(-c2ncc(CN3CCC3)cc2F)cc1
CHEMBL521809,2.13,O=C(c1cccc(Cc2n[nH]c(=O)c3ccccc23)c1)N1CCN(c2ncccn2)CC1
CHEMBL1807870,0.99,O=c1[nH]c2c(O)ccc([C@@H](O)CNCCCSCCNCCc3ccccc3Cl)c2s1
CHEMBL481563,3.87,Cc1ccc(NC(=O)c2cccc(C(F)(F)F)c2)cc1NC(=O)c1ccc2ncccc2c1
CHEMBL1592130,4.2,c1ccc(-c2nnc(-c3ccccc3)s2)cc1
CHEMBL173706,-0.35,CC(C)(C)NCC(O)COc1nsnc1N1CCOCC1
CHEMBL1916086,1.9,Cc1ccc(S(=O)(=O)Nc2c(C(=O)NCc3ccccc3)cnn2-c2ccccc2)cc1
CHEMBL2036748,1.98,CN1CCCC(CN2CCN(C(=O)Nc3ccc(Cl)c(Cl)c3)CC2)C1
CHEMBL1800660,2.51,CCCCN(CCNC[C@H](O)c1ccc(O)c2[nH]c(=O)sc12)C(=O)CCOCCc1ccccc1
CHEMBL2171049,1.6,Cc1ccc(S(=O)(=O)NC(=O)N2CCC(N3CCC(Oc4ccc(Cl)cc4)CC3)CC2)cc1
CHEMBL2333941,0.8,C[C@@]1(c2cc(-c3cncnc3)c(F)cc2F)CCSC(N)=N1
CHEMBL2151323,2.41,CC(C)Oc1cc(-n2cnc3cnc(N[C@@H](C)c4ncc(F)cn4)nc32)n[nH]1
CHEMBL2325014,2.3,Nc1[nH]ncc1-c1cc(Cl)ccc1Oc1cc(F)c(S(=O)(=O)Nc2cscn2)cc1Cl
CHEMBL1073,0.31,Cc1cnc(C(=O)NCCc2ccc(S(=O)(=O)NC(=O)NC3CCCCC3)cc2)cn1
CHEMBL280713,2.1,O=C(O)c1ccccc1Cn1nnc(-c2cccc(OCc3ccc4ccccc4n3)c2)n1
CHEMBL1721498,2.72,O=C(c1ccc(Cl)cc1)C1CCN(C(=O)C2CC2)CC1
CHEMBL1945292,0.01,COCCNCc1cccc(CCNC[C@H](O)c2ccc(O)c3[nH]c(=O)sc23)c1
CHEMBL520742,2.82,COc1cc2ncc(C(N)=O)c(Nc3ccc(F)cc3)c2cc1OC
CHEMBL1430654,4.02,O=C(Nc1cccc(NC(=O)c2ccccc2)n1)c1ccccc1
CHEMBL1738761,0.76,N#Cc1ccc(Cl)cc1O[C@H](CCN)c1ccccc1
CHEMBL2023801,2.79,CCc1[nH]nc(NC(=O)Cc2ncc(Oc3ccnc4cc(OC)c(OC)cc34)cc2OC)c1C
CHEMBL100945,2.8,C#CCN(c1cc(Nc2ccc(OCC(O)CN(C)C)cc2)ncn1)c1cc(Cl)ccc1Cl
CHEMBL99408,1.33,Nc1ccc2ncccc2c1
CHEMBL1950722,1.65,CN[C@@H](C)C(=O)N[C@H](C(=O)N[C@H]1CCN(CCc2ccccc2)C1)C1CCCCC1
CHEMBL1917462,0.92,Cc1c(Sc2ccc(Cl)cc2)c2c(Cl)nccc2n1CC(=O)O
CHEMBL1824031,1.42,O=C1COc2ccc(CNC3CCN(CCN4C(=O)COc5ccc(Br)cc54)CC3)nc2N1
CHEMBL258175,1.68,CC(C)N1CCN(Cc2cnc(-c3ccc(C(=O)Nc4ccccc4N)cc3)c(Cl)c2)CC1
CHEMBL474484,0.7,CC(C)CNc1nc(C#N)nc(N2CCNCC2)c1N
CHEMBL260091,2.03,C[C@@H](O)[C@H](NC(=O)c1ccc(C#Cc2ccc(CN3CCOCC3)cc2)cc1)C(=O)NO
CHEMBL2208432,4.46,O=C(NC[C@@H](O)CN1CCC(Oc2ccc(Cl)c(Cl)c2)CC1)n1c(=O)[nH]c2ccccc21
CHEMBL1917455,2.28,Cc1c(Oc2ccc(Cl)cc2)c2cc(C(F)(F)F)ccc2n1CC(=O)O
CHEMBL481611,2.9,CC(C)(F)C[C@H](N[C@@H](c1ccc(-c2ccc(S(C)(=O)=O)cc2)cc1)C(F)(F)F)C(=O)NC1(C#N)CC1
CHEMBL11,2.49,CN(C)CCCN1c2ccccc2CCc2ccccc21
CHEMBL1682836,3.1,CN1CCOc2cc(COC3CCCCC3)cnc21
CHEMBL14516,2.0,CC(C)C(NC(=O)Cn1c(-c2ccccc2)ccc(NC(=O)CN2CCOCC2)c1=O)C(=O)C(F)(F)F
CHEMBL6966,2.61,COc1ccc(CCN(C)CCCC(C#N)(c2ccc(OC)c(OC)c2)C(C)C)cc1OC
CHEMBL575492,3.37,COc1ccccc1Nc1cc(Oc2cc(C)c(C)nc2-c2ccccn2)ccn1
CHEMBL2031563,0.29,O=C(Nc1cccc(-c2nnn[nH]2)c1)c1cc(F)cc2[nH]cnc12
CHEMBL621,2.67,O=c1n(CCCN2CCN(c3cccc(Cl)c3)CC2)nc2ccccn12
CHEMBL208487,2.74,CC(C)Cn1c(=O)n(C)c(=O)c2c(C(=O)N3CC[C@@H](O)C3)c(Cc3ccccc3C(F)(F)F)sc21
CHEMBL1956334,3.01,CC(=O)c1ncccc1NC(=O)[C@H]1CC[C@H](N2C(=O)[C@@H]3[C@@H]4CC[C@@H](C4)[C@@H]3C2=O)CC1
CHEMBL115022,2.41,CC(=O)Nc1ccc2nc(-c3cccc(F)c3)cc(O)c2c1
CHEMBL400883,2.41,COc1ccc2nc(N[C@H]3CCC[C@H](NCc4ccsc4)C3)cc(C)c2c1
CHEMBL1809198,3.5,COc1cc(N2CCN(C(C)=O)CC2)ccc1Nc1ncc(Cl)c(-c2cnc3c(F)cccn23)n1
CHEMBL546,0.2,C=CCOc1ccccc1OCC(O)CNC(C)C
CHEMBL1914480,0.83,COc1ccc2ncc(=O)n(CCN3CCC(NCc4cc5c(cn4)OCCO5)CC3)c2n1
CHEMBL1346348,3.16,O=C(c1scc2c1CCCC2)N1CCCCC1
CHEMBL452530,1.2,NC(=O)Nc1sc(-c2ccc(OCCN3CCCCC3)cc2)cc1C(N)=O
CHEMBL10975,2.02,CC(C)C(NC(=O)Cn1c(-c2cccs2)ncc(NC(=O)OCc2ccccc2)c1=O)C(=O)C(F)(F)F
CHEMBL2070947,1.49,CS(=O)(=O)c1ccc2nc(N3CCN(C(=O)[C@@H]4CCCC[C@H]4C(=O)NC4(C#N)CC4)CC3)sc2c1
CHEMBL588,0.87,Oc1ccc(C2CNCCc3c2cc(O)c(O)c3Cl)cc1
CHEMBL445162,3.13,CS(=O)(=O)c1cccc(Nc2nccc(Nc3c(Cl)ccc4c3OCO4)n2)c1
CHEMBL1824038,-0.11,CCS(=O)(=O)c1ccc2c(c1)N(CCN1CCC(NCc3ccc4c(n3)NC(=O)CO4)CC1)C(=O)CO2
CHEMBL1783259,3.65,COc1ccc(OC)c(-c2cccc3c(N)c(C(=O)NC(C)C)nnc23)c1
CHEMBL488881,4.2,O=c1cc(N2CCOCC2)oc2c(-c3cccc(-c4ccsc4)c3)cccc12
CHEMBL1491421,1.9,CC(C)(C)c1cc2nc3c(c(O)n2n1)CN(Cc1ccccc1)C3=O
CHEMBL1164652,3.58,Cc1ncc(-c2ccnc(Nc3ccccc3)n2)n1C(C)C
CHEMBL440335,4.5,[O-]c1c2c(nn1-c1ccc(Cl)cc1)c1ccccc1c[n+]2Cc1ccccc1
CHEMBL2164668,3.01,N#CC1(NC(=O)[C@@H]2CCCC[C@H]2C(=O)N2CCc3oc4ccccc4c3C2)CC1
CHEMBL259850,2.9,COc1ccc(CNC(=O)Nc2ncc([N+](=O)[O-])s2)cc1
CHEMBL241609,2.45,O=c1c(-c2ccc(O)c(O)c2)coc2cc(O)cc(O)c12
CHEMBL2152918,3.4,CO[C@H]1CC[C@]2(CC1)Cc1ccc(-c3cncc(Br)c3)cc1C21N=C(C)C(N)=N1
CHEMBL1945294,-0.28,O=c1[nH]c2c(O)ccc([C@@H](O)CNCCc3cccc(CN4CCCC4)c3)c2s1
CHEMBL1258188,3.31,COc1ccc(-c2c(C)c3ccc(OC)cc3oc2=O)cc1
CHEMBL1214185,1.8,CC[C@H]1OC(=O)[C@H](C)[C@@H](O[C@H]2C[C@@](C)(OC)[C@@H](O)[C@H](C)O2)[C@H](C)[C@@H](O[C@@H]2O[C@H](C)C[C@H](N(C)C)[C@H]2O)[C@](C)(O)C[C@@H](C)/C(=N\OCOCCOC)[C@H](C)[C@@H](O)[C@]1(C)O
CHEMBL479847,2.95,COc1cc2ncc(C(N)=O)c(Nc3ccc(F)cc3F)c2cc1OC
CHEMBL2086675,3.4,CC(C)(C)OC(=O)N1CCN(c2ncc(OCc3ccncc3)cn2)CC1
CHEMBL2349324,4.5,CC(C)C[C@H](CO)Nc1nc(SCc2ccccc2F)nc2nc(N)sc12
CHEMBL383760,3.65,CNC(=O)[C@H]1CCCN1Cc1cc2c(Nc3cccc(Cl)c3F)ncnc2cc1OC
CHEMBL1934268,0.95,CCn1nc(C)c(C(=O)N[C@@H](C)C(C)(C)C)c1NS(=O)(=O)c1ccc(C)cc1
CHEMBL158766,1.37,Cc1ccc(O)c(O)c1
CHEMBL837,1.6,CCc1c2c(nc3ccc(O)cc13)-c1cc3c(c(=O)n1C2)COC(=O)[C@]3(O)CC
CHEMBL2110732,4.1,COc1cc2ncnc(Nc3ccc(F)c(Cl)c3)c2cc1NC(=O)/C=C/CN1CCCCC1
CHEMBL2325601,2.65,Nc1n[nH]cc1-c1cc(C(F)(F)F)ccc1Oc1cc(F)c(S(=O)(=O)Nc2cscn2)cc1Cl
CHEMBL1209658,2.71,N#Cc1cc(S(=O)(=O)NCC(c2ccccc2)N2CCCCCC2)ccc1F
CHEMBL2062571,2.24,CC(=O)Nc1ccc2ccn(-c3cc(NC4COC4)n4ncc(C#N)c4n3)c2c1
CHEMBL2153435,2.42,CCNC(=O)C[C@H]1N=C(c2ccc(Cl)cc2)c2cc(OC)ccc2-n2c(C)nnc21
CHEMBL1209739,3.13,COc1ccc(S(=O)(=O)NCC(c2ccccc2)N2CCCCCC2)cc1
CHEMBL1364,-0.58,Cc1ncc(CO)c(CO)c1O
CHEMBL453053,1.22,NC(=O)Nc1sc(-c2ccc(CNC3CCCC3)cc2)cc1C(N)=O
CHEMBL2059000,0.5,CCCSc1nc2ccc(NC(=O)CCC(=O)O)cc2s1
CHEMBL421604,1.34,CS(=O)(=O)Nc1ccc(CCOCCCS(=O)(=O)CCNCCc2ccc(O)c3nc(O)sc23)cc1
CHEMBL2171042,1.84,Cc1cccc(S(=O)(=O)NC(=O)N2CCC(N3CCC(Oc4ccc(Cl)c(Cl)c4)CC3)CC2)c1
CHEMBL2172001,1.93,Cc1nnc(C)c2cc(N3CCN(C(=O)[C@@H]4CCCC[C@H]4C(=O)NC4(C#N)CC4)[C@H](C)C3)ccc12
CHEMBL2062566,3.3,CC(=O)Nc1ccc2c(c1)N(c1cc(NC3CC3)n3ncc(C#N)c3n1)CC2
CHEMBL107920,3.84,Fc1cc(F)cc(-c2cc(N(CCCN3CCCCCC3)Cc3ccc4c(c3)OCO4)on2)c1
CHEMBL1831130,1.55,COc1ccc2nc(C)cc(N3CC(CNC(=O)C4CC4)OC3=O)c2c1
CHEMBL230641,4.21,CC(C)c1ccccc1Nc1nc(SCc2cccs2)n[nH]1
CHEMBL98406,2.2,Nc1nc2ccc(F)cc2s1
CHEMBL376813,2.7,COc1cc(N2CC[C@@H](N(C)C)C2)c2[nH]c(C(=O)Nc3ccc(N4CCOCC4)cc3)cc(=O)c2c1
CHEMBL26894,0.36,O=S(=O)(Nc1nccs1)c1ccc(O)cc1
CHEMBL329672,3.9,Clc1cccc(Nc2ncnc3ccccc23)c1
CHEMBL1946026,2.75,O=C(c1ccc(C(=C2CCN(Cc3cscn3)CC2)c2cccc3cccnc23)cc1)N1CCCC1
CHEMBL1288221,2.94,NC(=O)c1cnc(N[C@H]2CCCNC2)c2cc(-c3ccc(F)c(Cl)c3)sc12
CHEMBL1574150,4.36,O=C(NC1CCCC1)C(c1ccncc1)N(Cc1ccco1)C(=O)c1ccc(-c2ccccc2)[nH]1
CHEMBL272282,1.63,Cn1c(=N)n(CC(=O)c2ccc(Cl)cc2)c2ccccc21
CHEMBL128613,2.79,CN1CCN(C(=O)c2cc3cc(Br)ccc3[nH]2)CC1
CHEMBL251202,2.65,COc1cccc(C(=O)N2CCC(n3c(=O)[nH]c4ccccc43)CC2)c1
CHEMBL1430943,3.44,CCCS(=O)(=O)N1CCCC(C(=O)N2CCC(Cc3ccccc3)CC2)C1
CHEMBL605785,2.98,COC1(c2ccc(NC(=O)c3cc(=O)c4cc(F)cc(-c5c(C)nn(C)c5C)c4o3)cn2)CCOCC1
CHEMBL128514,3.5,CNC(=O)c1ccc(CCC(COc2ccc(-c3cccc([N+](=O)[O-])c3)cc2)N2C(=O)CSC2=O)cc1
CHEMBL440464,0.5,CN1CCCC1c1cccnc1
CHEMBL104298,1.6,Oc1nc2cc(Cl)cc(Cl)c2c(O)c1-c1ccccc1
CHEMBL6399,0.9,CN(C)c1cccc2c(S(=O)(=O)Nc3cnccn3)cccc12
CHEMBL271939,2.4,O=C1CC(c2ccc(O)cc2)Oc2cc(O)ccc21
CHEMBL303714,0.4,NCc1nc2ccccc2[nH]1
CHEMBL1559397,-0.8,O=C(O)c1cc(-c2ccncc2)nc2ccc(F)cc12
CHEMBL1834385,2.0,Nc1nccc(-c2ccccc2)n1
CHEMBL2326693,2.37,OCCN1CC=CC[C@H](c2ccc(Cl)c(Cl)c2)C1
CHEMBL1762537,4.2,Cc1ccc(CO)cc1N(C)c1ccnc(Nc2cc(N3CCCCC3)cc(N3CCOCC3)c2)n1
CHEMBL1730860,3.3,Oc1ccc(-c2cnc3ccccc3n2)cc1
CHEMBL2164688,2.4,COc1ccc2[nH]c3c(c2c1)CN(C(=O)[C@@H]1CCCC[C@H]1C(=O)NC1(C#N)CC1)CC3
CHEMBL318021,2.4,CC(CCc1cccc(OCc2ccc3ccccc3n2)c1)CC(=O)O
CHEMBL2164377,3.9,O=C(NCc1ccc(OC(F)(F)F)cc1)C1c2ccccc2C(=O)N1CC1CC(F)(F)C1
CHEMBL208330,2.9,CC(C)Cn1c(=O)n(C)c(=O)c2c(C(=O)N(C)C)c(Cc3ccccc3C(F)(F)F)sc21
CHEMBL1950864,1.64,CN[C@@H](C)C(=O)N[C@H](C(=O)N[C@H]1C[C@@H]2CC[C@H]1N(CCc1ccccc1)C2)C1CCCCC1
CHEMBL2164689,4.2,N#CC1(NC(=O)[C@@H]2CCCC[C@H]2C(=O)N2CCc3[nH]c4ccc(C(F)(F)F)cc4c3C2)CC1
CHEMBL279053,3.92,CCCc1c(OCCCSc2ccc(CC(=O)O)cc2Cl)ccc2c(CC)noc12
CHEMBL898,0.59,O=C(O)c1cc(-c2ccc(F)cc2F)ccc1O
CHEMBL1824832,2.94,CCOc1ccc(Oc2ccc(S(=O)(=O)NC(=O)c3cccc(-c4ccc(Cl)c(Cl)c4)c3)cc2)cc1
CHEMBL66953,2.03,O=c1c(O)cccc2cc(O)c(O)c(O)c12
CHEMBL2331752,2.35,Cc1cn([C@H]2CCCN(S(=O)(=O)c3ccc(O)c(Oc4cc(F)cc(Cl)c4)c3)C2)c(=O)[nH]c1=O
CHEMBL1807826,1.21,O=c1[nH]c2c(O)ccc([C@@H](O)CNCCSCCCNCCc3cccc(C(F)(F)F)c3)c2s1
CHEMBL1917419,2.87,Cc1c(Sc2ccc(Cl)cc2)c2cc(Cl)ccc2n1CC(=O)O
CHEMBL2059869,2.71,Cc1ccc(-c2cn(C)c(C)n2)cc1NC(=O)c1ccc(OCc2ccccn2)cc1
CHEMBL180184,4.0,CCN(C(=O)NCc1ccccc1)C1CCN(CCC(c2ccccc2)c2ccccc2)CC1
CHEMBL1201203,1.49,CN1[C@@H]2CC[C@H]1C[C@@H](OC(c1ccccc1)c1ccccc1)C2
CHEMBL1947153,1.99,O=c1[nH]c2c(O)ccc([C@@H](O)CNCCc3cccc(CN4CCC(c5ccccc5)CC4)c3)c2s1
CHEMBL388473,2.0,O=C1c2ccc(O)cc2C(=O)N1c1cccc(O)c1
CHEMBL2104196,1.7,NS(=O)(=O)c1ccc(NCc2ccccc2)cc1
CHEMBL2312933,2.6,CCCN(c1cccnc1)P(=O)(c1ccccc1)c1ccccc1
CHEMBL480601,3.84,CC1(C)[C@@H]2CC[C@@]1(CS(=O)(=O)NC1CCN(c3ccc(C(F)(F)F)cn3)CC1)C(=O)C2
CHEMBL652,1.13,O=C(NCC1CCCCN1)c1cc(OCC(F)(F)F)ccc1OCC(F)(F)F
CHEMBL2326689,2.47,CN1CC=CCC(c2cc3ccccc3o2)C1
CHEMBL370826,2.41,CCN(C(=O)Cc1ccc(S(C)(=O)=O)cc1)C1CCN(CCC(c2ccc(NC(C)=O)cc2)c2cccc(F)c2)CC1
CHEMBL2062570,3.57,CC(=O)Nc1ccc2ccn(-c3cc(Nc4ccn(C)n4)n4ncc(C#N)c4n3)c2c1
CHEMBL28636,2.8,COc1ccc(-c2cc(C(F)F)nn2-c2ccc(S(N)(=O)=O)cc2)cc1F
CHEMBL2104625,0.67,O=C(Nc1nnn[nH]1)c1cc(Oc2ccccc2)c2ccccn2c1=O
CHEMBL15706,2.3,COc1cccc2c(O)cc(-c3ccccc3)nc12
CHEMBL1835918,2.62,Cc1ccc(N2CC(COc3ccc(-c4noc(C)n4)cc3)C2)nn1
CHEMBL1456596,1.37,c1ccc(CN(Cc2ccccc2)c2nn[nH]n2)cc1
CHEMBL358325,2.58,Cc1sc(N2CCN(C)CC2)nc1CCOc1ccc(C[C@H](Nc2ccccc2C(=O)c2ccccc2)C(=O)O)cc1
CHEMBL465305,2.21,CC(=O)c1ccc(N2CCN(S(=O)(=O)C[C@]34CC[C@H](CC3=O)C4(C)C)CC2)nc1
CHEMBL1957840,3.3,O=c1cc(N2CCOCC2)nc2n(Cc3cccc(Cl)c3Cl)ccn12
CHEMBL2335905,3.02,C[C@@H](NC1=CC(=O)NCC1)c1ccc(Nc2ncc3cc(-c4ccncc4)ccc3n2)cc1
CHEMBL1689136,1.52,C[C@H]1CN(Cc2cc(Cl)ccc2CCC(=O)O)CCN1C(=O)Cc1ccccc1
CHEMBL2048864,0.68,O=C1NC(=O)/C(=C/c2cccc(Cl)c2N2CCNCC2)S1
CHEMBL314034,3.83,CSc1nc(-c2ccccc2)nn1Cc1ccccc1
CHEMBL417727,2.23,Nc1ccc2c(c1)C(=O)C(=O)c1ccccc1-2
CHEMBL409494,2.76,Nc1ccccc1NC(=O)c1ccc(C2CCN(CCC(=O)Nc3ccccc3F)CC2)cc1
CHEMBL514690,2.88,Cc1ncc(-c2ccnc(Nc3ccc(N4CCOCC4)cc3)n2)n1C(C)C
CHEMBL1762541,3.0,Cc1ccc(CO)cc1N(C)c1ccnc(Nc2cc(CN3CCOCC3)cc(N3CCOCC3)c2)n1
CHEMBL365903,2.3,NC(=O)c1cc(O)cc2nc(-c3ccc(O)cc3)oc12
CHEMBL472455,3.09,COc1ccc(N(C(=O)c2ccco2)C(C(=O)NC2CCCC2)c2ccccc2F)c(OC)c1
CHEMBL2107366,2.9,Cc1cccc([C@H](C)c2c[nH]c(=S)[nH]2)c1C
CHEMBL1682961,3.62,CC[C@H](NC(=O)c1c([S+](C)[O-])c(-c2ccccc2)nc2cc(F)ccc12)c1ccccc1
CHEMBL1957374,3.5,CCc1ccccc1-c1ccc(-c2nc3ccncc3c(O)c2C#N)cc1
CHEMBL1164033,2.99,CN(C)CCOc1cc(NS(=O)(=O)c2c(Cl)cc(C(F)(F)F)cc2Cl)ccc1Cl
CHEMBL1915315,2.9,O=c1oc2cc(O)ccc2cc1-c1ccc(O)cc1
CHEMBL2087421,-0.4,COc1cc(C)c(S(=O)(=O)N(C)CCOCC(=O)N2CCN(C3CCN(C)CC3)CC2)c(C)c1
CHEMBL1508448,-0.2,CC(C)(C)c1cc(O)n2nc(N)nc2n1
CHEMBL14323,2.7,COc1ccc(-c2cc(O)c3cc(Cl)ccc3n2)cc1
CHEMBL456381,3.7,Oc1ccc(-c2csc(-c3ccc(O)cc3)n2)cc1
CHEMBL2147569,3.8,C[C@]12Cc3cnn(-c4ccc(F)cc4)c3C=C1CC[C@@]2(O)CCc1ccc(F)cc1C(N)=O
CHEMBL1809223,3.5,COc1cc(N2CCN(C(C)=O)CC2)ccc1Nc1ncc(Cl)c(-c2cnc3cc(N4CCCC4)ccn23)n1
CHEMBL2325719,1.7,Cc1ccc2[nH]ccc2c1-c1nc(N2CCOCC2)cc(C2(S(C)(=O)=O)CC2)n1
CHEMBL129982,3.45,Nc1ccc(Cl)c(C(=O)NCC23CC4CC(CC(C4)C2)C3)c1
CHEMBL562310,3.28,O=C(Nc1cccc2cccnc12)c1ccc(N2C(=O)[C@@H]3[C@H](C2=O)[C@@H]2C=C[C@H]3C2)cc1
CHEMBL1233689,1.51,CCCCSc1nc(N)c2ncn([C@@H]3O[C@H](CO)[C@@H](O)[C@H]3O)c2n1
CHEMBL191974,4.0,Oc1ccc(-c2ccc3cc(O)ccc3c2)cc1
CHEMBL2062555,2.3,N#Cc1cnn2c(N)cc(-c3cccs3)nc12
CHEMBL1829409,1.39,CCC(c1nc2ccsc2c(=O)n1Cc1ccccc1)N(CCCN)C(=O)c1ccc(OC)cc1
CHEMBL313206,0.53,Cc1cc(N)c2cc(NC(=O)CCCCC(=O)Nc3ccc4nc(C)cc(N)c4c3)ccc2n1
CHEMBL421583,2.24,Cc1ccc(N(CC#N)c2cc(Nc3ccc(OCC(O)CN(C)C)cc3)ncn2)c(Br)c1
CHEMBL1903477,1.37,NC(=O)c1ccc(=O)n(Cc2ccc(F)c(F)c2)c1
CHEMBL2068881,3.92,COc1ccc(-c2cccc3c(N)c4c(nc23)CN(C2CCC2)C4=O)c(C)n1
CHEMBL564607,2.48,O=C(O)c1ccc(-c2ccc(Cl)c(C(=O)NCC34CC5CC(CC(C5)C3)C4)c2)cc1
CHEMBL201307,2.89,COc1cc2c(Nc3ncc(CC(=O)Nc4cccc(F)c4)s3)ncnc2cc1OCCCN1CCC(CO)CC1
CHEMBL1689134,0.54,C[C@H]1CN(Cc2cc(Cl)ccc2OC(C)(C)C(=O)O)CCN1S(=O)(=O)c1ccccc1
CHEMBL2153184,2.61,CCCSc1nc(NC[C@H]2CC[C@H](C(=O)O)CC2)ccc1C(=O)NC1CCCCC1
CHEMBL1957850,2.3,Cc1ccccc1Cn1ccn2c(=O)cc(N3CCOCC3)nc12
CHEMBL464552,2.61,CNC(=O)c1c(F)cccc1Nc1nc(Nc2cc3c(cc2OC)CCN3C(=O)CN(C)C)nc2[nH]ccc12
CHEMBL1940315,1.4,O=C(NC1CCCS(=O)(=O)C1)c1ccc(Oc2ccc(C#C[C@]3(O)CN4CCC3CC4)cc2)cc1
CHEMBL129529,1.93,CCCCN(CCCC)CCCOC(=O)c1ccc(N)cc1
CHEMBL2158819,2.17,O=C(O)C(c1ccccc1)N1CCC(CN2CCC(Oc3ccc(Cl)c(Cl)c3)CC2)CC1
CHEMBL2321994,0.06,OCC[C@@]1(c2cc3ccccc3o2)CCCNC1
CHEMBL439871,3.18,CC(C)Cn1c(=O)n(C)c(=O)c2c(C(=O)N3CC(C)(O)C3)c(Cc3ccccc3C(F)(F)F)sc21
CHEMBL467028,3.12,O=c1oc2ccc(O)cc2cc1-c1ccccc1
CHEMBL2010838,1.9,CN(C(=O)Cc1ccc(-n2cnnn2)cc1)C1CCN(Cc2ccc(C(F)(F)F)cn2)CC1
CHEMBL1449167,1.06,Nc1n[nH]c(Nc2ccccc2)n1
CHEMBL1201,3.16,CN1CCN(CC/C=C2/c3ccccc3Sc3ccc(S(=O)(=O)N(C)C)cc32)CC1
CHEMBL1762539,2.61,Cc1ccc(CO)cc1N(C)c1ccnc(Nc2cc(N3CCOCC3)cc(N3CCN(C)CC3)c2)n1
CHEMBL99689,1.2,CN(C)CC(O)COc1ccc(Nc2nccc(Nc3ccccc3C#N)n2)cc1
CHEMBL86754,2.19,Oc1c(I)cc(I)c2cccnc12
CHEMBL226781,1.78,O=c1[nH]n(CC#Cc2ccccc2)c(=O)c2c(=O)c3ccc(Cl)cc3[nH]c12
CHEMBL1944692,1.3,O=c1[nH]c2c(O)ccc([C@@H](O)CNCCc3ccc(CNCCc4ccccc4F)cc3)c2s1
CHEMBL809,3.15,CN[C@H]1CC[C@@H](c2ccc(Cl)c(Cl)c2)c2ccccc21
CHEMBL2086676,3.7,Cc1cc(COc2cnc(N3CCN(C(=O)OC(C)(C)C)CC3)nc2)ccn1
CHEMBL2153304,2.28,CCCN(C)c1nc(N2CCC[C@@H](CC(=O)O)C2)ccc1C(=O)NC1CCCCC1
CHEMBL288524,0.29,NC12CCC(c3ccccc3)(CC1)CC2
CHEMBL311862,2.7,COc1cc(-c2nn[nH]n2)ccc1Cn1ccc2ccc(NC(=O)OC3CCCC3)cc21
CHEMBL549344,1.24,CCc1nc2c(N)nc3ccccc3c2n1CCCCNS(C)(=O)=O
CHEMBL426851,1.61,CNc1nc2ccccc2n1Cc1sc2c(c1C(=O)N1CC[C@@H](O)C1)c(=O)n(C)c(=O)n2CC(C)C
CHEMBL365472,3.1,Cc1ccc(NC(=O)c2cccc(N(C)C)c2)cc1NC(=O)c1ccc(OC(C)C)cc1
CHEMBL20,-0.78,CC(=O)Nc1nnc(S(N)(=O)=O)s1
CHEMBL1689124,1.02,CCC[C@H]1CN(Cc2cc(Cl)ccc2OCC(=O)O)CCN1S(=O)(=O)c1ccccc1
CHEMBL182878,2.9,CC(=O)Nc1ccc(CC(=O)N(C)C2CCN(CCC(c3ccccc3)c3ccccc3)CC2)cc1
CHEMBL1079772,2.65,Nc1ncnc2sc(-c3c(-c4ccccc4)ncn3C[C@H]3CCCO3)nc12
CHEMBL11428,2.87,CC(C)C(NC(=O)Cn1c(C2CCCCC2)ncc(NC(=O)OCc2ccccc2)c1=O)C(=O)C(F)(F)F
CHEMBL2035028,2.0,NC1(c2ccc(-c3ncc4ncccc4c3-c3ccccc3)cc2)CCC1
CHEMBL2062572,2.58,CC(=O)Nc1ccc2ccn(-c3cc(NCCCCO)n4ncc(C#N)c4n3)c2c1
CHEMBL408194,2.55,COC1=CC(c2cc3ccccc3[nH]2)=N/C1=C\c1[nH]c(C)cc1C
CHEMBL254359,1.2,Nc1ccccc1NC(=O)c1ccc(N2CCOCC2)cc1
CHEMBL1789148,0.38,CCC(CCNC)Oc1cc(Cl)ccc1C#N
CHEMBL1477550,3.44,O=C(Nc1ccccc1)c1cc2ccccc2o1
CHEMBL371888,3.6,COc1cc2ncnc(Nc3ccc(OCc4ccccn4)c(C)c3)c2cc1OC
CHEMBL2335893,3.08,COCCC(=O)N[C@H](C)c1ccc(Nc2ncc3cc(-c4ccncc4)ccc3n2)cc1
CHEMBL11144,2.22,CC(C)C(NC(=O)Cn1c(-c2ccc(F)cc2)ncc(NC(=O)OCc2ccncc2)c1=O)C(=O)C(F)(F)F
CHEMBL216769,2.11,COc1cc2c(Nc3cc(CC(=O)Nc4cccc(F)c4)[nH]n3)ncnc2cc1OCCCN1CCC(CO)CC1
CHEMBL213854,0.53,Cc1ccc2c(c1)c(-c1ccnc3c(F)cccc13)c(C)n2CC(=O)O
CHEMBL1950725,0.81,CN[C@@H](C)C(=O)N[C@H](C(=O)N[C@H]1CCN(C(=O)Cc2ccccc2)C1)C1CCCCC1
CHEMBL1916280,0.66,CCC(C)NC(=O)c1c(C)nn(-c2ccccc2)c1NS(=O)(=O)c1ccc(C)cc1
CHEMBL2171014,2.0,Cc1c(Cl)ccc(OC2CCN(C3CCN(C(=O)NS(=O)(=O)c4ccc(N(C)C)cc4)CC3)CC2)c1Cl
CHEMBL213029,1.68,COc1ccc2c(c1)c(CC(=O)O)c(C)n2-c1ccnc2cc(Cl)ccc12
CHEMBL422329,2.16,N=C(N)Nc1cc(Cl)nc(-c2ccccc2)n1
CHEMBL2036594,2.8,COc1cccc(Nc2nnc(C(=O)Nc3ccc(N4CCOCC4)nc3)o2)c1
CHEMBL214376,3.1,CC(C)Oc1cc(OCCCN2CCCC2)cc2ncnc(Nc3c(Cl)ccc4c3OCO4)c12
CHEMBL2110360,3.13,CCN(CC)CCOc1ccc(N(C)C(=O)c2ccc(-c3ccc(C(F)(F)F)cc3)cc2)cc1OC
CHEMBL1934270,1.84,Cc1ccc(S(=O)(=O)Nc2c(C(=O)N[C@@H](C)C(C)(C)C)c(C)nn2C(C)(C)C)cc1
CHEMBL378730,1.27,Cc1ccc2c(c1)c(-c1ccnc3c(Cl)cccc13)c(C)n2CC(=O)O
CHEMBL1545465,2.42,COc1ccc(C(=O)C2CCN(C(=O)c3ccco3)CC2)cc1
CHEMBL411799,3.6,COc1cc(Nc2ncnc3cccc(O[C@H](C)C(=O)N4CCOCC4)c23)ccc1Oc1ccc(C)nc1
CHEMBL1870384,3.38,COc1ccc(C=NN=Cc2ccc(OC)c(OC)c2)cc1OC
CHEMBL2208437,1.21,CS(=O)(=O)c1ccccc1C(=O)NCC(O)CNC1CCN(Cc2ccc(Cl)c(Cl)c2)CC1
CHEMBL2010843,2.5,CN(C(=O)Cc1ccc(-n2cnnn2)cc1)C1CCN(Cc2nc3c(s2)CCCC3)CC1
CHEMBL1689133,1.66,C[C@H](Oc1ccc(Cl)cc1CN1CCN(C(=O)Cc2ccc(Cl)cc2)[C@@H](C)C1)C(=O)O
CHEMBL263655,1.2,Cn1sc(NCc2ccccc2)nc1=O
CHEMBL244936,3.3,Cc1nc2ccc(-c3ccc(Cl)cc3)cc2c(=O)n1C[C@H]1CCCN(C(C)C)C1
CHEMBL2164687,3.65,N#CC1(NC(=O)[C@@H]2CCCC[C@H]2C(=O)N2CCc3[nH]c4ccc(Cl)cc4c3C2)CC1
CHEMBL1945044,0.91,COc1cccc(CNCc2cccc(CCNC[C@H](O)c3ccc(O)c4[nH]c(=O)sc34)c2)c1
CHEMBL57531,2.06,Nc1ncc2cc(-c3c(Br)cccc3Br)c(N)nc2n1
CHEMBL2158832,1.26,O=C(O)c1cccc(CN2CCC(CN3CCC(Oc4ccc(Cl)c(Cl)c4)CC3)CC2)c1
CHEMBL1212983,3.41,Cc1cc(C)c2c(N)c(C(=O)NCc3ccccc3)sc2n1
CHEMBL2086659,3.5,C[C@H]1CN(C(=O)OC(C)(C)C)CCN1c1ncc(OCc2ccc(S(C)(=O)=O)cc2)cn1
CHEMBL2087844,3.8,Cn1ncnc1-c1c2c(=O)n(C)c(=O)n(CC3CC3)c2nn1Cc1ccnc2ccc(Cl)cc12
CHEMBL1329237,3.37,CCN(CC)c1ccc(-c2nn3c(-c4[nH]nc5c4CCC5)nnc3s2)cc1
CHEMBL1972934,1.19,Nc1ncnc2sccc12
CHEMBL140642,3.0,CC(O)(C(=O)Nc1ccc2c(c1)-c1ccccc1S2(=O)=O)C(F)(F)F
CHEMBL914,0.42,CC(C)(C(=O)O)c1ccc(C(O)CCCN2CCC(C(O)(c3ccccc3)c3ccccc3)CC2)cc1
CHEMBL1631472,1.59,Nc1c(C(=O)NC2CC2)nnc2c(-c3ncccn3)c(F)ccc12
CHEMBL389348,0.18,N=C(N)NCCC[C@H](NC(=O)COCC(c1ccccc1)c1ccccc1)C(=O)O
CHEMBL132293,1.09,O=C([C@@H](O)CO)N1CC=C(c2ccc(N3C[C@H](COc4ccon4)OC3=O)cc2F)CC1
CHEMBL2178949,1.2,Cc1nc(C)c(-c2ccc3c(c2)CC[C@]32CC[C@@H](C(=O)O)CC2)nc1C(N)=O
CHEMBL416,1.97,COc1c2occc2cc2ccc(=O)oc12
CHEMBL1818341,1.9,CC(C)CNCc1ccc(-c2ccccc2S(=O)(=O)N2CCCC2)cc1
CHEMBL1289114,2.55,O=C(COCc1ccncc1)N1CCN(c2ccc(Cl)cc2F)CC1
CHEMBL1626156,2.98,OCCNCc1cc(Br)ccc1OCc1ccc(Cl)cc1
CHEMBL193240,3.95,O=C(Nc1c(Cl)cncc1Cl)c1ccc(OC(F)F)c(OCC2CC2)c1
CHEMBL151592,1.09,Cc1cccc(C(N)=O)c1NC(=O)c1ccccc1
CHEMBL1288960,-0.4,Cc1nnc(N)s1
CHEMBL2207657,3.0,Cc1cc(Cl)ccc1OC1CCN(C[C@H](O)CNC(=O)c2c[nH]c(=O)c3c(F)cccc23)CC1
CHEMBL62746,0.36,N=C(N)c1ccc(C(=O)N2CCN(S(=O)(=O)c3ccc4cc(Br)ccc4c3)CC2)cc1
CHEMBL1180267,0.51,CC(c1ccccn1)n1[nH]c(=O)c2nc3cc(Cl)ccc3c(O)c2c1=O
CHEMBL243978,3.27,c1cn(-c2ccc(Oc3nccc(Oc4ccc5c(c4)OCO5)n3)cc2)cn1
CHEMBL550904,3.61,CC(C)Oc1cc(Oc2ccc(S(C)(=O)=O)cc2)cc(C(=O)Nc2nccs2)c1
CHEMBL1952147,2.19,NS(=O)(=O)c1ccc(CCNc2ccc3nnc(-c4ccccc4)n3n2)cc1
CHEMBL33,-0.35,C[C@H]1COc2c(N3CCN(C)CC3)c(F)cc3c(=O)c(C(=O)O)cn1c23
CHEMBL595,2.8,CCc1ccc(CCOc2ccc(CC3SC(=O)NC3=O)cc2)nc1
CHEMBL516441,4.05,CC[C@H](NC(=O)c1c(N)c(-c2cccc(F)c2)nc2ccccc12)c1ccccc1
CHEMBL480618,1.75,COc1cc2c(Nc3ccc(F)cc3F)c(C(N)=O)cnc2cc1N1CCN(C)CC1
CHEMBL1940296,1.99,CNC(=O)c1ccc(Oc2ccc(C#C[C@]3(O)CN4CCC3CC4)cc2)cc1
CHEMBL446519,1.6,N#Cc1nc(NC2CCOC2)c(N)c(N2CCOCC2)n1
CHEMBL237888,2.0,Cn1c(N)nc(CCc2ccccc2)cc1=O
CHEMBL521851,3.3,CS(=O)(=O)N1CCN(Cc2cc3nc(-c4cccc5[nH]ncc45)nc(N4CCOCC4)c3s2)CC1
CHEMBL473967,1.32,CC1(C)Oc2ncnc(N)c2N=C1c1ccc([C@H]2CC[C@H](CC(=O)O)CC2)cc1
CHEMBL2171037,1.7,CN(C)c1ccc(S(=O)(=O)NC(=O)N2CCC(N3CCC(Oc4ccc(Cl)c(Cl)c4)CC3)CC2)cc1
CHEMBL2335887,2.78,COCCC(=O)Nc1ccc(Nc2ncc3cc(-c4ccncc4)ccc3n2)cc1
CHEMBL2158782,2.54,Cc1cc(OC2CCN(CC3CCN([C@@H](Cc4ccc(F)cc4)C(=O)O)CC3)CC2)ccc1Cl
CHEMBL235851,3.3,COc1cc2ncnc(Nc3ccc(Cl)c(O)c3)c2cc1OC
CHEMBL2325736,2.2,CS(=O)(=O)NCCC(NC(=O)C1(N)CCN(c2ncnc3[nH]ccc23)CC1)c1ccc(Cl)cc1
CHEMBL1684984,1.2,CS(=O)(=O)N1CCc2c(-c3cnc(N)nc3)nc(N3CCOCC3)nc21
CHEMBL414017,2.22,Nc1nc(N)c2cc(NCc3ccc(Cl)c(Cl)c3)ccc2n1
CHEMBL1917430,0.79,Cc1c(Sc2ccc(Cl)cc2)c2ccc(S(C)(=O)=O)cc2n1CC(=O)O
CHEMBL1783285,2.75,COc1cc(-c2c(F)ccc3c(N)c(C(=O)NC4CC4)nnc23)c(OC)nn1
CHEMBL481400,2.3,CN1CCN(c2ccc3ncc(C(N)=O)c(Nc4ccc(F)cc4F)c3c2)CC1
CHEMBL519422,2.53,CCn1c(-c2ccnc(Nc3ccc(C(=O)NC)cc3)n2)cnc1C
CHEMBL445102,2.25,OC1(c2ccc(Cl)cc2)CCN(Cc2c[nH]c3ccccc23)CC1
CHEMBL2088094,3.63,CCCc1cc(Nc2nc(NCc3cc(C)no3)ncc2Br)n[nH]1
CHEMBL256322,0.95,CCNCc1cnc(-c2ccc(C(=O)Nc3ccccc3N)cc2)s1
CHEMBL2164677,2.77,N#CCNC(=O)[C@@H]1CCCC[C@H]1C(=O)N1CCc2[nH]c3ccc(F)cc3c2C1
CHEMBL1209430,3.23,O=S(=O)(Cc1cc(Cl)cc(Cl)c1)NCC(c1ccccc1)N1CCCCCC1
CHEMBL2171990,0.67,CS(=O)(=O)c1ccc(N2CCN(C(=O)[C@@H]3CCCC[C@H]3C(=O)NCC#N)CC2)cc1
CHEMBL2346967,2.9,N#Cc1ccc(CN2CCN(c3ccc4nnc(C(F)(F)F)n4n3)CC2)cc1
CHEMBL1502,2.0,COc1ccnc(C[S+]([O-])c2nc3cc(OC(F)F)ccc3[nH]2)c1OC
CHEMBL586702,3.04,FC(F)c1nc2ccccc2n1-c1nc(N2CCOCC2)nc(N2CCOCC2)n1
CHEMBL1950842,1.46,CN[C@@H](C)C(=O)N[C@H](C(=O)N[C@H]1CCCN(CCc2ccccc2)C1)C(C)(C)C
CHEMBL1345229,2.26,CC1CCN(C(=O)c2scc3c2OCCO3)CC1
CHEMBL448483,3.1,C[C@H](NC1=NC(=O)C(C)(C(F)(F)F)S1)c1ccccc1F
CHEMBL1538897,3.4,COc1ccc(Cl)cc1NC(=O)CCS(=O)(=O)c1ccc(Br)cc1
CHEMBL2335881,1.86,COCCNCc1ccc(Nc2ncc3cc(-c4ccncc4)ccc3n2)cc1
CHEMBL1302214,0.98,Nc1ccc(S(=O)(=O)N2CCCC2)cc1
CHEMBL480818,3.89,CC[C@H](NC(=O)c1c(N)c(-c2ccccc2)nc2ccccc12)c1ccccc1
CHEMBL2171991,1.99,N#CC1(NC(=O)[C@@H]2CCCC[C@H]2C(=O)N2CCN(c3ccccc3)CC2)CC1
CHEMBL219445,4.04,COc1cc2ncnc(N3CC[C@@H](Oc4cnc5ccccc5n4)C3)c2cc1OC
CHEMBL2070940,2.1,CCc1csc(N2CCN(C(=O)[C@@H]3CCCC[C@H]3C(=O)NC3(C#N)CC3)CC2)n1
CHEMBL1562923,2.5,Cc1ccc(-n2c(C)cc(C(=O)NS(=O)(=O)c3ccc(C)cc3)c2C)cc1
CHEMBL1683934,2.16,O=C(Nc1ccccc1-c1ccccc1)OC1CCN(CCCCCCCCCNC[C@H](O)c2ccc(O)c3[nH]c(=O)ccc23)CC1
CHEMBL2011924,2.63,CNc1c(Cl)cnc2[nH]c(-c3ccc(OCCN4CCOCC4)cc3)nc12
CHEMBL2088121,-0.62,COc1c(N2CCO[C@@H](CN(C)C)C2)c(F)cc2c(=O)c(C(=O)O)cn(C3CC3)c12
CHEMBL1870155,3.01,O=C(NC1CCCCC1)c1cccnc1Sc1ccccc1
CHEMBL135,3.72,C[C@]12CC[C@@H]3c4ccc(O)cc4CC[C@H]3[C@@H]1CC[C@@H]2O
CHEMBL1405,3.4,C[C@]12CC[C@@H]3c4ccc(O)cc4CC[C@H]3[C@@H]1CCC2=O
CHEMBL1778653,2.77,CCS(=O)(=O)c1ccc(-c2cc(C(F)(F)F)ccc2OCC(N)=O)c(C)c1
CHEMBL396043,4.37,C[C@H](CO)Nc1nc(SCc2cccc(F)c2F)nc2nc(NC3CC3)sc12
CHEMBL331019,3.6,O=C(CSc1ccncc1)Nc1ccc(C(=O)c2ccccc2)cc1
CHEMBL203854,3.24,O=c1c(-c2ccc([N+](=O)[O-])cc2)coc2cc(O)cc(O)c12
CHEMBL380673,3.46,CC(C)Cn1c(=O)n(C)c(=O)c2c(C(=O)N3CCC3)c(Cc3ccccc3C(F)(F)F)sc21
CHEMBL2107486,2.1,C[C@@H](O)[C@H]1C(=O)N2C(C(=O)OCOC(=O)C(C)(C)C)=C(SC3CN(C4=NCCS4)C3)[C@H](C)[C@H]12
CHEMBL2087625,4.26,Cc1oc(C#N)cc1-c1c2c(=O)n(C)c(=O)n(CC3CC3)c2nn1Cc1ccnc2ccc(Cl)cc12
CHEMBL216749,2.7,COc1cc2c(NC(=O)Nc3c(Cl)cccc3Cl)ncnc2cc1OCC1CCN(C)CC1
CHEMBL1917450,-0.83,Cc1c(S(=O)(=O)c2ccc(Cl)cc2)c2c(NS(C)(=O)=O)cccc2n1CC(=O)O
CHEMBL2151319,2.74,C[C@H](Nc1ccc2ncn(-c3cc(C4CC4)[nH]n3)c2n1)c1ncc(F)cn1
CHEMBL1778633,-0.59,Cc1cc(N(C)S(C)(=O)=O)ccc1-c1cc(C(F)(F)F)ccc1OCC(=O)O
CHEMBL33899,3.89,CC/C(=C(\c1ccccc1)c1ccc(/C=C/C(=O)O)cc1)c1ccccc1
CHEMBL1950860,2.85,CN[C@@H](C)C(=O)N[C@H](C(=O)N[C@H]1CCCN(CCc2ccc(C(F)(F)F)cc2)C1)C(C)(C)C
CHEMBL101,0.45,CCCCC1C(=O)N(c2ccccc2)N(c2ccccc2)C1=O
CHEMBL1312533,2.79,CC(=O)NC1CC2CCCC(C1)N2C(=O)Nc1ccc(Cl)c(C(F)(F)F)c1
CHEMBL1951032,2.4,COc1c(Nc2ccc(S(C)(=O)=O)nc2C)ncnc1OC1CCN(C(=O)OC(C)C)CC1
CHEMBL1077458,2.91,CC(=O)Nc1ccc(-c2ccnc(Nc3ccc(N4CCOCC4)cc3)n2)cc1
CHEMBL2314198,2.75,O=C(O)c1[nH]c2ccccc2c1CCCOc1cccc2ccccc12
CHEMBL1689128,1.21,C[C@H]1CN(Cc2cc(Cl)ccc2OCC(=O)O)CCN1C(=O)Cc1ccc(Cl)cc1
CHEMBL1720347,1.52,Cc1nc2nc(-c3cccnc3)nn2c(O)c1Cc1ccccc1
CHEMBL1650732,1.91,Cc1cc(Nc2cc(N3CCOCC3)nc(N[C@@H](C)c3ncc(F)cn3)n2)n[nH]1
CHEMBL213294,2.94,COc1ccc(NC(=O)CSc2nnc(C)n2-c2ccc(C)cc2)cc1
CHEMBL1715893,-1.4,CC1CC(CN)CC(CO)C1
CHEMBL1486187,2.06,FC(F)(F)c1nnc2ccc(NCc3cccnc3)nn12
CHEMBL1683036,2.36,COc1cc2nnc(C(N)=O)c(Nc3ccc(C)cc3F)c2cc1N1CCN(C)CC1
CHEMBL2216902,2.9,CC(C)c1nc2ccccc2n1-c1nc(N2CCOCC2)c2nc(OC3CN(C4CCS(=O)(=O)CC4)C3)n(C)c2n1
CHEMBL61946,2.3,CCN(CC)CCOC(=O)C1(c2ccccc2)CCCC1
CHEMBL1907194,1.38,OC1(c2ccccc2)CNCCc2ccccc21
CHEMBL126,0.67,CC(=O)NC[C@H]1CN(c2ccc(N3CCOCC3)c(F)c2)C(=O)O1
CHEMBL2086689,3.4,C[C@@H]1CN(c2ncc(F)cn2)CCN1c1ncc(OCc2ccncc2C#N)cn1
CHEMBL425300,2.9,Cc1cnc(NC(=O)Cc2ccccc2)s1
CHEMBL301359,1.0,c1ccc2ncncc2c1
CHEMBL2325701,2.8,CS(=O)(=O)Cc1cc(N2CCOCC2)nc(-c2cccc3cc[nH]c23)n1
CHEMBL2059909,1.41,CC(C)(C)NS(=O)(=O)c1cncc(-c2ccc3nc(N)nn3c2)c1
CHEMBL1807817,2.54,O=c1[nH]c2c(O)ccc([C@@H](O)CNCCSCCCOCCc3ccccc3)c2s1
CHEMBL1064,3.7,CCC(C)(C)C(=O)O[C@H]1C[C@@H](C)C=C2C=C[C@H](C)[C@H](CC[C@@H]3C[C@@H](O)CC(=O)O3)[C@H]21
CHEMBL1689129,1.1,C[C@H]1CN(Cc2cc(Cl)ccc2OCC(=O)O)CCN1C(=O)Cc1ccccc1Cl
CHEMBL254370,2.14,CC[C@@H](Nc1c(Nc2cccc(C(=O)N(C)C)c2O)c(=O)c1=O)c1ccccc1
CHEMBL1223457,3.18,Cc1cc2n[nH]c(=O)n2c2cc(-c3ccccc3CO)ccc12
CHEMBL184721,3.2,Cc1ccc(NC(=O)c2cccc(N3CCOCC3)c2)cc1NC(=O)c1ccc(OCc2ccccn2)cc1
CHEMBL354788,1.2,NC1=NC(c2ccco2)Nc2c(F)ccc(F)c21
CHEMBL561368,3.57,CC(C)NC(=O)c1cnc(N2CCC(N3C(=O)OCc4ccccc43)CC2)c(Cl)c1
CHEMBL1464,0.86,CC(=O)CC(c1ccccc1)c1c(O)c2ccccc2oc1=O
CHEMBL173809,3.6,CC(C)C(C#N)(CCCN(C)CCc1ccccc1)c1ccccc1
CHEMBL326642,2.68,O=S(=O)(CCCOCCSc1ccccc1)CCNCCc1ccc(O)c2nc(O)sc12
CHEMBL389791,2.83,C[C@@H](O)[C@@H](CO)Nc1nc(SCc2cccc(F)c2F)nc2nc(N)sc12
CHEMBL51,2.9,O=C(c1ccc(F)cc1)C1CCN(CCn2c(=O)[nH]c3ccccc3c2=O)CC1
CHEMBL1796296,2.48,O=C(NCc1ccncc1)c1ccc(Oc2ccc(C#CC3(O)CN4CCC3CC4)cc2)cc1
CHEMBL2163349,1.5,CS(=O)(=O)c1ccc2c3c([nH]c2c1)CCN(C(=O)[C@@H]1CCCC[C@H]1C(=O)NC1(C#N)CC1)C3
CHEMBL2335911,3.45,CC(=O)N[C@H](C)c1ccc(Nc2ncc3cc(-c4ccncc4)c(C)cc3n2)cc1
CHEMBL2179272,0.22,CC[C@@H](c1ccc(C(=O)O)c(Oc2cccc(Cl)c2)c1)N1CCC[C@H](n2cc(C)c(=O)[nH]c2=O)C1
CHEMBL186422,1.32,O=c1ccc2ccccc2[nH]1
CHEMBL452274,0.97,CN(CCO)Cc1ccc(-c2cc(C(N)=O)c(NC(N)=O)s2)cc1
CHEMBL1700458,1.17,COc1ccc(C=C2SC(=O)NC2=O)cc1OC
CHEMBL2158828,2.0,O=C(O)COc1ccccc1N1CCC(CN2CCC(Oc3ccc(Cl)c(Cl)c3)CC2)CC1
CHEMBL1978713,3.85,COc1ccc(CNC(=O)c2sc3nc(C)cc(C)c3c2N)cc1
CHEMBL424378,1.9,CCCc1c(OCc2cccc(NC(=O)c3ccccc3C(=O)O)c2)ccc(C(C)=O)c1O
CHEMBL2207672,2.83,Cc1c(Cl)ccc(OC2CCN(C[C@H](O)CNC(=O)c3c[nH]c(=O)c4cc(S(C)(=O)=O)ccc34)CC2)c1Cl
CHEMBL1576727,2.92,COc1ccc(C(=O)C2CCN(C(=O)c3ccc(F)cc3)CC2)cc1
CHEMBL2177390,1.3,CC(C)NC[C@@H](C(=O)N1CCN(c2ncnc3c2[C@H](C)C[C@H]3O)CC1)c1ccc(Cl)cc1
CHEMBL2179666,-0.51,Cc1cn([C@H]2CCCN(Cc3ccc(C(=O)O)c(Oc4cccc(Br)c4)c3)C2)c(=O)[nH]c1=O
CHEMBL22033,1.8,COc1cc(C(=O)NS(=O)(=O)c2ccccc2)ccc1Cn1ncc2ccc(NC(=O)OC3CCCC3)cc21
CHEMBL2207285,3.67,O=C(NC[C@@H](O)CN1CCC(Oc2ccc(Cl)c(Cl)c2)CC1)c1c[nH]c(=O)c2cc(S(=O)(=O)NC3CC3)ccc12
CHEMBL2031227,2.73,Cc1ccc(NC(=O)c2ccc(C#N)cc2)cc1-n1cnc2ccc(N3CCN(C)CC3)cc2c1=O
CHEMBL2164685,3.2,N#CC1(NC(=O)[C@@H]2CCCC[C@H]2C(=O)N2CCc3[nH]c4cccc(F)c4c3C2)CC1
CHEMBL1624529,0.3,NC1C2CN(c3nc4c(cc3F)c(=O)c(C(=O)O)cn4-c3ccc(F)cc3F)CC12
CHEMBL1399152,2.58,O=[N+]([O-])c1ccc2c(c1)nc1n2CCCCC1
CHEMBL1824030,0.52,O=C1COc2ccc(CNC3CCN(CCN4C(=O)COc5ccc(O)cc54)CC3)nc2N1
CHEMBL2177608,1.11,CC1(c2c(C(=O)NC3C4CC5CC(C4)CC3C5)cnn2-c2ccc(C(=O)O)cc2)CC1
CHEMBL250516,2.46,COc1ccc2c(C)cc(N[C@H]3CCC[C@H](NCc4ccsc4)C3)nc2c1
CHEMBL2321993,0.12,OCC[C@]1(c2cc3ccccc3o2)CCCNC1
CHEMBL44227,3.65,Oc1ccc(-c2nc3ccc(O)cc3s2)cc1
CHEMBL1682967,2.75,CC[C@H](NC(=O)c1c([S+](C)[O-])c(-c2ccccc2)nc2cc(CN(C)C)ccc12)c1ccccc1
CHEMBL1645501,1.41,CC(=O)c1ccc2[nH]c(-c3cccnc3)cc(=O)c2c1
CHEMBL2171024,1.23,O=C(O)c1cccc(C(=O)N2CCC(N3CCC(Oc4ccc(Cl)c(Cl)c4)CC3)CC2)c1
CHEMBL1917426,1.84,Cc1c(Sc2ccc(Cl)cc2)c2cc(F)ccc2n1CC(=O)O
CHEMBL250124,3.61,COc1ccc2c(C)cc(N[C@H]3CCC[C@H](NCc4cccc(OC(F)(F)F)c4)C3)nc2c1
CHEMBL1198335,3.9,COc1cccc(Nc2nc(NCC3CCCO3)c3ccccc3n2)c1
CHEMBL1683033,1.99,CCOc1cc2nnc(C(N)=O)c(Nc3cccc(Cl)c3F)c2cc1N1CCN(C)CC1
CHEMBL2325991,1.8,COc1ccc(C(C)NC(=O)C2(N)CCN(c3ncnc4[nH]ccc34)CC2)cc1OC
CHEMBL454616,2.8,Cc1ccc(NC(=O)c2cccc(N(C)S(C)(=O)=O)c2)cc1NC(=O)c1ccc2ncccc2c1
CHEMBL2326523,2.88,Cc1ccc(C(=O)N(CCCN)[C@H](c2nc3cc(Cl)ccc3c(=O)n2Cc2ccccc2)C(C)C)cc1
CHEMBL226906,1.15,Cc1ccsc1Cn1[nH]c(=O)c2[nH]c3cc(Cl)ccc3c(=O)c2c1=O
CHEMBL2346974,3.2,CC(=O)N1CCN(CCOc2ccc(C3CCN(c4ccc5nnc(C(F)(F)F)n5n4)CC3)cc2)CC1
CHEMBL1212988,2.53,Cc1cc(C)c2c(N)c(C(=O)NC3CC3)sc2n1
CHEMBL393714,2.61,Cn1c(-c2ccncc2)cc2onc(-c3ccccc3)c2c1=O
CHEMBL404108,1.02,Cc1ccc(Nc2c(F)cccc2Cl)c(CC(=O)O)c1
CHEMBL51781,2.72,COC(=O)CCC(=O)Nc1ccc2c(c1)-c1ccccc1C(=O)C2=O
CHEMBL1287891,0.77,NC(=O)c1cnc(N[C@H]2CCCNC2)c2cc(-c3ccncc3)sc12
CHEMBL1779045,2.24,Cc1cccc(N(Cc2cc(F)c(F)cc2F)C(=O)O[C@H]2CN3CCC2CC3)c1
CHEMBL1887445,3.2,CCCC(=O)N1CCN(c2nnc(-c3ccccc3)c3ccccc23)CC1
CHEMBL514201,3.6,C[C@@H]1CN(Cc2ccc(F)cc2)[C@@H](C)CN1C(=O)c1cc2c(C(=O)C(=O)N(C)C)cn(C)c2cc1Cl
CHEMBL1824041,0.23,N#Cc1ccc2c(c1)N(CCN1CCC(NCc3ccc4c(n3)NC(=O)CO4)CC1)C(=O)CO2
CHEMBL259515,1.13,Cn1sc(NC(=O)c2ccccc2)nc1=O
CHEMBL1922267,2.87,C[C@@H]1c2c([nH]c3ccc(C(F)(F)F)cc23)C[C@@H]2CCN(CCN3CCOCC3)C[C@H]21
CHEMBL500,-0.12,CC(C)NCC(O)COc1cccc2[nH]ccc12
CHEMBL1650725,1.75,Cc1cc(Nc2nc(N[C@@H](C)c3ncc(F)cn3)ncc2C)n[nH]1
CHEMBL2335883,1.4,CN(C)CCNCc1ccc(Nc2ncc3cc(-c4ccncc4)ccc3n2)cc1
CHEMBL91863,2.85,Cc1ccccc1Nc1ncnc2ccccc12
CHEMBL593300,3.11,Cn1c(CN2CCN(c3ccccc3)CC2)nc2ccccc21
CHEMBL205465,4.07,CC(C)Cn1c(=O)n(C)c(=O)c2c(C(=O)N3CCCCC3)c(Cc3ccccc3C(F)(F)F)sc21
CHEMBL472618,2.59,N#Cc1nc(NC2CCCC2)c(N)c(N2CCOCC2)n1
CHEMBL1454,0.81,c1ccc([C@H]2CN3CCSC3=N2)cc1
CHEMBL1089224,3.76,CCCCOc1nc(N)c2[nH]c(=O)n(Cc3cccc(CC(=O)OC)c3)c2n1
CHEMBL2086656,3.9,CC(C)(C)OC(=O)N1CCN(c2ccc(OCc3ccc(S(C)(=O)=O)cc3)cc2)CC1
CHEMBL1809228,4.1,COc1cc(N2CCN(C(C)=O)CC2)ccc1Nc1ncc(Cl)c(-c2cnc3ccc(N(C)C)cn23)n1
CHEMBL2164678,3.0,N#CC1(NC(=O)[C@@H]2CCCC[C@H]2C(=O)N2CCc3[nH]c4ccc(F)cc4c3C2)CC1
CHEMBL391565,1.72,COc1ccc(NC(=O)c2ccnc(N)n2)cc1
CHEMBL2207654,3.02,O=C(NC[C@@H](O)CN1CCC(Oc2ccc(Cl)c(Cl)c2)CC1)c1c[nH]c(=O)c2cc(S(=O)(=O)N3CCC3)ccc12
CHEMBL217354,3.44,CC(C)c1ccccc1Cc1cc(C(=O)Nc2ccc(S(=O)(=O)c3ccccc3C(C)(C)C)cc2)c(O)c(O)c1O
CHEMBL325681,2.41,COc1cccc(-c2cc(O)c3cc(NC(C)=O)ccc3n2)c1
CHEMBL2179280,1.68,CCC(CC)C[C@H](c1ccc(C(=O)O)c(Oc2cccc(Cl)c2)c1)N1CCC[C@H](n2cc(C)c(=O)[nH]c2=O)C1
CHEMBL1271394,3.21,CN(c1ccnc(Nc2cccc(S(C)(=O)=O)c2)n1)c1cccc2[nH]ncc12
CHEMBL364069,0.7,O=C(N[C@H]1CN2CCC1CC2)c1ccc(-c2ccccn2)s1
CHEMBL569720,1.92,Cc1cc(Nc2nc(N[C@@H](C)c3ncc(F)cn3)c(C#N)nc2C)n[nH]1
CHEMBL495383,3.83,O=C(Nc1cccc(CCO)c1)c1cc2cc(Cl)ccc2[nH]1
CHEMBL1779014,3.76,COc1cc(F)ccc1-c1cncc(CNC(=O)c2ccccc2)c1
CHEMBL1951081,2.82,COc1cc(OC)c(S(=O)(=O)N2c3ccccc3CCC2C)cc1NC(=O)CSc1ccncc1
CHEMBL1538857,2.3,Cc1cc(Nc2ccccc2)n(CCC#N)n1
CHEMBL1289926,3.8,CNC(=O)c1ccccc1Sc1ccc2c(/C=C/c3ccccn3)n[nH]c2c1
CHEMBL2094541,1.4,COc1cc(OC)nc(-n2ncc(Cl)c(Cl)c2=O)n1
CHEMBL420857,2.86,O=S(=O)(CCCOCCc1cc2ccccc2o1)CCNCCc1ccc(O)c2nc(O)sc12
CHEMBL1934420,0.8,Cc1ccc(S(=O)(=O)Nc2c(C(=O)N[C@@H](C)C(C)(C)C)c(C)nn2C2CCN(C)CC2)cc1
CHEMBL2035035,1.7,NC1(c2ccc(-c3c(-c4ccccc4)ccn4ncnc34)cc2)CCC1
CHEMBL128506,1.71,CN1CCN(C(=O)c2cc3ccccc3n2C)CC1
CHEMBL430854,2.6,CN(C)CC(O)COc1ccc(Nc2nccc(Nc3ccc(Cl)cc3)n2)cc1
CHEMBL219861,2.14,CC(C)Cn1c(=O)n(C)c(=O)c2c(C(=O)N3C[C@H](O)CO3)c(Cc3ccnc4ccccc34)sc21
CHEMBL1809200,3.5,COc1cc(N2CCN(C(C)=O)CC2)ccc1Nc1ncc(Cl)c(-c2cnc3c(OC)cccn23)n1
CHEMBL2177614,0.59,CCCSc1c(C(=O)N(C)C2CCCCC2)cnn1-c1ccc(C(=O)O)cc1
CHEMBL1312643,1.34,O=S(=O)(Cc1cc(N2CCOCC2)nc(-c2ccccn2)n1)c1ccccc1
CHEMBL73151,2.73,CCN(CC)C(=O)N[C@H]1C[C@@H]2c3cccc4[nH]cc(c34)C[C@H]2N(C)C1
CHEMBL607,1.4,CCOC(=O)C1(c2ccccc2)CCN(C)CC1
CHEMBL2164850,3.44,O=C(Nc1cc(-c2ccncc2)c[nH]c1=O)[C@H](Cc1ccccc1)NC1(c2ccccn2)CC1
CHEMBL456985,2.23,CNC(=O)C[C@H](Nc1ncc(Cl)c(Nc2cc(C3CC3)[nH]n2)n1)c1ccc(F)cc1
CHEMBL1224140,2.08,Cc1cc(O[C@H]2C[C@H]3CC[C@@H](C2)N3Cc2ccccc2)cc(C(N)=O)c1
CHEMBL69863,2.11,Oc1cc(O)cc(/C=C/c2ccc(O)c(O)c2)c1
CHEMBL2153179,2.49,CCCSc1ncccc1C(=O)N(C)[C@@H]1[C@@H]2CC3C[C@H]1C[C@@](O)(C3)C2
CHEMBL1241590,0.44,CS(=O)(=O)c1ccc([C@@H](O)[C@@H](CF)NC(=O)C(Cl)Cl)cc1
CHEMBL2335876,2.78,COCCNC(=O)c1ccc(Nc2ncc3cc(-c4ccncc4)ccc3n2)cc1C
CHEMBL2163583,2.99,Cc1cccc2c3c([nH]c12)CCN(C(=O)[C@@H]1CCCC[C@H]1C(=O)NC1(C#N)CC1)C3
CHEMBL533154,1.39,Cc1cc(N)c2cc(NC(=O)CCC(=O)Nc3ccc4nc(C)cc(N)c4c3)ccc2n1
CHEMBL211631,0.49,COc1cccc2c(-c3c(C)n(CC(=O)O)c4ccc(C)cc34)ccnc12
CHEMBL1535,0.77,CCN(CCO)CCCC(C)Nc1ccnc2cc(Cl)ccc12
CHEMBL468297,3.15,c1ccc(-c2nnc3ccc(NC4CC4)nn23)cc1
CHEMBL2325732,2.4,CC(=O)NCC(NC(=O)C1(N)CCN(c2ncnc3[nH]ccc23)CC1)c1ccc(Cl)cc1
CHEMBL1809191,2.82,CC(=O)N1CCN(c2ccc(Nc3nccc(-c4cnc5ccccn45)n3)cc2)CC1
CHEMBL2207660,3.66,Cc1c(Cl)ccc(OC2CCN(C[C@H](O)CNC(=O)c3c[nH]nc3C(F)(F)F)CC2)c1Cl
CHEMBL2035034,1.7,NC1(c2ccc(-c3c(-c4ccccc4)ncc4nccn34)cc2)CCC1
CHEMBL460,1.54,CCc1c(C)[nH]c2c1C(=O)C(CN1CCOCC1)CC2
CHEMBL2035031,1.7,NC1(c2ccc(-c3ncc4cccnc4c3-c3ccccc3)cc2)CCC1
CHEMBL2362258,1.31,O=[N+]([O-])c1ccc(C=NO)o1
CHEMBL71917,3.5,CC(C)OC(=O)c1cn(Cc2c(F)cccc2F)c2sc(-c3ccc(NC(=O)C(C)C)cc3)c(CN(C)Cc3ccccc3)c2c1=O
CHEMBL1458496,2.98,O=C(c1cccc(Cl)c1Cl)N1CCN(c2ccccn2)CC1
CHEMBL2062581,2.65,CC(=O)Nc1ccc2[nH]cc(-c3cc(NC4CC4)n4ncc(C#N)c4n3)c2c1
CHEMBL1541257,2.33,c1cc2c(cc1-c1cnc3n1CCC3)OCCO2
CHEMBL505521,1.85,CNC1=Nc2ncccc2C(c2ccco2)=NC1c1cccs1
CHEMBL1955881,3.3,N#Cc1c(-c2ccc(-c3ccccc3C(F)(F)F)cc2)nc2ccncc2c1O
CHEMBL369684,1.26,C[Si](C)(C)C#Cc1cn(C[C@H]2CN(c3ccc(C4=CCS(=O)(=O)CC4)c(F)c3)C(=O)O2)nn1
CHEMBL2335912,3.46,CC(=O)N[C@H](C)c1ccc(Nc2ncc3cc(-c4ccncc4)cc(C)c3n2)cc1
CHEMBL2177155,3.25,CN1CCN(S(=O)(=O)c2ccc(-c3cnc(N)c(C(=O)Nc4cccnc4)n3)c(C(F)(F)F)c2)CC1
CHEMBL1916082,0.79,CCC(CC)NC(=O)c1cnn(-c2ccccc2)c1NS(=O)(=O)c1ccc(C)cc1
CHEMBL1605684,3.2,CC(=O)c1cn(Cc2ccccc2)c(=O)n(Cc2ccc(F)cc2)c1=O
CHEMBL2178371,1.3,Cc1nc(C)c(-c2ccc(C34CCC(C(=O)O)(CC3)CC4)cc2)nc1C(N)=O
CHEMBL1458025,2.7,Cc1sc2ncnc(SCC(=O)N3CCN(C(=O)c4ccco4)CC3)c2c1C
CHEMBL2171027,0.66,O=C(O)CCCS(=O)(=O)c1cccc(C(=O)N2CCC(N3CCC(Oc4ccc(Cl)c(Cl)c4)CC3)CC2)c1
CHEMBL100391,2.25,CN(C)CC(O)COc1ccc(Nc2ncc(Cl)c(Nc3ccccc3)n2)cc1
CHEMBL284954,2.79,CCOC(=O)[C@H](Cc1ccc([N+](=O)[O-])cc1)NC(=O)c1ccccc1
CHEMBL92484,1.57,CCc1cccc(N(C)C(=N)Nc2cccc3ccccc23)c1
CHEMBL264026,2.0,CC[S+]([O-])c1ncccc1C1(O)CCN(CC23CC(c4ccccc42)c2ccccc23)CC1
CHEMBL1499,1.4,C[C@]12CCC(=O)C=C1CC[C@@H]1[C@@H]2C(=O)C[C@@]2(C)[C@H]1CC[C@]2(O)C(=O)CO
CHEMBL393501,3.8,Cn1c(N)nc(CCc2cccc(-c3ccccc3)c2)cc1=O
CHEMBL1222443,2.07,Cc1cc2n[nH]c(=O)n2c2cc(-c3ccco3)ccc12
CHEMBL2335904,3.2,C[C@@H](NC1=CC(=O)CC1)c1ccc(Nc2ncc3cc(-c4ccncc4)ccc3n2)cc1
CHEMBL2153173,3.24,CCCSc1ncccc1C(=O)NC1CCCCC1
CHEMBL1916283,1.2,Cc1ccc(S(=O)(=O)Nc2c(C(=O)N[C@H](C)C(C)(C)C)c(C)nn2-c2ccccc2)cc1
CHEMBL184271,3.19,COc1cc2ncnc(Nc3cc(NC(=O)c4ccnc(N5CCOCC5)c4)ccc3C)c2cc1OCCN1CCOCC1
CHEMBL2164744,0.77,COc1ccc2ncc(=O)n(CCN3CC[C@H](NCc4cc5c(cn4)OCCO5)[C@H](O)C3)c2c1
CHEMBL1940279,3.88,O=C(NCc1ccnc2ccccc12)c1ccc(Oc2ccc(C#C[C@]3(O)CN4CCC3CC4)cc2)cc1
CHEMBL631,1.72,CCCNCC(O)COc1ccccc1C(=O)CCc1ccccc1
CHEMBL1303766,-0.2,CCN(CC)c1ccc2cc(C(=O)O)c(=O)oc2c1
CHEMBL2036782,2.21,CC(C)N1CCN[C@@H](C(=O)N2CCN(C(=O)Nc3ccc(Cl)c(Cl)c3)CC2)C1
CHEMBL20210,2.8,CCOC(=O)/C=C/[C@H](C[C@@H]1CCNC1=O)NC(=O)[C@@H](CC(=O)[C@@H](NC(=O)c1cc(C)on1)C(C)C)Cc1ccc(F)cc1
CHEMBL2336331,3.75,C[C@@H]1CN(c2nc(N3CCOC[C@@H]3C)c3ccc(-c4ccccc4)nc3n2)C[C@H](C)O1
CHEMBL277474,0.11,Cc1cc(=O)n(-c2ccccc2)n1C
CHEMBL2179668,-1.03,Cc1cn([C@H]2CCCN(Cc3ccc(C(=O)O)c(Oc4cccc(F)c4)c3)C2)c(=O)[nH]c1=O
CHEMBL1349,-1.3,CC(C)[C@H](N)C(=O)OCCOCn1cnc2c(=O)nc(N)[nH]c21
CHEMBL1949685,1.65,CN[C@@H](C)C(=O)N[C@H](C(=O)N[C@H]1CCCN(CCc2ccccc2)C1)C1CCCCC1
CHEMBL2011908,2.88,CNc1c(Br)cnc2[nH]c(-c3ccc(S(C)(=O)=O)cc3)nc12
CHEMBL392559,1.45,O=C(NCC12CC3CC(CC(C3)C1)C2)c1cc(CN2C[C@@H]3C[C@H]2CN3)ccc1Cl
CHEMBL760,1.86,O=C1CN2Cc3c(ccc(Cl)c3Cl)N=C2N1
CHEMBL2158834,1.71,O=C(O)c1cccnc1N1CCC(CN2CCC(Oc3ccc(Cl)c(Cl)c3)CC2)CC1
CHEMBL1385161,-0.2,CC(=O)Nc1nc(N)n(-c2ccccc2)n1
CHEMBL452861,0.99,CC(C)NC[C@H](O)COc1cccc2ccccc12
CHEMBL324343,1.14,CC(C)C(NC(=O)Cn1c(-c2ccccc2)ccc(NC(=O)Cc2ccccc2C(=O)O)c1=O)C(=O)C(F)(F)F
CHEMBL379350,2.0,CCN(CC)c1ccc2cc(C(C)=O)c(=O)oc2c1
CHEMBL1468936,3.8,CCOC(=O)c1c(-c2ccccc2)nc2cc(C)ccn12
CHEMBL1778627,-0.81,CN(c1ccc(-c2cc(C(F)(F)F)ccc2OCC(=O)O)cc1)S(C)(=O)=O
CHEMBL1762521,3.47,CN(c1ccccc1)c1ccnc(Nc2cc(N3CCOCC3)cc(N3CCOCC3)c2)n1
CHEMBL2170985,0.9,Nc1ncnc2c1ncn2[C@@H]1O[C@H](CSCCCNC(=O)NCc2ccccc2)[C@@H](O)[C@H]1O
CHEMBL91428,3.9,COc1cc2ncnc(Nc3cc4ccccc4cn3)c2cc1OC
CHEMBL567175,2.7,Oc1ccc2c3c1O[C@H]1c4[nH]c5ccccc5c4C[C@@]4(O)[C@@H](C2)N(CC2CC2)CC[C@]314
CHEMBL1916083,-0.54,CNC(=O)c1cnn(-c2ccccc2)c1NS(=O)(=O)c1ccc(C)cc1
CHEMBL2335865,3.56,COCCNC(=O)c1ccc(Nc2ncc3cc(-c4ccnc(C)c4)ccc3n2)cc1
CHEMBL384536,2.04,CC(C)Cn1c(=O)n(C)c(=O)c2c(C(=O)N3C[C@H](O)CO3)c(Cc3c[nH]c4ncccc34)sc21
CHEMBL313907,1.25,O=S(=O)(Nc1nc(-c2ccccc2)nn1Cc1ccccc1)c1ccccc1
CHEMBL2059910,1.58,CNC(=O)Nc1nc2ccc(-c3cncc(S(=O)(=O)NC(C)(C)C)c3)cn2n1
CHEMBL1809062,3.2,COc1cc(N2CCN(CCO)CC2)ccc1Nc1ncc(Cl)c(-c2cnc3ccccn23)n1
CHEMBL2035039,1.6,NC1(c2ccc(-n3c(-c4ccccc4)nc4ccccc4c3=O)cc2)CCC1
CHEMBL1824040,0.37,CC(=O)c1ccc2c(c1)N(CCN1CCC(NCc3ccc4c(n3)NC(=O)CO4)CC1)C(=O)CO2
CHEMBL569,0.0,CCN(CC)CCOC(=O)c1ccc(N)cc1
CHEMBL515839,2.82,Cc1ncc(-c2ccnc(Nc3ccc(S(=O)(=O)CC4CCCO4)cc3)n2)n1C(C)C
CHEMBL2207655,2.54,CC1(O)CN(S(=O)(=O)c2ccc3c(C(=O)NC[C@@H](O)CN4CCC(Oc5ccc(Cl)c(Cl)c5)CC4)c[nH]c(=O)c3c2)C1
CHEMBL789,0.97,NC(Cc1cc(I)c(Oc2ccc(O)c(I)c2)c(I)c1)C(=O)O
CHEMBL51931,2.6,O=C1C(=O)c2ccccc2-c2ccccc21
CHEMBL235789,1.84,O=C(NCC12CC3CC(CC(C3)C1)C2)c1cc(CN2CCNCC2)ccc1Cl
CHEMBL443684,0.64,CC1(C)CCC(c2ccc(Cl)cc2)=C(CN2CCN(c3ccc(C(=O)NS(=O)(=O)c4ccc(N[C@H](CCN5CCOCC5)CSc5ccccc5)c(S(=O)(=O)C(F)(F)F)c4)cc3)CC2)C1
CHEMBL273235,2.4,Fc1ccc(-n2cc(C3CCNCC3)c3cc(Cl)ccc32)cc1
CHEMBL1270671,3.52,CS(=O)(=O)c1cccc(Nc2nccc(Nc3cccc4ccoc34)n2)c1
CHEMBL2152906,4.4,CC#Cc1ccnc(-c2cccc([C@@]3(c4cc(C)c(=O)n(CC)c4)N=C(N)c4c(F)cccc43)c2)c1
CHEMBL11336,1.82,COC(=O)Nc1cnc(-c2ccc(F)cc2)n(CC(=O)NC(C(=O)C(F)(F)F)C(C)C)c1=O
CHEMBL2315158,1.9,CCCCNc1nc(N)c2[nH]c(=O)n(Cc3ccc(OCCN(C)C)nc3)c2n1
CHEMBL1762,-0.15,Cc1cccc(C)c1NC(=O)C(C)N
CHEMBL550777,1.19,NC1CCN(c2nccc(C(=O)NCC34CC5CC(CC(C5)C3)C4)c2Cl)CC1
CHEMBL1163879,2.92,COc1ccc(C(=O)N2CCC(C(=O)c3ccc(F)cc3)CC2)cc1
CHEMBL554169,1.02,Cc1ccc(OC(=O)N2CCN3CCC2CC3)cc1
CHEMBL2062564,3.44,CC(=O)Nc1ccc2cnn(-c3cc(NC4CC4)n4ncc(C#N)c4n3)c2c1
CHEMBL561339,0.77,CCN(CC)C(=O)c1ccc(C2=CC3(CCNCC3)Oc3ccccc32)c(O)c1
CHEMBL1682810,3.8,CN1CCOc2nc(C#Cc3ccccc3)ccc21
CHEMBL1536083,4.03,CCOC(=O)CN(c1ccccc1C)S(=O)(=O)c1ccc(Cl)cc1
CHEMBL1950730,1.32,CN[C@@H](C)C(=O)N[C@H](C(=O)N[C@H]1CCCN(C(=O)Cc2ccccc2)C1)C1CCCCC1
CHEMBL60066,1.38,O=C(Nc1ccc(F)cc1)c1ccc(Cl)[n+]([O-])c1
CHEMBL1927039,3.01,N#Cc1ccc(Nc2nccc(NC3CC3)n2)cc1
CHEMBL403813,1.22,N#Cc1cc(CN2CCC2)cnc1-c1ccc(C(=O)Nc2ccccc2N)cc1
CHEMBL2086688,2.3,C[C@@H]1CN(C(=O)OCC(F)F)CCN1c1ncc(OCc2ccncc2C#N)cn1
CHEMBL430507,2.4,CN(C)CC(O)COc1ccc(Nc2nccc(N(CC#N)c3cc(Cl)ccc3Cl)n2)cc1
CHEMBL1762536,3.8,Cc1ccc(CO)cc1N(C)c1ccnc(Nc2cc(N3CCCC3)cc(N3CCOCC3)c2)n1
CHEMBL87277,3.97,Cn1nc(C(C)(C)C)cc1NC(=O)Nc1ccc(Cl)cc1
CHEMBL878,1.64,Cc1ccccc1N1C(=O)c2cc(S(N)(=O)=O)c(Cl)cc2NC1C
CHEMBL499864,2.94,Cn1cnc(-c2ccccc2)c1C#Cc1ccnc(N)n1
CHEMBL1610495,3.1,CNC(=O)c1cc(C(=O)c2ccc(Cl)cc2)c(Br)[nH]1
CHEMBL2325622,1.0,CN1CC(n2nccc2-c2cc(Cl)ccc2Oc2cc(F)c(S(=O)(=O)Nc3ncns3)cc2F)C1
CHEMBL1081627,4.1,N#Cc1ccc(-c2csc(Nc3ccc(O)cc3)n2)cc1
CHEMBL198497,2.09,CCN(C(=O)Cc1ccc(S(C)(=O)=O)cc1)C1CCN(CCC(c2ccccc2)c2ccc(NC(C)=O)cc2)CC1
CHEMBL453261,2.74,Cc1ccc(S(=O)(=O)c2ccccc2)cc1
CHEMBL2325987,2.4,CC(NC(=O)C1(N)CCN(c2ncnc3[nH]ccc23)CC1)c1ccc(F)cc1
CHEMBL518760,2.52,COc1cc2ncc(C(N)=O)c(Nc3ccc(F)cc3F)c2cc1NCCN1CCCCC1
CHEMBL1917444,1.01,COc1ccc(Sc2c(C)n(CC(=O)O)c3ccc(C)cc23)cc1
CHEMBL1916281,1.21,Cc1ccc(S(=O)(=O)Nc2c(C(=O)NC(C)C(C)(C)C)c(C)nn2-c2ccccc2)cc1
CHEMBL1917418,2.18,Cc1ccc2c(c1)c(Sc1ccc(Cl)cc1)c(C)n2CC(=O)O
CHEMBL556667,3.4,O=C(Nc1cccc(Cl)c1)c1ccccn1
CHEMBL1481,1.73,CCC1=C(C)CN(C(=O)NCCc2ccc(S(=O)(=O)NC(=O)N[C@H]3CC[C@H](C)CC3)cc2)C1=O
CHEMBL1938681,3.0,O=C(c1ccc(-c2ccc(Cl)cc2)o1)N(Cc1ccccn1)c1ccc(N2CCNCC2)cc1
CHEMBL559696,2.18,O=c1[nH]cnc2scc(-c3cccs3)c12
CHEMBL2087853,4.02,CC(C)n1c(=O)c2c(-c3cncn3C)n(Cc3ccnc4ccc(Cl)cc34)nc2n(CC2CC2)c1=O
CHEMBL567,3.6,OCCN1CCN(CCCN2c3ccccc3Sc3ccc(Cl)cc32)CC1
CHEMBL2071095,1.4,N#CC1(NC(=O)[C@@H]2CCCC[C@H]2C(=O)N2CCN(c3nc4ncccc4s3)CC2)CC1
CHEMBL256711,2.3,Nc1ccccc1NC(=O)c1ccc(-c2nccs2)cc1
CHEMBL1682830,3.7,CCN1CCOc2cc(COc3ccccc3)cnc21
CHEMBL1649771,1.39,Nc1ncc(-c2ccc(F)cc2)[nH]1
CHEMBL402553,2.87,Clc1cc(Nc2ncnc3[nH]nc(OCCN4CCCC4)c23)ccc1OCc1ccccn1
CHEMBL1645105,3.2,COc1ccc(-c2ccc3nc(N)sc3c2)cn1
CHEMBL2023704,2.08,COc1ccc(-c2ccnc(N)n2)cc1
CHEMBL2164682,2.66,N#CC1(NC(=O)[C@@H]2CCCC[C@H]2C(=O)N2CCc3[nH]c4ccccc4c3C2)CC1
CHEMBL1734492,3.3,NC(=O)NC(=O)C(Nc1ccc2c(c1)CCC2)c1ccccc1
CHEMBL1683038,2.35,COc1cc2nnc(C(N)=O)c(Nc3cccc(Cl)c3F)c2cc1N1CCN(C)CC1
CHEMBL2030443,1.0,CS(=O)(=O)Cc1cc(N2CCOCC2)nc(-c2cccc(CO)c2)n1
CHEMBL213495,0.52,Cc1ccc2c(c1)c(-c1ccnc3c(C#N)cccc13)c(C)n2CC(=O)O
CHEMBL1483,3.24,CCCSc1ccc2nc(NC(=O)OC)[nH]c2c1
CHEMBL565755,2.4,CCOc1ccc2nc(N)sc2c1
CHEMBL1644358,2.78,c1ccc(Nc2ccnc3ccccc23)cc1
CHEMBL284237,1.6,C[C@]12N[C@H](Cc3ccccc31)c1ccccc12
CHEMBL79537,1.93,COc1cc(C(=O)NS(=O)(=O)c2ccccc2)ccc1Cn1ccc2ccc(C(=O)NCC3CCCC3)cc21
CHEMBL274642,2.55,NC1=NN(c2cccc(C(F)(F)F)c2)CC1
CHEMBL1807872,-0.03,O=c1[nH]c2c(O)ccc([C@@H](O)CNCCCOCCNCCc3cccc(Cl)c3)c2s1
CHEMBL2036737,2.96,CC(C)(C(=O)Nc1nnc(C(=O)Nc2ccc(N3CCOCC3)cc2)o1)c1ccc(Cl)cc1
CHEMBL1347379,3.79,Cc1ccc(C(=O)N2CCC(C(=O)c3ccc(Cl)cc3)CC2)cc1
CHEMBL72683,2.5,c1ccc(-c2nc3ccccc3[nH]2)nc1
CHEMBL1946017,3.65,CCN(CC)C(=O)c1ccc(C(=C2CCN(Cc3ccc(F)cc3)CC2)c2cccnc2)cc1
CHEMBL1083642,1.38,O=C(O)CO[C@@H]1c2ccccc2C[C@H]1NC(=O)c1cc2sc(Cl)c(Cl)c2[nH]1
CHEMBL2088259,3.5,COc1cc(CCc2cc(Nc3ccnc(NCc4ccccn4)n3)n[nH]2)cc(OC)c1
CHEMBL202314,-0.04,O=C(NS(=O)(=O)c1ccc(NCCSc2ccccc2)c([N+](=O)[O-])c1)c1ccc(N2CCNCC2)cc1
CHEMBL2152074,1.54,Nc1nc(Nc2ccc3nc(-c4ccc(F)cc4)cc(N)c3c2)cc(-c2ccc(C(F)(F)F)cc2)n1
CHEMBL499520,3.19,O=C(Nc1ncc(F)s1)[C@H](CC1CCOCC1)c1ccc(S(=O)(=O)C2CC2)cc1
CHEMBL1229059,1.28,N=C(N)SCc1ccc(Cl)c(Cl)c1
CHEMBL1444,1.7,N#Cc1ccc(C(c2ccc(C#N)cc2)n2cncn2)cc1
CHEMBL218713,3.6,Cc1ccc(COC(=O)N2CCC(CNc3ncccn3)CC2)cc1
CHEMBL205627,1.5,COC[C@H](C)Oc1cc(O[C@@H](C)Cc2ccccc2)cc(C(=O)Nc2ccc(C(=O)O)cn2)c1
CHEMBL1871428,0.82,Oc1ncc(NCc2ccccc2)c(O)n1
CHEMBL1340633,1.8,COc1cc(-c2ccc(Nc3ccccc3C(=O)O)c(OC)c2)ccc1Nc1ccccc1C(=O)O
CHEMBL8953,3.38,COc1cc(C(=O)c2cc(Cl)ccc2N)cc(OC)c1OC
CHEMBL257176,1.58,N#Cc1cccnc1-c1ccc(C(=O)Nc2ccccc2N)cc1
CHEMBL95925,2.88,CN(C)CC1CCn2c(c(C3=C(c4cn(C)c5ccccc45)C(=O)NC3=O)c3ccccc32)C1
CHEMBL1070,3.06,COc1ccc2cc(CCC(C)=O)ccc2c1
CHEMBL2169908,2.67,Cc1noc2cc(N3CCN(C(=O)[C@@H]4CCCC[C@H]4C(=O)NC4(C#N)CC4)[C@H](C)C3)ccc12
CHEMBL1950721,1.49,CN[C@@H](C)C(=O)N[C@H](C(=O)N[C@H]1CCN(Cc2ccccc2)C1)C1CCCCC1
CHEMBL333685,1.5,O=C(Nc1ccc(O)cc1)c1ccc(O)cc1
CHEMBL33227,3.58,COC(=O)[C@H](Cc1ccc([N+](=O)[O-])cc1)NC(=O)c1cccc2ccccc12
CHEMBL1706173,2.87,COc1cc(C(=O)NC2CCN(C)CC2)ccc1Nc1ncc2c(n1)N(C1CCCCC1)CCC(=O)N2C
CHEMBL488084,2.39,Cc1ncc(-c2ccnc(Nc3ccc(C(N)=O)cc3)n2)n1C(C)C
CHEMBL1535688,-0.84,Cc1ccc(OCC(=O)O)c(-n2nc3ccccc3n2)c1
CHEMBL1231206,3.6,Cc1ccc(-c2ccc3c(ccc4sc5c(c43)NC[C@@H](C)NC5=O)n2)cn1
CHEMBL1718949,3.7,Cc1[nH]c2nc(NCc3ccc(Cl)cc3)nn2c(=O)c1Cc1ccccc1
CHEMBL1824043,0.9,O=C1COc2ccc(CNC3CCN(CCN4C(=O)COc5ccc(F)cc54)CC3)nc2N1
CHEMBL38688,3.2,c1ccc(Nc2ccccc2)cc1
CHEMBL1770475,4.24,CSCCC(NC(=O)c1ccccc1)c1nc2ccccc2n1Cc1ccc(C#N)cc1
CHEMBL2086684,3.33,C[C@@H]1CN(C(=O)OC(C)(C)C)CCN1c1ncc(OCc2ccncc2C#N)cn1
CHEMBL1513816,3.14,CCN1CCN(C(=O)c2cc3cc(Cl)ccc3[nH]2)CC1
CHEMBL2326624,1.61,COc1cccc2c1c(NS(=O)(=O)c1ccc(Cl)s1)nn2Cc1cccc(CNC(=O)[C@@H]2COCCN2)c1
CHEMBL340450,1.66,COc1ccc2c(c1)cc(C(=O)O)n2Cc1ccc(Cl)c(Cl)c1
CHEMBL1223873,1.61,NC(=O)c1cccc(O[C@H]2C[C@H]3CC[C@@H](C2)N3Cc2ccccc2)c1
CHEMBL1242565,1.66,C[C@H](N)C(=O)N[C@H](/C=C/S(=O)(=O)c1ccccc1)CCc1ccccc1
CHEMBL2031168,0.07,CN1CCNc2nc(CCOc3ccc(C[C@H](NC(=O)c4c(Cl)cccc4Cl)C(=O)O)cc3)ccc21
CHEMBL1405928,3.22,c1ccc(CSc2nc3cccnc3[nH]2)cc1
CHEMBL62136,4.5,O=S(=O)(c1ccccc1)N(CC(F)(F)F)c1ccc(C(O)(C(F)(F)F)C(F)(F)F)cc1
CHEMBL1087399,2.26,C[C@H](Nc1nc(Nc2ncc(C#N)s2)cc(N2CCOCC2)n1)c1ncc(F)cn1
CHEMBL640,-0.92,CCN(CC)CCNC(=O)c1ccc(N)cc1
CHEMBL373339,1.74,CC(C)Oc1cc(OCCc2ccsc2)cc(C(=O)Nc2ccc(C(=O)O)cn2)c1
CHEMBL1995326,2.63,O=C(Nc1ccc(Nc2ccc(NC(=O)c3ccccc3)c3c2C(=O)c2ccccc2C3=O)c2c1C(=O)c1ccccc1C2=O)c1ccccc1
CHEMBL184347,3.49,COc1ccc(C(=O)Nc2cc(NC(=O)c3cccc(N(C)C)c3)ccc2Br)cc1OC
CHEMBL441225,1.5,COc1ccccc1CN[C@H]1CCCN[C@H]1c1ccccc1
CHEMBL1258166,0.07,NC(=O)c1cccc(O[C@@H]2C[C@H]3CC[C@@H](C2)N3CC2CC2)c1
CHEMBL113187,2.38,Cc1cc(COC(=O)Nc2ccc(-c3ccccc3)n(CC(=O)NC(C(=O)C(F)(F)F)C(C)C)c2=O)cc(C)n1
CHEMBL73243,3.41,COCCCNS(=O)(=O)c1ccc(Nc2nccc(-c3cnc4ccccn34)n2)cc1
CHEMBL211456,-1.15,CN[C@@H](C)[C@H](O)c1ccccc1
CHEMBL2163586,3.75,N#CC1(NC(=O)[C@@H]2CCCC[C@H]2C(=O)N2CCc3[nH]c4c(C(F)(F)F)cccc4c3C2)CC1
CHEMBL2031164,0.6,O=C(N[C@@H](Cc1ccc(OCCNc2nc3ccccc3[nH]2)cc1)C(=O)O)c1c(Cl)cccc1Cl
CHEMBL406852,-0.58,COc1nc(N)nc2c1ncn2[C@@H]1O[C@H](CO)[C@@H](O)[C@H]1O
CHEMBL1172928,1.69,C[C@@H]1NC(C)(C)CO[C@@]1(O)c1cccc(Cl)c1
CHEMBL1951893,2.67,CCN(C(=O)Cc1ccc(S(C)(=O)=O)cc1)C1CCN(CCC(c2ccccc2)N2CCN(c3ccccc3)CC2)CC1
CHEMBL2164675,-0.1,CN1CCN(C(=O)[C@@H]2CCCC[C@H]2C(=O)NCC#N)CC1
CHEMBL2326686,1.33,Fc1ccc(C2CC=CCNC2)cc1Cl
CHEMBL1209655,3.36,O=S(=O)(NCC(c1ccccc1)N1CCCCCC1)c1cc(Cl)cc(Cl)c1
CHEMBL2325707,1.9,CN1CCC(c2cc(N3CCOCC3)nc(-c3cccc4[nH]ccc34)n2)(S(C)(=O)=O)CC1
CHEMBL188369,3.14,C[C@@H](NC(=O)c1cccnc1Oc1ccccc1)c1ccccc1
CHEMBL2331749,2.12,Cc1cn([C@H]2CCCN(S(=O)(=O)c3ccc(O)c(Oc4ccc(Cl)cc4)c3)C2)c(=O)[nH]c1=O
CHEMBL1951916,1.93,CCN(C(=O)Cc1ccc(S(C)(=O)=O)cc1)C1CCN(CC[C@@H](c2cc(C)cc(C)c2)C2CCN(S(C)(=O)=O)CC2)CC1
CHEMBL1950854,1.45,CN[C@@H](C)C(=O)N[C@H](C(=O)N[C@H]1CCCN(CCc2ccc(OC)cc2)C1)C(C)(C)C
CHEMBL47406,0.92,COC(=O)COc1ccc(O)cc1
CHEMBL403963,-0.4,C(=C/c1nn[nH]n1)\c1ccccc1
CHEMBL669,2.83,CN(C)CCC=C1c2ccccc2C=Cc2ccccc21
CHEMBL109244,1.26,O=C(NCCCCCCNCCc1ccc(O)c2nc(O)sc12)Nc1ccccc1
CHEMBL345937,-1.1,CC1Sc2c(C(=O)O)c(=O)c3cc(F)c(N4CCNCC4)cc3n21
CHEMBL2171040,0.89,COc1ccccc1S(=O)(=O)NC(=O)N1CCC(N2CCC(Oc3ccc(Cl)c(Cl)c3)CC2)CC1
CHEMBL2104888,2.8,O=C(N[C@@H](Cc1ccccc1)[C@@H](O)C(=O)N1C[C@@H](O)[C@@H](O)C1)c1cc2cc(Cl)ccc2[nH]1
CHEMBL1077827,1.4,CCOc1ccc(-n2c([C@@H](C)N(CC3CCN(C)CC3)C(=O)Cc3ccc(F)c(C(F)(F)F)c3)nc3ncccc3c2=O)cc1
CHEMBL300982,3.07,CC1(C)Cc2c(-c3ccccc3)c(-c3ccc(Cl)cc3)c(CC(=O)O)n2C1
CHEMBL219098,2.87,CC(C)Cn1c(=O)n(C)c(=O)c2c(C(=O)N3CC[C@@H](O)C3)c(Oc3cccc4ccccc34)sc21
CHEMBL1824606,3.85,O=C(Nc1ccccc1)c1ccc(OCCCN2CCCC2)cc1OCc1ccccc1F
CHEMBL1218,2.57,CCC(=O)NCC[C@@H]1CCc2ccc3c(c21)CCO3
CHEMBL121,2.5,CN(CCOc1ccc(CC2SC(=O)NC2=O)cc1)c1ccccn1
CHEMBL193200,2.54,O=C(Cc1ccc(O)cc1)c1ccc(O)cc1O
CHEMBL1433131,2.66,Clc1cccc(Cl)c1-c1nnc2cccc(Cl)n12
CHEMBL72,1.24,CNCCCN1c2ccccc2CCc2ccccc21
CHEMBL2179269,-0.3,Cc1cn([C@H]2CCCN([C@H](C)c3ccc(C(=O)O)c(Oc4cccc(Cl)c4)c3)C2)c(=O)[nH]c1=O
CHEMBL1945033,-0.07,O=c1[nH]c2c(O)ccc([C@@H](O)CNCCc3cccc(CNCCc4ccccn4)c3)c2s1
CHEMBL147405,1.6,CC(=O)NC[C@H]1CN(c2ccc(-n3ccc(C#N)c3)c(F)c2)C(=O)O1
CHEMBL2325713,2.6,CS(=O)(=O)C1(c2cc(N3CCOCC3)nc(-c3ccccc3)n2)CC1
CHEMBL2164746,0.39,COc1ccc2ncc(=O)n(CCN3CC[C@H](NCc4ccc5c(n4)NC(=O)CO5)[C@H](O)C3)c2c1
CHEMBL1523918,1.14,O=S(=O)(Nc1nnc(-c2ccccc2)s1)c1ccc(Cl)cc1
CHEMBL1529080,1.3,Cn1sc(=O)c2cc(S(=O)(=O)NC3CC3)ccc21
CHEMBL291666,3.1,COc1ccc(-c2cc(NC(=O)Cc3ccc4ccccc4c3)[nH]n2)cc1OC
CHEMBL2010849,1.8,CN(C(=O)Cc1ccc(-n2cnnn2)cc1)[C@@H]1CCN(Cc2ccc(C(F)(F)F)nc2)C[C@@H]1F
CHEMBL611,0.9,COc1cc2nc(N3CCN(C(=O)C4CCCO4)CC3)nc(N)c2cc1OC
CHEMBL2086692,2.6,Cc1nc(N2CCN(c3ncc(OCc4ccncc4C#N)cn3)[C@H](C)C2)no1
CHEMBL81642,2.2,COc1cc(C(=O)NS(=O)(=O)c2ccccc2)ccc1Cn1ccc2ccc(NC(=O)OC3CCCC3)cc21
CHEMBL167059,2.1,CCCc1c(OCc2ccc(C(=O)O)cc2)ccc(C(C)=O)c1O
CHEMBL1329874,2.88,Clc1ccc(-c2nnc3cccc(Cl)n23)c(Cl)c1
CHEMBL485618,2.44,CCn1c(-c2ccnc(Nc3ccc(S(=O)(=O)NCCOC)cc3)n2)cnc1C
CHEMBL98345,0.75,O=C(NO)c1ccc(NS(=O)(=O)c2ccccc2)cc1
CHEMBL1088,1.6,CN1CCCCC1CCN1c2ccccc2Sc2ccc([S+](C)[O-])cc21
CHEMBL168484,0.44,Nc1ccnc(-c2cccnc2)n1
CHEMBL2178935,2.7,Cc1nc(C)c(-c2ccc([C@H]3CC[C@H](CC(N)=O)CC3)cc2)nc1C(N)=O
CHEMBL1184126,1.9,O=c1[nH]n(C(c2ccccn2)C2CCCC2)c(=O)c2c(O)c3ccc(Cl)cc3nc12
CHEMBL526098,2.42,Cc1cccc(NS(=O)(=O)c2ccc(-c3ccc(C#N)cc3)cc2)n1
CHEMBL601719,2.33,C[C@@H](Oc1cc(-c2cnn(C3CCNCC3)c2)cnc1N)c1c(Cl)ccc(F)c1Cl
CHEMBL1784340,0.9,Cc1noc(C)c1CCC1CCN(S(=O)(=O)CC2(N(O)C=O)CCOCC2)CC1
CHEMBL130590,4.28,Cc1ccccc1C(=O)NCC12CC3CC(CC(C3)C1)C2
CHEMBL1946616,1.98,CN1CCN(C(=O)c2ccc(C(=C3CCN(Cc4cscn4)CC3)c3cccc4cccnc34)cc2)CC1
CHEMBL588001,0.79,CC1(C)N=C(N)N=C(N)N1c1ccc(Oc2ccc(Cl)cc2)c(Cl)c1
CHEMBL1459983,3.7,COc1ccc(-n2cnc3cc(NS(=O)(=O)c4ccccc4)ccc32)cc1
CHEMBL2158831,2.48,O=C(O)c1ccccc1CN1CCC(CN2CCC(Oc3ccc(Cl)c(Cl)c3)CC2)CC1
CHEMBL2348651,3.2,CNc1nc(C)c(-c2nc(Nc3cccc(N4CCCN(C(C)=O)CC4)c3)ncc2C#N)s1
CHEMBL1092926,1.86,Fc1cc(-c2cccc3ncc(-c4cnn(C5CCNCC5)c4)nc23)cc(F)c1CN1CCOCC1
CHEMBL1829254,0.01,CCC(c1nc2ccsc2c(=O)n1Cc1cccnc1)N(CCCN)C(=O)c1ccc(C)cc1
CHEMBL24850,0.4,O=C(O)c1cc2cc(OCc3ccccc3)ccc2[nH]1
CHEMBL2171023,1.73,O=C(O)c1ccccc1C(=O)N1CCC(N2CCC(Oc3ccc(Cl)c(Cl)c3)CC2)CC1
CHEMBL2059867,2.97,Cc1nc(-c2ccc(C)c(NC(=O)c3ccc(OCc4ccccn4)cc3)c2)c[nH]1
CHEMBL1299863,3.78,CCc1c(C)nc(SCC(=O)Nc2nc(-c3ccc(OC)cc3)cs2)nc1O
CHEMBL2165054,0.63,CO[C@H]1CN(CCn2c(=O)ccc3ccc(C#N)cc32)CC[C@H]1NCc1cc2c(cn1)OCCO2
CHEMBL2017974,2.7,Nc1cc(C(F)(F)F)c(-c2cc(N3CCOCC3)nc(N3CCOCC3)n2)cn1
CHEMBL2058529,3.22,O=C(O)CCc1ccc(OCc2cc(Cl)ccc2-c2ccccc2)cc1
CHEMBL612012,0.8,COc1ccc2c3c1OC1C(O)C=CC4C(C2)N(C)CCC341
CHEMBL488238,3.19,CNC(=O)c1cc(-c2ccccc2)sc1NC(N)=O
CHEMBL421236,3.6,C[C@H](NC(=O)Cc1cc(F)cc(F)c1)C(=O)NC1C(=O)N(C)c2ccccc2-c2ccccc21
CHEMBL1645135,1.47,C[C@H](NC(=O)c1cccc2c1N(Cc1ccc(Cl)cc1)CC2)c1ccc(C(=O)O)cc1
CHEMBL1813048,4.4,CC(=O)Nc1cccc(Nc2ncnc(N3CCC(OCc4ccc(OC(F)(F)F)cc4)CC3)n2)c1C
CHEMBL336923,3.12,CC(O)(C(=O)Nc1ccc(S(=O)(=O)c2ccc(F)cc2)cc1)C(F)(F)F
CHEMBL850,-0.15,C[C@@H]1CN(c2c(F)c(N)c3c(=O)c(C(=O)O)cn(C4CC4)c3c2F)C[C@H](C)N1
CHEMBL1957266,3.82,Cc1sc2c(c1C)C(c1ccc(Cl)cc1)=N[C@@H](CC(=O)OC(C)(C)C)c1nnc(C)n1-2
CHEMBL372361,1.6,CSc1ccc(OCc2ccccc2)c(C(=O)Nc2ccc(C(=O)O)cn2)c1
CHEMBL47875,4.1,Oc1ccc(-c2nc3ccccc3s2)cc1
CHEMBL1650737,2.85,COc1cc(Nc2nc(N[C@@H](C)c3ncc(F)cn3)nc(N3CCOCC3)c2Cl)n[nH]1
CHEMBL1462105,1.87,O=C(NNc1cccc(Cl)c1)c1cccnc1Cl
CHEMBL419763,4.13,Cc1ccc(NC(=O)CCC2CCCCC2)cc1NC(=O)c1ccc(O)cc1
CHEMBL149434,2.1,CCc1c(C(=O)C(N)=O)c2c(OCC(N)=O)cccc2n1Cc1ccccc1
CHEMBL49236,2.31,Nc1cccc2c1-c1ccccc1C(=O)C2=O
CHEMBL12952,0.23,COc1ccc2cc(C(C)C(=O)O)ccc2c1
CHEMBL1939752,3.02,CCOC(=O)Nc1cccc([C@@H](c2ccc(C(=O)N3CCC3)cc2)N2CCN(Cc3cccnc3)CC2)c1
CHEMBL21342,1.9,c1ccc(C2Cc3ccccc3CN2)cc1
CHEMBL1778623,0.67,CCN(CC)S(=O)(=O)c1ccc(-c2cc(C(F)(F)F)ccc2OCC(=O)O)cc1
CHEMBL1004,-0.2,CN(C)CCOC(C)(c1ccccc1)c1ccccn1
CHEMBL17357,0.33,NCCc1ccc(O)c2nc(O)sc12
CHEMBL39058,2.09,COc1ccc(C(=O)Nc2c(Cl)cncc2Cl)c2cccnc12
CHEMBL322019,3.2,C#CCN(c1ccnc(Nc2ccc(OCC(O)CN(C)C)cc2)n1)c1cc(Cl)ccc1Cl
CHEMBL472,2.23,COc1ccc(Cl)cc1C(=O)NCCc1ccc(S(=O)(=O)NC(=O)NC2CCCCC2)cc1
CHEMBL249927,3.71,O=C(CO)N1CCC[C@@H]1COc1cccc2ncnc(Nc3ccc(OCc4ccccn4)c(Cl)c3)c12
CHEMBL1194666,1.18,CCN(CC)C(C)C(=O)c1ccccc1
CHEMBL443239,2.7,CCCN(CCC)C(=O)c1cccc(C(=O)N[C@@H](Cc2ccccc2)[C@H](O)CNCc2cccc(OC)c2)c1
CHEMBL277148,2.54,Oc1cc(-c2ccccc2)nc2ccccc12
CHEMBL242818,2.0,Cc1cc(O)ccc1N1C(=O)c2ccc(O)cc2C1=O
CHEMBL419742,4.2,FC(F)(F)c1cc(COCC(c2cccc(Cl)c2)N2CCNCC2)cc(C(F)(F)F)c1
CHEMBL187007,4.26,COc1cc2ncnc(Nc3cc(NC(=O)c4cccc(N(C)C)c4)ccc3Cl)c2cc1OC
CHEMBL2147150,3.58,C[C@H]1O[C@@H](n2cnc3c(N)nc(OCC45CC6CC(CC(C6)C4)C5)nc32)[C@H](O)[C@@H]1O
CHEMBL2031466,1.56,Cc1ccc(C(=O)NC(C)C)cc1-n1cnc2ccc(N3CCN(C)CC3)cc2c1=O
CHEMBL1080151,3.27,Cc1cnc(Nc2nc(N[C@@H](C)c3ncc(F)cn3)nc(N3CCOCC3)c2F)s1
CHEMBL1567984,0.3,O=C(O)c1ccc(-c2nnn(Cc3ccccc3F)n2)cc1
CHEMBL2111158,-0.97,CC(C)NCC(O)COc1nccs1
CHEMBL1224286,1.93,CNC(=O)c1cccc(O[C@H]2C[C@H]3CC[C@@H](C2)N3Cc2ccccc2)c1
CHEMBL266195,0.99,C=CCc1ccccc1OCC(O)CNC(C)C
CHEMBL2062582,2.71,CC(=O)Nc1ccc2c(c1)c(-c1cc(NC3CC3)n3ncc(C#N)c3n1)cn2CCO
CHEMBL424,-1.36,O=C(O)c1ccccc1O
CHEMBL1079428,2.94,Cn1cnc(-c2ccccc2)c1-c1cc2c(N)ncnc2s1
CHEMBL782,0.44,CCCCNC(=O)NS(=O)(=O)c1ccc(C)cc1
CHEMBL2179275,0.91,Cc1cn([C@H]2CCCN([C@H](CC(C)C)c3ccc(C(=O)O)c(Oc4cccc(Cl)c4)c3)C2)c(=O)[nH]c1=O
CHEMBL385240,3.6,COc1ccc(Cl)c(Nc2ncnc3cc(OC)cc(OC4CCN(C)CC4)c23)c1
CHEMBL1835912,3.76,CCOC(=O)c1ccc(OCCC2CCN(c3ccc(C)nn3)CC2)nc1
CHEMBL564366,1.18,Cc1ccc2nc(CCNCCCO)ccc2c1NC(=O)CC12CC3CC(CC(C3)C1)C2
CHEMBL430381,3.11,OCC(CO)Nc1nc(SCc2cccc(F)c2F)nc2nc(NC3CC3)sc12
CHEMBL198758,2.76,CCN(C(=O)Cc1ccc(S(C)(=O)=O)cc1)C1CCN(CCC(c2ccccc2)c2ccc(C#N)cc2)CC1
CHEMBL109614,2.32,C[C@@H](COCCCS(=O)(=O)CCNCCc1ccc(O)c2nc(O)sc12)c1ccccc1
CHEMBL101473,2.0,Cc1cnc(Nc2ccc(OCC(O)CN(C)C)cc2)nc1Nc1ccccc1
CHEMBL2153188,1.72,CCCSc1nc(N2CCCC(C(=O)O)C2)ccc1C(=O)NC1CCCCC1
CHEMBL351231,3.51,C[C@@H]1CCCN1CCc1cc2cc(-c3ccc(C#N)cc3)ccc2o1
CHEMBL517544,3.5,COc1cc2ncc(C(N)=O)c(Nc3cccc(Cl)c3)c2cc1OC
CHEMBL1209736,3.21,O=S(=O)(NCC(c1ccccc1)N1CCCCCC1)c1ccc(Br)cc1
CHEMBL1927707,2.71,O=C(CCc1ccccc1O)Nc1ccccc1
CHEMBL254129,2.63,CC1=C2C[C@H]3[C@@H](CC=C4C[C@@H](O)CC[C@@]43C)[C@@H]2CC[C@]12O[C@@H]1C[C@H](C)CN[C@H]1[C@H]2C
CHEMBL315985,0.79,NC(=O)N1c2ccccc2C[C@H](O)c2ccccc21
CHEMBL1529362,1.8,Nc1nnc(-c2ccccc2)s1
CHEMBL1289682,4.23,Fc1ccc(C2CCN(C(=S)COCc3ccncc3)CC2)c(Cl)c1
CHEMBL1539,-0.73,COc1ncnc(NS(=O)(=O)c2ccc(N)cc2)c1OC
CHEMBL180368,3.25,C[C@H]1CCCN1CCc1cc2cc(-c3ccc(C#N)cc3)ccc2o1
CHEMBL1650723,2.53,COc1cc(Nc2nc(N[C@@H](C)c3ncc(F)cn3)ncc2Cl)n[nH]1
CHEMBL226905,0.9,CC(c1ccsc1)n1[nH]c(=O)c2[nH]c3cc(Cl)ccc3c(=O)c2c1=O
CHEMBL1323247,2.28,CCN1CCN(C(=O)c2cc3cc(F)ccc3[nH]2)CC1
CHEMBL2349335,4.2,CC(C)C[C@H](CO)Nc1nc(SCc2ccccc2)nc2nc(N)sc12
CHEMBL1626,3.48,CN1CCC[C@@H]1CCO[C@](C)(c1ccccc1)c1ccc(Cl)cc1
CHEMBL195329,1.9,O=C(N[C@H]1CN2CCC1CC2)c1ccc(-c2ccccc2)s1
CHEMBL1384203,3.53,CC(NCC(O)c1ccc([N+](=O)[O-])cc1)C12CC3CC(CC(C3)C1)C2
CHEMBL2179289,3.38,Cc1ccc(Oc2cccc(CN3CCCC(n4cc(C)c(=O)[nH]c4=O)C3)c2)cc1
CHEMBL1800657,2.23,CCCN(CCNCCc1ccc(O)c2[nH]c(=O)sc12)C(=O)CCOCCc1ccccc1
CHEMBL259081,3.01,O=c1nc(NCc2ccccc2)sn1Cc1ccccc1
CHEMBL2207226,3.37,COc1cc(OC)c(S(=O)(=O)N2c3ccccc3Oc3ccccc32)cc1NC(=O)Cc1ccnc(F)c1
CHEMBL1230165,1.29,O=C(O)c1ccc2c(c1)nc(Nc1cccc(Cl)c1)c1ccncc12
CHEMBL902,-0.6,N=C(N)Nc1nc(CSCCC(=N)NS(N)(=O)=O)cs1
CHEMBL1939738,3.38,CN(CCO)C(=O)c1ccc([C@H](c2cccc(NC(=O)C3CC3)c2)N2CCN(Cc3ccc(F)cc3)CC2)cc1
CHEMBL1951918,1.9,CCN(C(=O)Cc1ccc(S(C)(=O)=O)cc1)C1CCN(CC[C@@H](c2cccc(C(F)(F)F)c2)C2CCN(S(C)(=O)=O)CC2)CC1
CHEMBL365614,1.9,Cc1ccc(NC(=O)c2ccnc(N3CCOCC3)c2)cc1Nc1ccnc(OCC2CCCN(C)C2)n1
CHEMBL2207656,3.15,O=C(NC[C@@H](O)CN1CCC(Oc2ccc(Cl)c(Cl)c2)CC1)c1c[nH]c(=O)c2c(F)cccc12
CHEMBL70824,2.16,CN(C)CCCN(C)S(=O)(=O)c1ccc(Nc2nccc(-c3cnc4ccccn34)n2)cc1
CHEMBL1457701,1.97,O=c1cc(O)oc2c1c(=O)n(Cc1ccccc1)c1ccccc21
CHEMBL140453,2.78,CC(O)(C(=O)Nc1ccc(S(=O)(=O)c2ccc(O)cc2)cc1)C(F)(F)F
CHEMBL2153180,2.48,CCCSc1ncccc1C(=O)N(C)[C@H]1[C@@H]2CC3C[C@H]1C[C@@](O)(C3)C2
CHEMBL2087846,2.55,Cn1cncc1-c1c2c(=O)n(CC#CCO)c(=O)n(CC3CC3)c2nn1Cc1ccnc2ccc(Cl)cc12
CHEMBL2153174,3.9,O=S(=O)(Cc1c(F)cccc1F)N1CCN(c2ncccc2C(F)(F)F)CC1
CHEMBL520902,0.68,CS(=O)(=O)c1ccc(-c2cc(C(=O)N[C@H]3CCCNC3)c(NC(N)=O)s2)cc1
CHEMBL1213071,1.63,Cc1onc(C(N)=O)c1C(=O)Nc1nccs1
CHEMBL41,1.92,CNCCC(Oc1ccc(C(F)(F)F)cc1)c1ccccc1
CHEMBL1079588,2.97,CCn1cnc(-c2ccccc2)c1-c1nc2c(N)ncnc2s1
CHEMBL167151,1.3,CCCc1c(OCCCCSCC(=O)O)ccc(C(C)=O)c1O
CHEMBL1084546,2.63,CN(c1ncccc1CNc1nc(Nc2ccc3c(c2)CC(=O)N3)ncc1C(F)(F)F)S(C)(=O)=O
CHEMBL370492,3.0,CCc1nc2cc(O)ccc2c(Oc2ccc(/C=C/C(=O)O)cc2)c1-c1ccccc1
CHEMBL1770298,4.05,Cc1ccc(C(NC(=O)c2ccccc2O)C(=O)Nc2c(C)cccc2C)s1
CHEMBL1089517,1.86,COCCOc1nc(N)c2[nH]c(=O)n(Cc3cccc(CC(=O)OC)c3)c2n1
CHEMBL10,3.34,C[S+]([O-])c1ccc(-c2nc(-c3ccc(F)cc3)c(-c3ccncc3)[nH]2)cc1
CHEMBL1934271,1.88,CCC(CC)n1nc(C)c(C(=O)N[C@@H](C)C(C)(C)C)c1NS(=O)(=O)c1ccc(C)cc1
CHEMBL1630123,2.6,CN1CCN(CC(=O)Nc2ccc(-c3cccn4c(=O)cc(N5CCOCC5)nc34)c3sc4ccccc4c23)CC1
CHEMBL447183,0.79,N#Cc1ccc(C(=O)N2CCC3(CC2)N=C(N)c2c(F)ccc(F)c2N3)cn1
CHEMBL441093,2.88,CC(=O)NC[C@H]1CN(c2ccc(N3Cc4cccnc4C3)c(F)c2)C(=O)O1
CHEMBL1682972,2.2,CC[C@H](NC(=O)c1c([S+](C)[O-])c(-c2ccccc2)nc2ccccc12)c1cccnc1
CHEMBL1614705,1.79,O=C(CO)N1CCC(c2[nH]nc(-c3ccc(Cl)cc3F)c2-c2ccncn2)CC1
CHEMBL2151322,2.79,CC(C)Oc1cc(-n2cnc3ccc(N[C@@H](CO)c4ccc(F)cn4)nc32)n[nH]1
CHEMBL2011942,2.48,NC(=O)c1cnc2[nH]c(-c3ccc(OCCN4CCCCC4)cc3)nc2c1NCCCNC(=O)C1CCC1
CHEMBL252083,3.0,CNC(=O)OC[C@@H](C)N(c1cc(Cl)ccc1CO)S(=O)(=O)c1ccc(Cl)cc1
CHEMBL453629,1.96,Cc1ncc(-c2ccnc(Nc3ccc(C(=O)NCCN(C)C)c(F)c3)n2)n1C(C)C
CHEMBL1575541,2.15,CC1(C(=O)NC2CCCCC2)CCC(=O)N1Cc1cccs1
CHEMBL1809067,3.3,COc1cc(N2CCN(C(N)=O)CC2)ccc1Nc1ncc(Cl)c(-c2cnc3ccccn23)n1
CHEMBL1223955,1.1,NC(=O)c1cccc([S+]([O-])[C@H]2C[C@H]3CC[C@@H](C2)N3Cc2ccccc2)c1
CHEMBL551813,1.46,CN(C)c1nc(Cc2ccc(NC(=O)c3ccc(C(F)(F)F)cc3)cc2)nc(N(C)C)c1CC(=O)O
CHEMBL1916261,0.46,CCC(CC)NC(=O)c1nnn(-c2ccccc2)c1NS(=O)(=O)c1ccc(C)cc1
CHEMBL577458,1.24,Nc1nc(SCc2ccccc2)nc2c1ncn2[C@@H]1O[C@H](CO)[C@@H](O)[C@H]1O
CHEMBL368473,0.7,Cn1c(=O)c2nc(-c3cccnc3)[nH]c2n(C)c1=O
CHEMBL2010846,3.1,CO[C@@H]1CN(Cc2ccc(C(F)(F)F)cc2)CC[C@@H]1N(C)C(=O)Cc1ccc(-n2cnnn2)cc1
CHEMBL154,0.13,COc1ccc2cc([C@H](C)C(=O)O)ccc2c1
CHEMBL288470,0.78,Cc1c(N(C)C)c(=O)n(-c2ccccc2)n1C
CHEMBL281066,2.7,CCC(CC)CNC(=O)c1ccc2c(c1)c(Cc1ccc(C(=O)NS(=O)(=O)c3ccccc3C)cc1OC)cn2C
CHEMBL2178385,0.22,NC(=O)c1cncc(-c2ccc([C@H]3CC[C@H](CC(=O)O)CC3)cc2)c1
CHEMBL563,0.85,CC(C(=O)O)c1ccc(-c2ccccc2)c(F)c1
CHEMBL1809196,3.7,COc1cc(N2CCN(C(C)=O)CC2)ccc1Nc1ncc(C(F)(F)F)c(-c2cnc3ccccn23)n1
CHEMBL2035025,1.3,NC1(c2ccc(-c3ncc4nccn4c3-c3ccccc3)cc2)CCC1
CHEMBL1778373,1.36,COC[C@H](C)Oc1cc(Oc2cc(F)cc(F)c2)cc(C(=O)Nc2ccc(C(=O)O)cn2)c1
CHEMBL2179279,1.37,CCC(C)(C)C[C@H](c1ccc(C(=O)O)c(Oc2cccc(Cl)c2)c1)N1CCC[C@H](n2cc(C)c(=O)[nH]c2=O)C1
CHEMBL139088,3.2,Fc1cccc(C(COCc2cc(C(F)(F)F)cc(C(F)(F)F)c2)N2CCNCC2)c1
CHEMBL1779013,3.2,COc1cc(F)ccc1-c1cncc(CNC(=O)c2ccccn2)c1
CHEMBL1299619,3.26,CSCc1cc(N2CCOCC2)nc(-c2ccccc2)n1
CHEMBL2062575,1.62,CC(=O)Nc1ccc2ccn(-c3cc(NCCCN(C)C)n4ncc(C#N)c4n3)c2c1
CHEMBL2062574,2.24,CC(=O)Nc1ccc2ccn(-c3cc(NCCN4CCCC4)n4ncc(C#N)c4n3)c2c1
CHEMBL2163582,3.59,N#CC1(NC(=O)[C@@H]2CCCC[C@H]2C(=O)N2CCc3[nH]c4c(Cl)cccc4c3C2)CC1
CHEMBL8145,2.46,O=c1c(-c2ccc(O)cc2)coc2cc(O)ccc12
CHEMBL65119,3.8,Nc1ccc2[nH]c(Cc3ccc(Oc4ccccc4)cc3)nc2c1
CHEMBL1090089,1.5,Cn1c(=O)c(Oc2ccc(F)cc2F)cc2cnc(NC(CCO)CCO)nc21
CHEMBL111660,1.1,CCc1ccc(NC(=O)c2ccc3cc(C(=N)N)ccc3c2)cc1
CHEMBL2180015,3.6,CC#Cc1ccnc(-c2cc(C3(C4CC4)N=C(C)C(N)=N3)ccc2O)c1
CHEMBL540930,3.12,O=C(CC1CCN(Cc2ccn(-c3ccc(C(F)(F)F)cc3)c2)CC1)NC(c1ccc(F)cc1)c1c[nH]c(=O)c(Cl)c1
CHEMBL66520,1.84,CC(C)C(NC(=O)Cn1c(-c2ccccc2)ccc(NC=O)c1=O)C(=O)C(F)(F)F
CHEMBL1809195,2.9,COc1cc(N2CCN(C(C)=O)CC2)ccc1Nc1ncc(C)c(-c2cnc3ccccn23)n1
CHEMBL1574146,3.18,Nc1cccc2c1C(=O)N(Cc1cccc(Cl)c1)C2=O
CHEMBL2079220,1.04,NC(=O)Nc1cc(-c2ccccc2)sc1C(=O)N[C@H]1CCCNC1
CHEMBL1964629,2.26,Nc1nc(Cl)nc(NCc2ccccc2)n1
CHEMBL1374798,-0.5,COc1cccc(COCC(O)CN2CCC(C(N)=O)CC2)c1
CHEMBL320714,2.21,Oc1nc2c(O)ccc(CCNCCCCCCOCCc3ccccc3)c2s1
CHEMBL1778365,0.95,COC[C@H](C)Oc1cc(Oc2ccccc2)cc(C(=O)Nc2ccc(C(=O)O)cn2)c1
CHEMBL256963,1.19,Clc1ccc2ncc(-c3cccc(NC4CNC4)n3)n2c1
CHEMBL149324,-0.21,N=C(N)Nc1ccc(C(=O)Oc2ccccc2)cc1
CHEMBL2035023,0.2,NC1(c2ccc(-c3nn4ccc(=O)nc4cc3-c3ccccc3)cc2)CCC1
CHEMBL16073,1.5,CCOc1ccc(NC(C)=O)cc1
CHEMBL492112,4.03,O=C(CC12CC3CC(CC(C3)C1)C2)Nc1ccc2[nH]ncc2c1
CHEMBL1909282,-0.22,O=C(O)Cc1csc(-c2ccc(Cl)cc2)n1
CHEMBL519301,1.2,Cc1ccc(-c2ccc(S(=O)(=O)N3CCC[C@H]3C(=O)N3CC[C@@H](N)C3)cc2F)o1
CHEMBL2012204,2.88,Cc1cc([C@H](O)[C@](C)(OCc2ccc(-c3ccccc3)cc2)C(=O)NO)no1
CHEMBL8232,0.59,COc1cccc(Oc2cncnc2O)c1
CHEMBL2151324,2.97,CC(C)Oc1cc(Nc2nc3c(cc2F)ncn3[C@@H](CO)c2ccc(F)cn2)n[nH]1
CHEMBL557697,2.84,O=C(O)c1cccc(-c2ccc3c(C(=O)NCC45CC6CC(CC(C6)C4)C5)c(Cl)ccc3n2)c1
CHEMBL181610,2.67,Nc1nc(N)c(C(=O)Nc2ccccn2)nc1Cl
CHEMBL129198,2.4,CN1CCN(C(=O)c2cc3cc(Cl)ccc3[nH]2)CC1
CHEMBL2170837,4.2,CCn1c(C)c(C(=O)O)c(-c2cccc(N3CCN(c4ccc(NS(=O)(=O)c5ccc(N[C@H](CCN6CCC(O)CC6)CSc6ccccc6)c(S(=O)(=O)C(F)(F)F)c5)cc4)CC3)c2)c1-c1ccc(Cl)cc1
CHEMBL1631473,1.21,CC1CN(C(=O)c2nnc3c(-c4ncccn4)cccc3c2N)C1
CHEMBL514257,3.75,OC[C@H](Nc1ncc(Cl)c(Nc2cc(C3CC3)[nH]n2)n1)c1ccc(F)cc1
CHEMBL2030446,2.38,C[C@H]1COCCN1c1cc(CS(C)(=O)=O)nc(-c2ccc3[nH]ccc3c2)n1
CHEMBL2088093,3.07,COCCCc1cc(Nc2nc(NCc3cc(C)no3)ncc2Br)n[nH]1
CHEMBL272842,0.8,O=C(O)[C@H](Cc1ccccc1)N1CCC(CN2CCC(Oc3ccc(CO)c(Cl)c3)CC2)CC1
CHEMBL550496,1.94,O=C(O)CNCCNc1ccc(Cl)c(C(=O)NCC23CC4CC(CC(C4)C2)C3)c1
CHEMBL2172003,3.49,COc1cc(N2CCN(C(=O)[C@@H]3CCCC[C@H]3C(=O)NC3(C#N)CC3)[C@H](C)C2)ccc1C1CC1
CHEMBL2031467,1.47,CCNC(=O)c1ccc(C)c(-n2cnc3ccc(N4CCN(C)CC4)cc3c2=O)c1
CHEMBL1489473,3.62,O=C(Nc1nc(-c2ccccc2)cs1)c1cccnc1
CHEMBL325486,3.4,CS(=O)(=O)n1c2ccccc2c2cc(NC(=O)CCc3ccncc3)ccc21
CHEMBL2086687,3.0,C[C@@H]1CN(C(=O)OCC(F)(F)F)CCN1c1ncc(OCc2ccncc2C#N)cn1
CHEMBL1566172,2.34,Nc1nnc(Cc2ccc(Cl)cc2)s1
CHEMBL339670,1.26,N#Cc1c(C(=O)O)n(Cc2ccc(Cl)c(Cl)c2)c2ccccc12
CHEMBL1947156,2.32,O=c1[nH]c2c(O)ccc([C@@H](O)CNCCc3cccc(-c4cccc(CNCc5ccccc5)c4)c3)c2s1
CHEMBL457888,2.43,Cc1ncc(-c2ccnc(Nc3ccc(S(=O)(=O)CCCN4CCOCC4)cc3)n2)n1C(C)C
CHEMBL232846,3.12,C[C@H](CO)Nc1nc(SCc2ccccc2F)nc2nc(N)sc12
CHEMBL2321992,0.62,OCC[C@@]1(c2ccc(Cl)c(Cl)c2)CCCNC1
CHEMBL183492,3.6,C=CCN(C(=O)Nc1ccccc1)C1CCN(CCC(c2ccccc2)c2ccccc2)CC1
CHEMBL1916288,0.45,Cc1nn(-c2ccc(F)cc2)c(NS(=O)(=O)c2ccc(C#N)cc2)c1C(=O)N[C@@H](C)C(C)(C)C
CHEMBL2158841,2.98,O=C(O)[C@H](Cc1ccc(F)cc1)N1CCC(CN2CCC(Oc3ccc(Cl)c(Cl)c3)CC2)CC1
CHEMBL1270773,2.5,CS(=O)(=O)c1cccc(Nc2nccc(Nc3cccc4ncoc34)n2)c1
CHEMBL2335885,3.23,COCCC(=O)N(C)c1ccc(Nc2ncc3cc(-c4ccncc4)ccc3n2)cc1
CHEMBL2086670,2.89,C[C@@H]1CN(C(=O)OC(C)(C)C)CCN1c1ncc(OCc2ccc(C#N)cc2)cn1
CHEMBL477785,2.52,Cc1ncc(-c2ccnc(Nc3ccc(N4CCN(S(=O)(=O)CCN(C)C)CC4)cc3)n2)n1C(C)C
CHEMBL61236,1.7,Nc1ccc2ccccc2n1
CHEMBL1455292,0.8,CCCCN1Cc2c(nc3cc(-c4ccco4)nn3c2O)C1=O
CHEMBL2207665,2.76,Cn1cc(C(=O)NC[C@@H](O)CN2CCC(Oc3ccc(Cl)c(Cl)c3)CC2)c(C(F)(F)F)cc1=O
CHEMBL1645108,3.1,Nc1nc2ccc(-c3cccc(O)c3)cc2s1
CHEMBL2087848,3.61,CC#CCn1c(=O)c2c(-c3cncn3C)n(Cc3ccnc4ccc(Cl)cc34)nc2n(CC2CC2)c1=O
CHEMBL2172000,2.7,Cc1nn(C)c2cc(N3CCN(C(=O)[C@@H]4CCCC[C@H]4C(=O)NC4(C#N)CC4)[C@H](C)C3)ccc12
CHEMBL1957460,2.0,Cc1nccc(-c2ccc(-c3nc4ccncc4c(O)c3C#N)cc2)c1Cl
CHEMBL98350,2.9,O=c1cc(N2CCOCC2)oc2c(-c3ccccc3)cccc12
CHEMBL1916543,0.2,COc1ncc2ccc(=O)n(CCN3CCC(NCc4cc5c(cn4)OCCO5)CC3)c2n1
CHEMBL301928,2.0,COc1cc(C(=O)O)ccc1Cc1cn(C)c2ccc(NC(=O)CC3CCCC3)cc12
CHEMBL1917447,-0.16,Cc1c(S(=O)(=O)c2ccc(Cl)cc2)c2cc(F)ccc2n1CC(=O)O
CHEMBL256348,2.7,NS(=O)(=O)c1ccc(Nc2nccc(Nc3c(Cl)ccc4c3OCO4)n2)cc1
CHEMBL2179282,1.97,CCC(C)(CC)C[C@H](c1ccc(C(=O)O)c(Oc2cccc(Br)c2)c1)N1CCC[C@H](n2cc(C)c(=O)[nH]c2=O)C1
CHEMBL480208,2.46,CC1(C)[C@@H]2CC[C@@]1(CS(=O)(=O)N1CCN(c3ccc(C#N)cn3)CC1)C(=O)C2
CHEMBL1054,0.37,NS(=O)(=O)c1cc2c(cc1Cl)NC(C(Cl)Cl)NS2(=O)=O
CHEMBL1904754,0.99,Cc1nc2ncnn2c(O)c1CCOC(=O)c1ccccc1F
CHEMBL2208422,3.42,N#Cc1cccc(S(=O)(=O)NC[C@@H](O)CN2CCC(Oc3ccc(Cl)c(Cl)c3)CC2)c1
CHEMBL1727809,3.8,O=C(NCCCCc1ccccc1)c1ccccc1
CHEMBL153370,0.08,CC(C)C[C@H](NC(=O)N1CCOCC1)C(=O)NCC#N
CHEMBL366975,0.9,NC(=O)C1CCCCC1
CHEMBL407391,0.95,CN(C)c1ncnc2nc[nH]c12
CHEMBL584991,2.7,Nc1nonc1/C(=N/O)Nc1ccc(F)c(Cl)c1
CHEMBL1422545,0.87,COc1ccc(S(=O)(=O)Nc2ccccn2)cc1
CHEMBL1427554,2.59,Cc1ccc(-c2csc3ncnc(O)c23)cc1
CHEMBL1957361,3.0,CCOc1ccccc1-c1ccc(-c2nc3ccncc3c(O)c2C#N)cc1
CHEMBL2089383,1.68,C=CC(=O)Nc1ccc(OC)cc1
CHEMBL2331751,2.3,Cc1cn([C@H]2CCCN(S(=O)(=O)c3ccc(O)c(Oc4cccc(Br)c4)c3)C2)c(=O)[nH]c1=O
CHEMBL2207671,2.63,CS(=O)(=O)c1ccc2c(C(=O)NC[C@@H](O)CN3CCC(Oc4ccc(Cl)c(Cl)c4)CC3)c[nH]c(=O)c2c1
CHEMBL2068760,0.44,CN1CCC[C@H]1c1ccccn1
CHEMBL187392,3.4,Oc1ccc(-c2nc3cc(O)ccc3o2)cc1
CHEMBL2216870,2.72,CC[C@H](Nc1ncnc2[nH]cnc12)c1nc2cccc(F)c2c(=O)n1-c1ccccc1
CHEMBL558752,3.45,Cn1c(Nc2ccc(C(F)(F)F)cc2)nc2cc(Oc3ccnc(-c4ncc(C(F)(F)F)[nH]4)c3)ccc21
CHEMBL47633,2.2,Nc1nc(-c2ccccc2)ns1
CHEMBL2218940,3.4,N#C/C(=C(\N)Sc1ccc(N)cc1)c1ccccc1C(F)(F)F
CHEMBL93,2.05,CC(c1cc2ccccc2s1)N(O)C(N)=O
CHEMBL1490317,1.52,Cc1cc(C)nc(SCC(=O)Nc2cc(C)on2)n1
CHEMBL128782,3.0,COc1c(C#N)cc2ccccc2c1C(=O)N(C)C[C@@H](CCN1CCC(N2CCCNC2=O)CC1)c1ccc(Cl)c(Cl)c1
CHEMBL515605,1.44,CNC1=Nc2ncccc2C(c2ccco2)=NC1c1ccns1
CHEMBL1752,-1.25,Cn1c(=O)c2c(ncn2CC(O)CO)n(C)c1=O
CHEMBL239640,2.03,CN1C(=O)CC(C)(CCc2cccc(-c3ccccc3)c2)N=C1N
CHEMBL130873,2.51,COc1cc(C(=O)NS(=O)(=O)c2ccccc2C)ccc1Cc1cn(C)c2ccc(C(=O)NCCc3ccccc3)cc12
CHEMBL306380,4.1,Cc1ccc(-c2nn(C(C)(C)C)c3ncnc(N)c23)cc1
CHEMBL218677,3.1,COc1cc2ncnc(Nc3cccc(Cl)c3F)c2cc1OC1CCN(CC(N)=O)CC1
CHEMBL339059,1.75,NC(=O)c1ccc(Br)cc1
CHEMBL264666,1.84,c1nc(N2CCCCC2)c2nc[nH]c2n1
CHEMBL2036595,3.6,CCOc1cccc(Nc2nnc(C(=O)Nc3ccc(N4CCOCC4)nc3)o2)c1
CHEMBL1770464,2.03,Cc1nc(C(=O)[C@H](C)Oc2ccc(SCCCCCc3ccccc3)cc2)sc1CCCC(=O)O
CHEMBL1939739,3.58,O=C(Nc1cccc([C@@H](c2ccc(C(=O)N3CCC3)cc2)N2CCN(Cc3ccc(F)cc3)CC2)c1)C1CC1
CHEMBL292303,-0.92,N[C@H](Cc1c[nH]c2ccccc12)C(=O)O
CHEMBL204887,4.05,CC(C)Cn1c(=O)n(C)c(=O)c2c(SCCCO)c(Cc3ccccc3C(F)(F)F)sc21
CHEMBL469007,3.97,Cn1c(=O)c2c(-c3oc(S(C)(=O)=O)cc3Cl)n(Cc3ccnc4ccc(Cl)cc34)nc2n(CC2CC2)c1=O
CHEMBL1934413,1.57,Cc1ccc(S(=O)(=O)Nc2c(C(=O)N[C@@H](C)C(C)(C)C)c(C)nn2C2CCC2)cc1
CHEMBL226855,1.52,O=c1[nH]n(Cc2cccs2)c(=O)c2c(=O)c3ccc(Cl)cc3[nH]c12
CHEMBL2165067,0.83,COc1ccc2ncc(=O)n(CCN3CC[C@@H](NCc4ccc5c(n4)NC(=O)CO5)[C@@H](F)C3)c2c1
CHEMBL2017259,2.2,N#Cc1ccc(C(=O)Nc2ccc(-n3ccnc3)nc2)cc1
CHEMBL1571558,1.1,Nc1[nH]ncc1S(=O)(=O)c1ccccc1
CHEMBL1916279,1.46,Cc1ccc(S(=O)(=O)Nc2c(C(=O)NCC(C)(C)C)c(C)nn2-c2ccccc2)cc1
CHEMBL2030442,1.7,CS(=O)(=O)Cc1cc(N2CCOCC2)nc(-c2cccc3[nH]ccc23)n1
CHEMBL1933596,1.72,C[C@H]1O[C@@H](n2cnc3c(N)nc(OCC4CCC(F)(F)CC4)nc32)[C@H](O)[C@@H]1O
CHEMBL325475,3.75,CCn1c2ccccc2c2cc(NC(=O)CCc3ccncc3)ccc21
CHEMBL1778647,0.62,CCS(=O)(=O)c1ccc(-c2cc(Cl)ccc2OCC(=O)O)c(C(F)(F)F)c1
CHEMBL2158775,2.77,COc1ccccc1C[C@@H](C(=O)O)N1CCC(CN2CCC(Oc3ccc(Cl)c(Cl)c3)CC2)CC1
CHEMBL1683035,2.36,COc1cc2nnc(C(N)=O)c(Nc3ccc(F)cc3F)c2cc1N1CCN(C)CC1
CHEMBL247366,2.3,Fc1ccc2cn[nH]c2c1
CHEMBL2169919,2.4,CC(C)N(CCCNC(=O)Nc1ccc(C(C)(C)C)cc1)C[C@H]1O[C@@H](n2ccc3c(N)ncnc32)[C@H](O)[C@@H]1O
CHEMBL488,0.6,CCC1(c2ccc(N)cc2)CCC(=O)NC1=O
CHEMBL515,1.47,O=C(O)CCCc1ccc(N(CCCl)CCCl)cc1
CHEMBL367556,0.66,N#Cc1ccc(C(=O)N2CCC3(CC2)N=C(N)c2c(F)cccc2N3)cc1
CHEMBL1782167,3.36,Cc1ccc(C(=O)NC2CC2)cc1-c1ccc(C(=O)NCC2CC2)nc1
CHEMBL1369407,3.17,CC(C)N=c1cc2n(-c3ccc(Cl)cc3)c3ccccc3nc-2cc1Nc1ccc(Cl)cc1
CHEMBL2165061,0.97,COc1ccc2ncc(=O)n(CCN3CC[C@@H](NCc4ccc5c(n4)NC(=O)CO5)[C@H](OC)C3)c2c1
CHEMBL1475400,1.69,Oc1cc(OCc2ccccc2)ccn1
CHEMBL322640,2.6,CN(C)CC(O)COc1ccc(Nc2cc(Nc3cc(Cl)ccc3Cl)ncn2)cc1
CHEMBL218573,3.15,CC(C)Cn1c(=O)n(C)c(=O)c2c(C(=O)N3C[C@H](O)CO3)c(Cc3ccccc3C(F)(F)F)sc21
CHEMBL1995703,2.84,Cc1cnc(Nc2ccc(N3CCN(C)CC3)cc2)nc1Nc1cccc(S(=O)(=O)NC(C)(C)C)c1
CHEMBL2333993,2.22,COc1cc2ncnc(Nc3ccncc3)c2cc1OC
CHEMBL1345333,3.37,c1ccc(Nc2[nH]nnc2-c2ccccc2)cc1
CHEMBL2070951,1.66,N#CC1(NC(=O)[C@@H]2CCCC[C@H]2C(=O)N2CCN(c3nc4cnccc4s3)CC2)CC1
CHEMBL1944695,1.11,O=c1[nH]c2c(O)ccc([C@@H](O)CNCCc3ccc(CNCCc4ccccc4)cc3)c2s1
CHEMBL17,0.92,NS(=O)(=O)c1cc(Cl)c(Cl)c(S(N)(=O)=O)c1
CHEMBL1524763,3.1,Fc1ccc(-c2cn3ccccc3n2)cc1
CHEMBL196444,1.0,O=C1CCC(=O)N1c1cc(Cc2n[nH]c(=O)c3ccccc23)ccc1F
CHEMBL190270,3.82,N#Cc1cccc(C(=O)Nc2cc(-c3ccccc3)nn2-c2ccccc2)c1
CHEMBL1230668,-1.45,CN(C)c1cccc2c(S(=O)(=O)N(C)CC(=O)O)cccc12
CHEMBL233227,1.99,Cc1cc(-c2ccc(N3C[C@H](Cn4ccnn4)OC3=O)cc2F)on1
CHEMBL112747,2.06,COc1ccnc(NC2CCN(C(=O)c3ccccc3)CC2)c1
CHEMBL1834184,3.4,CCC(=O)N[C@H]1CC[C@@H](C(=O)N(C)c2ccc(-c3nc4ccccc4o3)cc2)C1
CHEMBL205133,1.94,Nc1c(C(=O)c2cccc(OC[C@H](O)CO)c2)cnn1-c1ccc(F)cc1
CHEMBL1957841,3.3,O=c1cc(N2CCOCC2)nc2n(Cc3cccc4ccccc34)ccn12
CHEMBL300791,3.3,COc1cc2ncnc(Nc3ccc(F)c(Cl)c3)c2cc1OCCN1CCN(C)CC1
CHEMBL225519,1.49,O=C1NCCc2[nH]c(-c3ccncc3)cc21
CHEMBL369311,3.0,CCN(C(=O)Cc1ccc(S(C)(=O)=O)cc1)C1CCN(CCC(c2ccccc2)c2ccccc2)CC1
CHEMBL214957,2.74,COc1cc(-n2cnc3cc(-c4ccc(Cl)cc4)sc3c2=O)ccc1OCCN1CCCC1
CHEMBL224615,2.34,CN(C)c1ccnc2sc3c(=O)n(-c4ccccc4)cnc3c12
CHEMBL287200,2.8,CN1CCc2c1nc1ccccc1c2NC(=O)Cc1ccccc1
CHEMBL1933593,1.83,C[C@H]1O[C@@H](n2cnc3c(N)nc(OC(C4CC4)C(F)(F)F)nc32)[C@H](O)[C@@H]1O
CHEMBL89363,1.2,Cc1c[nH]c(/C=C2\C(=O)Nc3ccccc32)c1CCC(=O)O
CHEMBL478828,3.43,COc1ccc(Nc2nccc(-c3cnc(C)n3C(C)C)n2)cc1
CHEMBL1650726,1.82,Cc1cc(Nc2nc(O[C@@H](C)c3ncc(F)cn3)ncc2Cl)n[nH]1
CHEMBL563784,2.09,O=C(NCC12CC3CC(CC(C3)C1)C2)c1cc(N2CCNCC2)ncc1Cl
CHEMBL1917422,3.25,Cc1c(Sc2ccc(Cl)cc2)c2cc(Cl)ccc2n1Cc1nnn[nH]1
CHEMBL1644,-0.86,CC1=C(C(=O)O)N2C(=O)[C@@H](NC(=O)[C@H](N)c3ccc(O)cc3)[C@H]2SC1
CHEMBL900,1.47,Cc1ccccc1C(OCCN(C)C)c1ccccc1
CHEMBL2087084,3.1,CC(C)c1noc(N2CCN(c3ncc(OCc4ccncc4C#N)cn3)[C@H](C)C2)n1
CHEMBL1939560,2.9,C[C@H](c1nc2ncccc2c(=O)n1-c1ccc(Cl)cc1)N(CC1CCS(=O)(=O)CC1)C(=O)Cc1ccc(C(F)(F)F)c(F)c1
CHEMBL583390,3.4,CCOc1ccc2nc(NC(=O)CC)sc2c1
CHEMBL2331742,-1.28,Cc1cn([C@H]2CCCN(S(=O)(=O)c3ccc(C(=O)O)c(Oc4cccc(Cl)c4)c3)C2)c(=O)[nH]c1=O
CHEMBL1164165,2.5,O=c1[nH]c(-c2ccc([N+](=O)[O-])cc2)nc2ccccc12
CHEMBL199237,2.7,O=C(NCc1ccccn1)c1ccc(Oc2ccccc2)cc1
CHEMBL2177157,2.66,CN1CCN(S(=O)(=O)c2ccc(-c3cnc(N)c(C(=O)Nc4cccnc4)n3)cc2F)CC1
CHEMBL575073,2.55,COc1ccccc1-c1coc2cc(O)ccc2c1=O
CHEMBL2326472,1.06,Cn1cc(CN2CCc3cc4nc(N)sc4cc3CC2)cn1
CHEMBL1402150,2.0,O=C(CSc1nccn(-c2ccc(F)c(F)c2)c1=O)NC1CCCC1
CHEMBL113905,1.91,CC(C)C(NC(=O)Cn1c(-c2ccccc2)ccc(NC(=O)OCc2ccccn2)c1=O)C(=O)C(F)(F)F
CHEMBL1606366,3.35,Cn1c(SCc2c(Cl)cccc2Cl)nnc1-c1ccc2nonc2c1
CHEMBL238620,1.96,COc1ccc(C(=O)CS(=O)(=O)c2ccccc2)cc1
CHEMBL90125,3.42,CN(C)CC/C=C1\c2ccccc2Sc2ccc(Cl)cc21
CHEMBL2036738,3.2,O=C(Nc1ccc(N2CCOCC2)cc1)c1nnc(NC(=O)C2(c3ccc(Cl)cc3)CCC2)o1
CHEMBL257027,2.75,C[C@H](CO)Nc1nc(SCc2ccccc2)nc2[nH]c(=O)[nH]c12
CHEMBL2335882,2.65,COCCN(C)Cc1ccc(Nc2ncc3cc(-c4ccncc4)ccc3n2)cc1
CHEMBL1197051,0.56,CC(COc1ccccc1)NC(C)C(O)c1ccc(O)cc1
CHEMBL2010835,2.9,CC(=O)Nc1ccc(CC(=O)N(C)C2CCN(Cc3ccc(C(F)(F)F)cc3)CC2)cc1
CHEMBL1683446,3.27,C[C@@H](C[C@@](C)(CS(=O)(=O)N1CCN(CCc2ccc(Cl)cc2Cl)CC1)N(O)C=O)c1ncc(F)cn1
CHEMBL1614709,2.9,Cc1cc(Nc2ncc(F)c(N[C@H]3[C@@H](C(N)=O)[C@@H]4C=C[C@H]3C4)n2)ccc1N1CCN(C)CC1
CHEMBL1420171,1.74,Cc1ccc2c(c1)c(Sc1ccccc1)c(CC(=O)O)n2C
CHEMBL476577,2.76,CC(=O)NC1CN(c2ccc(Nc3ncc(F)c(-c4cnc(C)n4C(C)C)n3)cc2)C1
CHEMBL206956,1.07,NC(=O)c1cc2ccccc2nc1N
CHEMBL129660,0.6,O=C(c1cc2ccccc2[nH]1)N1CCNCC1
CHEMBL1288718,3.71,N#CCc1c[nH]c2ccc(OCc3ccccc3)cc12
CHEMBL2010852,2.1,CN(C(=O)Cc1ccc(S(C)(=O)=O)cc1)[C@@H]1CCN(Cc2nc3ccccc3s2)C[C@@H]1F
CHEMBL1950720,2.47,CN[C@@H](C)C(=O)N[C@H](C(=O)N1CC[C@H]2CCN(CCc3ccccc3)C[C@H]21)C1CCCCC1
CHEMBL428848,1.05,CC(C)C(NC(=O)Cn1c(-c2ccc(F)cc2)ncc(N)c1=O)C(=O)C(F)(F)F
CHEMBL2088108,2.5,Cc1cc(Nc2ccnc(NCc3cc(C4CC4)no3)n2)n[nH]1
CHEMBL1916537,0.66,COc1ccc2c(c1)N(CCN1CCC(NCc3ccc4c(n3)NC(=O)CO4)CC1)C(=O)CC2
CHEMBL184243,2.46,COc1cccc(C(=O)NCCCOc2cccc3ccc(N)nc23)c1
CHEMBL2058533,3.24,Cc1ccc(-c2ccc(F)cc2COc2ccc(CCC(=O)O)cc2)cc1
CHEMBL1200558,-0.46,CC[C@H](C)[C@H](N)C1=N[C@H](C(=O)N[C@@H](CC(C)C)C(=O)N[C@H](CCC(=O)O)C(=O)N[C@H](C(=O)N[C@H]2CCCCNC(=O)[C@H](CC(N)=O)NC(=O)[C@@H](CC(=O)O)NC(=O)[C@H](Cc3cnc[nH]3)NC(=O)[C@@H](Cc3ccccc3)NC(=O)[C@H]([C@@H](C)CC)NC(=O)[C@@H](CCCN)NC2=O)[C@@H](C)CC)CS1
CHEMBL207687,3.42,COc1cc2ncnc(Nc3cccc(Cl)c3F)c2cc1CN(C)[C@@H](C)C(N)=O
CHEMBL44793,1.52,O=C(/C=C/c1c(C(=O)O)[nH]c2cc(Cl)cc(Cl)c12)Nc1ccccc1
CHEMBL324983,2.84,CC(C)C(NC(=O)Cn1c(-c2ccccc2)ccc(NC(=O)NCc2cccnc2)c1=O)C(=O)C(F)(F)F
CHEMBL1682956,3.45,CC[C@H](NC(=O)c1c([S+]([O-])CC)c(-c2ccccc2)nc2ccccc12)c1ccccc1
CHEMBL1980161,1.7,Nc1n[nH]c2c(Cl)cccc12
CHEMBL1256487,0.49,NC(=O)c1cccc(OC2CCN(CC3CC3)CC2)c1
CHEMBL1643196,1.38,Cc1cc(CN2Cc3ccccc3C2C(=O)Nc2ccc(Cl)cc2)ccc1OCC(=O)O
CHEMBL383696,4.21,CC(C)Cn1c(=O)n(C)c(=O)c2c(SC3CCCC3)c(Cc3ccccc3C(F)(F)F)sc21
CHEMBL2158840,2.68,O=C(O)[C@H](Cc1cccc(F)c1)N1CCC(CN2CCC(Oc3ccc(Cl)c(Cl)c3)CC2)CC1
CHEMBL422648,0.47,Cc1oc(=O)oc1CN1CCN(c2cc3c(cc2F)c(=O)c(C(=O)O)c2n3C(C)S2)CC1
CHEMBL2010844,3.3,CN(C(=O)Cc1ccc(-n2cnnn2)cc1)[C@H]1CCN(Cc2ccc(C(F)(F)F)cc2)C[C@H]1F
CHEMBL175627,0.8,CC(=O)NC[C@H]1CN(c2ccc(-n3cc(C#N)nn3)c(F)c2)C(=O)O1
CHEMBL1824034,0.83,COC(=O)c1ccc2c(c1)N(CCN1CCC(NCc3ccc4c(n3)NC(=O)CO4)CC1)C(=O)CO2
CHEMBL402934,3.9,Clc1ccc2c(c1Nc1ccnc(Nc3ccccc3)n1)OCO2
CHEMBL214665,2.98,COc1cc(OC2CCN(C)CC2)c2c(Nc3c(Cl)ccc4c3OCO4)ncnc2c1
CHEMBL1643200,2.41,Cc1cc(CN2Cc3ccccc3C[C@H]2C(=O)Nc2ccc(Cl)cc2Cl)ccc1OCC(=O)O
CHEMBL1957038,3.8,Oc1ccc(C2=Cc3ccc(O)cc3OC2)cc1
CHEMBL139725,0.83,O=Cc1ccccc1B(O)O
CHEMBL1566034,1.21,O=C1CN(C(=O)c2ccco2)c2ccccc2N1
CHEMBL108249,1.57,O=S(=O)(CCCNCCc1ccc(O)c2nc(O)sc12)NCCOCCc1ccc(F)cc1
CHEMBL211175,2.55,CCN(C(=O)Cc1ccc(S(C)(=O)=O)cc1)C1CCN(CC[C@H](c2ccc(S(C)(=O)=O)cc2)c2cc(F)c(F)c(F)c2)CC1
CHEMBL2086668,3.5,C[C@@H]1CN(C(=O)OC(C)(C)C)CCN1c1ncc(OCC2CCN(S(C)(=O)=O)CC2)cn1
CHEMBL75200,0.2,O=c1ccnc2ccccn12
CHEMBL2164742,0.11,N#Cc1ccc2ccc(=O)n(CCN3CC[C@H](NCc4ccc5c(n4)NC(=O)CO5)[C@H](O)C3)c2c1
CHEMBL1645493,1.01,CNC(=O)c1ccc2c(=O)cc(-c3cccnc3)[nH]c2c1
CHEMBL1270279,2.78,Clc1n[nH]c2cccc(Nc3ccnc(Nc4cc(N5CCOCC5)cc(N5CCOCC5)c4)n3)c12
CHEMBL256117,2.82,Nc1ccccc1NC(=O)c1ccc(-c2ncc(CN3CCCCC3)s2)cc1
CHEMBL2147475,-0.04,COc1cc(-n2cnc3cc(-c4ccc(Cl)cc4)sc3c2=O)ccc1OC[C@H](OP(=O)(O)O)C1CC1
CHEMBL1609158,3.37,CCCC(=O)Nc1ccc(Cl)c(-c2nc3ncccc3o2)c1
CHEMBL2031556,-0.05,O=C(Nc1cccc(-c2nnn[nH]2)c1)c1cccc2[nH]cnc12
CHEMBL1917431,0.54,Cc1c(Sc2ccc(Cl)cc2)c2cc(S(C)(=O)=O)ccc2n1CC(=O)O
CHEMBL1917446,0.06,Cc1ccc2c(c1)c(S(=O)(=O)c1ccc(Cl)cc1)c(C)n2CC(=O)O
CHEMBL314437,0.8,CCC1(c2cccc(O)c2)CCCCN(C)C1
CHEMBL303165,2.5,COc1ccc(S(=O)(=O)Nc2ccc(-c3ccccc3)n(CC(=O)NC(C(=O)C(F)(F)F)C(C)C)c2=O)cc1
CHEMBL2207603,-0.53,COc1cc(OC)c(S(=O)(=O)N2c3ccccc3Oc3ccccc32)cc1NC(=O)CCC(=O)O
CHEMBL321467,2.62,O=S(=O)(CCCNCCc1ccc(O)c2nc(O)sc12)NCCOCCc1cccc(C(F)(F)F)c1
CHEMBL2059005,2.9,CCCSc1nc2ccc(NC(=O)CCNC(N)=O)cc2s1
CHEMBL2349312,4.3,CC(C)C[C@H](CO)Nc1nc(S[C@@H](C)c2ccccc2)nc2[nH]c(=O)sc12
CHEMBL1180237,0.7,CCC(c1cccnc1)n1[nH]c(=O)c2nc3cc(Cl)ccc3c(O)c2c1=O
CHEMBL1650735,2.18,COc1cc(Nc2cc(N3CCOCC3)nc(N[C@@H](C)c3ncc(F)cn3)n2)n[nH]1
CHEMBL1224216,2.1,NC(=O)c1ccc(O[C@H]2C[C@H]3CC[C@@H](C2)N3Cc2ccccc2)c(F)c1
CHEMBL183293,3.5,CN(C(=O)Cc1ccc(Cl)cc1)C1CCN(CCC(c2ccccc2)c2ccccc2)CC1
CHEMBL220346,3.0,Nc1ncccc1NCc1cccc(-c2cccnc2)c1
CHEMBL2036757,3.57,O=C(Nc1ccc(Cl)c(Cl)c1)N1CCN(C[C@@H]2CCCN(C3CC3)C2)CC1
CHEMBL2177758,-0.1,Nc1nnc(CCSCCc2nnc(N)s2)s1
CHEMBL2030961,-0.05,CNc1cccc(CCOc2ccc(C[C@H](NC(=O)c3c(Cl)cccc3Cl)C(=O)O)cc2F)n1
CHEMBL477568,2.39,CC(=O)N1CCN(c2ccc(Nc3nccc(-c4cnc(C)n4C(C)C)n3)cc2)CC1
CHEMBL513533,2.71,Cn1c(=O)c2c(-c3ccc(S(C)(=O)=O)o3)n(Cc3ccnc4ccc(Cl)cc34)nc2n(CC2CC2)c1=O
CHEMBL2335892,2.98,COCCC(=O)NC(C)c1ccc(Nc2ncc3cc(-c4ccncc4)ccc3n2)cc1
CHEMBL191413,0.51,CC(C)Cc1ccc([C@@H](C)C(=O)NS(C)(=O)=O)cc1
CHEMBL298384,2.6,COC(=O)CCCCCCC(=O)Nc1ccc2c(c1)-c1ccccc1C(=O)C2=O
CHEMBL283334,3.6,O=c1c(-c2ccc(F)cc2)coc2cc(O)cc(O)c12
CHEMBL2062565,2.69,CC(=O)Nc1cnc2ccn(-c3cc(NC4CC4)n4ncc(C#N)c4n3)c2c1
CHEMBL1689123,0.44,CC[C@H]1CN(Cc2cc(Cl)ccc2OCC(=O)O)CCN1S(=O)(=O)c1ccccc1
CHEMBL48966,3.3,c1ccc2[nH]c(CCc3nc4ccccc4[nH]3)nc2c1
CHEMBL2349334,3.22,CC[C@H](CO)Nc1nc(SCc2ccccc2)nc2[nH]c(=O)sc12
CHEMBL1940316,1.64,O=C(NC1CCS(=O)(=O)C1)c1ccc(Oc2ccc(C#C[C@]3(O)CN4CCC3CC4)cc2)cc1
CHEMBL186542,2.54,COc1cc(C(=O)Nc2cc(NC(=O)c3cccc(N(C)C)c3)ccc2C)cc(OC)c1OC
CHEMBL1824608,3.67,O=C(Nc1ccccc1)c1ccc(OCCCN2CCCC2)cc1OCc1cccc(F)c1
CHEMBL1916284,2.35,Cc1ccc(S(=O)(=O)Nc2c(C(=O)N[C@@H](C)C(C)(C)C)c(C(F)(F)F)nn2-c2ccccc2)cc1
CHEMBL101892,-0.87,NC(=O)c1cn([C@@H]2O[C@H](CO)[C@@H](O)[C@H]2O)c2ncnc(N)c12
CHEMBL188504,3.59,COc1ccc(Oc2ncccc2C(=O)NCc2ccccc2Cl)cc1
CHEMBL442591,2.81,COc1cc2ncc(C(N)=O)c(Nc3ccccc3F)c2cc1OC
CHEMBL133996,-0.01,C=CCc1cc(NC(C)=O)ccc1OCCCNC(C)C
CHEMBL515001,3.01,Cc1ncc(-c2nc(Nc3ccc(N4CCOCC4)cc3)ncc2F)n1C(C)C
CHEMBL2165615,2.1,Cc1cnc(NC(=O)c2cc(Oc3cnc(C(=O)N(C)C)nc3)c3cc(C)oc3c2)cn1
CHEMBL505610,3.4,C(=C/c1c(-c2ccccc2)nc2sccn12)\c1ccncn1
CHEMBL2360367,3.27,CCOc1ccc(-n2c(CC)nc3ccccc3c2=O)cc1
CHEMBL25710,3.57,CCCc1c(OCCCSc2ccc(CC(=O)O)cc2Cl)ccc(C(=O)CC)c1O
CHEMBL572629,3.9,Cc1nc(-c2ccccc2)c(-c2ccc(CN3CCC(n4c(=O)[nH]c5ccccc54)CC3)cc2)[nH]c1=O
CHEMBL1784355,1.34,O=CN(O)C1(CS(=O)(=O)N2CCN(c3ccc(F)cc3)CC2)CCC1
CHEMBL222659,4.24,O=C(Nc1ccccn1)c1ccc2[nH]c(-c3ccc(NC(=O)C45CC6CC(CC(C6)C4)C5)cc3)nc2c1
CHEMBL272980,2.28,Nc1ccccc1NC(=O)c1ccc(CNc2nccc(-c3cccnc3)n2)cc1
CHEMBL266922,2.05,CCCSc1nc(N[C@@H]2C[C@H]2c2ccccc2)c2nnn([C@@H]3C[C@H](C(N)=O)[C@@H](O)[C@H]3O)c2n1
CHEMBL1241982,1.3,COc1ccc2nc(C)cc(-n3cc(CN4CCN(C(C)=O)CC4)nn3)c2c1
CHEMBL2322001,1.64,C1=CCC(c2ccc3ccccc3c2)CNC1
CHEMBL1618762,1.65,c1ccc(CCNCc2ccccc2)cc1
CHEMBL40,0.05,CCC1(c2ccccc2)C(=O)NC(=O)NC1=O
CHEMBL1796299,1.77,O=C(NCc1ccncn1)c1ccc(Oc2ccc(C#C[C@@]3(O)CN4CCC3CC4)cc2)cc1
CHEMBL2031229,2.75,Cc1ccc(NC(=O)c2ccccc2F)cc1-n1cnc2ccc(N3CCN(C)CC3)cc2c1=O
CHEMBL44,3.06,O=c1c(-c2ccc(O)cc2)coc2cc(O)cc(O)c12
CHEMBL2023117,3.42,CCn1cc(NC(=O)Cc2ccc(Oc3ccnc4cc(OC)c(OC)cc34)cc2OC)cn1
CHEMBL457016,2.8,COCCNS(=O)(=O)c1ccc(Nc2nccc(-c3cnc4cccnn34)n2)cc1
CHEMBL1917438,2.61,Cc1c(Sc2ccc(Cl)cc2)c2c(-c3ccccc3)cccc2n1CC(=O)O
CHEMBL1762546,2.9,Cc1ccc(CO)cc1N(C)c1ccnc(Nc2cc(N3CCOCC3)cc(S(C)(=O)=O)c2)n1
CHEMBL11098,2.47,CC(C)C(NC(=O)Cn1c(-c2ccc(F)cc2)ncc(NC(=O)OCc2ccccc2)c1=O)C(=O)C(F)(F)F
CHEMBL2324355,3.7,Cc1nocc1C(=O)Nc1ccc(-c2ccccc2OC(F)(F)F)c(N)n1
CHEMBL1669155,2.2,CC1(COc2cc(-c3cccc4c(=O)cc(N5CCOCC5)oc34)ccc2NC(=O)CN2CCOCC2)COC1
CHEMBL1782927,2.7,Oc1ccc(-c2nc3ccccc3nc2-c2ccc(O)cc2)cc1
CHEMBL562690,1.56,O=C(NCC12CC3CC(CC(C3)C1)C2)c1cc(OC2CCNCC2)ncc1Cl
CHEMBL2178372,1.6,Cc1nc(C)c(-c2ccc(C34CCC(CC(=O)O)(CC3)CC4)cc2)nc1C(N)=O
CHEMBL1900501,3.09,O=C(Cc1ccccc1)c1ccc(O)cc1O
CHEMBL1425658,3.65,c1csc(Cn2nnnc2CN2CCN(c3nc4ccccc4s3)CC2)c1
CHEMBL2048873,1.56,N[C@@H]1CCCN(c2c(/C=C3\SC(=O)NC3=O)cccc2-c2ccncc2)C1
CHEMBL507803,3.11,Cc1ccc(NC(=O)c2cccc(C(F)(F)F)c2)cc1NC(=O)c1cccnc1
CHEMBL2334381,3.3,CCCN(CCC)C(=O)c1cccc(C(=O)N[C@@H](Cc2ccccc2)[C@H](O)CNC2Cc3ccccc3C2)c1
CHEMBL1368601,3.3,O=C(O)c1ccc2cccc(O)c2n1
CHEMBL1223246,2.77,Cc1cc2n[nH]c(=O)n2c2cc(-c3ccc(C(=O)N4CCOCC4)cc3)ccc12
CHEMBL1331627,1.0,Nc1[nH]nc2ccccc12
CHEMBL440405,1.5,CS(=O)(=O)NC(=O)CCCc1c(-c2ccc(F)cc2)[nH]c2ccc(C#N)cc12
CHEMBL201799,2.86,CCCCCSc1nc(O)c2sc(N)nc2n1
CHEMBL426576,1.51,CC(=O)NC[C@H]1CN(c2ccc(-n3cnc(C#N)c3)c(F)c2)C(=O)O1
CHEMBL1783287,3.26,COc1ncccc1-c1cccc2c(N)c3c(nc12)CN(C1CCC1)C3=O
CHEMBL1934417,0.78,COCCC(C)n1nc(C)c(C(=O)N[C@@H](C)C(C)(C)C)c1NS(=O)(=O)c1ccc(C)cc1
CHEMBL254165,2.51,Nc1ccccc1NC(=O)c1ccc(C2CCN(Cc3ccccc3)CC2)cc1
CHEMBL2349309,2.9,CC(C)C[C@H](CO)Nc1nc(SCc2ccncc2)nc2nc(N)sc12
CHEMBL1518,0.7,CCCc1cc(=O)[nH]c(=S)[nH]1
CHEMBL1417095,0.6,O=c1c2ccccc2nc2n1CCO2
CHEMBL1437065,0.81,NC(=O)c1cc([N+](=O)[O-])cc([N+](=O)[O-])c1
CHEMBL49739,0.63,NC(=O)COc1ccc(OCCNCC(O)COc2ccccc2)cc1
CHEMBL1783264,4.48,COc1ccc(OC)c(-c2cccc3c(N)c(C(=O)NC4(C)CCC4)nnc23)c1
CHEMBL696,0.23,CCC1(C)CC(=O)NC1=O
CHEMBL2035022,2.0,NC(=O)c1ccn2c(-c3ccccc3)c(-c3ccc(C4(N)CCC4)cc3)nc2c1
CHEMBL1223526,3.29,Cc1cc2n[nH]c(=O)n2c2cc(-c3ccc[nH]3)ccc12
CHEMBL256998,1.6,CC(C)N1CCN(Cc2cnc(-c3ccc(C(=O)Nc4ccccc4N)cc3)c(F)c2)CC1
CHEMBL2010848,2.1,CN(C(=O)Cc1ccc(-n2cnnn2)cc1)[C@@H]1CCN(Cc2ccc(C(F)(F)F)cn2)C[C@@H]1F
CHEMBL53841,0.98,CCCCCC/N=c1\ccn(Cc2ccccc2)c2cc(Cl)ccc12
CHEMBL1222330,-1.1,CC(C)(C)OC(=O)N[C@@H](Cc1ccccc1)C(=O)O
CHEMBL1084327,1.18,O=C(O)CC(=O)N[C@@H]1c2ccccc2C[C@H]1NC(=O)c1cc2sc(Cl)c(Cl)c2[nH]1
CHEMBL329785,2.0,Nc1nc2ccccc2s1
CHEMBL487067,2.09,Cc1ncc(-c2ccnc(Nc3ccc(C(=O)NCCO)cc3)n2)n1C(C)C
CHEMBL103355,3.1,Cc1ccc(F)c(Nc2ccnc(Nc3ccc(S(N)(=O)=O)cc3)n2)c1
CHEMBL383322,1.69,CCOCc1nc2c(N)nc3ccccc3c2n1CC(C)(C)O
CHEMBL1480954,0.91,FC(F)(F)c1nnc2ccc(-n3ccnc3)nn12
CHEMBL1835908,2.58,CCOC(=O)c1ccc(CCN2CCN(c3ccc(C)nn3)CC2)cc1
CHEMBL1957381,1.6,Cc1cc(-c2ccc(-c3nc4ccncc4c(O)c3C#N)cc2)ccn1
CHEMBL526925,2.61,Cn1cnc(-c2ccccc2)c1/C=C/c1ccnc(N)n1
CHEMBL606371,0.49,Cc1cc(C)c(C(=O)N[C@@H](Cc2ccc(OCCCNc3ccccn3)cc2)C(=O)O)c(C)c1
CHEMBL482000,3.22,COc1cc2ncc(C(N)=O)c(Nc3ccc(F)c(Cl)c3)c2cc1OC
CHEMBL348000,-0.7,O=C(O)c1cc(-c2ccccc2)nc2ccccc12
CHEMBL2048863,1.89,N[C@H]1CCN(c2c(Cl)cccc2/C=C2\SC(=O)NC2=O)C1
CHEMBL564737,-0.34,O=C(NCC1(O)CCCCCC1)c1cc(-c2ccccc2C(=O)O)ccc1Cl
CHEMBL374023,2.75,CC(C)N1CCN(C(=O)NCc2ccc(Cl)c(Cl)c2)CC1
CHEMBL2179270,-0.26,Cc1cn([C@H]2CCCN([C@@H](C)c3ccc(C(=O)O)c(Oc4cccc(Cl)c4)c3)C2)c(=O)[nH]c1=O
CHEMBL459353,1.37,COc1ccc(N(C(=O)c2occc2CO)C(C(=O)NC[C@@H](C)O)c2ccccc2F)c(OC)c1
CHEMBL2035024,2.5,NC1(c2ccc(-c3ncc4cccn4c3-c3ccccc3)cc2)CCC1
CHEMBL429405,0.39,NC(Cc1ccc(N(CCCl)CCCl)cc1)C(=O)O
CHEMBL1890087,3.9,CC(C)Nc1nc(NCc2ccccc2)c2sccc2n1
CHEMBL1940307,2.03,CNS(=O)(=O)c1ccc(Oc2ccc(C#C[C@]3(O)CN4CCC3CC4)cc2)cc1
CHEMBL585367,2.47,Cc1ccc(Oc2ccnc(Nc3ccc(S(N)(=O)=O)cc3)c2)c(C)n1
CHEMBL1835904,2.68,CCOC(=O)c1ccc(COCC2CCN(c3ccc(C)nn3)CC2)cc1
CHEMBL808,2.54,Clc1ccc(COC(Cn2ccnc2)c2ccc(Cl)cc2Cl)cc1
CHEMBL575311,2.59,Cc1cc(Oc2ccnc(Nc3ccc(N4CCOCC4)cc3)c2)c(-c2ccccn2)nc1C
CHEMBL2207670,1.41,CS(=O)(=O)c1ccc2c(C(=O)NC[C@@H](O)CN3CCC(Oc4ccc(C#N)c(Cl)c4)CC3)c[nH]c(=O)c2c1
CHEMBL1807856,3.18,C[C@H]1O[C@@H](n2cnc3c(N)nc(OC4CCCC4)nc32)[C@H](O)[C@H]1Cl
CHEMBL356894,1.78,Nc1ncnc2[nH]ccc12
CHEMBL2324776,1.15,O=S(=O)(Nc1nncs1)c1cc(Cl)c(Oc2ccc(C(F)(F)F)cc2-c2ccnnc2)cc1F
CHEMBL1257698,2.0,NC(=O)c1cccc(O[C@@H]2C[C@H]3CC[C@@H](C2)N3CCc2ccccc2)c1
CHEMBL509881,2.7,Cc1ncc(-c2nc(Nc3ccc(C(N)=O)cc3)ncc2F)n1C(C)C
CHEMBL246746,2.44,Clc1ccc2[nH]ncc2c1
CHEMBL129199,1.7,CN1CCN(C(=O)c2cc3ccccc3[nH]2)CC1
CHEMBL1223954,2.22,NC(=O)c1cccc(S[C@H]2C[C@H]3CC[C@@H](C2)N3Cc2ccccc2)c1
CHEMBL1373,1.12,NC(=O)C[S+]([O-])C(c1ccccc1)c1ccccc1
CHEMBL191553,3.03,CC(=O)Nc1ccc(CNc2[nH]nc3ccnc(Oc4ccccc4)c23)cc1
CHEMBL169901,-1.01,N=C(N)N1CCc2ccccc2C1
CHEMBL253969,2.5,NC(=O)c1c(OCc2c(F)cc(Br)cc2F)nsc1NC(=O)NCCCCN1CCCC1
CHEMBL2325710,1.1,O=S(=O)(C1CCNCC1)C1(c2cc(N3CCOCC3)nc(-c3cccc4[nH]ccc34)n2)CC1
CHEMBL378094,2.41,Cc1ccc2c(-c3ccnc4cc(Cl)ccc34)c(C)n(CC(=O)O)c2c1
CHEMBL477772,3.3,Cc1ccc(Nc2nccc(N(C)c3ccc4c(C)n(C)nc4c3)n2)cc1S(N)(=O)=O
CHEMBL249697,0.88,Cc1ccc2nc(NCCN)c3ncc(C)n3c2c1
CHEMBL1088751,2.8,CNC(=O)c1ccc(C)c(-n2c(C)cc(OCc3ccc(F)cc3F)c(Br)c2=O)c1
CHEMBL1892375,2.9,O=C(Nc1ccccc1)c1cc(Cl)ccc1O
CHEMBL373974,1.18,CC(C)Cn1c(=O)n(C)c(=O)c2c(C(=O)N3C[C@@H](O)[C@@H](O)C3)c(Cc3ccnc4ccccc34)sc21
CHEMBL51085,3.31,O=c1c2ccccc2[se]n1-c1ccccc1
CHEMBL1916539,1.31,COc1ccc2ccc(=O)n(CCN3CCC(NCc4cc5c(cn4)OCCO5)CC3)c2c1
CHEMBL381434,1.6,CC(C)COc1cc(OC(C)C)cc(C(=O)Nc2ccc(C(=O)O)cn2)c1
CHEMBL1600099,3.31,O=C1CN(C(=O)c2ccccc2)C(c2ccccc2)c2cc(Cl)ccc2N1
CHEMBL507142,2.77,CNC(=O)c1ccc(Nc2nccc(-c3cnc(C4CC4)n3C(C)C)n2)cc1
CHEMBL1184124,1.83,CC(C)CC(c1ccccn1)n1[nH]c(=O)c2nc3cc(Cl)ccc3c(O)c2c1=O
CHEMBL486232,3.4,CC(C)C[C@H](NC(=O)N1CCOCC1)C(=O)N[C@H](/C=C/S(=O)(=O)c1ccccc1)CCc1ccccc1
CHEMBL1736763,0.5,N#Cc1cnn(-c2ccccc2)c1NC(=O)CN1CCOCC1
CHEMBL1269076,3.36,CC1=C(C2=C(C)C(=O)c3c(cc(O)c(O)c3CCc3ccc(C)cc3)C2=O)C(=O)c2cc(O)c(O)c(CCc3ccc(C)cc3)c2C1=O
CHEMBL1543041,0.4,CCN(CC)CC(=O)Nc1c(C#N)cnn1-c1ccccc1
CHEMBL1630140,2.6,CCN1CCN(CC(=O)Nc2ccc(-c3cccc4c(=O)cc(N5CCOCC5)[nH]c34)c3sc4ccccc4c23)CC1
CHEMBL1170,3.3,CCC(=O)O[C@H]1CC[C@H]2[C@@H]3CCC4=CC(=O)CC[C@]4(C)[C@H]3CC[C@]12C
CHEMBL1233,2.01,CCCC(C)(COC(N)=O)COC(=O)NC(C)C
CHEMBL2332935,2.76,CC(=O)Nc1ccc(O)cc1OC[C@@H](O)CN1CCC2(CC1)Cc1cc(Cl)ccc1O2
CHEMBL165372,2.2,O=[N+]([O-])c1ccc2[nH]ncc2c1
CHEMBL11009,3.3,Cc1cc(C)cc(-c2[nH]c3ccccc3c2CCNCCCCc2ccncc2)c1
CHEMBL13902,1.56,COC(Cn1c(=O)[nH]c2c(=O)n(CC(=O)NC(C(=O)C(F)(F)F)C(C)C)c(-c3ccccc3)cc2c1=O)OC
CHEMBL1209429,2.83,O=S(=O)(Cc1ccccc1)NCC(c1ccccc1)N1CCCCCC1
CHEMBL1075,3.1,CCOC(=O)Nc1ccc2c(c1)N(C(=O)CCN1CCOCC1)c1ccccc1S2
CHEMBL2158769,2.12,N#Cc1ccccc1C[C@@H](C(=O)O)N1CCC(CN2CCC(Oc3ccc(Cl)c(Cl)c3)CC2)CC1
CHEMBL457,0.72,Cc1ccc(C)c(OCCCC(C)(C)C(=O)O)c1
CHEMBL1209509,2.1,O=S(=O)(NCC(c1ccccc1)N1CCCCCC1)c1cccnc1
CHEMBL179877,2.4,CCN(C(=O)Cc1ccc(S(N)(=O)=O)cc1)C1CCN(CCC(c2ccccc2)c2ccccc2)CC1
CHEMBL1438072,0.84,O=S(=O)(Nc1cccnc1)c1ccccc1
CHEMBL2110569,2.3,COC(=O)[C@@H]1C2CCC(C[C@@H]1c1ccc(I)cc1)N2CCCF
CHEMBL433936,2.64,COCCOc1cc2nccc(Nc3cc(O)c(Cl)cc3F)c2cc1OC
CHEMBL258177,1.28,CC(C)N1CCN(Cc2cnc(-c3ccc(C(=O)Nc4ccccc4N)cc3)c(C#N)c2)CC1
CHEMBL2036747,1.02,O=C(Nc1nnc(C(=O)Nc2ccc(N3CCOCC3)cc2)o1)c1ccccc1
CHEMBL103667,4.49,Cc1ccc(-n2nc(C(C)(C)C)cc2NC(=O)Nc2ccc(OCCN3CCOCC3)c3ccccc23)cc1
CHEMBL481231,1.2,COc1cc2c(Nc3ccc(F)c(Cl)c3)c(C(N)=O)cnc2cc1OCCCN1CCN(C)CC1
CHEMBL1682807,3.5,Cn1cnc2cc(C#Cc3ccccc3)cnc21
CHEMBL1650731,1.98,C[C@H](Nc1ncc(F)c(Nc2cc(N(C)C)[nH]n2)n1)c1ncc(F)cn1
CHEMBL2347762,2.71,O=C1C2=Nc3ccccc3CN2c2ccccc21
CHEMBL325870,2.37,CCNc1ccc(-c2ccccc2)n(CC(=O)NC(C(=O)C(F)(F)F)C(C)C)c1=O
CHEMBL2171050,0.75,Cc1ccc(S(=O)(=O)NC(=O)N2CCC(N3CCC(Oc4ccc(F)c(F)c4)CC3)CC2)cc1
CHEMBL403877,2.48,C[C@H](CO)Nc1nc(SCc2cccc(F)c2F)nc2[nH]c(=O)c(=O)[nH]c12
CHEMBL1306071,3.63,COc1ccc(Cl)cc1NC(=O)Nc1cnccn1
CHEMBL1939750,2.11,CCOC(=O)Nc1cccc([C@@H](c2ccc(C(=O)N(C)CC)cc2)N2CCN(Cc3c[nH]c(C)n3)CC2)c1
CHEMBL475865,2.83,Cc1ccc(NC(=O)c2ccc(Cl)c(C(F)(F)F)c2)cc1C(=O)Nc1cccnc1
CHEMBL2030800,-0.42,CNc1cccc(CCOc2ccc(C[C@H](NC(=O)c3c(F)cccc3Cl)C(=O)O)cc2)n1
CHEMBL560493,-0.85,NCc1ccc(NC(=O)c2cc(Nc3ncccn3)c3cc(/C(N)=N/O)ccc3c2)cc1
CHEMBL1778629,-0.66,CCS(=O)(=O)c1cccc(-c2cc(C(F)(F)F)ccc2OCC(=O)O)c1
CHEMBL481717,2.74,CCOc1cc2ncc(C(N)=O)c(Nc3ccc(F)cc3F)c2cc1N1CCC(O)CC1
CHEMBL481596,2.63,CN1CCN(c2cc3c(Nc4ccc(F)cc4F)c(C(N)=O)cnc3cc2F)CC1
CHEMBL1809059,2.5,COc1cc(N2CC3CN(CCO)CC(C2)O3)ccc1Nc1ncc(Cl)c(-c2cnc3ccccn23)n1
CHEMBL2035020,3.2,NC1(c2ccc(-c3nn4ccccc4c3-c3ccccc3)cc2)CCC1
CHEMBL1223872,0.22,CN(C)C(=O)N[C@H]1CC[C@@H](CCN2[C@@H]3CC[C@H]2C[C@@H](Oc2cccc(C(N)=O)c2)C3)CC1
CHEMBL2335870,3.11,COCCNC(=O)c1ccc(Nc2ncc3cc(-c4cccnc4)ccc3n2)cc1
CHEMBL1835903,3.22,CCOC(=O)c1ccc(OCCC2CN(c3ccc(C)nn3)C2)cc1
CHEMBL317410,3.6,O=C(N[C@@H](Cc1ccccc1)C(=O)N1CCC(O)CC1)c1cc2cc(Cl)ccc2[nH]1
CHEMBL1669161,3.0,C=CCOc1cc(-c2cccc3c(=O)cc(N4CCOCC4)oc23)ccc1NC(=O)CN1CCOCC1
CHEMBL66654,3.6,Cc1cccc(C#Cc2ccccc2)n1
CHEMBL1951907,1.63,CCN(C(=O)Cc1ccc(S(C)(=O)=O)cc1)C1CCN(CCC(c2ccccc2)C2CCN(S(=O)(=O)CC)CC2)CC1
CHEMBL1560828,1.95,CCc1cccc2c(C#N)cn(CC(=O)NCCOC)c12
CHEMBL1868126,3.96,COc1cccc2sc(NC(=O)c3ccccc3)nc12
CHEMBL86276,1.91,Nc1nc(-c2ccccc2)nn1Cc1ccccc1
CHEMBL1916534,1.24,COc1ccc2c(c1)N(CCN1CCC(NCc3cc4c(cn3)OCCO4)CC1)C(=O)CO2
CHEMBL1431736,2.2,CC(NC(=O)c1cc(O)nc2ccccc12)c1ccccc1
CHEMBL1762533,2.23,COc1ccnc(N(C)c2ccnc(Nc3cc(N4CCOCC4)cc(N4CCOCC4)c3)n2)c1
CHEMBL1807816,1.5,Nc1nc(OC2CCCC2)nc2c1ncn2[C@@H]1O[C@H](CF)[C@@H](O)[C@H]1O
CHEMBL1485846,3.42,Oc1nc(-c2ccccc2)c(-c2ccccc2)o1
CHEMBL1557849,3.8,COc1ccc(/C=C2/CCc3ccccc3C2=O)cc1CN1CCOCC1
CHEMBL17157,3.99,CC(C)(C)c1ccc(C(O)CCCN2CCC(C(O)(c3ccccc3)c3ccccc3)CC2)cc1
CHEMBL1287892,2.17,NC(=O)c1cnc(N[C@H]2CCCNC2)c2cc(-c3ccc(F)c(F)c3)sc12
CHEMBL1807821,1.09,O=c1[nH]c2c(O)ccc([C@@H](O)CNCCCOCCOCCc3ccccc3)c2s1
CHEMBL1739063,2.61,O=C(N[C@@H](c1ccccc1)[C@@H]1CCCCN1)c1cccc(C(F)(F)F)c1Cl
CHEMBL568011,3.83,COc1cc(C(=O)Nc2ccc(Cl)c(-c3nc4ccccc4[nH]3)c2)cc(OC)c1OC
CHEMBL2070943,2.4,N#CC1(NC(=O)[C@@H]2CCCC[C@H]2C(=O)N2CCN(c3nc(C(F)(F)F)cs3)CC2)CC1
CHEMBL471579,2.04,CC(C)Nc1nc(C#N)nc(N2CCOCC2)c1N
CHEMBL507130,3.9,O=c1[nH]ccc2nc(-c3ccc(CN4CCC(c5n[nH]c(-c6ccccn6)n5)CC4)cc3)c(-c3ccccc3)cc12
CHEMBL1221659,1.62,Cc1cc(N)nc(CCNC(=O)c2ccc(C#N)cc2)c1
CHEMBL480370,3.98,CCNC1=Nc2ccccc2C(c2ccccc2)=NC1c1cccs1
CHEMBL1702519,3.41,Cc1ccc(-c2nnc(O)c3ccccc23)c(C)c1
CHEMBL2070936,2.12,N#CC1(NC(=O)[C@@H]2CCCC[C@H]2C(=O)N2CCN(c3ccc(F)cc3)CC2)CC1
CHEMBL474102,3.2,Cc1nc(-c2ccccn2)nc(N2CCCC2)c1Cl
CHEMBL2325742,3.3,C[C@@H](NC(=O)C1(N)CCN(c2ncnc3[nH]ccc23)CC1)c1ccc(Cl)cc1
CHEMBL340983,4.39,COc1ccc(Cl)c(C(=O)NCC23CC4CC(CC(C4)C2)C3)c1
CHEMBL1689125,0.7,C[C@@H]1CN(Cc2cc(Cl)ccc2OCC(=O)O)C[C@H](C)N1C(=O)Cc1ccccc1
CHEMBL254192,1.47,Cc1ccc(C(=O)N(CCCN)Cc2nc3cc(Cl)ccc3c(=O)n2Cc2ccccc2)cc1
CHEMBL2164674,1.91,N#CCNC(=O)[C@@H]1CCCC[C@H]1C(=O)N1CCc2ccccc2C1
CHEMBL553,3.35,C#Cc1cccc(Nc2ncnc3cc(OCCOC)c(OCCOC)cc23)c1
CHEMBL1173655,3.7,CN(C)C/C=C/C(=O)Nc1cc2c(Nc3ccc(F)c(Cl)c3)ncnc2cc1O[C@H]1CCOC1
CHEMBL1950858,0.77,CN[C@@H](C)C(=O)N[C@H](C(=O)N[C@H]1CCCN(CCc2ccc(O)cc2)C1)C(C)(C)C
CHEMBL1835909,3.44,CCOC(=O)c1ccc(OCC2CCN(c3ccc(C)nn3)C2)cc1
CHEMBL2031169,-0.18,O=C(N[C@@H](Cc1ccc(OCCc2ccc3c(n2)NCCO3)cc1)C(=O)O)c1c(Cl)cccc1Cl
CHEMBL3545252,3.4,CC(=O)O[C@@]12CO[C@@H]1C[C@H](O)[C@@]1(C)C(=O)[C@H](O)C3=C(C)[C@@H](OC(=O)[C@H](O)[C@@H](NC(=O)OC(C)(C)C)c4ccccc4)C[C@@](O)([C@@H](OC(=O)c4ccccc4)[C@H]21)C3(C)C.O.O.O
CHEMBL832,-0.51,O=C1C(CC[S+]([O-])c2ccccc2)C(=O)N(c2ccccc2)N1c1ccccc1
CHEMBL19224,2.81,COc1ccc(Cc2nccc3cc(OC)c(OC)cc23)cc1OC
CHEMBL1762527,3.18,COc1ccc(C)c(N(C)c2ccnc(Nc3cc(N4CCOCC4)cc(N4CCOCC4)c3)n2)c1
CHEMBL186174,2.74,Clc1ccc(CN(Cc2ccc(Cl)cc2)c2nn[nH]n2)cc1
CHEMBL1917427,2.23,Cc1c(F)ccc2c1c(Sc1ccc(Cl)cc1)c(C)n2CC(=O)O
CHEMBL1762530,2.94,Cc1ccc(CO)cc1N(C)c1ccnc(Nc2cc(N3CCOCC3)cc(N3CCOCC3)c2)n1
CHEMBL287961,0.47,Nc1n[nH]c(N)c1Cc1ccc2c(c1)OCO2
CHEMBL478240,3.0,CCCCSc1nc(N)c2ncn(Cc3c(F)ccc(C)c3F)c2n1
CHEMBL2336327,1.31,COc1ccc(-c2ccc3c(N4CCOCC4)nc(N4C[C@@H](C)O[C@@H](C)C4)nc3n2)cc1CNCCO
CHEMBL336399,0.78,O=C(O)c1cc2ccccc2n1Cc1ccccc1
CHEMBL108200,3.1,COc1cccc(C(COCc2cc(C(F)(F)F)cc(C(F)(F)F)c2)N2CCNCC2)c1
CHEMBL51880,2.39,Nc1ccc2c(c1)-c1ccccc1C(=O)C2=O
CHEMBL2088091,2.92,Cc1cc(CNc2ncc(Br)c(Nc3cc(C)[nH]n3)n2)on1
CHEMBL1213376,2.41,COc1ccc(CCN2CN=C(SCc3ccc(Cl)cc3)NC2)cc1OC
CHEMBL2036753,4.26,O=C(Nc1ccc(Cl)c(Cl)c1)N1CCN(C[C@@H]2CCCN(Cc3ccccc3)C2)CC1
CHEMBL1362574,2.8,CC(=O)Nc1nc(-c2ccccc2)ns1
CHEMBL130,1.15,O=C(N[C@H](CO)[C@H](O)c1ccc([N+](=O)[O-])cc1)C(Cl)Cl
CHEMBL257830,1.95,N#Cc1ccc2[nH]c(-c3ccc(F)cc3)c(CCCC(=O)NS(N)(=O)=O)c2c1
CHEMBL1807829,2.2,O=c1[nH]c2c(O)ccc([C@@H](O)CNCCSCCCNCCc3cccc(Cl)c3Cl)c2s1
CHEMBL1201236,-0.7,C[C@@](Cc1ccc(O)c(O)c1)(NN)C(=O)O
CHEMBL1917457,-1.41,CC(=O)Nc1cccc2c1c(Oc1ccc(Cl)cc1)c(C)n2CC(=O)O
CHEMBL1778372,-0.41,COC[C@H](C)Oc1cc(Oc2ccc(S(C)(=O)=O)cc2)cc(C(=O)Nc2ccc(C(=O)O)cn2)c1
CHEMBL85,2.05,Cc1nc2n(c(=O)c1CCN1CCC(c3noc4cc(F)ccc34)CC1)CCCC2
CHEMBL1343931,1.8,Cc1nc(CS(=O)(=O)c2ccc(Cl)cc2)cc(N2CCOCC2)n1
CHEMBL31,-0.82,COc1c(N2CCNC(C)C2)c(F)cc2c(=O)c(C(=O)O)cn(C3CC3)c12
CHEMBL2158778,1.9,O=C(O)[C@H](Cc1ccc(F)cc1)N1CCC(CN2CCC(Oc3ccc(Cl)cc3)CC2)CC1
CHEMBL2097971,3.9,COc1ccc2nc(C)cc(OCC(=O)Nc3ccccc3OC)c2c1
CHEMBL1946016,3.28,CCN(CC)C(=O)c1ccc(C(=C2CCN(Cc3ccc(F)cc3)CC2)c2ccccn2)cc1
CHEMBL533,1.2,CCCCCCCN(CC)CCCC(O)c1ccc(NS(C)(=O)=O)cc1
CHEMBL2325997,2.7,CC(NC(=O)C1(N)CCN(c2ncnc3[nH]ccc23)CC1)c1ccc(Cl)cc1
CHEMBL1463345,3.2,C[C@]12CCC(=O)C=C1C=C[C@@H]1[C@@H]2CC[C@@]2(C)[C@H]1CC[C@@]21CCC(=O)O1
CHEMBL1917441,1.85,Cc1ccc2c(c1)c(Sc1cccc(Cl)c1)c(C)n2CC(=O)O
CHEMBL581893,-0.51,COc1ccc2c(C)nc(NC(=N)N)nc2c1
CHEMBL10188,3.91,CC[C@H](NC(=O)c1c(O)c(-c2ccccc2)nc2ccccc12)c1ccccc1
CHEMBL517943,4.28,Fc1ccc(CNc2ncc(Br)c(Nc3cc(C4CC4)[nH]n3)n2)cc1
CHEMBL1778624,0.9,O=C(O)COc1ccc(C(F)(F)F)cc1-c1ccc(Cl)cc1
CHEMBL2088099,2.04,COCCCc1cc(Nc2ccnc(NCc3cc(C)no3)n2)n[nH]1
CHEMBL2137932,2.92,CC(O)(C(=O)c1ccccc1)c1ccccc1
CHEMBL638,1.7,C[C@@H](c1ncncc1F)[C@](O)(Cn1cncn1)c1ccc(F)cc1F
CHEMBL2171025,2.24,O=C(c1ccc(-c2noc(=O)[nH]2)cc1)N1CCC(N2CCC(Oc3ccc(Cl)c(Cl)c3)CC2)CC1
CHEMBL1762529,3.0,COc1cc(CO)cc(N(C)c2ccnc(Nc3cc(N4CCOCC4)cc(N4CCOCC4)c3)n2)c1
CHEMBL1916273,0.46,Cc1ccc(S(=O)(=O)Nc2c(C(=O)NC(C)C)c(C)nn2-c2ccccc2)cc1
CHEMBL1956112,0.37,CN1CCC[C@H]1CCN1CCCc2cc(NC(=N)c3cccs3)ccc21
CHEMBL87,1.12,COc1cc2c(c(OC)c1OC)-c1ccc(OC)c(=O)cc1C(NC(C)=O)CC2
CHEMBL1223815,2.39,Cc1ccc(CN2[C@@H]3CC[C@H]2C[C@@H](Oc2cccc(C(N)=O)c2)C3)s1
CHEMBL435859,-0.62,OB1c2ccccc2N=C(S)N1c1cccnc1
CHEMBL1944693,0.82,COc1ccccc1CCNCc1cccc(CCNC[C@H](O)c2ccc(O)c3[nH]c(=O)sc23)c1
CHEMBL2314504,2.99,Cn1c(C(=O)O)c(CCCOc2cccc3ccccc23)c2ccccc21
CHEMBL2325711,3.4,O=S(=O)(c1ccccc1)C1(c2cc(N3CCOCC3)nc(-c3cccc4[nH]ccc34)n2)CC1
CHEMBL1209737,4.29,O=S(=O)(NCC(c1ccccc1)N1CCCCCC1)c1ccc(C(F)(F)F)cc1
CHEMBL473417,2.84,CS(=O)(=O)c1ccc(C(=O)Nc2ccc(Cl)c(-c3ccccn3)c2)c(Cl)c1
CHEMBL150245,2.04,Cc1nc(N)c2nc(O)n(Cc3ccccc3)c2n1
CHEMBL182279,3.9,CCN(C(=O)Cc1ccc(C#N)cc1)C1CCN(CCC(c2ccccc2)c2ccccc2)CC1
CHEMBL115523,2.8,O=C(Nc1ccccc1)c1ccccc1
CHEMBL25539,-1.42,CCC(CO)NCCNC(CC)CO
CHEMBL498,-0.33,CCCNC(=O)NS(=O)(=O)c1ccc(Cl)cc1
CHEMBL2036773,2.68,CCN1CCO[C@@H](CN2CCN(C(=O)Nc3ccc(Cl)c(Cl)c3)CC2)C1
CHEMBL82301,2.7,COC[C@@H](c1ccc(C(F)(F)F)cc1)N1CCN(C2(C)CCN(C(=O)c3c(C)ncnc3C)CC2)C[C@@H]1C
CHEMBL149444,2.56,COc1ccc(S(=O)(=O)Nc2ccc(/C=C/C(=O)Nc3ccccc3N)cc2)cc1OC
CHEMBL2158815,2.23,O=C(O)C(c1ccccc1)N1CCC(N2CCC(Oc3ccc(Cl)c(Cl)c3)CC2)CC1
CHEMBL1200600,2.65,CC(=O)[C@@]1(O)CC[C@H]2[C@@H]3C[C@H](C)C4=CC(=O)C=C[C@]4(C)[C@@]3(F)[C@@H](O)C[C@@]21C
CHEMBL187845,3.58,O=C(NCc1ccccc1Cl)c1ccccc1Oc1ccccc1
CHEMBL2105728,1.99,CC1(COc2ccc3c(c2)ncn3-c2ccc3cccc(N4CCC(N)CC4)c3n2)COC1
CHEMBL54,2.67,O=C(CCCN1CCC(O)(c2ccc(Cl)cc2)CC1)c1ccc(F)cc1
CHEMBL1916282,1.44,Cc1ccc(S(=O)(=O)Nc2c(C(=O)N[C@@H](C)C(C)(C)C)c(C)nn2-c2ccccc2)cc1
CHEMBL424620,0.68,CC(C)C(NC(=O)Cn1c(-c2ccccc2)ccc(NC(=O)Cc2cccc(C(=O)O)c2)c1=O)C(=O)C(F)(F)F
CHEMBL277522,0.58,O=C(O)CCC(=O)c1ccc(-c2ccccc2)cc1
CHEMBL2177611,1.39,CCCSc1c(C(=O)NC2CCCCC2)cnn1[C@H]1CC[C@@H](C(=O)O)CC1
CHEMBL288441,3.5,COc1cc(Nc2c(C#N)cnc3cc(OCCCN4CCN(C)CC4)c(OC)cc23)c(Cl)cc1Cl
CHEMBL1631471,1.5,Nc1c(C(=O)NC2CC2)nnc2c(-c3ncccn3)cccc12
CHEMBL1934269,0.93,Cc1ccc(S(=O)(=O)Nc2c(C(=O)N[C@@H](C)C(C)(C)C)c(C)nn2CC(F)(F)F)cc1
CHEMBL2086667,3.4,CC(C)(C)OC(=O)N1C[C@@H]2CC[C@H]1CN2c1ncc(OCc2ccc(S(C)(=O)=O)cc2)cn1
CHEMBL84,0.31,CC[C@@]1(O)C(=O)OCc2c1cc1n(c2=O)Cc2cc3c(CN(C)C)c(O)ccc3nc2-1
CHEMBL1950728,2.6,CN[C@@H](C)C(=O)N[C@H](C(=O)N[C@H]1CCCN(CCCc2ccccc2)C1)C1CCCCC1
CHEMBL170984,1.83,COc1cc2c(Nc3c(Cl)ccc4c3OCO4)ncnc2cc1OCC1CCN(C)CC1
CHEMBL186995,3.68,O=C(NCc1ccccc1Cl)c1cccnc1Oc1ccccc1
CHEMBL1055,0.97,NS(=O)(=O)c1cc(C2(O)NC(=O)c3ccccc32)ccc1Cl
CHEMBL1829174,2.3,Cc1cc(OCCCS(C)(=O)=O)cc(C)c1-c1cccc(COc2ccc3c(c2)OC[C@H]3CC(=O)O)c1
CHEMBL1322390,3.57,COc1ccc2nc(NC(=O)CCc3ccc(OC)c(OC)c3)sc2c1
CHEMBL462385,2.26,Cc1ncc(-c2nc(Nc3ccc(C(=O)NCCN(C)C)c(F)c3)ncc2F)n1C(C)C
CHEMBL128088,2.22,Cc1ccc2[nH]c(C(=O)N3CCN(C)CC3)cc2c1
CHEMBL2030964,0.78,CNc1cccc(CCCc2ccc(C[C@H](NC(=O)c3c(Cl)cccc3Cl)C(=O)O)s2)n1
CHEMBL2207607,-0.34,COc1cc(OC)c(S(=O)(=O)N2c3ccccc3CCC2C)cc1NC(=O)CCc1nn[nH]n1
CHEMBL1835913,2.63,CCOC(=O)c1ccc(OCCC2CCN(c3ccc(C)nn3)CC2)cn1
CHEMBL934,1.45,CC(C)(C(=O)c1cccnc1)c1cccnc1
CHEMBL517140,1.45,CNC(=O)c1ccc(Oc2ccc3c(c2)CCN(C2CCC2)CC3)nc1
CHEMBL2086654,3.2,CC(C)(C)OC(=O)N1CCN(c2ccc(OCc3ccc(S(C)(=O)=O)cc3)cn2)CC1
CHEMBL1778995,1.82,Fc1cccc(-c2cncc(CNCC3CC3)n2)c1F
CHEMBL580,2.38,O=C1Nc2ccc(Cl)cc2C(c2ccccc2Cl)=NC1O
CHEMBL1631467,2.79,CCCNC(=O)c1nnc2c(-c3cncc(C(=O)N4CCC4)c3)cccc2c1N
CHEMBL2163591,1.7,CS(=O)(=O)c1cccc2c3c([nH]c12)CCN(C(=O)[C@@H]1CCCC[C@H]1C(=O)NC1(C#N)CC1)C3
CHEMBL515515,1.4,CN(C)CCCNS(=O)(=O)c1ccc(Nc2nccc(-c3cnc4cccnn34)n2)cc1
CHEMBL95,0.38,Nc1c2c(nc3ccccc13)CCCC2
CHEMBL1465276,3.7,O=C(C1CCN(c2nnc(-n3cccc3)s2)CC1)N1CCc2ccccc2C1
CHEMBL96076,3.1,COc1ccc(CN2CCc3c([nH]c4ccccc34)C2)cc1OC
CHEMBL503732,2.63,CNC1=Nc2ncccc2C(c2cccs2)=NC1c1cccs1
CHEMBL1431112,3.0,O=C1CN(C(=O)c2ccco2)C(c2ccccc2)c2cc(Cl)ccc2N1
CHEMBL474829,2.3,CC(C)CNc1nc(C#N)nc(NC2CCS(=O)(=O)C2)c1N
CHEMBL2088115,3.4,C#CCn1c(=O)c2c(-c3nc(C#N)cn3C)n(Cc3ccnc4ccc(Cl)cc34)nc2n(CC2CC2)c1=O
CHEMBL1809204,3.7,COc1cc(N2CCN(C(C)=O)CC2)ccc1Nc1ncc(Cl)c(-c2cnc3cc(F)ccn23)n1
CHEMBL1796298,1.78,O=C(NCc1ccncn1)c1ccc(Oc2ccc(C#C[C@]3(O)CN4CCC3CC4)cc2)cc1
CHEMBL2335878,2.29,CN(C)CCNC(=O)c1ccc(Nc2ncc3cc(-c4ccncc4)ccc3n2)cc1
CHEMBL487274,2.35,Cc1cc2n[nH]c(=O)n2c2ccccc12
CHEMBL1977402,2.09,Cc1cc(S(=O)(=O)Nc2nc(Nc3ccc(Cl)cc3)n[nH]2)c(S)cc1Cl
CHEMBL2179281,1.69,CCCCC[C@H](c1ccc(C(=O)O)c(Oc2cccc(Br)c2)c1)N1CCC[C@H](n2cc(C)c(=O)[nH]c2=O)C1
CHEMBL1829249,2.32,CCC(c1nc2ccsc2c(=O)n1Cc1ccc(Cl)cc1)N(CCCN)C(=O)c1ccc(C)cc1
CHEMBL779,2.6,CN1CC(=O)N2[C@H](c3ccc4c(c3)OCO4)c3[nH]c4ccccc4c3C[C@@H]2C1=O
CHEMBL1916266,0.27,CCC(CC)NC(=O)c1cnn(-c2ccccn2)c1NS(=O)(=O)c1ccc(C)cc1
CHEMBL1330968,1.87,Cc1occc(=O)c1OCc1ccccc1
CHEMBL1372682,3.83,O=C(CC12CC3CC(CC(C3)C1)C2)Nc1cccc2ncccc12
CHEMBL50627,1.88,O=C1C(=O)c2cccnc2-c2ccccc21
CHEMBL980,0.24,COc1ccccc1OCC(O)CO
CHEMBL2011920,2.5,CNc1c(Br)cnc2[nH]c(-c3cnn(C4CCN(C)CC4)c3)nc12
CHEMBL180966,2.86,CN(CC[C@@H](Oc1ccc(-c2ccccc2)cc1)c1ccc(F)cc1)CC(=O)O
CHEMBL622,0.49,CCc1cccc2c3c([nH]c12)C(CC)(CC(=O)O)OCC3
CHEMBL1094168,3.88,CS(=O)(=O)c1ccc([C@H](CC2CCCC2)C(=O)Nc2nccs2)cc1
CHEMBL273575,2.08,CN1Cc2c(N)cccc2C(c2ccccc2)C1
CHEMBL99737,1.6,Nc1cccc(NC(=O)c2ccc(CNC(=O)OCc3cccnc3)cc2)c1
CHEMBL2177602,0.9,CCc1c(C(=O)NC2C3CC4CC(C3)CC2C4)cnn1-c1ccc(C(=O)O)cc1
CHEMBL894,2.12,CC(NC(C)(C)C)C(=O)c1cccc(Cl)c1
CHEMBL2153183,2.02,CCCSc1nc(N[C@H]2CC[C@H](C(=O)O)CC2)ccc1C(=O)NC1CCCCC1
CHEMBL263664,2.72,NC1(Cc2ccc(Cl)cc2)CCN(c2ncnc3[nH]ccc23)CC1
CHEMBL56261,1.58,CC(C)CCCC(C)/N=c1\ccn(Cc2ccccc2)c2cc(Cl)ccc12
CHEMBL1442864,2.9,Cc1cc2c(C)cc(=O)oc2c2c1NCCC2
CHEMBL2180037,3.3,CC#Cc1cncc(-c2cccc(C3(C4CC4)N=C(C)C(N)=N3)c2)c1
CHEMBL2087620,2.69,Cn1cncc1-c1c2c(=O)n(C)c(=O)n(CC3CC3)c2nn1Cc1ccnc2ccc(Cl)cc12
CHEMBL1288164,2.01,NC(=O)c1cnc(N[C@H]2CCCNC2)c2cc(-c3ccc(F)cc3)sc12
CHEMBL1917423,2.0,Cc1c(Sc2ccc(Cl)cc2)c2cccc(Cl)c2n1CC(=O)O
CHEMBL1490,2.68,OC(CCN1CCCCC1)(c1ccccc1)C1CCCCC1
CHEMBL1289113,2.63,O=C(COCc1ccncc1)N1CCN(c2ccc(F)cc2Cl)CC1
CHEMBL1778992,2.0,COc1cc(F)ccc1-c1cncc(CNC[C@@H]2CCCO2)n1
CHEMBL66089,3.2,Nc1ncnc2nc(-c3ccc(N4CCOCC4)nc3)cc(-c3cccc(Br)c3)c12
CHEMBL365123,1.19,Cc1cn(Cc2ccccc2)c(=O)[nH]c1=O
CHEMBL235619,1.62,CCCCCc1cc(=O)[nH]c(N)n1
CHEMBL1916285,0.29,Cc1nn(-c2ccccc2)c(NS(=O)(=O)c2cccc(CN3CCOCC3)c2)c1C(=O)N[C@@H](C)C(C)(C)C
CHEMBL388335,0.6,O=c1[nH]n(Cc2ccoc2)c(=O)c2c(=O)c3ccc(Cl)cc3[nH]c12
CHEMBL1682827,2.3,O=C1CCOc2nc(COc3ccccc3)ccc21
CHEMBL1599290,1.56,Nc1nc2ccccc2n1C(=O)c1ccccc1
CHEMBL379866,2.44,CC(C)c1nnc2ccc(-c3ocnc3-c3cc(F)ccc3F)cn12
CHEMBL157101,3.7,CC(=O)N1CCN(c2ccc(OCC3COC(Cn4ccnc4)(c4ccc(Cl)cc4Cl)O3)cc2)CC1
CHEMBL2179296,3.68,Cc1cn([C@H]2CCCN(Cc3cccc(Oc4cccc(Br)c4)c3)C2)c(=O)[nH]c1=O
CHEMBL1229592,3.9,C=CC(=O)Nc1cccc(Oc2nc(Nc3ccc(N4CCN(C)CC4)cc3OC)ncc2Cl)c1
CHEMBL379082,2.37,CCN(C(=O)Cc1ccc(S(C)(=O)=O)cc1)C1CCN(CC[C@H](c2ccc(S(C)(=O)=O)cc2)c2cccc(Cl)c2)CC1
CHEMBL2023474,3.93,CCn1cc(NC(=O)Cc2ccc(Oc3ccnc4cc(F)ccc34)cc2OC)cn1
CHEMBL1779019,2.9,COc1cc(F)ccc1-c1cncc(CNC(=O)C2CC2)c1
CHEMBL2087862,4.27,C=CCn1c(=O)c2c(-c3cc(C#N)cn3C)n(Cc3ccnc4ccc(Cl)cc34)nc2n(CC2CC2)c1=O
CHEMBL1078178,2.37,N#CCNC(=O)c1ccc(-c2ccnc(Nc3ccc(N4CCOCC4)cc3)n2)cc1
CHEMBL339212,2.5,CNC(=O)C1(N2CCCCC2=O)CCN(CC[C@H](CN(C)C(=O)c2cc(C#N)cc3ccccc23)c2ccc(Cl)c(Cl)c2)CC1
CHEMBL552513,1.33,O=C(Cc1ccc(F)c(C(F)(F)F)c1)Nc1cccc2c(=O)n([C@@H]3CNC[C@H]3O)ccc12
CHEMBL1766081,3.8,Cc1ncccc1Oc1ncnc(OC2CCN(C(=O)OC(C)C)CC2)c1C
CHEMBL655,3.4,Cc1ncc2n1-c1ccc(Cl)cc1C(c1ccccc1F)=NC2
CHEMBL1951908,3.39,CCN(C(=O)Cc1ccc(S(C)(=O)=O)cc1)C1CCN(CC[C@@H](c2ccccc2)C2CCN(S(=O)(=O)C(F)(F)F)CC2)CC1
CHEMBL592956,3.17,Cn1c(-c2ccccc2)cc2onc(-c3ccncc3)c2c1=O
CHEMBL1604278,1.25,Cc1cc(N)n(-c2ccccc2)n1
CHEMBL2088118,3.92,C=CCn1c(=O)c2c(-c3nc(C#N)cn3C)n(Cc3ccnc4ccc(Cl)cc34)nc2n(CC2CC2)c1=O
CHEMBL1083943,1.26,O=C(O)C[C@@H]1c2ccccc2C[C@H]1NC(=O)c1cc2cc(F)ccc2[nH]1
CHEMBL435,-0.09,NS(=O)(=O)c1cc2c(cc1Cl)NCNS2(=O)=O
CHEMBL1623850,1.6,CC(=O)N1CCN(CC(O)COc2ccc(Br)cc2)CC1
CHEMBL1625198,1.54,Clc1ccc(C2=CSC3=NCCN23)cc1Cl
CHEMBL1209738,2.86,N#Cc1ccc(S(=O)(=O)NCC(c2ccccc2)N2CCCCCC2)cc1
CHEMBL1682793,2.9,O=c1ccnc2cc(C#Cc3ccccc3)ccn12
CHEMBL1916544,-0.14,COc1ncc2ncc(=O)n(CCN3CCC(NCc4cc5c(cn4)OCCO5)CC3)c2n1
CHEMBL217620,4.2,CC(C)N(C(=O)C(c1cccnc1)C(CNC(=O)NCc1ccccc1F)c1ccccc1)C(C)C
CHEMBL236859,2.55,Cc1sc(CN2CCNCC2)cc1C(=O)NCC12CC3CC(CC(C3)C1)C2
CHEMBL29609,3.63,Cc1cc(CCCOc2c(C)cc(-c3noc(C(F)(F)F)n3)cc2C)on1
CHEMBL11403,2.12,CC(C)C(NC(=O)Cn1c(-c2ccccc2)ncc(NC(=O)OCc2ccccc2)c1=O)C(=O)C(F)(F)F
CHEMBL188167,3.35,COc1cc2ncnc(Nc3cc(NC(=O)c4ccnc(N5CCOCC5)c4)ccc3C)c2cc1OCCN1CCCCC1
CHEMBL1224138,1.1,NC(=O)c1cncc(O[C@H]2C[C@H]3CC[C@@H](C2)N3Cc2ccccc2)n1
CHEMBL521262,3.41,COc1cc2c(Nc3cccc(Cl)c3Cl)c(C(N)=O)cnc2cc1NCCN(C)C
CHEMBL1698351,0.3,Cc1cnc(NC(=O)C2C(=O)c3ccccc3S(=O)(=O)N2C)s1
CHEMBL2179665,-0.55,Cc1cn([C@H]2CCCN(Cc3ccc(C(=O)O)c(Oc4cccc(Cl)c4)c3)C2)c(=O)[nH]c1=O
CHEMBL437765,1.19,CO[C@H]1/C=C/O[C@@]2(C)Oc3c(C)c(O)c4c(O)c(cc(O)c4c3C2=O)NC(=O)/C(C)=C\C=C\[C@H](C)[C@H](O)[C@@H](C)[C@@H](O)[C@@H](C)[C@H](OC(C)=O)[C@@H]1C
CHEMBL826,-0.83,CCn1cc(C(=O)O)c(=O)c2cc(F)c(N3CCNCC3)nc21
CHEMBL251290,2.53,COc1ccc2c(C)cc(N[C@H]3CC[C@H](NCc4cn(C)c5ccccc45)C3)nc2c1
CHEMBL2334575,2.39,Cc1ccn2c(-c3ccnc(N)n3)c(C)nc2c1
CHEMBL142653,1.99,Cc1cc2[nH]c(=O)c(O)cc(=O)c2cc1C
CHEMBL224195,2.1,COc1cc(N2CCCN(C)CC2)c2[nH]c(C(=O)Nc3ccc(N4CCOCC4)cc3)cc(=O)c2c1
CHEMBL2325703,2.65,CC(C)(c1cc(N2CCOCC2)nc(-c2cccc3[nH]ccc23)n1)S(C)(=O)=O
CHEMBL366947,2.48,CC(C)(C)OC(=O)c1ncn2c1[C@@H]1CCCN1C(=O)c1c(Br)cccc1-2
CHEMBL127907,2.6,COc1cc2ncnc(Nc3cccc(O)c3)c2cc1OC
CHEMBL1682945,3.15,CC[C@H](NC(=O)c1c(CC[S+](C)[O-])c(-c2ccccc2)nc2ccccc12)c1ccccc1
CHEMBL1778645,-0.65,CCS(=O)(=O)c1ccc(-c2cc(Cl)ccc2OCC(=O)O)c(C)c1
CHEMBL2036567,3.05,O=C(Nc1ccc(N2CCOCC2)cc1)c1nnc(Nc2ccccc2F)o1
CHEMBL2094354,1.72,Nc1ccc2c(c1)C(=O)C(=O)c1cc(N)ccc1-2
CHEMBL1682832,2.5,COC(=O)N1CCOc2cc(COc3ccccc3)cnc21
CHEMBL304354,2.26,CC(C)C(NC(=O)Cn1c(-c2ccccc2)ccc(NS(=O)(=O)c2ccccc2)c1=O)C(=O)C(F)(F)F
CHEMBL2048866,1.97,N[C@@H]1CCCN(c2c(Cl)cccc2/C=C2\SC(=O)NC2=O)C1
CHEMBL1682949,3.56,CC[C@H](NC(=O)c1c([S+](C)[O-])c(-c2cccs2)nc2ccccc12)c1ccccc1
CHEMBL1946019,2.79,CCN(C)C(=O)c1ccc(C(=C2CCN(Cc3ccc(F)cc3)CC2)c2ccccc2NC(C)=O)cc1
CHEMBL451570,0.51,Nc1nccc(-c2cc3c([nH]2)[C@H](CCF)CNC3=O)n1
CHEMBL1017,2.21,CCCc1nc2c(C)cc(-c3nc4ccccc4n3C)cc2n1Cc1ccc(-c2ccccc2C(=O)O)cc1
CHEMBL522505,2.26,C=C[C@H]1CN2CC[C@@H]1C[C@H]2[C@H](O)c1ccnc2ccc(OC)cc12
CHEMBL69023,3.54,O=C(N1CCN(c2ccncc2Cl)CC1)N1CCN(S(=O)(=O)c2ccc(C(F)(F)F)cc2)CC1
CHEMBL397688,3.56,O=C(NC1Cc2ccccc2N(CC(CO)CO)C1=O)c1cc2cc(Cl)sc2[nH]1
CHEMBL539163,3.4,Cn1c(C#N)ccc1-c1ccc2c(c1)C(C)(C)OC(=S)N2
CHEMBL61835,0.84,CS(=O)(=O)c1ccc(C(=O)Nc2ccc(F)cc2)c[n+]1[O-]
CHEMBL2348176,2.71,Nc1nccc(-n2ccc3ccccc32)n1
CHEMBL1951902,0.9,CCN(C(=O)Cc1ccc(S(C)(=O)=O)cc1)C1CCN(CCC(c2ccccc2)N2CCC(C(C)=O)CC2)CC1
CHEMBL1939737,3.99,CCN(CC)C(=O)c1ccc([C@H](c2cccc(NC(=O)C3CC3)c2)N2CCN(Cc3ccc(F)cc3)CC2)cc1
CHEMBL2172782,0.78,CC(C)Cc1ccc(C(C)C(=O)NS(C)(=O)=O)cc1
CHEMBL115125,1.75,Cc1cc(NC(=O)c2ccccc2)n[nH]1
CHEMBL256668,3.1,C[C@H](CO)Nc1nc(SCc2cccc(F)c2F)nc2[nH]c(=O)cnc12
CHEMBL2179278,1.12,Cc1cn([C@H]2CCCN([C@@H](CC(C)(C)C)c3ccc(C(=O)O)c(Oc4cccc(Br)c4)c3)C2)c(=O)[nH]c1=O
CHEMBL1730736,3.0,C#CC(C)(C)NC(=O)c1sccc1Oc1ccc(F)cc1[N+](=O)[O-]
CHEMBL1327979,2.01,Nc1nc2nc(-c3cccs3)cc(C(F)(F)F)n2n1
CHEMBL480,2.7,Cc1c(OCC(F)(F)F)ccnc1C[S+]([O-])c1nc2ccccc2[nH]1
CHEMBL2012856,3.26,Nc1cc2n[nH]c(=O)n2c2cc(-c3cccs3)ccc12
CHEMBL2030560,2.29,Nc1nc2ccc(C(=O)c3ccccc3)cc2[nH]1
CHEMBL888,-1.5,Nc1ccn([C@@H]2O[C@H](CO)[C@@H](O)C2(F)F)c(=O)n1
CHEMBL513192,2.2,Cn1cc(-c2ccc(O)cc2)c(=O)c2c(O)cc(O)cc21
CHEMBL165790,4.07,CC(C)Oc1ccc2c(=O)c(-c3ccccc3)coc2c1
CHEMBL1090090,1.6,NC(=O)c1ccc(N(C(N)=O)c2c(F)cccc2F)nc1-c1ccc(F)cc1F
CHEMBL1783281,3.99,CCCNC(=O)c1nnc2c(-c3cc(C)ccc3OC)cccc2c1N
CHEMBL264961,1.99,CNC(=O)c1ccc(CN2CCC(c3ccc(C(=O)Nc4ccccc4N)cc3)CC2)cc1
CHEMBL1934418,1.29,Cc1ccc(S(=O)(=O)Nc2c(C(=O)N[C@@H](C)C(C)(C)C)c(C)nn2C2CCSCC2)cc1
CHEMBL550,-0.37,CC[C@@H]1C(=O)OC[C@@H]1Cc1cncn1C
CHEMBL2012861,2.3,Nc1cc2n[nH]c(=O)n2c2cc(-c3ccc[nH]3)ccc12
CHEMBL205092,1.71,CC(C)Cn1c(=O)n(C)c(=O)c2c(C(=O)N3CC[C@@H](O)C3)c(Cc3c[nH]c4ncccc34)sc21
CHEMBL2048869,1.86,CCOc1cccc(/C=C2\SC(=O)NC2=O)c1N1CCC[C@@H](N)C1
CHEMBL2325705,2.4,CS(=O)(=O)C1(c2cc(N3CCOCC3)nc(-c3cccc4[nH]ccc34)n2)CCOCC1
CHEMBL275043,2.41,CC(C)C(NC(=O)Cn1c(-c2ccccc2)ccc(NC(=O)OCc2ccncc2)c1=O)C(=O)C(F)(F)F
CHEMBL1916274,1.68,Cc1ccc(S(=O)(=O)Nc2c(C(=O)NC3CCCCC3)c(C)nn2-c2ccccc2)cc1
CHEMBL1230122,2.76,Cn1c(=O)c(Oc2ccc(F)cc2F)cc2cnc(NC3CCOCC3)nc21
CHEMBL510349,3.22,O=c1oc2ccccc2cc1-c1ccccc1
CHEMBL338579,4.43,COc1ccccc1C(=O)NCC12CC3CC(CC(C3)C1)C2
CHEMBL1290185,0.24,Cc1nc(C(=O)N2CCCC3(CCN(Cc4ccccc4)CC3)C2)cs1
CHEMBL443809,2.7,CS(=O)(=O)n1c2ccccc2c2cc(NC(=O)N3CCOCC3)ccc21
CHEMBL2335121,1.18,CCOc1ccccc1-c1ccc(-c2nc3ccc(F)cc3c(C(=O)O)c2C)cc1
CHEMBL51314,2.83,CC(C)(C)C(=O)Nc1ccc2c(c1)C(=O)C(=O)c1ccccc1-2
CHEMBL135400,1.1,CN1CCN(C(=O)OC2c3nccnc3C(=O)N2c2ccc(Cl)cn2)CC1
CHEMBL1511829,3.1,Nc1ncnc2oc(-c3ccoc3)c(-c3ccco3)c12
CHEMBL404687,1.65,O=C(O)c1ccc(Nc2ncc(Br)c(Nc3ccccc3)n2)cc1
CHEMBL274056,1.91,O=C1C=CC(=O)c2c(O)ccc(O)c21
CHEMBL1507581,0.24,CC(=O)Nc1ccc(S(=O)(=O)Nc2ccccn2)cc1
CHEMBL258313,3.56,C[C@@H](Oc1cccc2ncnc(Nc3ccc(OCc4ccccn4)c(Cl)c3)c12)C(=O)N(C)CCO
CHEMBL13486,1.88,O=c1c(-c2ccc(O)c(O)c2)coc2cc(O)ccc12
CHEMBL2030393,2.19,O=c1[nH]c([C@@H]2CCCN2)nc2c1oc1ccc(Br)cc12
CHEMBL2086673,3.3,C[C@@H]1CN(C(=O)OC(C)(C)C)CCN1c1ncc(OCc2ccc(S(C)(=O)=O)cc2C#N)cn1
CHEMBL572878,3.47,Cc1cc(Nc2cc(N3CCN(C)CC3)nc(Sc3ccc(NC(=O)C4CC4)cc3)n2)n[nH]1
CHEMBL1895117,-0.03,Cc1cnc(NS(=O)(=O)c2ccccc2)c(C)n1
CHEMBL1779018,2.9,CCCC(=O)NCc1cncc(-c2ccc(F)cc2OC)c1
CHEMBL113725,0.35,CC(C)C(NC(=O)Cn1c(-c2ccccc2)ccc(NC(=O)Cc2ccc(C(=O)O)cc2)c1=O)C(=O)C(F)(F)F
CHEMBL646,2.34,Cc1nnc2n1-c1ccc(Cl)cc1C(c1ccccc1Cl)=NC2
CHEMBL2171999,2.8,Cc1nn(C)c2ccc(N3CCN(C(=O)[C@@H]4CCCC[C@H]4C(=O)NC4(C#N)CC4)[C@H](C)C3)cc12
CHEMBL2087865,3.0,Cn1cc(C#N)cc1-c1c2c(=O)n(CCO)c(=O)n(CC3CC3)c2nn1Cc1ccnc2ccc(Cl)cc12
CHEMBL162203,4.1,Cc1cccc(-c2nc3cc(Cl)ccc3[nH]2)n1
CHEMBL182731,4.0,COC(=O)c1ccc(CC(=O)N(C)C2CCN(CCC(c3ccccc3)c3ccccc3)CC2)cc1
CHEMBL2165066,0.66,N#Cc1ccc2ccc(=O)n(CCN3CC[C@@H](NCc4ccc5c(n4)NC(=O)CO5)[C@@H](F)C3)c2c1
CHEMBL1934421,1.08,Cc1ccc(S(=O)(=O)Nc2c(C(=O)N[C@@H](C)C(C)(C)C)c(C)nn2C2CCN(CC(F)(F)F)CC2)cc1
CHEMBL465955,1.03,C[C@@H]1CN(CC2(C(N)=O)CC2)CCN1S(=O)(=O)c1ccc(C(C)(O)C(F)(F)F)cc1
CHEMBL86795,1.9,c1ccc2[nH]ncc2c1
CHEMBL515854,2.56,COCCS(=O)(=O)c1ccc(Nc2nccc(-c3cnc(C)n3C(C)C)n2)cc1
CHEMBL82663,2.61,O=S(=O)(CCCOCCc1ccccc1)CCNCCc1ccc(O)c2nc(O)sc12
CHEMBL319118,2.9,COc1ccc(OC(F)(F)F)cc1CN[C@H]1CCCN[C@H]1c1ccccc1
CHEMBL1650273,3.31,Nc1nc(-c2ccc(Cl)cc2)cs1
CHEMBL35,-0.9,NS(=O)(=O)c1cc(C(=O)O)c(NCc2ccco2)cc1Cl
CHEMBL1916271,1.46,CCN(C(=O)c1cnn(-c2ccccc2)c1NS(=O)(=O)c1ccc(-c2cnco2)cc1)C1CCCCC1
CHEMBL289832,0.21,O=[N+]([O-])c1c(Cl)c(Cl)cc2nc(O)c(O)nc12
CHEMBL1789274,0.87,CNCC[C@@H](Oc1cc(OC)ccc1C#N)c1ccccc1
CHEMBL1688537,2.62,CCc1c(C)nc2sc(C(N)=O)c(N)c2c1C
CHEMBL29838,3.63,O=C(COc1ccc(SCCCCCc2ccccc2)cc1)COc1ccc(C(=O)O)cc1
CHEMBL479446,2.68,COc1cc2ncc(C(N)=O)c(Nc3ccc(F)cc3F)c2cc1NCCN1CCOCC1
CHEMBL234950,3.49,O=C(NC1Cc2ccccc2N(CCCO)C1=O)c1cc2cc(Cl)sc2[nH]1
CHEMBL1082704,2.84,O=C(O)CC[C@@H]1c2ccccc2C[C@H]1NC(=O)c1cc2sc(Cl)c(Cl)c2[nH]1
CHEMBL249790,4.17,OCCO[C@H]1C[C@@H](n2nnc3c(N[C@@H]4C[C@H]4c4ccc(F)c(F)c4)nc(SCCC(F)(F)F)nc32)[C@H](O)[C@@H]1O
CHEMBL2088097,2.68,Cc1cc(CNc2ncc(Cl)c(Nc3cc(C)[nH]n3)n2)on1
CHEMBL107313,1.69,CCCc1cc(C2=N[C@@H](C(=O)NO)CO2)cc(OC)c1OC
CHEMBL1784357,0.85,O=CN(O)C1(CS(=O)(=O)N2CCN(c3ccc(F)cc3)CC2)CCOCC1
CHEMBL415247,2.39,CC(C)[C@@H](CN1CC[C@@](C)(c2cccc(O)c2)[C@@H](C)C1)NC(=O)[C@H]1Cc2ccc(O)cc2CN1
CHEMBL2089277,0.3,N#Cc1cccc(-c2cccc(C(=O)O)c2)c1
CHEMBL464081,3.8,CC1(C)[C@@H]2CC[C@@]1(CS(=O)(=O)N1CCN(c3ccc(C(F)(F)F)cn3)CC1)C(=O)C2
CHEMBL2179277,1.09,Cc1cn([C@H]2CCCN([C@H](CC(C)(C)C)c3ccc(C(=O)O)c(Oc4cccc(Br)c4)c3)C2)c(=O)[nH]c1=O
CHEMBL521248,3.16,COc1cc2ncc(C(N)=O)c(Nc3cc(C)ccc3F)c2cc1OC
CHEMBL2023481,4.06,COc1cc(Oc2ccnc3ccc(F)cc23)ccc1CC(=O)Nc1noc(C)c1C
CHEMBL1612749,3.25,Cc1cc(NC(=O)c2ccc(Cl)cc2)n(-c2ccccc2)n1
CHEMBL2177606,1.72,O=C(O)c1ccc(-n2ncc(C(=O)NC3C4CC5CC(C4)CC3C5)c2C2CCCC2)cc1
CHEMBL1350196,-0.7,Cc1c(CCC(=O)O)c(=O)oc2cc(O)ccc12
CHEMBL2071614,2.73,CC(C)(O)c1ccc(Nc2nc3ccc(C#N)cc3[nH]2)cc1
CHEMBL317281,1.48,CN(C)CC(O)COc1ccc(Nc2cc(Nc3ccc(F)cc3F)ncn2)cc1
CHEMBL450208,2.89,COc1cc2ncc(C(N)=O)c(Nc3ccccc3Cl)c2cc1OC
CHEMBL1454839,1.0,c1ccc2sc(C3CCCNC3)nc2c1
CHEMBL2042558,3.7,O=[N+]([O-])c1cccc2ccc(C(Cl)(Cl)Cl)nc12
CHEMBL1650730,2.33,C[C@H](Nc1ncc(Cl)c(Nc2cc(N(C)C)[nH]n2)n1)c1ncc(F)cn1
CHEMBL232830,3.07,CN(C)C(=O)CN1C(=O)C(NC(=O)c2cc3cc(Cl)sc3[nH]2)Cc2ccccc21
CHEMBL2171041,1.74,CN(C)c1ccccc1S(=O)(=O)NC(=O)N1CCC(N2CCC(Oc3ccc(Cl)c(Cl)c3)CC2)CC1
CHEMBL1082811,1.56,N#Cc1c(-c2ccccc2)nc(SCc2ccccc2)[nH]c1=O
CHEMBL278222,2.16,CC(C)C(NC(=O)Cn1c(-c2ccccc2)ccc(NC(=O)NCc2ccncc2)c1=O)C(=O)C(F)(F)F
CHEMBL394799,3.31,C[C@H](CO)Nc1nc(SCc2cccc(Cl)c2)nc2nc(N)sc12
CHEMBL587723,3.97,CCN1CCN(Cc2ccc(-c3cc4c(N[C@H](C)c5ccccc5)ncnc4[nH]3)cc2)CC1
CHEMBL1897032,1.0,OC(CN1CCOCC1)c1ccccc1
CHEMBL726,3.8,OCCN1CCN(CCCN2c3ccccc3Sc3ccc(C(F)(F)F)cc32)CC1
CHEMBL2062576,1.87,CC(=O)Nc1ccc2ccn(-c3cc(NCCCN4CCCC4)n4ncc(C#N)c4n3)c2c1
CHEMBL119489,1.95,CN(C)c1cccc2c(S(N)(=O)=O)cccc12
CHEMBL1923434,0.14,Cc1[nH]c(C(=O)NC2CCN(c3nc(C(=O)O)cs3)CC2)c(Cl)c1Cl
CHEMBL2349318,3.7,CCC[C@H](CO)Nc1nc(S[C@@H](C)c2cccc(C#N)c2)nc2[nH]c(=O)sc12
CHEMBL2207662,2.71,O=C(NC[C@@H](O)CN1CCC(Oc2ccc(Cl)c(Cl)c2)CC1)c1c[nH]c(=O)cc1C(F)(F)F
CHEMBL323443,1.01,CC(C)C(NC(=O)Cn1c(-c2ccccc2)ccc(NS(=O)(=O)C(F)(F)F)c1=O)C(=O)C(F)(F)F
CHEMBL1164374,2.9,O=C(c1ccc(F)cc1)C1CCN(C(=O)c2ccc(F)cc2)CC1
CHEMBL571,-0.12,CC(C(=O)O)c1cccc(C(=O)c2ccccc2)c1
CHEMBL1373037,3.5,Nc1nccc(/C=C/c2ccc(Cl)cc2)n1
CHEMBL304784,2.6,CCCC[C@@H](C=O)NC(=O)[C@H](CC(C)C)NC(=O)[C@H](CC(C)C)NC(C)=O
CHEMBL63323,1.0,O=C(O)c1cccnc1Nc1cccc(C(F)(F)F)c1
CHEMBL2071098,2.4,CC1(C)COCc2sc(N3CCN(C(=O)[C@@H]4CCCC[C@H]4C(=O)NC4(C#N)CC4)CC3)nc21
CHEMBL482192,2.82,COc1cc2ncc(C(N)=O)c(Nc3cccc(F)c3F)c2cc1OC
CHEMBL549620,2.93,O=C(CC12CC3CC(CC(C3)C1)C2)Nc1c(Cl)ccc2nc(CN3CCN(CCO)CC3)ccc12
CHEMBL1682817,2.8,N#Cc1cccc(COc2ccc3c(c2)OCCC3=O)c1
CHEMBL2178945,1.2,Cc1nc(C)c(-c2ccc([C@H]3CC[C@@H](CC(=O)O)CC3)c(F)c2)nc1C(N)=O
CHEMBL1542,0.19,Cn1cnc([N+](=O)[O-])c1Sc1ncnc2nc[nH]c12
CHEMBL2170975,1.2,CC(C)(C)OC(=O)NCCCSC[C@H]1O[C@@H](n2cnc3c(N)ncnc32)[C@H](O)[C@@H]1O
CHEMBL2163360,2.13,N#CC1(NC(=O)[C@@H]2CCCC[C@H]2C(=O)N2CCc3[nH]c4ncccc4c3C2)CC1
CHEMBL2058280,2.8,Nc1scc2c(C(=O)NC3CC3)nn(-c3ccc(F)cc3)c(=O)c12
CHEMBL1940832,0.02,O=CNc1cc([C@@H](O)CNCCc2ccc(NC[C@H](O)c3ccccc3)cc2)ccc1O
CHEMBL1194759,1.1,CCCC1CCCCC(N)=N1
CHEMBL600780,0.44,NNc1nc2ccccc2[nH]c1=O
CHEMBL564885,0.6,O=C(NCC12CC3CC(CC(C3)C1)C2)c1ccnc(NCC2CCNCC2)c1Cl
CHEMBL1428,3.8,COCCOC(=O)C1=C(C)NC(C)=C(C(=O)OC(C)C)C1c1cccc([N+](=O)[O-])c1
CHEMBL478241,3.31,Cc1ncc(-c2ccnc(Nc3ccc(N4CCN(C(=O)CN(C)C)CC4)cc3)n2)n1C(C)C
CHEMBL2206790,3.6,COCC[C@H](Oc1ncnc2c1cnn2-c1ccccc1Cl)C(=O)Nc1ccc(C)cn1
CHEMBL2158821,2.14,O=C(O)[C@@H](c1ccccc1)N1CCC(CN2CCC(Oc3ccc(Cl)c(Cl)c3)CC2)CC1
CHEMBL1440652,3.75,Cn1c(CN2CCN(c3cccc(Cl)c3)CC2)nc2ccccc21
CHEMBL1387125,1.13,CCn1c(=O)c2c(=O)cc(O)oc2c2ccccc21
CHEMBL2010851,2.7,CN(C(=O)Cc1ccc(S(C)(=O)=O)cc1)[C@@H]1CCN(Cc2ccc(C(F)(F)F)cc2)C[C@@H]1F
CHEMBL1427458,3.65,Cc1ccc(Oc2ccc(C(=O)NCc3ccncc3)cc2)cc1
CHEMBL2207669,2.56,N#Cc1ccc(OC2CCN(C[C@H](O)CNC(=O)c3c[nH]c(=O)c4ccccc34)CC2)cc1Cl
CHEMBL40999,-0.31,N=C(N)Nc1ccc(Cl)c(Cl)c1
CHEMBL213494,-0.34,Cc1ccc2c(c1)c(-c1ccnc3c(S(C)(=O)=O)cccc13)c(C)n2CC(=O)O
CHEMBL290119,3.12,CCOC(=O)[C@H](Cc1ccc(O)cc1)NC(=O)c1cccc2ccccc12
CHEMBL1209586,3.12,O=S(=O)(NCC(c1ccccc1)N1CCCCCC1)c1cccc(C(F)(F)F)c1
CHEMBL1824371,3.15,O=C(Nc1cccc(O)c1)c1ccc(OCCCN2CCCC2)cc1OCc1cccc(F)c1
CHEMBL1088913,0.83,NCCCCN(Cc1nc2ccccc2[nH]1)C1CCCc2cccnc21
CHEMBL122695,1.49,CC(=O)NC[C@H]1CN(c2ccc(N3CCN(c4cnccn4)CC3)c(F)c2)C(=O)O1
CHEMBL1824373,2.41,N#Cc1cccc(COc2cc(OCCCN3CCCC3)ccc2C(=O)Nc2cccc(O)c2)c1
CHEMBL73234,1.33,CCN(CC)CCOCCOC(=O)C1(c2ccccc2)CCCC1
CHEMBL1682816,3.4,O=C1CCOc2cc(OCc3cccc(F)c3)ccc21
CHEMBL2171984,1.92,N#CCNC(=O)[C@@H]1CCCC[C@H]1C(=O)N1CCN(c2ccc(F)cc2)CC1
CHEMBL2036590,2.9,O=C(Nc1ccc(N2CCOCC2)nc1)c1nnc(Nc2ccc(F)c(F)c2)o1
CHEMBL1917439,3.7,Cc1c(Sc2ccc(Cl)cc2)c2cc(-c3ccccc3)ccc2n1CC(=O)O
CHEMBL109937,2.9,FC(F)(F)c1cc(COCC(c2ccccc2)N2CCNCC2)cc(C(F)(F)F)c1
CHEMBL56802,3.5,COc1cc2ncnc(Nc3cccc(C)c3)c2cc1OC
CHEMBL2325743,2.67,C[C@H](NC(=O)C1(N)CCN(c2ncnc3[nH]ccc23)CC1)c1ccc(Cl)cc1
CHEMBL628,0.22,CC(=O)CCCCn1c(=O)c2c(ncn2C)n(C)c1=O
CHEMBL1689137,1.12,C[C@H]1CN(Cc2cc(Cl)ccc2CC(=O)O)CCN1S(=O)(=O)Cc1ccccc1
CHEMBL456446,2.76,c1ccc(CNc2nc3ccccc3[nH]2)cc1
CHEMBL1682833,2.4,CS(=O)(=O)N1CCOc2cc(COc3ccccc3)cnc21
CHEMBL896,3.08,OCCOCCN1CCN(C(c2ccccc2)c2ccc(Cl)cc2)CC1
CHEMBL511,1.39,COc1ccc(CN(CCN(C)C)c2ccccn2)cc1
CHEMBL2158833,1.1,O=C(O)c1ccc(CN2CCC(CN3CCC(Oc4ccc(Cl)c(Cl)c4)CC3)CC2)cc1
CHEMBL215022,2.06,O=C(Cc1cc(Nc2ncnc3cc(OCCCN4CCC[C@@H]4CO)ccc23)n[nH]1)Nc1cccc(F)c1F
CHEMBL1289574,3.03,O=C(COCc1ccncc1)N1CCC(F)(c2ccc(Cl)cc2)CC1
CHEMBL2086678,3.8,COc1cnccc1COc1cnc(N2CCN(C(=O)OC(C)(C)C)CC2)nc1
CHEMBL395955,3.22,NC(=O)CN1C(=O)C(NC(=O)c2cc3cc(Cl)sc3[nH]2)Cc2ccccc21
CHEMBL13976,1.75,Cc1[nH]c(/C=C2\C(=O)Nc3ccc(F)cc32)c(C)c1C(=O)NCCN(C)C
CHEMBL2036589,3.0,O=C(Nc1ccc(N2CCOCC2)nc1)c1nnc(Nc2ccc(F)cc2)o1
CHEMBL440765,0.99,CN(C(=O)Cc1ccccc1)[C@H]1CC[C@@]2(CCCO2)C[C@@H]1N1CCCC1
CHEMBL1923432,1.74,Cc1[nH]c(C(=O)NC2CCN(c3cc(C(=O)O)cc(Cl)n3)CC2)c(Cl)c1Cl
CHEMBL184011,3.17,COc1ccc(C(=O)Nc2cc(NC(=O)c3cccc(N(C)C)c3)ccc2C)cc1
CHEMBL48616,4.3,Cc1cc(C)cc(-c2[nH]c3ccc(C(C)(C)C(=O)N4C5CCC4CC5)cc3c2CCNCCCCc2ccncc2)c1
CHEMBL321758,0.91,C[C@H]([C@H](O)c1ccc(O)cc1)N1CCC(O)(c2ccccc2)CC1
CHEMBL2153190,2.18,CCCSc1nc(N2CCC[C@H](CC(=O)O)C2)ccc1C(=O)NC1CCCCC1
CHEMBL516784,1.76,NC(=O)Nc1sc(-c2ccc(F)cc2)cc1C(=O)N[C@H]1CCCNC1
CHEMBL2153187,1.36,CCCSc1nc(N2CCCCC2C(=O)O)ccc1C(=O)NC1CCCCC1
CHEMBL196585,3.86,Oc1ccc(C(c2ccc(O)cc2)C(Cl)(Cl)Cl)cc1
CHEMBL2011916,2.96,CNc1c(Br)cnc2[nH]c(-c3ccc(OCCCN4CCOCC4)cc3)nc12
CHEMBL191802,2.45,CSc1ccc(OCc2ccccc2)c(/C=C/c2ccc(C(=O)O)cn2)c1
CHEMBL2030806,0.52,CNc1cccc(CCOc2ccc(C[C@H](NC(=O)c3c(C)cc(C)cc3C)C(=O)O)cc2)n1
CHEMBL469230,3.18,Cn1cc(S(C)(=O)=O)cc1-c1c2c(=O)n(C)c(=O)n(CC3CC3)c2nn1Cc1ccnc2ccc(Cl)cc12
CHEMBL167176,3.3,CCCc1c(OCc2ccc(/C=C/c3nn[nH]n3)cc2)ccc(C(C)=O)c1O
CHEMBL13698,0.6,c1ccc2nc(C3=NCCN3)ccc2c1
CHEMBL256115,1.75,CCCNCc1cnc(-c2ccc(C(=O)Nc3ccccc3N)cc2)s1
CHEMBL2062584,2.72,COC(=O)CCn1cc(-c2cc(NC3CC3)n3ncc(C#N)c3n2)c2cc(NC(C)=O)ccc21
CHEMBL387658,1.4,CC(C#Cc1ccccc1)n1[nH]c(=O)c2[nH]c3cc(Cl)ccc3c(=O)c2c1=O
CHEMBL1451129,2.7,Cc1cc(=O)oc2cc3c(cc12)CCCN3
CHEMBL1778628,0.05,N#Cc1cccc(-c2cc(C(F)(F)F)ccc2OCC(=O)O)c1
CHEMBL2312185,1.64,CNc1nc(C)c(-c2nc(Nc3cccc(N4CCCNCC4)c3)ncc2C#N)s1
CHEMBL1807818,2.3,O=c1[nH]c2c(O)ccc([C@@H](O)CNCCCSCCOCCc3ccccc3)c2s1
CHEMBL2059375,1.81,CCNC(=O)c1cc2c(-n3ccc(C(F)(F)F)n3)c(-c3cncc(C(N)=O)c3)cnc2[nH]1
CHEMBL103771,4.12,C/N=C(\S)n1nc(-c2ccc(Cl)cc2)nc1N
CHEMBL190458,-0.3,Cc1c(CCC(=O)O)c(=O)oc2c(C)c(O)ccc12
CHEMBL8663,2.16,C#CCN(C)C(C)Cc1ccccc1
CHEMBL1934422,0.5,Cc1ccc(S(=O)(=O)Nc2c(C(=O)N[C@@H](C)C(C)(C)C)c(C)nn2C2CCOCC2)cc1
CHEMBL282694,2.57,CC(C)C(NC(=O)Cn1c(-c2ccccc2)ccc(NS(=O)(=O)NCc2ccccc2)c1=O)C(=O)C(F)(F)F
CHEMBL196707,-0.44,Cc1c(CC(=O)O)c2cc(F)ccc2n1S(=O)(=O)c1ccc(S(C)(=O)=O)cc1
CHEMBL1950846,0.9,CN[C@@H](C)C(=O)N[C@H](C(=O)N[C@H]1CCCN(S(=O)(=O)c2ccccc2)C1)C(C)(C)C
CHEMBL589,0.76,CCCN(CCC)CCc1cccc2c1CC(=O)N2
CHEMBL2325988,1.2,CC(NC(=O)C1(N)CCN(c2ncnc3[nH]ccc23)CC1)c1cccnc1
CHEMBL1779503,0.74,O=C(NCCc1ccccc1)c1cc(-n2ncc(=O)[nH]c2=O)ccc1Cl
CHEMBL1917445,0.05,Cc1ccc2c(c1)c([S+]([O-])c1ccc(Cl)cc1)c(C)n2CC(=O)O
CHEMBL126857,2.4,CCN(CC)C(=O)c1ccc(C(=C2CCNCC2)c2ccc(Cl)c(Cl)c2)cc1
CHEMBL2158770,2.26,N#Cc1cccc(C[C@@H](C(=O)O)N2CCC(CN3CCC(Oc4ccc(Cl)c(Cl)c4)CC3)CC2)c1
CHEMBL1459468,2.9,COc1ccccc1C(=O)Nc1nc2ccccc2[nH]1
CHEMBL1498995,2.36,CNc1ncc(C(=O)c2ccccc2)s1
CHEMBL94191,3.04,COc1cc2ncnc(Nc3ccccc3)c2cc1OC
CHEMBL217665,1.3,CN1CCN(c2ccc(Nc3ccnc4ccccc34)cc2)CC1
CHEMBL563379,1.41,CNC[C@H](O)c1ccc(Cl)c(C(=O)NCC23CC4CC(CC(C4)C2)C3)c1
CHEMBL1101,2.49,OC(CCN1CCCCC1)(c1ccccc1)C1CC2C=CC1C2
CHEMBL1575409,2.5,COc1ccc(CNC(=O)CSc2nc3cccnc3s2)cc1
CHEMBL2335896,3.18,CC(=O)N[C@H](C)c1ccc(Nc2ncc3cc(-c4ccncc4)ccc3n2)cc1
CHEMBL2179667,-0.82,Cc1cccc(Oc2cc(CN3CCC[C@H](n4cc(C)c(=O)[nH]c4=O)C3)ccc2C(=O)O)c1
CHEMBL126519,2.6,CCCc1c(O)c(O)c(C(=O)O)c2cc(Cc3ccccc3)c(C)cc12
CHEMBL360425,2.06,CS(=O)(=O)Nc1cccc(NC(=O)CN2CCN(C(=O)C[C@H](N)Cc3ccc(F)c(F)c3)[C@H](Cc3ccccc3)C2)c1
CHEMBL17771,1.85,O=S1NC(Cc2ccc3ccccc3c2)=NO1
CHEMBL495497,2.36,O=C(c1cccc(Cc2n[nH]c(=O)c3ccccc23)c1)N1CCN(c2ccccn2)CC1
CHEMBL1534781,2.79,COc1cnc(-c2ccccn2)nc1N(C)c1ccccc1
CHEMBL1783734,1.39,CS(=O)(=O)c1ccc([C@@H](C[C@H]2CCC(=O)C2)C(=O)Nc2cnccn2)cc1Cl
CHEMBL1289545,2.17,Cc1nc(C(=O)N2CCOC3(CCN(Cc4ccc(Cl)cc4)CC3)C2)cs1
CHEMBL2171013,4.49,Cc1ccc(S(=O)(=O)N(C)C(=O)N2CCC(N3CCC(Oc4ccc(Cl)c(Cl)c4)CC3)CC2)cc1
CHEMBL1762482,3.08,Cc1ccnc(NCc2ccccc2)c1
CHEMBL1515,-0.42,Cn1cc[nH]c1=S
CHEMBL208292,3.58,COc1cc2ncnc(Nc3cccc(Cl)c3F)c2cc1CN1CCC[C@@H]1C(N)=O
CHEMBL1270670,3.7,CS(=O)(=O)c1cccc(Nc2nccc(Nc3c(Cl)ccc4ccoc34)n2)c1
CHEMBL550687,0.5,N=C(N)Nc1ccc(C(=O)Oc2ccc([N+](=O)[O-])cc2)cc1
CHEMBL1951904,2.41,CCN(C(=O)Cc1ccc(S(C)(=O)=O)cc1)C1CCN(CCC(c2ccccc2)C2CCN(Cc3ccccc3)CC2)CC1
CHEMBL2325731,2.4,CN(C)C(=O)CC(NC(=O)C1(N)CCN(c2ncnc3[nH]ccc23)CC1)c1ccc(Cl)cc1
CHEMBL2171043,2.62,O=C(NS(=O)(=O)c1cccc(Cl)c1)N1CCC(N2CCC(Oc3ccc(Cl)c(Cl)c3)CC2)CC1
CHEMBL1809199,3.2,COc1cc(N2CCN(C(C)=O)CC2)ccc1Nc1ncc(Cl)c(-c2cnc3c(C)cccn23)n1
CHEMBL2325503,2.66,CS(=O)(=O)c1ccc(-c2nnc(/C=C/c3nnc(-c4ccc(C#N)cc4)o3)n2-c2ccccc2Cl)nc1
CHEMBL486894,2.9,O=c1oc2ccc(O)cc2cc1-c1ccc(O)cc1
CHEMBL13280,2.1,CN1C(=O)CN=C(c2ccccc2F)c2cc([N+](=O)[O-])ccc21
CHEMBL1086377,3.05,CCN1CCN(CC(=O)Nc2ccc(-c3cccc4c(=O)cc(N5CCOCC5)oc34)c3sc4ccccc4c23)CC1
CHEMBL510101,2.55,COc1ccc(CNCc2ccc(-c3cc(C(N)=O)c(NC(N)=O)s3)cc2)cc1
CHEMBL478407,3.62,Cc1ncc(-c2ccnc(Nc3ccc(F)cc3)n2)n1C(C)C
CHEMBL1916541,0.29,COc1ccc2c(C)nc(=O)n(CCN3CCC(NCc4cc5c(cn4)OCCO5)CC3)c2c1
CHEMBL32363,1.06,COC(=O)C1C(OC(=O)c2ccccc2)CC2CCC1N2C
CHEMBL2059004,0.9,Cc1nc2ccc(NC(=O)CCNC(N)=O)cc2s1
CHEMBL2208430,3.91,O=C(NC[C@@H](O)CN1CCC(Oc2ccc(Cl)c(Cl)c2)CC1)c1c[nH]c2ccccc12
CHEMBL272705,2.21,C[C@H](CO)Nc1nc(SCc2ccco2)nc2[nH]c(=O)sc12
CHEMBL394859,2.41,O=C([C@@H]1CCCN1)N1CCN(c2nc(NCc3ccc(Cl)cc3Cl)c3cccnc3n2)CC1
CHEMBL1311211,2.3,N#Cc1cnn(-c2ccccc2)c1NC(=O)CN1CCN(c2ccccc2)CC1
CHEMBL137,-0.11,Cc1ncc([N+](=O)[O-])n1CCO
CHEMBL1630120,3.2,COCCN1CCN(CC(=O)Nc2ccc(-c3cccn4c(=O)cc(N5CCOCC5)nc34)c3sc4ccccc4c23)CC1
CHEMBL2207284,2.77,CNS(=O)(=O)c1ccc2c(C(=O)NC[C@@H](O)CN3CCC(Oc4ccc(Cl)c(Cl)c4)CC3)c[nH]c(=O)c2c1
CHEMBL279261,1.5,OC1(c2ccc(-c3ccccc3)cc2)CN2CCC1CC2
CHEMBL204825,1.0,O=C(c1cccc(Cc2nnc(O)c3ccccc23)c1)N1CCOCC1
CHEMBL1650729,2.39,Cc1cc(Nc2nc(N[C@@H](C)c3ncc(F)cn3)ncc2Br)n[nH]1
CHEMBL1916085,2.01,Cc1ccc(S(=O)(=O)Nc2c(C(=O)N(C)C3CCCCC3)cnn2-c2ccccc2)cc1
CHEMBL1556667,2.71,CSc1ncccc1C(=O)NCc1ccc(C)cc1
CHEMBL1789224,1.3,CNCC[C@@H](Oc1cc(C(F)(F)F)ccc1C#N)c1ccccc1
CHEMBL470897,2.8,CCC(C)Nc1nc(C#N)nc(N2CCOCC2)c1N
CHEMBL51594,1.4,c1ccc2c(c1)CCN(c1ccncc1)C2
CHEMBL1437137,2.5,CC(N)(COP(=O)(O)O)C(=O)O
CHEMBL2313078,3.6,O=C(Nc1ccc(F)cc1F)c1cc(Cl)ccc1O
CHEMBL1223870,0.12,CN(C)C(=O)N[C@H]1CC[C@H](CCN2[C@@H]3CC[C@H]2C[C@@H](Oc2cccc(C(N)=O)c2)C3)CC1
CHEMBL1916286,1.75,Cc1nn(-c2ccccc2)c(NS(=O)(=O)C2CCCCC2)c1C(=O)N[C@@H](C)C(C)(C)C
CHEMBL1231626,2.78,NC(=O)c1cnc(N[C@H]2CCCNC2)c2cc(-c3ccc(Cl)cc3)sc12
CHEMBL1946024,4.01,CCN(CC)C(=O)c1ccc(C(=C2CCN(Cc3ccc(F)cc3)CC2)c2ccc(NC(=O)OC)cc2)cc1
CHEMBL108246,2.84,Cc1ccccc1CCOCCCS(=O)(=O)CCNCCc1ccc(O)c2nc(O)sc12
CHEMBL1939741,3.27,CCN(C)C(=O)c1ccc([C@H](c2cccc(NC(=O)C3CCC3)c2)N2CCN(Cc3cccnc3)CC2)cc1
CHEMBL315970,4.41,CC(C)Cn1c(=O)n(C)c(=O)c2cn(Cc3cccc4ccccc34)cc21
CHEMBL2087086,3.1,C[C@@H]1CN(c2nc(C(F)(F)F)no2)CCN1c1ncc(OCc2ccncc2C#N)cn1
CHEMBL1922094,1.9,Cc1c(CN2CCN(C(=O)[C@H](C)O)CC2)sc2c(N3CCOCC3)nc(-c3cnc(N)nc3)nc12
CHEMBL71271,3.0,O=c1oc2ccccc2cc1-c1ccc(O)cc1
CHEMBL1468264,1.5,COc1cc(OC)c2nc(C)c3c(c2c1)N(c1ccc(O)cc1)CC3
CHEMBL1774099,2.5,COc1ccccc1N1CCN(Cc2c(Br)c(=O)n(-c3ccccc3)n2C)CC1
CHEMBL2031461,1.87,Cc1ccc(C(=O)Nc2ccon2)cc1-n1cnc2ccc(N3CCN(C)CC3)cc2c1=O
CHEMBL1807827,0.98,O=c1[nH]c2c(O)ccc([C@@H](O)CNCCSCCCNCCc3cccc(Cl)c3)c2s1
CHEMBL2331843,2.0,CCc1[nH]c2nc(Sc3cnc4ccc[n+]([O-])c4c3)nc(N3CC[C@@H](N)C3)c2c1Cl
CHEMBL1350030,1.71,O=C1Nc2ccccc2C1(O)c1ccccc1
CHEMBL233238,2.61,O=C(CN1C(=O)C(NC(=O)c2cc3cc(Cl)sc3[nH]2)Cc2ccccc21)NC(CO)CO
CHEMBL436968,3.68,CC(C)Oc1cc(OCCN2CCOCC2)cc2ncnc(Nc3c(Cl)ccc4c3OCO4)c12
CHEMBL2163584,3.12,N#CC1(NC(=O)[C@@H]2CCCC[C@H]2C(=O)N2CCc3[nH]c4c(Br)cccc4c3C2)CC1
CHEMBL351811,1.32,NC(Cc1ccccc1)c1ccccc1
CHEMBL87563,2.41,CCOC(=O)c1ccc(OC(=O)CCCCCN=C(N)N)cc1
CHEMBL269538,2.9,COc1ccc2c(c1)[nH]c1c(C)nccc12
CHEMBL1224215,2.23,Cc1cc(C(N)=O)ccc1O[C@H]1C[C@H]2CC[C@@H](C1)N2Cc1ccccc1
CHEMBL562308,1.79,O=C(CC12CC3CC(CC(C3)C1)C2)Nc1cccc2nc(NCCNCCO)ccc12
CHEMBL2036763,2.74,O=C(Nc1cccc(Cl)c1)N1CCN(C[C@@H]2CCCN(C3CC3)C2)CC1
CHEMBL1945299,0.91,COc1ccccc1CNCCc1cccc(CCNC[C@H](O)c2ccc(O)c3[nH]c(=O)sc23)c1
CHEMBL2219422,2.99,Cn1ncc(Cl)c1-c1cc(C(=O)N[C@H](CN)Cc2cccc(F)c2)sc1Cl
CHEMBL184,-1.42,Nc1nc(O)c2ncn(COCCO)c2n1
CHEMBL2028019,3.6,CN(C)C(=O)N[C@H]1CC[C@H](CCN2CCN(c3cccc(Cl)c3Cl)CC2)CC1
CHEMBL2207658,3.34,O=C(NC[C@@H](O)CN1CCC(Oc2ccc(Cl)c(Cl)c2)CC1)c1c[nH]nc1C(F)(F)F
CHEMBL2068839,3.21,Cc1ccc(COC(=O)N2CC[C@H](CNc3ncccn3)[C@H](F)C2)cc1
CHEMBL118755,-0.16,O=c1[nH]n(Cc2ccncc2)c(=O)c2c(=O)c3ccc(Cl)cc3[nH]c12
CHEMBL384467,1.87,C[C@@H]1C[C@H]2[C@@H]3CCC4=CC(=O)C=C[C@]4(C)[C@@]3(F)[C@@H](O)C[C@]2(C)[C@@]1(O)C(=O)CO
CHEMBL1270772,3.0,CS(=O)(=O)c1cccc(Nc2nccc(Nc3cccc4c3OCC4)n2)c1
CHEMBL2208426,2.86,CS(=O)(=O)c1ccc(C(=O)NC[C@@H](O)CN2CCC(Oc3ccc(Cl)c(Cl)c3)CC2)s1
CHEMBL1917448,-0.42,COc1cccc(S(=O)(=O)c2c(C)n(CC(=O)O)c3ccc(C)cc23)c1
CHEMBL1172,1.48,Clc1ccc2c(c1)CCc1cccnc1C2=C1CCNCC1
CHEMBL2171029,1.6,O=C(O)CCCCn1nnc(-c2ccc(C(=O)N3CCC(N4CCC(Oc5ccc(Cl)c(Cl)c5)CC4)CC3)cc2)n1
CHEMBL2070950,1.6,N#CC1(NC(=O)[C@@H]2CCCC[C@H]2C(=O)N2CCN(c3nc4ccncc4s3)CC2)CC1
CHEMBL1486517,2.5,O=C(C1CCN(c2nnc(-n3cccc3)s2)CC1)N1CCN(Cc2ccc3c(c2)OCO3)CC1
CHEMBL2036779,2.1,CCN1CCOC(C(=O)N2CCN(C(=O)Nc3ccc(Cl)c(Cl)c3)CC2)C1
CHEMBL2147032,3.24,O=C1COC2(CCN(S(=O)(=O)c3ccc(-c4ccc5cccnc5c4)cc3)CC2)CN1C1CC1
CHEMBL1907764,3.05,COc1cc2c(Nc3ccc(Br)cc3F)ncnc2cc1OC[C@@H]1CCCN(C)C1
CHEMBL1962616,-0.51,N=C(N)NC(=O)c1nc(Cl)c(NCc2ccncc2)nc1N
CHEMBL1366397,2.31,O=C(COc1ccccc1O)NC1CCCC1
CHEMBL393348,1.58,O=C(NCC12CC3CC(CC(C3)C1)C2)c1cc(C2CCNCC2)ccc1Cl
CHEMBL2021706,0.4,CCC[C@@H](CNC(=O)c1nc(Cl)c(N)nc1N)[N+](C)(C)CCCc1ccc(OC)cc1
CHEMBL187673,3.3,Oc1ccc(-c2nc3ccc(O)cc3o2)cc1
CHEMBL1555870,2.39,NC(=O)c1sc(-c2ccsc2)cc1NS(=O)(=O)c1ccc(C(F)(F)F)cc1
CHEMBL1289233,3.38,O=C(COCc1ccncc1)N1CCN(c2ccc(Cl)cc2Cl)CC1
CHEMBL2031235,1.75,Cc1ccc(NC(=O)c2ccno2)cc1-n1cnc2ccc(N3CCN(C)CC3)cc2c1=O
CHEMBL1824036,-0.51,CS(=O)(=O)c1ccc2c(c1)N(CCN1CCC(NCc3ccc4c(n3)NC(=O)CO4)CC1)C(=O)CO2
CHEMBL107955,1.67,CCOC(=O)N1CCN(C(=O)[C@H](Cc2cccc(C(=N)N)c2)NS(=O)(=O)c2c(C(C)C)cc(C(C)C)cc2C(C)C)CC1
CHEMBL445496,1.73,CNC1=Nc2ncccc2C(c2cc[nH]c2)=NC1c1cccs1
CHEMBL1478435,3.0,CC1(C)CC(=O)c2c(nc3ccccc3c2N)C1
CHEMBL1807860,3.68,C[C@H]1O[C@@H](n2cnc3c(N)nc(OCC4CC45CC5)nc32)[C@H](O)[C@H]1Cl
CHEMBL515062,2.77,CC(C)Oc1cc(Nc2nc(N[C@@H](C)c3ccc(F)cn3)nc(OC(CO)CO)c2Cl)n[nH]1
CHEMBL1778644,-0.92,CCS(=O)(=O)c1ccc(-c2cc(Cl)ccc2OCC(=O)O)c(F)c1
CHEMBL232433,3.17,C[S+]([O-])CCN1C(=O)C(NC(=O)c2cc3cc(Cl)sc3[nH]2)Cc2ccccc21
CHEMBL562698,1.77,O=C(NCC12CC3CC(CC(C3)C1)C2)c1ccnc(N2CCNCC2)c1Cl
CHEMBL2172005,1.85,COc1ccc(N2CCN(C(=O)[C@@H]3CCCC[C@H]3C(=O)NC3(C#N)CC3)[C@H](C)C2)cc1OC
CHEMBL2207666,3.42,O=C(NC[C@@H](O)CN1CCC(Oc2ccc(Cl)c(Cl)c2)CC1)c1c[nH]c(=O)c2ccccc12
CHEMBL2031562,0.2,Nc1cc(C(=O)Nc2cccc(-c3nnn[nH]3)c2)cc(C(F)(F)F)c1
CHEMBL415521,1.2,CCN(CC)C(=O)c1ccc(C(=C2CCNCC2)c2ccccc2)cc1
CHEMBL476518,3.51,Cc1ncc(-c2ccnc(Nc3ccc(N(C)C)cc3)n2)n1C(C)C
CHEMBL381055,3.73,O=C(c1ccc(F)cc1)N1CCC[C@H](c2nc(-c3ccc(F)cc3)no2)C1
CHEMBL51483,2.75,Cc1cc2c(C(C)C)c(O)c(O)c(C=O)c2c(O)c1-c1c(C)cc2c(C(C)C)c(O)c(O)c(C=O)c2c1O
CHEMBL110999,2.44,CN(CCCOCCOCCc1ccccc1)CCc1ccc(O)c2nc(O)sc12
CHEMBL2023475,3.88,CCn1cc(NC(=O)Cc2ccc(Oc3ccnc4ccc(F)cc34)cc2OC)cn1
CHEMBL325503,1.48,CC(C)C(NC(=O)Cn1c(-c2ccccc2)ccc(NC(=O)NCc2ccc[n+]([O-])c2)c1=O)C(=O)C(F)(F)F
CHEMBL1682283,0.92,C#Cc1cccc(Nc2nc3cc(C(=O)O)ccc3c3cncnc23)c1
CHEMBL595122,2.0,CCS(=O)(=O)c1ccc(Oc2cc3nc(-c4ccccn4)[nH]c3cc2CN2C(=O)CCC2=O)cc1
CHEMBL111350,1.77,O=S(=O)(CCCNCCc1ccc(O)c2nc(O)sc12)NCCSCCc1ccccc1
CHEMBL551170,2.1,O=C(NCC12CC3CC(CC(C3)C1)C2)c1cc(-n2ncc(=O)[nH]c2=O)ccc1Cl
CHEMBL373351,1.38,CCc1nc2c(N)nc3ccccc3c2n1CC(C)(C)O
CHEMBL2158772,2.54,Cc1ccccc1C[C@@H](C(=O)O)N1CCC(CN2CCC(Oc3ccc(Cl)c(Cl)c3)CC2)CC1
CHEMBL2152252,2.8,CNC(=O)c1nc(-c2ccc(Cl)c(S(=O)(=O)Nc3cccc(F)c3F)c2)cnc1N
CHEMBL90846,2.43,O=C(Nc1nccs1)c1ccccc1
CHEMBL2046684,3.64,O=C(Nc1ccc(Cl)nc1)c1ccc(F)c(Cl)c1
CHEMBL377309,4.14,CC(C)Cn1c(=O)n(C)c(=O)c2c(SC3CCCCC3)c(Cc3ccccc3C(F)(F)F)sc21
CHEMBL1809061,2.4,COc1cc(N2CCNCC2)ccc1Nc1ncc(Cl)c(-c2cnc3ccccn23)n1
CHEMBL1148,0.3,Cc1cccc(Nc2ccncc2S(=O)(=O)NC(=O)NC(C)C)c1
CHEMBL2059373,-0.98,O=C(O)c1cncc(-c2cnc3[nH]c(C(=O)NC4CC4)cc3c2-n2ccc(C(F)(F)F)n2)c1
CHEMBL444884,3.3,NC(=O)c1sc(-c2ccc(Cl)cc2)cc1N
CHEMBL1701081,2.81,Cn1c(=O)n(Cc2ccc(Br)cc2)c2ccccc21
CHEMBL2326478,3.3,Nc1nc2cc3c(cc2s1)CCN(Cc1cccc(F)c1)CC3
CHEMBL1595582,4.05,COc1ccc(Cl)cc1C(=O)Nc1nc2ccccc2[nH]1
CHEMBL467148,2.64,Cn1cc(S(C)(=O)=O)nc1-c1c2c(=O)n(C)c(=O)n(CC3CC3)c2nn1Cc1ccnc2ccc(Cl)cc12
CHEMBL111732,2.59,CN(CCc1ccc(O)c2nc(O)sc12)CCN(C)C(=O)CCOCCc1ccccc1
CHEMBL387265,2.82,COc1cc2ncnc(Nc3cccc(Cl)c3F)c2cc1OC1CCN(S(C)(=O)=O)CC1
CHEMBL1643349,2.3,CC1(C)C(=O)Nc2ccccc21
CHEMBL1278,0.48,CNS(=O)(=O)CCc1ccc2[nH]cc(C3CCN(C)CC3)c2c1
CHEMBL211677,2.88,Cc1ccc2c(c1)c(-c1cc(C)nc3ccccc13)c(C)n2CC(=O)O
CHEMBL1271187,3.05,c1cc(Nc2ccnc(Nc3cc(N4CCOCC4)cc(N4CCOCC4)c3)n2)c2cn[nH]c2c1
CHEMBL471757,3.08,CC(C)(C)CNc1nc(C#N)nc(N2CCOCC2)c1N
CHEMBL1907830,2.4,O=C1Nc2ccc(S(=O)(=O)N3CCC[C@H]3CNc3ccccc3)cc2C1=O
CHEMBL1545637,3.49,O=C(c1ccc(Cl)cc1)C1CCN(C(=O)c2ccc(F)cc2)CC1
CHEMBL1689109,0.49,O=C(O)COc1ccc(Cl)cc1CN1CCN(S(=O)(=O)c2ccccc2)CC1
CHEMBL1333961,1.92,Nc1[nH]nc2cccc(Cl)c12
CHEMBL13817,1.4,CC(C)(N)C(=O)N[C@H](COCc1ccccc1)C(=O)N1CCC2(CC1)CN(S(C)(=O)=O)c1ccccc12
CHEMBL1672434,2.13,C[C@H]1C[C@@H](NS(=O)(=O)c2cc(Br)ccc2Br)CN1C#N
CHEMBL212761,3.09,CC(C)(C)NC(=O)Nc1ccc(-c2c(N)nc(N)nc2COCc2ccccc2)cc1
CHEMBL513370,2.36,COc1ccc(N(C(=O)c2ccoc2Cl)C(C(=O)NC[C@@H](C)O)c2ccccc2F)c(OC)c1
CHEMBL576257,2.51,Cc1cc(Nc2cnc(C#N)c(N[C@@H](C)c3ccc(F)cn3)n2)n[nH]1
CHEMBL2062563,3.29,CC(=O)Nc1ccc2ccn(-c3cc(NC4CC4)n4ncc(C#N)c4n3)c2c1
CHEMBL2087850,2.87,CCn1c(=O)c2c(-c3cncn3C)n(Cc3ccnc4ccc(Cl)cc34)nc2n(CC2CC2)c1=O
CHEMBL1322675,1.69,CCCNC[C@H](O)COc1ccccc1C(=O)CCc1ccccc1
CHEMBL2323303,2.7,O=S(=O)(Nc1ncc(Cl)s1)c1cc(F)c(Oc2ccc(F)cc2-c2cn[nH]c2)cc1F
CHEMBL2179285,-0.25,Cc1cn([C@H]2CCCN([C@H](CC3CCOCC3)c3ccc(C(=O)O)c(Oc4cccc(Cl)c4)c3)C2)c(=O)[nH]c1=O
CHEMBL1333251,2.77,CC(=O)Nc1nc(-c2cccs2)cs1
CHEMBL27364,4.1,O=C1c2ccccc2CN1C1CCN(CCC(c2ccccc2)c2ccccc2)CC1
CHEMBL2059374,-0.88,CCNC(=O)c1cc2c(-n3nc(C(F)(F)F)cc3C)c(-c3cncc(C(=O)O)c3)cnc2[nH]1
CHEMBL2158839,2.58,O=C(O)[C@H](Cc1ccccc1F)N1CCC(CN2CCC(Oc3ccc(Cl)c(Cl)c3)CC2)CC1
CHEMBL1549615,3.9,COc1cc2cc(-c3ccc(O)cc3O)nc(C)c2cc1OC
CHEMBL1716201,4.15,Cc1cc(NC(=O)Nc2ccc(Cl)cc2)n(-c2ccccc2)n1
CHEMBL335707,2.31,O=C(c1ccc(CCC(COc2ccc(-c3cccc([N+](=O)[O-])c3)cc2)N2C(=O)CCCC2=O)cc1)N1CCCC1
CHEMBL1777848,2.8,O=c1oc2c(O)cccc2cc1-c1ccc(O)cc1
CHEMBL2158826,1.58,O=C(O)Cc1cccc(N2CCC(CN3CCC(Oc4ccc(Cl)c(Cl)c4)CC3)CC2)c1
CHEMBL476993,2.19,Cc1ncc(-c2nc(Nc3ccc(N4CCN(C(=O)CO)CC4)cc3)ncc2F)n1C(C)C
CHEMBL1916084,0.8,Cc1ccc(S(=O)(=O)Nc2c(C(=O)NC3CCCCC3)cnn2-c2ccccc2)cc1
CHEMBL2087851,3.53,Cn1cncc1-c1c2c(=O)n(C3CC3)c(=O)n(CC3CC3)c2nn1Cc1ccnc2ccc(Cl)cc12
CHEMBL2331748,1.6,Cc1cn([C@H]2CCCN(S(=O)(=O)c3ccc(O)c(Oc4cccc(F)c4)c3)C2)c(=O)[nH]c1=O
CHEMBL429330,2.49,CC(C)[C@H](NC(=O)CCc1ccccc1)C(=O)N1CCCC1
CHEMBL1524929,3.61,COc1ccccc1C(=O)Nc1nc2ccccc2s1
CHEMBL1624252,3.34,COc1ccc(-c2csc(N(CCCN3CCOCC3)C(=O)c3ccco3)n2)cc1
CHEMBL252956,3.53,O=C1CCCc2nc(C#Cc3ccccc3)ccc21
CHEMBL530184,3.65,c1ccc(-c2cc(NCCCCNc3cc(-c4ccccc4)nc4ccccc34)c3ccccc3n2)cc1
CHEMBL250687,3.99,CCCSc1nc(N[C@@H]2C[C@H]2c2ccccc2)c2nnn([C@@H]3C[C@H](CO)[C@@H](O)[C@H]3O)c2n1
CHEMBL1223952,1.19,NC(=O)c1cccc(C[C@H]2C[C@H]3CC[C@@H](C2)N3Cc2ccccc2)c1
CHEMBL1896037,3.41,O=C(c1ccccc1)C(O)(CN1CCCCC1)c1ccccc1
CHEMBL1807824,0.86,CCc1ccc(CCNCCCSCCNC[C@H](O)c2ccc(O)c3[nH]c(=O)sc23)cc1
CHEMBL2182002,2.6,Cc1cc(S(=O)(=O)N2CCN(C)CC2)ccc1-c1cnc(N)c(C(=O)Nc2cccnc2)n1
CHEMBL515311,2.15,Cc1ncc(-c2ccnc(Nc3ccc(N4CCN(C(=O)[C@H](C)O)CC4)cc3)n2)n1C(C)C
CHEMBL1455,2.44,CN(C)c1nc(N(C)C)nc(N(C)C)n1
CHEMBL2005730,3.2,COC(=O)c1ccc(NC(=O)c2cc(OC)c(OC)c(OC)c2)cc1
CHEMBL1741132,1.35,O=C1CN(N=Cc2ccc(-c3ccc([N+](=O)[O-])cc3)o2)C(O)=N1
CHEMBL2325994,1.3,NC1(C(=O)NC(CCCN2CCCC2)c2ccc(Cl)cc2)CCN(c2ncnc3[nH]ccc23)CC1
CHEMBL379738,1.86,O=C(CS(=O)(=O)c1ccccc1)c1ccccc1
CHEMBL2171048,1.79,Cc1ccc(S(=O)(=O)NC(=O)N2CCC(N3CCC(Oc4ccc(Cl)cc4C)CC3)CC2)cc1
CHEMBL341226,4.21,COc1cccc(NC(=O)CC23CC4CC(CC(C4)C2)C3)c1C
CHEMBL227897,2.5,O=C(Cc1ccccc1)Nc1nccs1
CHEMBL1956163,3.94,O=C1[C@@H]2[C@@H]3CC[C@@H](C3)[C@@H]2C(=O)N1[C@H]1CC[C@H](C(=O)Nc2cccc3cccnc23)CC1
CHEMBL1875368,3.9,O=C(Cc1cccc2ccccc12)Nc1ccccc1
CHEMBL267936,-0.84,CNC1(C)C2CCC(C2)C1(C)C
CHEMBL1422,0.31,N[C@@H](CC(=O)N1CCn2c(nnc2C(F)(F)F)C1)Cc1cc(F)c(F)cc1F
CHEMBL806,3.46,CC(C)C(=O)Nc1ccc([N+](=O)[O-])c(C(F)(F)F)c1
CHEMBL390191,1.73,Cc1nc(CSc2nc(N[C@H](C)CO)c3sc(N)nc3n2)cs1
CHEMBL330366,3.23,COc1cc(C(=O)N2CC[C@](CCN3CCC(C(N)=O)(c4ccccc4)CC3)(c3ccc(Cl)c(Cl)c3)C2)cc(OC)c1OC
CHEMBL404327,2.81,C[C@@H](Oc1cccc2ncnc(Nc3ccc4c(cnn4Cc4cscn4)c3)c12)C(=O)N1CCOCC1
CHEMBL225510,0.54,O=S(=O)(Nc1cccnc1)c1cccs1
CHEMBL1707308,3.22,O=C(Cn1cnc2ccccc21)c1ccc(Br)cc1
CHEMBL512901,4.09,CCCc1nc2c(N)nc3ccccc3c2s1
CHEMBL442956,0.78,O=C(O)C1Cc2c([nH]c3ccccc23)C(c2ccccc2)N1
CHEMBL1624560,2.36,COc1cc(CNc2nc3ccccc3[nH]2)cc(OC)c1OC
CHEMBL31741,2.96,O=c1[nH]c2cc(Cl)ccc2c(O)c1-c1cccc(Oc2ccccc2)c1
CHEMBL1547746,4.2,CCn1c2ccccc2c2cc(NC(=O)C(C)C)ccc21
CHEMBL181858,3.6,C=CCN(C(=O)NCc1ccc(OC)cc1)C1CCN(CCC(c2ccccc2)c2ccccc2)CC1
CHEMBL1907763,2.9,COc1cc2c(Nc3ccc(Cl)cc3F)ncnc2cc1OC[C@@H]1CCCN(C)C1
CHEMBL1762528,2.6,CN(c1cccc(CO)c1)c1ccnc(Nc2cc(N3CCOCC3)cc(N3CCOCC3)c2)n1
CHEMBL402728,1.73,Cc1nc(CSc2nc(N[C@H](C)CO)c3sc(=O)[nH]c3n2)cs1
CHEMBL1760962,1.24,Cn1nnc(-c2ccc(-c3ccc(N4C[C@H](COc5ccon5)OC4=O)cc3F)cn2)n1
CHEMBL1270569,2.83,CS(=O)(=O)c1cccc(Nc2nccc(Nc3cccc4c3OCO4)n2)c1
CHEMBL1288102,1.97,NC(=O)c1cnc(N[C@H]2CCCNC2)c2cc(-c3ccc(F)cc3F)sc12
CHEMBL2017459,3.3,CCN(C(=O)c1ccc(-c2ccc(Cl)cc2)o1)c1ccc(N2CCNCC2)cc1
CHEMBL1630130,2.9,O=C(CCN1CCCCC1)Nc1ccc(-c2cccn3c(=O)cc(N4CCOCC4)nc23)c2sc3ccccc3c12
CHEMBL1560812,2.17,Cc1ccc(S(=O)(=O)N2CCN(C(=O)c3ccco3)CC2)cc1
CHEMBL2086679,3.6,CC(C)(C)OC(=O)N1CCN(c2ncc(OCc3ccncc3F)cn2)CC1
CHEMBL1586839,3.7,Cc1ccc(CN2C(=O)CCSc3ccc(Cl)cc32)cc1
CHEMBL13863,1.88,CC(C)C(NC(=O)Cn1c(-c2ccccc2)cc2c(O)nc(O)nc2c1=O)C(=O)C(F)(F)F
CHEMBL1223953,1.11,NC(=O)c1cccc(C[C@@H]2C[C@H]3CC[C@@H](C2)N3Cc2ccccc2)c1
CHEMBL375166,1.07,Cc1n[nH]c(C)c1Cc1sc2c(c1C(=O)N1C[C@H](O)CO1)c(=O)n(C)c(=O)n2CC(C)C
CHEMBL1442709,3.29,O=c1c2cnn(-c3ccccc3)c2nc(-c2ccco2)n1-c1ccccc1
CHEMBL2171020,3.51,O=C(c1c[nH]c(=O)c2ccccc12)N1CCC(N2CCC(Oc3ccc(Cl)c(Cl)c3)CC2)CC1
CHEMBL1824044,0.87,COc1ccc2c(c1)N(CCN1CCC(NCc3ccc4c(n3)NC(=O)CO4)CC1)C(=O)CO2
CHEMBL209522,2.37,Nc1ncnc2c1nc(Sc1nc3cccc(Cl)c3s1)n2CCO
CHEMBL184052,3.6,COc1cc2ncnc(Nc3cc(NC(=O)c4cccc(N5CCOCC5)c4)ccc3C)c2cc1OC
CHEMBL1448915,2.18,Cc1ccccc1C(=O)N1CCN(c2ccccn2)CC1
CHEMBL2158779,2.6,O=C(O)[C@H](Cc1ccc(F)cc1)N1CCC(CN2CCC(Oc3ccc(Cl)cc3Cl)CC2)CC1
CHEMBL1779001,2.14,COc1ccc(-c2cncc(CNC3CCCC3)n2)c(OC)c1
CHEMBL250389,4.09,COC1CCN(C(=O)C2CCN(CCc3c(-c4cc(C)cc(C)c4)[nH]c4sc(C(C)(C)C(=O)N5C6CCC5CC6)cc34)CC2)CC1
CHEMBL2326690,1.94,C1=CCC(c2cc3ccccc3o2)CNC1
CHEMBL2208434,3.48,O=C(NC[C@@H](O)CN1CCC(Oc2ccc(Cl)c(Cl)c2)CC1)c1cc(=O)[nH]c2ccccc12
CHEMBL11334,2.63,CC(C)c1ncc(NC(=O)OCc2ccccc2)c(=O)n1CC(=O)NC(C(=O)C(F)(F)F)C(C)C
CHEMBL1939743,2.35,CCN(CC)C(=O)c1ccc([C@H](c2cccc(NC(=O)C3CC3)c2)N2CCN(CCOC)CC2)cc1
CHEMBL71044,1.9,CN(C)CCCNS(=O)(=O)c1ccc(Nc2nccc(-c3cnc4ccccn34)n2)cc1
CHEMBL1600648,0.16,Cc1nc2ncnn2c(O)c1CCOC(=O)c1c(F)cccc1F
CHEMBL384304,2.08,COc1ccc(F)c(F)c1C(=O)c1cnc(NC2CCN(S(C)(=O)=O)CC2)nc1N
CHEMBL1224065,1.01,NC(=O)c1cccc(N[C@H]2C[C@H]3CC[C@@H](C2)N3Cc2ccccc2)c1
CHEMBL1526499,4.0,Clc1ccc(-c2cn3ccccc3n2)cc1
CHEMBL1095,1.0,CCN1C(=O)NC(c2ccccc2)C1=O
CHEMBL185315,1.8,Cc1ccc(NC(=O)c2ccnc(N3CCOCC3)c2)cc1Nc1ccnc(OC2CCN(C)CC2)n1
CHEMBL380936,3.69,Nc1nc(NCc2ccccc2)nc2c1nc(O)n2Cc1ccccc1
CHEMBL1951912,1.44,CCN(C(=O)Cc1ccc(S(C)(=O)=O)cc1)C1CCN(CC[C@@H](c2cccc(F)c2)C2CCN(S(C)(=O)=O)CC2)CC1
CHEMBL2178946,1.7,Cc1nc(C)c(-c2ccc([C@H]3CC[C@@H](CC(=O)O)CC3)c(Cl)c2)nc1C(N)=O
CHEMBL27006,3.6,FC(F)(F)c1cc(CO[C@H]2CCCN[C@H]2c2ccccc2)cc(C(F)(F)F)c1
CHEMBL423026,2.47,CN(CCOc1ccc(C[C@H](Nc2ccccc2C(=O)c2ccccc2)C(=O)O)cc1)c1nc2ccccc2o1
CHEMBL1164070,3.4,Cc1cccc(C(=O)N2CCC(C(=O)c3ccc(F)cc3)CC2)c1
CHEMBL2321999,1.95,Clc1ccc([C@H]2CC=CCNC2)cc1Cl
CHEMBL226959,1.17,COC(=O)c1ccc(Cn2[nH]c(=O)c3[nH]c4cc(Cl)ccc4c(=O)c3c2=O)cc1
CHEMBL1528704,1.25,CCN(CC)c1ncnc2c1ncn2Cc1c(Cl)cccc1Cl
CHEMBL1809058,2.3,COc1cc(N2CC3CNCC(C2)O3)ccc1Nc1ncc(Cl)c(-c2cnc3ccccn23)n1
CHEMBL171951,-0.4,CCCS(=O)(=O)N1N=Cc2cc(Cl)ccc2B1O
CHEMBL1240590,2.99,CNc1ccc2ncc(-c3cccc(O)c3)n2n1
CHEMBL398149,2.1,CC(=O)Nc1cccc(Nc2nc(NC3CC3)n3ncc(C#N)c3n2)c1
CHEMBL521815,1.03,CN1CCN(C(=O)c2cc(Cc3n[nH]c(=O)c4ccccc34)ccc2F)CC1
CHEMBL271703,2.89,C[C@H](CO)Nc1nc(SCc2cccc(F)c2F)nc2nc(N)cnc12
CHEMBL259084,2.58,O=C(O)c1ccc(Nc2ncc3c(n2)-c2ccc(Cl)cc2C(c2c(F)cccc2F)=NC3)cc1
CHEMBL1643194,2.62,Cc1cc(CN2Cc3ccccc3C2C(=O)Nc2ccc(Cl)cc2Cl)ccc1OCC(=O)O
CHEMBL78535,2.14,CCO/N=C(\c1ccc(Br)cc1)C1CCN(C2(C)CCN(C(=O)c3c(C)cc[n+]([O-])c3C)CC2)CC1
CHEMBL13923,1.74,CC(C)C(NC(=O)Cn1c(-c2ccccc2)ccc(N)c1=O)C(=O)C(F)(F)F
CHEMBL397983,3.7,CCOc1ccc(-n2c([C@@H](C)N(Cc3cccnc3)C(=O)Cc3ccc(OC(F)(F)F)cc3)nc3ncccc3c2=O)cc1
CHEMBL2335908,3.11,COc1cc2nc(Nc3ccc([C@@H](C)NC(C)=O)cc3)ncc2cc1-c1ccncc1
CHEMBL517534,2.55,O=C(Nc1nccs1)[C@H](CC1CCOCC1)c1ccc(S(=O)(=O)C2CC2)cc1
CHEMBL1401353,3.0,Cc1cccc(NS(=O)(=O)c2cccc3nonc23)c1
CHEMBL1683032,3.02,CCOc1cc2nnc(C(N)=O)c(Nc3cc(C)ccc3F)c2cc1N1CCN(C)CC1
CHEMBL1731705,3.96,O=S(=O)(Nc1ccccc1-c1ccccc1)c1ccccc1
CHEMBL70972,2.48,CC1=C(C)C(=O)C(C(CCCCCC(=O)O)c2ccccc2)=C(C)C1=O
CHEMBL2207664,3.14,Cc1c(Cl)ccc(OC2CCN(C[C@H](O)CNC(=O)c3c[nH]c(=O)cc3C(F)(F)F)CC2)c1Cl
CHEMBL2057336,2.47,Cc1ccc(-c2ccc(N)nn2)cc1NC(=O)c1ccc(OCc2ccccn2)cc1
CHEMBL1682962,3.07,CC[C@H](NC(=O)c1c([S+](C)[O-])c(-c2ccccc2)nc2cc(Cl)ccc12)c1ccccc1
CHEMBL554332,3.04,O=C(CC1CCN(Cc2ccn(-c3ccc(C(F)(F)F)cc3)c2)CC1)NC(c1ccc(F)cc1)c1ccc(=O)[nH]c1
CHEMBL1778639,-0.45,CCS(=O)(=O)c1ccc(-c2cc(C(F)(F)F)ccc2OCC(=O)O)c(C)c1
CHEMBL226804,2.1,CC(c1cc2ccccc2o1)n1[nH]c(=O)c2[nH]c3cc(Cl)ccc3c(=O)c2c1=O
CHEMBL2088098,1.86,Cc1cc(CNc2nccc(Nc3cc(C)[nH]n3)n2)on1
CHEMBL51257,2.81,CCCC(=O)Nc1ccc2c(c1)C(=O)C(=O)c1ccccc1-2
CHEMBL787,3.45,CC(C)(O)c1ccccc1CC[C@@H](SCC1(CC(=O)O)CC1)c1cccc(/C=C/c2ccc3ccc(Cl)cc3n2)c1
CHEMBL101253,3.7,Clc1ccc(Nc2nnc(Cc3ccncc3)c3ccccc23)cc1
CHEMBL1043,0.88,Nc1ccc(S(=O)(=O)c2ccc(N)cc2)cc1
CHEMBL1294,2.21,C=C[C@H]1CN2CC[C@H]1C[C@@H]2[C@@H](O)c1ccnc2ccc(OC)cc12
CHEMBL2178941,1.6,Cc1nc(C)c(-c2ccc([C@H]3CC[C@H](CCC(=O)O)CC3)cc2)nc1C(N)=O
CHEMBL347645,0.3,NC(=O)Cc1ccccc1
CHEMBL1981679,0.64,CC(=O)O[C@H]1CC[C@]2(C=O)[C@H]3CC[C@]4(C)[C@@H](C5=CC(=O)OC5)CC[C@]4(O)[C@@H]3CC[C@]2(O)C1
CHEMBL207584,3.58,COc1cc2ncnc(Nc3cccc(Cl)c3F)c2cc1CN1CCC[C@H]1C(N)=O
CHEMBL92401,0.33,CC(C)NNC(=O)c1ccncc1
CHEMBL404609,2.42,NC(=O)Nc1sc(-c2ccccc2)cc1C(N)=O
CHEMBL1625467,3.22,Nc1ccc(N=Nc2ccccc2)c(N)n1
CHEMBL2158466,3.27,CCCSc1nc(NC)ccc1C(=O)N[C@H]1C2CC3CC1C[C@](O)(C3)C2
CHEMBL186513,3.6,N#Cc1cc(O)cc2nc(-c3ccc(O)cc3)oc12
CHEMBL2031157,0.27,O=C(N[C@@H](Cc1ccc(C#CCCNc2ccccn2)cc1)C(=O)O)c1c(Cl)cccc1Cl
CHEMBL1682823,3.3,O=C1CCOc2nc(C#CC3CCCCC3)ccc21
CHEMBL1319232,2.1,Cc1ccc(-n2[nH]c(=O)c3cccnc32)cc1
CHEMBL36994,0.93,COc1ccc(C(=O)N2CCCC2=O)cc1
CHEMBL1173055,1.17,CNCc1ccc(-c2[nH]c3cc(F)cc4c3c2CCNC4=O)cc1
CHEMBL573214,1.41,Oc1ccc2c3c1O[C@H]1c4[nH]c5c(c4C[C@@]4(O)[C@@H](C2)N(CC2CC2)CC[C@]314)C[C@@]1(O)[C@H]2Cc3ccc(O)c4c3[C@@]1(CCN2CC1CC1)[C@H]5O4
CHEMBL246533,2.5,Clc1cccc2[nH]ncc12
CHEMBL38182,1.64,N#Cc1ccc(NC(=O)Nc2ccccc2Br)c2nn[nH]c12
CHEMBL1548889,1.97,Nc1ccc(Cl)c(-c2nc3ncccc3o2)c1
CHEMBL232656,1.91,C[C@@H]1CN(Cc2ccc(F)cc2)CCN1C(=O)COc1ccc(Cl)cc1NC(N)=O
CHEMBL182266,2.8,CN(C(=O)c1ccncc1)C1CCN(CCC(c2ccccc2)c2ccccc2)CC1
CHEMBL444194,3.62,Cc1ncc(-c2ccnc(Nc3ccc(C#N)cc3)n2)n1C(C)C
CHEMBL551984,2.39,N#Cc1cccc(NCC(=O)Nc2c(Cl)ccc3nc(N4CC[C@@H](O)C4)ccc23)c1
CHEMBL2071097,1.42,N#CC1(NC(=O)[C@@H]2CCCC[C@H]2C(=O)N2CCN(c3nc4c(s3)COCC4)CC2)CC1
CHEMBL523058,2.55,O=C(c1cc(Cc2n[nH]c(=O)c3ccccc23)ccc1F)N1CCN(c2ccccn2)CC1
CHEMBL1201295,3.57,Cc1ccc(C(=O)Oc2ccc(C(O)CNC(C)(C)C)cc2OC(=O)c2ccc(C)cc2)cc1
CHEMBL413742,3.66,CCCCC(CC)CNC(=O)c1ccc2c(c1)c(Cc1ccc(C(=O)NS(=O)(=O)c3ccccc3C)cc1OC)cn2C
CHEMBL198150,1.73,CCN(C(=O)Cc1ccc(S(C)(=O)=O)cc1)C1CCN(CCC(c2ccccc2)c2ccc(S(C)(=O)=O)cc2)CC1
CHEMBL1934419,0.25,Cc1ccc(S(=O)(=O)Nc2c(C(=O)N[C@@H](C)C(C)(C)C)c(C)nn2C2CCS(=O)(=O)CC2)cc1
CHEMBL210884,2.26,COCCOc1nc(N)c2[nH]c(=O)n(Cc3ccccc3)c2n1
CHEMBL1762548,3.9,Cc1ccc(CO)cc1N(c1ccnc(Nc2cc(N3CCOCC3)cc(N3CCOCC3)c2)n1)C(C)C
CHEMBL1631095,3.4,NC(=O)c1cc(C(N)=O)n(-c2cccc(-c3cc(C(F)(F)F)ccc3C(F)(F)F)c2)n1
CHEMBL498404,2.28,CS(=O)(=O)Nc1cc(Nc2nccc(Nc3c(Cl)ccc4c3OCO4)n2)cc(C(N)=O)c1
CHEMBL2031561,0.8,O=C(Nc1cccc(-c2nnn[nH]2)c1)c1cc(O)cc(C(F)(F)F)c1
CHEMBL2089275,0.7,N#Cc1cccc(-c2cccc(-c3nn[nH]n3)c2)c1
CHEMBL605846,0.79,COc1ccc(CC(C)(C)NC[C@H](O)c2cc(O)cc3c2OCC(=O)N3)cc1
CHEMBL2035029,2.2,NC1(c2ccc(-c3ncc4cnccc4c3-c3ccccc3)cc2)CCC1
CHEMBL1398535,1.7,N#Cc1cnn(-c2ccccc2)c1NC(=O)c1ccccc1F
CHEMBL424414,1.9,Cc1cc(=O)[nH]c2ccccc12
CHEMBL402501,2.4,C[C@H](Cc1cccc(CC(=O)NC23CC4CC(CC(C4)C2)C3)c1)NC[C@H](O)c1ccc(O)c(CO)c1
CHEMBL100913,0.95,Oc1ccc(-c2ccc(C3(O)CN4CCC3CC4)cc2)cc1
CHEMBL1598315,1.23,CNC(=O)c1snnc1-c1ccccc1
CHEMBL226780,1.77,CC(C)(C)NC(=O)Nc1cccc(Cn2[nH]c(=O)c3[nH]c4cc(Cl)ccc4c(=O)c3c2=O)c1
CHEMBL587004,2.91,CN1CCN(c2nc(NCCNc3ccc([N+](=O)[O-])cc3)c3ccccc3n2)CC1
CHEMBL2023265,-0.2,O=C(O)CSCC(=O)Nc1nc(-c2ccc(F)cc2)cs1
CHEMBL2030813,-0.48,O=C(N[C@@H](Cc1ccc(OCCNc2ccccn2)cc1)C(=O)O)c1c(Cl)cccc1Cl
CHEMBL2086658,2.8,CC(C)(C)OC(=O)N1CCC(c2ncc(OCc3ccc(S(C)(=O)=O)cc3)cn2)CC1
CHEMBL1221510,3.0,CC(C)Cn1c(=O)[nH]c(=O)c2c(C(=O)N3CCC3)c(Cc3ccccc3C(F)(F)F)sc21
CHEMBL2069623,3.17,Nc1ncnc2c1c(COc1cccc(Cl)c1)nn2C1CCOCC1
CHEMBL53966,3.21,O=C(COCc1ccccc1)Nc1ccc2c(c1)C(=O)C(=O)c1ccccc1-2
CHEMBL2062578,3.09,N#Cc1cnn2c(NC3CC3)cc(-n3ccc4ccc(CO)cc43)nc12
CHEMBL128,-0.96,CNS(=O)(=O)Cc1ccc2[nH]cc(CCN(C)C)c2c1
CHEMBL2035032,2.9,NC1(c2ccc(-c3c(-c4ccccc4)ccc4ccnn34)cc2)CCC1
CHEMBL2010836,3.0,CN(C(=O)Cc1ccc(-n2cnnn2)cc1)C1CCN(Cc2ccc(C(F)(F)F)cc2)CC1
CHEMBL1829422,1.37,CCC(c1nc2ccoc2c(=O)n1Cc1ccccc1)N(CCCN)C(=O)c1ccc(C)cc1
CHEMBL513412,2.04,COc1ccc(N(C(=O)c2occc2C)C(C(=O)NC[C@@H](C)O)c2ccccc2F)c(OC)c1
CHEMBL167471,2.95,CCCc1c(OCc2cccc(NC(=O)Cc3ccccc3C(=O)O)c2)ccc(C(C)=O)c1O
CHEMBL1766082,3.1,Cc1ncccc1Oc1ncnc(OC2C3COCC2CN(C(=O)OC(C)C)C3)c1C
CHEMBL404057,3.15,C[C@H](CO)Nc1nc(SCc2cccc(F)c2F)nc2nccnc12
CHEMBL2035040,1.3,NC(=O)c1cnc(-c2ccc(C3(N)CCC3)cc2)c(-c2ccccc2)c1
CHEMBL402986,2.86,C[C@H](CO)Nc1nc(SCc2ccccc2)nc2[nH]c(=O)sc12
CHEMBL1789186,0.77,N#Cc1cc(F)c(Cl)cc1O[C@H](CCN)c1ccccc1
CHEMBL1762543,3.7,Cc1ccc(CO)cc1N(C)c1ccnc(Nc2cc(OC3CCOCC3)cc(N3CCOCC3)c2)n1
CHEMBL380947,3.37,CC(C)(CO)Nc1nc(SCc2cccc(F)c2F)nc2nc(N)sc12
CHEMBL117,3.83,O=c1cc(-c2ccccc2)oc2cc(O)cc(O)c12
CHEMBL2057371,1.37,CC(C)(C)NS(=O)(=O)c1cncc(-c2ccc3nc(NC(=O)NCC(=O)N4CCCC4)nn3c2)c1
CHEMBL377136,2.2,O=C(Nc1ccccn1)c1ccccc1
CHEMBL361546,1.44,O=c1c2sccc2n(CC2COc3ccccc3O2)c(=O)n1O
CHEMBL1644331,3.92,c1ccc(Sc2ccc3ccccc3n2)cc1
CHEMBL2031559,1.1,O=C(Nc1cccc(-c2nnn[nH]2)c1)c1cc(C(F)(F)F)cc2[nH]cnc12
CHEMBL1778369,1.69,COC[C@H](C)Oc1cc(Oc2ccc(Cl)cc2)cc(C(=O)Nc2ccc(C(=O)O)cn2)c1
CHEMBL2172007,2.35,C[C@@H]1CN(c2ccccc2)CCN1C(=O)[C@@H]1CCCC[C@H]1C(=O)NC1(C#N)CC1
CHEMBL2164748,0.9,COc1ccc2ncc(=O)n(CCN3CC[C@@H](NCc4cc5c(cn4)OCCO5)[C@H](O)C3)c2c1
CHEMBL452791,2.21,COCCOCCOc1ccc(-c2cc(C(N)=O)c(NC(N)=O)s2)cc1
CHEMBL36,2.31,CCc1nc(N)nc(N)c1-c1ccc(Cl)cc1
CHEMBL190243,1.64,C[C@@H](C(=O)NCCN1CCCC1)c1ccc(OS(=O)(=O)C(F)(F)F)cc1
CHEMBL1532611,2.71,Nc1ccc(OCCc2ccccc2)cc1
CHEMBL1773254,1.67,O=C(O)CCc1ccc(OCc2cccc(Br)c2)cc1
CHEMBL1164184,3.3,O=C(Nc1ncc(F)s1)C(CC1CCOCC1)c1ccc(S(=O)(=O)C2CC2)cc1
CHEMBL507722,2.13,Cc1ncc(-c2nc(Nc3ccc(C(=O)NC4CCN(C)CC4)cc3)ncc2F)n1C(C)C
CHEMBL138649,3.6,O=c1cc(-c2ccccc2)oc2ccc(O)cc12
CHEMBL275455,2.32,CC(C)C(NC(=O)Cn1c(-c2cccs2)ncc(NC(=O)OCC(F)(F)F)c1=O)C(=O)C(F)(F)F
CHEMBL321590,1.53,O=C(NO)C1COC(c2ccc(F)c(C(F)(F)F)c2)=N1
CHEMBL123846,3.0,CCCc1c(OCCCOc2ccc3c(=O)cc(C(=O)O)oc3c2CCC)ccc(C(C)=O)c1O
CHEMBL1084863,2.86,NS(=O)(=O)c1ccc(Nc2nccc(-c3ccccc3)n2)cc1
CHEMBL1180725,0.2,CC(C)[N+](C)(CCOC(=O)C1c2ccccc2Oc2ccccc21)C(C)C
CHEMBL1389370,3.3,CCN(CC)CCNc1ncnc2c1sc1nc(N3CCOCC3)c3c(c12)CCCC3
CHEMBL1079486,2.0,CC(=O)NC1CC(C)N(C(=O)c2ccccc2)c2ccccc21
CHEMBL1800656,1.92,CCN(CCNCCc1ccc(O)c2[nH]c(=O)sc12)C(=O)CCOCCc1ccccc1
CHEMBL151445,0.4,OCC(O)CN1CCN(c2ccccc2)CC1
CHEMBL561652,2.63,C[C@@H](CO)Oc1cc(Oc2ccc(S(C)(=O)=O)cc2)cc(C(=O)Nc2nccs2)c1
CHEMBL2207225,2.49,COc1cc(OC)c(S(=O)(=O)N2c3ccccc3CCC2C)cc1NC(=O)Cc1ccnc(F)c1
CHEMBL1313395,3.66,Cc1sc2ncnc(N3CCN(c4ncccn4)CC3)c2c1C
CHEMBL394527,3.27,O=C(N[C@@H]1Cc2ccccc2N(C[C@@H](O)CO)C1=O)c1cc2cc(Cl)sc2[nH]1
CHEMBL260135,2.6,Nc1n[nH]c2nnc(-c3ccccc3)c(-c3ccccc3)c12
CHEMBL1796297,2.31,O=C(NCc1ccncc1)c1ccc(Oc2ccc(C#C[C@@]3(O)CN4CCC3CC4)cc2)cc1
CHEMBL451496,2.1,O=C1c2ccc(O)cc2C(=O)N1c1ccc(O)cc1F
CHEMBL2325696,2.8,C[C@H]1COCCN1c1cc(C2(S(C)(=O)=O)CC2)nc(-c2cccc3[nH]ccc23)n1
CHEMBL2158774,3.01,Cc1ccc(C[C@@H](C(=O)O)N2CCC(CN3CCC(Oc4ccc(Cl)c(Cl)c4)CC3)CC2)cc1
CHEMBL255536,2.48,COc1ccc(CC(=O)NC(N/C(=N/C#N)Nc2ccccc2C)C(C)(C)C)cc1OC
CHEMBL2206523,3.64,CN1Cc2ccccc2C(c2ccc(Cl)cc2)C1
CHEMBL1892245,-1.31,O=C(O)CSc1c[nH]c2ccccc12
CHEMBL1466,1.22,O=c1oc2ccccc2c(O)c1Cc1c(O)c2ccccc2oc1=O
CHEMBL1169880,3.49,C[C@@H](Oc1ccc(S(C)(=O)=O)cc1C(=O)N1CCN(c2ncc(C(F)(F)F)cc2F)CC1)C(F)(F)F
CHEMBL2164672,0.9,N#CCNC(=O)[C@@H]1CCCC[C@H]1C(=O)N1CCCCC1
CHEMBL2030798,-0.31,CNc1cccc(CCOc2ccc(C[C@H](NC(=O)c3ccccc3Cl)C(=O)O)cc2)n1
CHEMBL661,1.98,Cc1nnc2n1-c1ccc(Cl)cc1C(c1ccccc1)=NC2
CHEMBL2335894,3.05,COCCC(=O)N[C@@H](C)c1ccc(Nc2ncc3cc(-c4ccncc4)ccc3n2)cc1
CHEMBL511115,0.76,COc1ccc([C@]2(C#N)CC[C@@H](C(=O)O)CC2)cc1OC1CCCC1
CHEMBL2335123,2.46,CCOc1ccccc1-c1ccc(-c2nc3ccc(F)cc3c(C(=O)NCCOCCN)c2C)cc1
CHEMBL1777822,0.15,Cc1ccc(C#N)cc1-c1cc(C(F)(F)F)ccc1OCC(=O)O
CHEMBL1236772,2.91,CS(=O)(=O)c1cccc(Nc2nccc(Nc3cccc4[nH]ncc34)n2)c1
CHEMBL2177159,2.26,COCCNS(=O)(=O)c1ccc(-c2cnc(N)c(C(=O)Nc3cccnc3)n2)cc1
CHEMBL1950729,0.87,CN[C@@H](C)C(=O)N[C@H](C(=O)N[C@H]1CCCN(C(=O)c2ccccc2)C1)C1CCCCC1
CHEMBL2178579,2.6,O=C(Nc1ccc(Cl)c(S(=O)(=O)N2CCNCC2)c1O)Nc1cccc(F)c1Cl
CHEMBL1194608,0.53,CN1CC=C(c2cccc(O)c2)CC1
CHEMBL267744,-0.84,O=C(O)COc1ccc(C(=O)c2cccs2)c(Cl)c1Cl
CHEMBL1201016,1.7,COCC1=C(C(=O)OC(C)OC(=O)OC(C)C)N2C(=O)[C@@H](NC(=O)/C(=N\OC)c3csc(N)n3)[C@H]2SC1
CHEMBL932,3.97,OCCN(CCO)c1nc(N2CCCCC2)c2nc(N(CCO)CCO)nc(N3CCCCC3)c2n1
CHEMBL556716,2.9,CS(=O)(=O)c1ccc(C(CCNC(=O)c2ccc(C#N)cc2)c2ccc(F)cc2)cc1
CHEMBL1945031,1.13,Cc1cccc2c(CCNCc3cccc(CCNC[C@H](O)c4ccc(O)c5[nH]c(=O)sc45)c3)c[nH]c12
CHEMBL2331754,2.69,Cc1cn([C@H]2CCCN(S(=O)(=O)c3ccc(CO)c(Oc4cccc(Cl)c4)c3)C2)c(=O)[nH]c1=O
CHEMBL2170989,1.9,Nc1ncnc2c1ncn2[C@@H]1O[C@H](CSCCCNC(=O)Nc2ccccc2)[C@@H](O)[C@H]1O
CHEMBL1123,3.72,CCN(CC)CCOC(=O)C1(C2CCCCC2)CCCCC1
CHEMBL442137,1.7,CC12NC(Cc3ccccc31)c1ccccc12
CHEMBL2171992,1.74,COc1ccc(N2CCN(C(=O)[C@@H]3CCCC[C@H]3C(=O)NC3(C#N)CC3)CC2)cc1
CHEMBL2181928,2.75,C[C@@H]1CN(c2ccc3c(n2)NC(=O)CO3)[C@H](c2ccccc2)CO1
CHEMBL2164690,4.1,CC(C)c1ccc2[nH]c3c(c2c1)CN(C(=O)[C@@H]1CCCC[C@H]1C(=O)NC1(C#N)CC1)CC3
CHEMBL73189,2.7,Cc1nc2ccccn2c1-c1ccnc(Nc2cccc(Cl)c2)n1
CHEMBL1689117,0.99,O=C(O)COc1ccc(Cl)cc1CN1CCN(S(=O)(=O)c2ccc(F)cc2)CC1
CHEMBL110147,1.84,O=S(=O)(CCCNCCc1ccc(O)c2nc(O)sc12)NCCOCCSc1ccccc1
CHEMBL2139925,4.1,CCc1nc2ccc(C(=O)NCc3ccc4c(c3)OCO4)cn2c1N(C)Cc1cccs1
CHEMBL469727,1.98,COCc1ccoc1C(=O)N(c1ccc(OC)cc1OC)C(C(=O)NC[C@@H](C)O)c1ccccc1F
CHEMBL186526,2.65,Cc1ccc(NC(=O)c2cccc(N(C)C)c2)cc1NC(=O)c1ccc(O)cc1
CHEMBL1778866,2.23,COc1cc(F)ccc1-c1cncc(CNC2CCC2)n1
CHEMBL31815,3.7,C=CC(=O)Nc1ccc2ncnc(Nc3cccc(C)c3)c2c1
CHEMBL502,2.41,COc1cc2c(cc1OC)C(=O)C(CC1CCN(Cc3ccccc3)CC1)C2
CHEMBL298700,3.3,CCN(CC)C(=O)c1ccc2[nH]c(-c3cc(C)cc(C)c3)c(CCNCCCCc3ccncc3)c2c1
CHEMBL1287853,2.11,Cc1cnc(Nc2ccc(OCCN3CCCC3)cc2)nc1Nc1cccc(S(=O)(=O)NC(C)(C)C)c1
CHEMBL1199988,1.85,Nc1ncc(-c2cnn(C3CCNCC3)c2)cc1-c1nc2ccccc2o1
CHEMBL2062558,2.23,N#Cc1cnn2c(N)cc(-c3ccc(F)cc3)nc12
CHEMBL398894,2.6,NS(=O)(=O)c1cccc(Nc2nccc(Nc3cccc4[nH]ncc34)n2)c1
CHEMBL247471,3.1,C[C@H](c1ccc(F)cc1CCCC(=O)O)N(c1cc(F)ccc1F)S(=O)(=O)c1ccc(Cl)cc1
CHEMBL1699517,1.07,Cc1nc(CS(=O)(=O)c2ccccc2)cc(N2CCOCC2)n1
CHEMBL23,1.99,COc1ccc([C@@H]2Sc3ccccc3N(CCN(C)C)C(=O)[C@@H]2OC(C)=O)cc1
CHEMBL168634,0.05,Cc1ccc(S(=O)(=O)N2N=Cc3ccccc3B2O)cc1
CHEMBL260374,2.3,S=C(NC1CCCCC1)N1CCC(c2cnc[nH]2)CC1
CHEMBL50608,2.2,Nc1cc(-c2ccccc2)nc2ccccc12
CHEMBL2010839,1.8,CN(C(=O)Cc1ccc(-n2cnnn2)cc1)C1CCN(Cc2ccc(C(F)(F)F)nc2)CC1
CHEMBL1288009,1.82,COc1ccc(-c2cc3c(N[C@H]4CCCNC4)ncc(C(N)=O)c3s2)cc1
CHEMBL1900528,-0.25,C[N+]1(C)[C@@H]2C[C@@H](OC(=O)C(O)(c3cccs3)c3cccs3)C[C@H]1[C@@H]1O[C@@H]12
CHEMBL591931,1.27,N=C(N)c1cc2c(-c3ccccc3)cccc2s1
CHEMBL376291,3.1,O=C1C(=O)N(Cc2ccc(Cl)cc2)c2ccccc21
CHEMBL223166,0.9,COc1ccccc1O[C@@H](c1ccccc1)[C@@H]1CNCCO1
CHEMBL1631468,1.86,CCCNC(=O)c1nnc2c(-c3ncccn3)cccc2c1N
CHEMBL1944689,2.3,O=c1[nH]c2c(O)ccc([C@@H](O)CNCCc3ccc(CNCCc4c(Cl)cccc4Cl)cc3)c2s1
CHEMBL1689122,0.69,CC1CN(S(=O)(=O)c2ccccc2)CCN1Cc1cc(Cl)ccc1OCC(=O)O
CHEMBL1289349,2.74,O=C(COCc1ccncc1)N1CCC(c2ccc(Cl)cc2)CC1
CHEMBL92840,2.15,CC(O)(C(=O)Nc1ccc(S(=O)(=O)c2ccncc2)cc1)C(F)(F)F
CHEMBL360227,2.4,CCN(CC)CCN1C(=O)[C@@](O)(c2ccccc2Cl)c2c1cc(C(N)=O)cc2C(F)(F)F
CHEMBL2207281,2.06,O=C(NC[C@@H](O)CN1CCC(Oc2ccc(Cl)c(Cl)c2)CC1)c1c[nH]c(=O)c2cc(S(=O)(=O)NCCO)ccc12
CHEMBL1762550,3.44,Cc1ccc(CO)cc1N(C)c1ccnc(Nc2cc(N3CCOCC3)nc(N3CCOCC3)c2)n1
CHEMBL177611,0.6,O=C(N[C@H]1CN2CCC1CC2)c1ccc(Cl)cc1
CHEMBL1320527,1.91,Cc1occc(=O)c1OCc1ccc(F)cc1
CHEMBL1414985,2.96,O=C(Cc1ccccn1)c1ccc(Cl)cc1
CHEMBL6800,1.9,COc1nc(Br)cnc1NS(=O)(=O)c1cccc2c(N(C)C)cccc12
CHEMBL1364572,2.91,NC(=O)c1sc2nccc(Nc3ccccc3)c2c1N
CHEMBL2003130,3.31,O=c1[nH]c(-c2ccccc2)nc2cc(Cl)ccc12
CHEMBL388525,3.39,O=c1c2ccccc2oc2cc(O)cc(O)c12
CHEMBL1778650,0.31,CCC(Oc1ccc(C(F)(F)F)cc1-c1ccc(S(=O)(=O)CC)cc1C)C(=O)O
CHEMBL65511,1.97,COC(=O)N1CCN(C(=O)Cc2ccc(Cl)c(Cl)c2)[C@@H](CN2CCCC2)C1
CHEMBL457887,1.32,Cc1ncc(-c2ccnc(Nc3ccc(S(=O)(=O)CCCN(C)C)cc3)n2)n1C(C)C
CHEMBL1255840,-0.27,CC1(C)CCC(NC(=O)[C@@H](N)CCC(=O)O)CC1
CHEMBL61593,2.12,NS(=O)(=O)c1cc2c(cc1Cl)NC(C1CC3C=CC1C3)NS2(=O)=O
CHEMBL1822878,4.3,Oc1ccc(Br)c2ccccc12
CHEMBL1082410,3.3,CNC(=O)c1ccc(N2C(=S)N(c3ccc(C#N)c(C(F)(F)F)c3)C(=O)C23CCC3)cc1F
CHEMBL1950849,2.64,CN[C@@H](C)C(=O)N[C@H](C(=O)N[C@H]1CCCN(CCc2cccc(F)c2)C1)C1CCCCC1
CHEMBL22442,2.4,CCCc1cc(OCc2ccccc2)cc(=O)n1Cc1ccc(-c2ccccc2-c2nn[nH]n2)cc1
CHEMBL2070938,1.3,N#CC1(NC(=O)[C@@H]2CCCC[C@H]2C(=O)N2CCN(c3nccs3)CC2)CC1
CHEMBL1778622,1.54,CCSc1ccc(-c2cc(C(F)(F)F)ccc2OCC(=O)O)cc1
CHEMBL1886566,2.38,COc1ccc(CN2C(=O)CCC2(C)C(=O)NC2CCCCC2)c(OC)c1
CHEMBL51583,3.1,O=C1C(=O)c2cc(-c3ccsc3)ccc2-c2ccccc21
CHEMBL101311,2.9,CN(C)CC(O)COc1ccc(Nc2nccc(Nc3cc(Cl)ccc3Cl)n2)cc1
CHEMBL1944739,-1.0,CN(C)CCCNC(=O)c1nc(Cl)c(N)nc1N
CHEMBL855,1.88,Cc1ccc(/C(=C\CN2CCCC2)c2ccccn2)cc1
CHEMBL1806525,2.8,COc1cc(N2CCN(C(C)=O)CC2)ccc1Nc1ncc(C#N)c(-c2cnc3ccccn23)n1
CHEMBL559078,2.41,CCCCC(CC)CNC(=O)c1cc(-n2ncc(=O)[nH]c2=O)ccc1Cl
CHEMBL2024676,3.15,CN(C)C(=O)N[C@H]1CC[C@H](CCN2CCN(c3ccc(Cl)c(Cl)c3)CC2)CC1
CHEMBL126048,0.8,Oc1c2ncc3ccccc3c2nn1-c1ccccc1
CHEMBL1917440,0.03,Cc1c(Sc2ccc(Cl)cc2)c2c(-c3cnccn3)cccc2n1CC(=O)O
CHEMBL502684,0.2,c1ccc(OCC2CNCCO2)cc1
CHEMBL1783286,3.4,COc1ncc(C)cc1-c1cccc2c(N)c(C(=O)NC3CC3)nnc12
CHEMBL1689114,1.01,O=C(O)COc1ccc(Cl)cc1CN1CCCN(S(=O)(=O)c2ccccc2)CC1
CHEMBL1947157,3.15,O=c1[nH]c2c(O)ccc([C@@H](O)CNCCc3cccc(CNCCc4c(Cl)cccc4Cl)c3)c2s1
CHEMBL535,2.26,CCN(CC)CCNC(=O)c1c(C)[nH]c(/C=C2\C(=O)Nc3ccc(F)cc32)c1C
CHEMBL2171033,1.5,O=C(NS(=O)(=O)c1ccccc1)N1CCC(N2CCC(Oc3ccc(Cl)c(Cl)c3)CC2)CC1
CHEMBL490,1.78,Fc1ccc([C@@H]2CCNC[C@H]2COc2ccc3c(c2)OCO3)cc1
CHEMBL178737,1.79,O=C1NC(=O)C(c2cnc3ccccn23)=C1c1cn2c3c(cccc13)CN(C(=O)N1CCOCC1)CC2
CHEMBL183425,3.81,CN1CCN(CCCOc2ccc(-c3cc(-c4ccc(F)cc4)no3)cc2)CC1
CHEMBL1321641,1.51,N#Cc1nc(N2CCOCC2)nc(N2CCOCC2)n1
CHEMBL93124,3.5,CNc1ccc(-c2nc3ccc(O)cc3s2)cc1
CHEMBL436381,1.97,CN1CCN(C(=O)c2cc3cc(F)ccc3[nH]2)CC1
CHEMBL1586531,3.1,O=C(/C=C/Sc1nc[nH]n1)c1ccc(Cl)cc1
CHEMBL228761,2.21,O=C1C2CCC(N2)C(=O)N1Cc1ccccc1
CHEMBL810,-1.08,Cn1nnc2c(C(N)=O)ncn2c1=O
CHEMBL1430414,2.35,Fc1cc2[nH]cnc2cc1Cl
CHEMBL189181,4.28,CC(=O)Nc1ccc(CNc2[nH]nc3cccc(Oc4ccc(F)cc4)c23)cc1
CHEMBL1910654,3.25,N[C@H](CNC(=O)c1cc2c(-c3ccccc3Cc3ccccc3)cccc2[nH]1)C(=O)O
CHEMBL182380,2.86,CCN(C(=O)NCc1ccc(S(C)(=O)=O)cc1)C1CCN(CCC(c2ccccc2)c2ccccc2)CC1
CHEMBL341324,1.67,CCN(CC)C(=O)Cc1csc(NS(=O)(=O)c2cccc(Cl)c2C)n1
CHEMBL214637,2.19,CCCN(CCO)CCCOc1ccc2c(Nc3cc(CC(=O)Nc4cccc(F)c4F)[nH]n3)ncnc2c1
CHEMBL1565348,3.7,CCCc1c(C(=O)Nc2cc(C)on2)cnn1-c1ccccc1
CHEMBL552512,1.15,O=C(CC1CCCCCC1)Nc1cccc2c(=O)n([C@H]3CCNC3)ccc12
CHEMBL421,-0.58,O=C(O)c1cc(N=Nc2ccc(S(=O)(=O)Nc3ccccn3)cc2)ccc1O
CHEMBL370152,2.96,O=C(O)c1c(Sc2ccccc2)c2cc(Cl)ccc2n1Cc1ccc(Cl)cc1
CHEMBL2059872,3.1,Cc1ccc(-c2ncc(CN3CCOCC3)s2)cc1NC(=O)c1ccc(OCc2ccccn2)cc1
CHEMBL1531981,1.63,Cc1oc(-c2ccccc2)cc1C(=O)Nc1cccc(C(=O)O)c1
CHEMBL1944652,3.86,CCN(CC)C(=O)c1ccc(C(=C2CCN(Cc3ccc(F)cc3)CC2)c2cccc3cccnc23)cc1
CHEMBL168073,2.63,CCN(CC)S(=O)(=O)c1ccc(NC(=O)C(C)(O)C(F)(F)F)cc1
CHEMBL380130,3.8,COc1ccc2c(c1)C(c1ccccc1)=NC(NC(=O)c1ccccc1OC)C(=O)N2
CHEMBL389792,2.87,CC(CO)(CO)Nc1nc(SCc2cccc(F)c2F)nc2nc(N)sc12
CHEMBL1770465,3.58,Cc1nc(C(=O)[C@@H](C)Oc2ccc(SCCCCCc3ccccc3)cc2)sc1CCCC(=O)O
CHEMBL48190,1.54,COC(=O)COc1ccc(OCCNCC(O)COc2ccccc2)cc1
CHEMBL51478,2.89,COc1ccnc(CSc2nc3ccccc3[nH]2)c1
CHEMBL1224288,2.3,Oc1cccc(O[C@H]2C[C@H]3CC[C@@H](C2)N3Cc2ccccc2)c1
CHEMBL1180250,1.0,O=c1[nH]n(C(c2ccccn2)C2CC2)c(=O)c2c(O)c3ccc(Cl)cc3nc12
CHEMBL2010832,2.7,CN(C(=O)Cc1ccc(S(C)(=O)=O)cc1F)C1CCN(Cc2ccc(C(F)(F)F)cc2)CC1
CHEMBL308538,-1.2,Fc1ncccc1OC[C@@H]1CCN1
CHEMBL1824369,2.34,N#Cc1ccccc1COc1cc(OCCCN2CCCC2)ccc1C(=O)Nc1cccc(O)c1
CHEMBL2011928,3.28,COc1ccc(-c2nc3c(NCCCNC(C)=O)c(Br)cnc3[nH]2)cc1
CHEMBL471412,3.86,COc1ccc(N(C(=O)c2ccccc2)C(C(=O)NC2CCCC2)c2ccccc2F)c(OC)c1
CHEMBL1306424,3.6,Cc1ccnc(NCc2ccc(Cl)cc2)c1
CHEMBL1762547,3.8,CCN(c1ccnc(Nc2cc(N3CCOCC3)cc(N3CCOCC3)c2)n1)c1cc(CO)ccc1C
CHEMBL215275,2.12,CCN(CCO)CCCOc1cc2ncnc(Nc3cc(CC(=O)Nc4cccc(F)c4)[nH]n3)c2cc1OC
CHEMBL355236,2.8,CCCc1c(OCc2ccc(-c3nn[nH]n3)cc2OC)ccc(C(C)=O)c1O
CHEMBL211265,2.46,Nc1nc(N)c(-c2ccc(NC(=O)C3CC3)cc2)c(COCc2ccccc2)n1
CHEMBL1946615,2.12,O=C(c1ccc(C(=C2CCN(Cc3cscn3)CC2)c2cccc3cccnc23)cc1)N1CCOCC1
CHEMBL2171215,2.13,O=C(NS(=O)(=O)Cc1ccccc1)N1CCC(N2CCC(Oc3ccc(Cl)c(Cl)c3)CC2)CC1
CHEMBL571526,2.72,Cc1cc(Nc2nc(O[C@H](C)c3ccc(F)cn3)c(C#N)nc2C)n[nH]1
CHEMBL1738748,2.42,O=C(NCc1ccncc1)c1ccc(Oc2ccc(C#C[C@]3(O)CN4CCC3CC4)cc2)cc1
CHEMBL575099,3.22,COc1cc(Nc2cc(Oc3cc(C)c(C)nc3-c3ccccn3)ccn2)cc(OC)c1OC
CHEMBL459219,1.21,CSc1nc(C(N)=O)c(N)s1
CHEMBL2068817,3.0,COc1ccccc1CN(C(C)=O)c1cnccc1Oc1ccccc1
CHEMBL1891338,3.7,COc1cccc(CNc2nc(NC(C)C)nc3ccsc23)c1OC
CHEMBL560219,3.36,O=C(Cc1ccc(Cl)c(C(F)(F)F)c1)Nc1cccc2c(=O)n(CCO)ccc12
CHEMBL1934426,1.23,Cc1nn(C2CCOCC2)c(NS(=O)(=O)c2ccc(C3CC3)cc2)c1C(=O)N[C@@H](C)C(C)(C)C
CHEMBL1829442,4.14,CCC(NC(=O)c1ccc(C)cc1)c1nc2ccsc2c(=O)n1Cc1ccccc1
CHEMBL396724,3.27,O=C(N[C@H]1Cc2ccccc2N(C[C@H](O)CO)C1=O)c1cc2cc(Cl)sc2[nH]1
CHEMBL2164747,0.37,COc1ccc2ncc(=O)n(CCN3CC[C@@H](NCc4ccc5c(n4)NC(=O)CO5)[C@@H](O)C3)c2c1
CHEMBL384684,3.1,C[C@H](NC1=NC(=O)[C@](C)(C(F)(F)F)S1)c1ccccc1F
CHEMBL147507,0.6,Cc1cccc(C)c1OC[C@@H](C)N
CHEMBL93484,-0.8,CC1N=C(N)N=C(N)N1c1ccc(Cl)cc1
CHEMBL384699,3.4,COc1cc2ncnc(Nc3cc(Cl)ccc3F)c2cc1OCCCN1CCOCC1
CHEMBL1213082,2.6,Cc1ccccc1-n1c(Cn2cnc3c(N)ncnc32)nc2cccc(C)c2c1=O
CHEMBL578723,1.0,COc1ccc2nc3ccccc3c(N)c2c1
CHEMBL214350,1.27,Cc1ccc2c(c1)c(-c1ccnc3c(C(F)(F)F)cccc13)c(C)n2CC(=O)O
CHEMBL1682950,2.66,CC[C@H](NC(=O)c1c([S+](C)[O-])c(-c2ccsc2)nc2ccccc12)c1ccccc1
CHEMBL960,3.9,Cc1oncc1C(=O)Nc1ccc(C(F)(F)F)cc1
CHEMBL1079324,4.12,C[C@@H]1CN(c2nc(N3CCOCC3)c3ccc(Nc4ccccc4)nc3n2)C[C@H](C)O1
CHEMBL1090173,1.85,O=C(CO)N1CCC(c2n[nH]c(-c3ccc(Cl)cc3)c2-c2ccncn2)CC1
CHEMBL413558,3.12,COc1ccc(C(=O)Nc2cc(NC(=O)c3cccc(N(C)C)c3)ccc2C)cc1OC
CHEMBL2336329,1.26,CNCc1cccc(-c2ccc3c(N4CCOCC4)nc(N4C[C@@H](C)O[C@@H](C)C4)nc3n2)c1
CHEMBL2011927,1.55,COc1ccc(-c2nc3c(OCC4CCNCC4)c(Br)cnc3[nH]2)cc1
CHEMBL2011937,0.25,COc1ccc(-c2nc3c(NCCCNC(=O)c4ccccc4)c(Br)cnc3[nH]2)cc1
CHEMBL1933594,1.42,C[C@H]1O[C@@H](n2cnc3c(N)nc(OCC4CC(F)(F)C4(F)F)nc32)[C@H](O)[C@@H]1O
CHEMBL495727,2.3,O=C(Nc1c[nH]nc1-c1nc2cc(CN3CCOCC3)ccc2[nH]1)NC1CC1
CHEMBL2059865,3.01,Cc1ccc(-c2ncc[nH]2)cc1NC(=O)c1ccc(OCc2ccccn2)cc1
CHEMBL1770733,1.91,Nc1cc(-c2ccccc2)ncn1
CHEMBL443,-0.56,Cc1cc(NS(=O)(=O)c2ccc(N)cc2)no1
CHEMBL388337,2.0,O=c1[nH]n(Cc2cc3ccccc3s2)c(=O)c2c(=O)c3ccc(Cl)cc3[nH]c12
CHEMBL2030815,-0.22,O=C(N[C@@H](Cc1ccc(OCCCNc2ccccn2)cc1)C(=O)O)c1c(Cl)cccc1Cl
CHEMBL2086653,3.4,CC(C)(C)OC(=O)N1CCN(c2cnc(OCc3ccc(S(C)(=O)=O)cc3)cn2)CC1
CHEMBL1214827,2.5,CC(C)c1cc(C(=O)N2Cc3ccc(CN4CCN(C)CC4)cc3C2)c(O)cc1O
CHEMBL20403,3.52,COC1(c2cc(F)cc(OCc3ccc4c(ccc(=O)n4C)c3)c2)CCOCC1
CHEMBL320777,1.98,O=S(=O)(CCCOCCNc1ccccc1)CCNCCc1ccc(O)c2nc(O)sc12
CHEMBL1650697,1.79,Cc1cc(Nc2nc(N[C@@H](C)c3ncc(F)cn3)ncc2F)n[nH]1
CHEMBL481230,3.2,COc1cc2c(Nc3ccc(F)c(Cl)c3)c(C(N)=O)cnc2cc1OCCN(C)CCO
CHEMBL102726,3.21,c1ccc(CNc2ncnc3ccccc23)cc1
CHEMBL1704514,2.47,CC(C(=O)N1CCc2ccccc2C1)N1C(=O)c2ccccc2C1=O
CHEMBL1472545,3.2,Nc1ccc(C2(c3ccc(N)cc3)CCCCC2)cc1
CHEMBL1096435,3.86,CS(=O)(=O)c1ccc([C@@H](CC2CCCC2)C(=O)Nc2nccs2)cc1
CHEMBL13485,2.75,CCN(CC)CCNC(=O)c1c(C)[nH]c(/C=C2\C(=O)Nc3ccc(Cl)cc32)c1C
CHEMBL1081913,3.0,CC(C)(C)OC(=O)N1CCC(OCc2nc(-c3ccncc3)no2)CC1
CHEMBL73048,2.08,C[C@@](O)(C(=O)Nc1ccc(S(C)(=O)=O)cc1Cl)C(F)(F)F
CHEMBL1079,0.71,Clc1ccc2nsnc2c1NC1=NCCN1
CHEMBL1917459,-0.29,CCS(=O)(=O)Nc1cccc2c1c(Oc1ccc(Cl)cc1)c(C)n2CC(=O)O
CHEMBL2030799,-0.04,CNc1cccc(CCOc2ccc(C[C@H](NC(=O)c3ccc(F)cc3Cl)C(=O)O)cc2)n1
CHEMBL167597,3.1,CCCc1c(OCc2ccc(-c3nn[nH]n3)cc2)ccc(C(C)=O)c1O
CHEMBL1951164,1.1,COc1cc(OC)c(S(=O)(=O)N(C)c2ccccc2)cc1NC(C)=O
CHEMBL549635,3.04,O=C(CC1CCN(Cc2ccn(-c3ccc(C(F)(F)F)cc3)c2)CC1)N(CCCO)Cc1ccc(F)cc1
CHEMBL2010841,2.1,Cc1nc(-c2ccc(CN3CCC(N(C)C(=O)Cc4ccc(-n5cnnn5)cc4)CC3)cc2)no1
CHEMBL941,2.5,Cc1ccc(NC(=O)c2ccc(CN3CCN(C)CC3)cc2)cc1Nc1nccc(-c2cccnc2)n1
CHEMBL401158,3.07,CCCCNc1nc(SCCC)nc2c1nnn2[C@@H]1C[C@H](CO)[C@@H](O)[C@H]1O
CHEMBL1950861,-0.55,CN[C@@H](C)C(=O)N[C@H](C(=O)N[C@H]1CCCN(CCc2ccccn2)C1)C(C)(C)C
CHEMBL23588,2.01,O=C(O)c1ccccc1Nc1cccc(C(F)(F)F)c1
CHEMBL1689118,0.31,CC1CN(Cc2cc(Cl)ccc2OCC(=O)O)CCN1S(=O)(=O)c1ccccc1
CHEMBL2207280,3.93,O=C(NC[C@@H](O)CN1CCC(Oc2ccc(Cl)c(Cl)c2)CC1)c1c[nH]c(=O)c2ccc(F)cc12
CHEMBL378405,3.32,CC(C)Cn1c(=O)n(C)c(=O)c2c(S(=O)(=O)N3CC[C@@H](O)C3)c(Cc3ccccc3C(F)(F)F)sc21
CHEMBL2171038,1.71,Cc1ccccc1S(=O)(=O)NC(=O)N1CCC(N2CCC(Oc3ccc(Cl)c(Cl)c3)CC2)CC1
CHEMBL1762534,3.37,COc1cccc(N(C)c2ccnc(Nc3cc(N4CCOCC4)cc(N4CCOCC4)c3)n2)n1
CHEMBL1168,-0.41,CCOC(=O)[C@H](CCc1ccccc1)N[C@@H](C)C(=O)N1[C@H](C(=O)O)C[C@@H]2CCC[C@@H]21
CHEMBL1775161,1.19,O=C(O)c1cn(Cc2ccccc2)c2ccccc12
CHEMBL366255,2.83,Cc1ccc(NC(=O)c2cccc(N(C)C)c2)cc1NC(=O)c1ccc(OCc2ccccn2)cc1
CHEMBL249966,0.75,CC(C)(C)Cn1c(CN2C(=O)CC3(CCNCC3)C2=O)cc2cnc(C#N)nc21
CHEMBL402542,1.81,CCN1CCN(Cc2cnc(-c3ccc(C(=O)Nc4ccccc4N)cc3)c(Cl)c2)CC1
CHEMBL383723,2.71,CNC(=O)Nc1cc(-c2ccccc2)sc1C(N)=O
CHEMBL2153176,2.85,CCCSc1ncccc1C(=O)NC1CCC(F)(F)CC1
CHEMBL1576801,3.43,Cc1ccc(C(=O)C2CCN(C(=O)c3ccc(C)cc3)CC2)cc1
CHEMBL1809207,3.1,COc1cc(N2CCN(C(C)=O)CC2)ccc1Nc1ncc(Cl)c(-c2cnc3cc(CO)ccn23)n1
CHEMBL484738,1.6,Cc1ncc(-c2ccnc(Nc3ccc(S(N)(=O)=O)cc3)n2)n1C
CHEMBL2348642,1.9,CNc1nc(C)c(-c2nc(Nc3cccc(N4CCNCC4)c3)ncc2C#N)s1
CHEMBL2036774,3.32,O=C(Nc1ccc(Cl)c(Cl)c1)N1CCN(C[C@H]2CN(C3CC3)CCO2)CC1
CHEMBL1829270,1.38,CCC(c1nc2ccsc2c(=O)n1Cc1ccccc1)N(CCCN)C(=O)c1ccccc1
CHEMBL1221607,0.91,NC1=NC(c2cccs2)Nc2cccc(F)c21
CHEMBL12,2.69,CN1C(=O)CN=C(c2ccccc2)c2cc(Cl)ccc21
CHEMBL2087847,3.62,C=CCn1c(=O)c2c(-c3cncn3C)n(Cc3ccnc4ccc(Cl)cc34)nc2n(CC2CC2)c1=O
CHEMBL278623,1.0,CC(C)(N)C(=O)N[C@H](Cc1c[nH]c2ccccc12)C(=O)N[C@H](Cc1c[nH]c2ccccc12)NC=O
CHEMBL327027,3.8,c1ccc(-c2c[nH]c(-c3ccccc3)n2)cc1
CHEMBL861,1.59,CCC1(c2ccccc2)NC(=O)N(C)C1=O
CHEMBL2164741,0.45,N#Cc1ccc2ccc(=O)n(CCN3CC[C@@H](NCc4cc5c(cn4)OCCO5)[C@@H](O)C3)c2c1
CHEMBL344319,1.05,Cc1c(CCC(=O)O)c[nH]c1/C=C1\C(=O)Nc2ccccc21
CHEMBL481205,2.24,COCCOc1cc2ncc(C(N)=O)c(Nc3ccc(C)cc3F)c2cc1N1CCN(C)CC1
CHEMBL214798,2.72,COc1cc2ncnc(Nc3cccc(Cl)c3F)c2cc1OC1CCN(C)CC1
CHEMBL305406,4.1,Clc1cccc(Cl)c1/C(=C/n1cncn1)OC1CCCCCC1
CHEMBL1312599,4.38,O=S(=O)(Nc1ccc2[nH]c(-c3ccc(Br)o3)nc2c1)c1ccccc1
CHEMBL1631466,1.85,Nc1c2c(nc3c(-c4ncccn4)cccc13)CN(C1CCC1)C2=O
CHEMBL192894,3.37,COc1ccc(-c2c(-c3ccc(O)cc3O)n[nH]c2C)cc1
CHEMBL1175,2.09,CNCC[C@H](Oc1cccc2ccccc12)c1cccs1
CHEMBL44245,3.0,CC(c1ccccc1)N1Cc2ccccc2C1=O
CHEMBL472258,3.02,COc1ccc(N(C(=O)c2ccccc2)C(C)C(=O)NC2CCCC2)c(OC)c1
CHEMBL235821,1.4,Nc1nc(CCc2ccccc2)cc(=O)[nH]1
CHEMBL2335886,3.1,COCCOc1ccc(Nc2ncc3cc(-c4ccncc4)ccc3n2)cc1
CHEMBL1774056,3.11,Cc1cc(Nc2nc(N[C@@H](C)c3ccc(F)cn3)c(C#N)cc2F)n[nH]1
CHEMBL232627,0.67,O=C(O)CN1C(=O)C(NC(=O)c2cc3sc(Cl)c(Cl)c3[nH]2)Cc2ccccc21
CHEMBL325226,3.5,Cc1c(NC(=O)N2CCOCC2)ccc2c1c1ccccc1n2C(C)C
CHEMBL300664,2.92,O=C1C(=O)c2cc(-c3ccccc3F)ccc2-c2ccccc21
CHEMBL110941,2.45,Cc1cc(C)cc(CCOCCS(=O)(=O)NCCNCCc2ccc(O)c3nc(O)sc23)c1
CHEMBL1575581,2.23,Cc1ccc2c(N)c(C#N)sc2n1
CHEMBL1340091,1.97,O=S(=O)(Nc1ccc(S(=O)(=O)Nc2nccs2)cc1)c1ccc2c(c1)OCCO2
CHEMBL1709618,1.5,COc1ccc(C(CNC(=O)Nc2ccccc2)N2CCN(C)CC2)cc1
CHEMBL573287,3.51,COc1ccc(Nc2cc(Oc3cc(C)c(C)nc3-c3ccccn3)ccn2)cc1
CHEMBL1908856,2.56,COc1ccc(NC(=O)c2ccc(-c3ccncc3)c(C)c2)cc1N1CCN(C)CC1
CHEMBL2153175,3.36,CCCSc1ncccc1C(=O)N(C)C1CCCCC1
CHEMBL155103,1.2,CCOC(=O)c1cc2ccc(O)cc2oc1=O
CHEMBL301018,3.67,COc1cc2ncnc(Nc3ccc(F)c(Cl)c3)c2cc1OC
CHEMBL1778612,-0.69,O=C(O)COc1ccc([N+](=O)[O-])cc1-c1ccccc1
CHEMBL2177110,0.7,CCCSc1c(C(=O)NC2CCCCC2)cnn1-c1cccc(C(=O)O)c1
CHEMBL13589,1.4,Nc1ncnc(Nc2ccccc2)n1
CHEMBL520734,1.06,NC(=O)Nc1sc(-c2ccsc2)cc1C(=O)N[C@H]1CCCNC1
CHEMBL954,4.09,CCN(CC)CCOc1ccc(/C(=C(/Cl)c2ccccc2)c2ccccc2)cc1
CHEMBL1077979,1.64,COc1cc(O)c2c(c1)/C=C/C[C@H](O)[C@H](O)C(=O)/C=C\C[C@H](C)OC2=O
CHEMBL1967560,2.75,CCN1C(=O)N(C)c2cnc(Nc3ccc(C(=O)NC4CCN(C)CC4)cc3OC)nc2N1C1CCCC1
CHEMBL108939,1.5,COc1ccccc1Oc1ccc(N(Cc2cccnc2)S(=O)(=O)CC(F)(F)F)cc1
CHEMBL1289717,1.6,O=c1cc(-c2ccccc2)ccn1-c1ccc2c(cnn2CCN2CCCC2)c1
CHEMBL178397,3.8,Cc1nc(-c2ccc(CN3CCC(n4c(=O)[nH]c5ccccc54)CC3)cc2)c(-c2ccccc2)[nH]c1=O
CHEMBL1290108,3.47,O=C(COCc1ccccn1)N1CCN(c2ccc(Cl)cc2Cl)CC1
CHEMBL2179276,0.93,Cc1cn([C@H]2CCCN([C@@H](CC(C)C)c3ccc(C(=O)O)c(Oc4cccc(Cl)c4)c3)C2)c(=O)[nH]c1=O
CHEMBL778,2.79,Cc1cccc([C@H](C)c2c[nH]cn2)c1C
CHEMBL1946617,1.89,O=C(c1ccc(C(=C2CCN(Cc3cscn3)CC2)c2cccc3cccnc23)cc1)N1CCC(O)CC1
CHEMBL327502,3.02,COc1ccc(-n2sc3ccccc3c2=O)cc1
CHEMBL1829261,1.33,CCC(c1nc2ccsc2c(=O)n1Cc1ccccc1)N(CC1CCNCC1)C(=O)c1ccc(C)cc1
CHEMBL2326864,-0.82,CC(=O)Nc1nc(CCc2ccc(NC(=N)N)cc2)cs1
CHEMBL400964,2.11,CN1Cc2c(N)cccc2[C@@H](c2ccccc2)C1
CHEMBL460102,2.16,Cc1ncc(-c2nc(Nc3ccc(C(=O)N4CC[C@H](N(C)C)C4)cc3)ncc2F)n1C(C)C
CHEMBL2036581,3.2,COc1ccc(NC(=O)c2nnc(Nc3ccccc3F)o2)cn1
CHEMBL322722,2.41,Cc1ccc(CCCOCCS(=O)(=O)CCCNCCc2ccc(O)c3nc(O)sc23)s1
CHEMBL2208425,3.33,O=C(NC[C@@H](O)CN1CCC(Oc2ccc(Cl)c(Cl)c2)CC1)c1cn2cc(F)ccc2n1
CHEMBL2031158,0.51,O=C(N[C@@H](Cc1ccc(CCCCNc2ccccn2)cc1)C(=O)O)c1c(Cl)cccc1Cl
CHEMBL2059376,2.21,CCNC(=O)c1cc2c(-n3ccc(C(F)(F)F)n3)c(-c3cncc(C(=O)NC)c3)cnc2[nH]1
CHEMBL420055,0.9,COc1cc(C(=O)NS(=O)(=O)c2ccccc2)ccc1Cn1cnc2ccc(NC(=O)CC3CCCC3)cc21
CHEMBL60088,0.74,N=C(N)c1cc2c(I)cccc2s1
CHEMBL2030006,2.34,O=c1cc(-c2ccc(O)cc2)[nH]c2ccccc12
CHEMBL2110579,2.1,CN(C)N(C)C(=O)[C@@]1(Cc2ccccc2)CCCN(C(=O)[C@@H](Cc2c[nH]c3ccccc23)NC(=O)C(C)(C)N)C1
CHEMBL1421,3.41,Cc1nc(Nc2ncc(C(=O)Nc3c(C)cccc3Cl)s2)cc(N2CCN(CCO)CC2)n1
CHEMBL324875,2.07,Cc1ccc(CCOCCNS(=O)(=O)CCCNCCc2ccc(O)c3nc(O)sc23)cc1
CHEMBL134074,4.2,Cc1ccc2c(c1)C1(CCN(CCc3nc(-c4ccccc4)oc3C)CC1)OC(=O)N2
CHEMBL1718768,2.1,CCn1c(SCC(=O)Nc2c(C#N)cnn2-c2ccccc2)nnc1-c1cccs1
CHEMBL266094,1.53,Nc1ncnc2c1ncn2Cc1ccccc1
CHEMBL452464,2.8,CC(C)C[C@@H](CO)NS(=O)(=O)c1ccc(Cl)s1
CHEMBL1951011,3.7,Cc1c(Oc2ccc(S(C)(=O)=O)cc2F)ncnc1OC1CCN(C(=O)OC(C)C)CC1
CHEMBL203567,1.91,Nc1c(C(=O)c2cccc(OC[C@@H](O)CO)c2)cnn1-c1ccc(F)cc1
CHEMBL1829408,2.72,CCC(c1nc2ccsc2c(=O)n1Cc1ccccc1)N(CCCN)C(=O)c1ccc(C(C)C)cc1
CHEMBL325873,1.2,CC(C)C(NC(=O)Cn1c(-c2cccc(C(=O)O)c2)ccc(NC(=O)OCc2ccccc2)c1=O)C(=O)C(F)(F)F
CHEMBL1020,-1.02,Cc1ccc(C(=O)c2ccc(CC(=O)O)n2C)cc1
CHEMBL300846,2.0,COc1cc(C(=O)NS(=O)(=O)c2ccccc2C)ccc1Cc1c[nH]c2ccc(NC(=O)CC3CCCC3)cc12
CHEMBL2335889,3.04,CC(=O)Nc1ccc(Nc2ncc3cc(-c4ccncc4)ccc3n2)cc1
CHEMBL206200,2.18,COCCNc1nc(N)c2nc(O)n(Cc3ccccc3)c2n1
CHEMBL1818381,0.22,O=C(O)c1cn(C2CC2)c2cc(N3CCN(C(=O)CC[N+](=O)[O-])CC3)c(F)cc2c1=O
CHEMBL1257578,2.44,Cc1ccc(CN2[C@@H]3CC[C@H]2C[C@H](Oc2cccc(C(N)=O)c2)C3)s1
CHEMBL257269,3.36,C[C@H](CO)Nc1nc(SCc2cccc(F)c2F)nc2[nH]c(=O)ccc12
CHEMBL224013,3.1,COc1cc2ncnc(Nc3ccc(F)cc3)c2cc1OC
CHEMBL1087398,3.45,C[C@H](Nc1nc(Nc2ncc(C#N)s2)cc(N2CCOCC2)n1)c1ccc(F)cn1
CHEMBL1951074,-1.04,COc1cc(OC)c(S(=O)(=O)N2c3ccccc3CCC2C)cc1NC(=S)NCC(=O)O
CHEMBL268362,1.8,COc1ccccc1CNC(=O)c1ccc2cnccc2n1
CHEMBL2062580,2.94,CC(=O)Nc1ccc2c(c1)c(-c1cc(NC3CC3)n3ncc(C#N)c3n1)cn2C
CHEMBL2151325,2.55,CCOc1cc(Nc2nc3c(cc2F)ncn3[C@@H](CO)c2ccc(F)cn2)n[nH]1
CHEMBL187709,3.98,CCN(CC)CCOc1ccc(C(O)(Cc2ccc(Cl)cc2)c2ccc(C)cc2)cc1
CHEMBL2331743,1.96,Cc1cn([C@H]2CCCN(S(=O)(=O)c3ccc(C(N)=O)c(Oc4cccc(Cl)c4)c3)C2)c(=O)[nH]c1=O
CHEMBL2012863,2.48,Nc1cc2n[nH]c(=O)n2c2cc(-c3ccco3)ccc12
CHEMBL336619,4.05,O=C(NCC12CC3CC(CC(C3)C1)C2)c1ccccc1Cl
CHEMBL1458783,1.75,Nc1nccc(-c2cccs2)n1
CHEMBL324465,2.73,CN1CCC(C#N)(c2cccc3ccccc23)CC1
CHEMBL519779,3.4,COc1cc2ncc(C(N)=O)c(Nc3cccc(Cl)c3Cl)c2cc1OC
CHEMBL261237,3.3,N#C/C(=C(/N)Sc1ccc(N)cc1)c1ccccc1C(F)(F)F
CHEMBL191083,-0.88,CN(C)c1ccc2nc3ccc(=[N+](C)C)cc-3sc2c1
CHEMBL1682944,3.25,CC[C@H](NC(=O)c1c(CS(C)(=O)=O)c(-c2ccccc2)nc2ccccc12)c1ccccc1
CHEMBL423,0.63,CC(C)NCC(O)COc1ccc(CCOCC2CC2)cc1
CHEMBL1784366,1.5,Cc1nsc(C)c1CCC1CCN(S(=O)(=O)CC2(N(O)C=O)CCOCC2)CC1
CHEMBL379828,1.16,COc1ccc2c(c1)c(-c1ccnc3cc(Cl)ccc13)c(C)n2CC(=O)O
CHEMBL1807858,2.16,Nc1nc(OC2CCCC2)nc2c1ncn2[C@@H]1O[C@H](CO)[C@H](Cl)[C@H]1O
CHEMBL1916546,0.68,COc1cc2c(ccc(=O)n2CCN2CCC(NCc3cc4c(cn3)OCCO4)CC2)cn1
CHEMBL100539,4.21,O=C(NCC12CC3CC(CC(C3)C1)C2)c1ccccc1
CHEMBL1741329,2.87,Cc1ccn2c(NC(=O)c3ccccc3)c(-c3cccs3)nc2c1
CHEMBL341161,2.61,O=C1O[C@@H](COc2ccon2)CN1c1ccc(C2=CCOCC2)c(F)c1
CHEMBL115,2.9,CC(C)(C)NC(=O)[C@@H]1CN(Cc2cccnc2)CCN1C[C@@H](O)C[C@@H](Cc1ccccc1)C(=O)N[C@H]1c2ccccc2C[C@H]1O
CHEMBL2158829,1.99,O=C(O)COc1cccc(N2CCC(CN3CCC(Oc4ccc(Cl)c(Cl)c4)CC3)CC2)c1
CHEMBL1824364,3.2,O=C(Nc1cccc(O)c1)c1ccc(OCCCN2CCCC2)cc1OCc1ccc(F)cc1
CHEMBL1386638,3.69,Cc1cc(NCc2ccccc2)nc2ccccc12
CHEMBL2177601,0.8,Cc1c(C(=O)NC2C3CC4CC(C3)CC2C4)cnn1-c1ccc(C(=O)O)cc1
CHEMBL2078812,2.18,NC(=O)Nc1sc(-c2cc(F)cc(F)c2)cc1C(=O)N[C@H]1CCCNC1
CHEMBL1778625,0.29,COc1ccc(-c2cc(C(F)(F)F)ccc2OCC(=O)O)cc1
CHEMBL254361,1.0,Nc1ccccc1NC(=O)c1ccccn1
CHEMBL92172,2.25,O=C(Nc1nccs1)c1cccnc1
CHEMBL1571801,2.12,Nc1nc(-c2ccccn2)nc(N)c1Cc1ccccc1F
CHEMBL1916540,1.72,COc1ccc2c(C)cc(=O)n(CCN3CCC(NCc4cc5c(cn4)OCCO5)CC3)c2c1
CHEMBL2062559,2.88,N#Cc1cnn2c(NC3CC3)cc(-c3cccs3)nc12
CHEMBL1778636,-0.25,N#Cc1cccc(-c2cc(Cl)ccc2OCC(=O)O)c1
CHEMBL1916263,2.51,CCC(CC)NC(=O)c1cn(-c2ccccc2)nc1NS(=O)(=O)c1ccc(C)cc1
CHEMBL1888044,2.41,FC(F)(F)c1nnc2ccc(N3CCCC3)nn12
CHEMBL385049,1.96,COc1cc2c(Nc3cc(CC(=O)Nc4cccc(F)c4F)[nH]n3)ncnc2cc1OCCCN1CCC[C@@H]1CO
CHEMBL2325986,2.17,CC(NC(=O)C1(N)CCN(c2ncnc3[nH]ccc23)CC1)c1ccccc1
CHEMBL1824045,2.19,O=C1COc2ccc(CNC3CCN(CCN4C(=O)COc5ccc(-c6ccco6)cc54)CC3)nc2N1
CHEMBL1829424,2.06,CCC(c1nc2sccc2c(=O)n1Cc1ccccc1)N(CCCN)C(=O)c1ccc(C)cc1
CHEMBL1669170,3.4,O=C(CN1CCOCC1)Nc1ccc(-c2cccc3c(=O)cc(N4CCOCC4)oc23)cc1-c1ccccc1
CHEMBL1389402,1.53,Cc1onc(CO)c1C(=O)Nc1nccs1
CHEMBL1539253,4.24,Cc1ccnc(NCc2c(O)ccc3ccccc23)c1
CHEMBL401874,4.3,CC(C)Cn1c(=O)n(C)c(=O)c2c(-c3ccncc3)n(Cc3cccc4ccccc34)nc21
CHEMBL110599,3.07,COc1ccc(C(CN2CCCC2)N(C)C(=O)Cc2ccc(Cl)c(Cl)c2)c(OC)c1
CHEMBL455651,3.31,CNC(=O)c1ccc(Nc2ncc(F)c(-c3cnc(C)n3C(C)C)n2)cc1F
CHEMBL291514,3.3,COc1cc2ncnc(Nc3ccc(F)c(Cl)c3)c2cc1OCCCN1CCCCC1
CHEMBL460087,1.22,CN[C@H]1CCN(C(=O)c2ccc(Nc3nccc(-c4cnc(C)n4C(C)C)n3)cc2)C1
CHEMBL1441229,3.0,Cc1cc(C)n(-c2cccc(Cl)c2C#N)n1
CHEMBL2164683,3.03,N#CC1(NC(=O)[C@@H]2CCCC[C@H]2C(=O)N2CCc3[nH]c4c(F)cccc4c3C2)CC1
CHEMBL1187646,1.5,NCCCC(=O)OCCN1CCN(CCCN2c3ccccc3Sc3ccc(Cl)cc32)CC1
CHEMBL2325702,2.0,Cn1ccc2c(-c3nc(CS(C)(=O)=O)cc(N4CCOCC4)n3)cccc21
CHEMBL1599839,3.3,Oc1nc2ccccc2nc1NCc1ccccc1
CHEMBL1950856,2.92,CN[C@@H](C)C(=O)N[C@H](C(=O)N[C@H]1CCCN(CCc2ccc(Br)cc2)C1)C(C)(C)C
CHEMBL114123,2.5,CCCCCCN1CC[C@]2(C)c3cc(O)ccc3CC1[C@@H]2C
CHEMBL275742,1.13,CC(C)NC[C@@H](O)COc1cccc2ccccc12
CHEMBL280916,0.84,CC(C)C(NC(=O)Cn1c(-c2ccccc2)ccc(NC(=O)OCc2ccc(C(=O)O)cc2)c1=O)C(=O)C(F)(F)F
CHEMBL1313164,3.38,Cc1nc(CSc2ccc(Cl)cc2)cc(N2CCOCC2)n1
CHEMBL2178948,1.3,Cc1nc(C)c(-c2ccc3c(c2)CC[C@]32CC[C@H](C(=O)O)CC2)nc1C(N)=O
CHEMBL2336326,2.49,C[C@H]1COCCN1c1nc(N2CCOC[C@@H]2C)c2ccc(-c3cccc(C(=O)NCCO)c3)nc2n1
CHEMBL592374,1.96,Clc1ccc([C@]23CNC[C@H]2C3)cc1Cl
CHEMBL2031233,2.17,Cc1ccc(NC(=O)C2CC2)cc1-n1cnc2ccc(N3CCN(C)CC3)cc2c1=O
CHEMBL1289283,2.0,O=c1cc(OCc2ccccc2)ccn1-c1ccc2c(cnn2CCN2CCCC2)c1
CHEMBL1461377,3.15,O=C(c1ccc(F)cc1)C1CCN(C(=O)NCc2ccccc2)CC1
CHEMBL1824035,0.15,CN(C)S(=O)(=O)c1ccc2c(c1)N(CCN1CCC(NCc3ccc4c(n3)NC(=O)CO4)CC1)C(=O)CO2
CHEMBL563545,2.07,O=C1/C(=N\O)c2ccccc2N1Cc1ccccc1[N+](=O)[O-]
CHEMBL2171277,3.9,Cc1ccc(NC(=O)[C@H]2CCCN2S(=O)(=O)c2cccc3cccnc23)c(C)c1
CHEMBL2158773,2.84,Cc1cccc(C[C@@H](C(=O)O)N2CCC(CN3CCC(Oc4ccc(Cl)c(Cl)c4)CC3)CC2)c1
CHEMBL1852508,0.57,Cc1cc(-c2ccc(Cl)c(C(=O)NCC3(O)CCCCCC3)c2)nn1C[C@H](O)CN
CHEMBL2158470,3.2,CCCSc1nc(N2CCOCC2)ccc1C(=O)N[C@H]1C2CC3CC1C[C@](O)(C3)C2
CHEMBL2207599,-0.8,COc1cc(OC)c(S(=O)(=O)N(c2ccccc2)c2ccccc2)cc1NC(=O)CCC(=O)O
CHEMBL2346970,3.5,OC1(c2ccc(F)cc2)CCN(c2ccc3nnc(C(F)(F)F)n3n2)CC1
CHEMBL2207276,2.42,Cc1cc(Cl)ccc1OC1CCN(C[C@H](O)CNC(=O)c2c[nH]c(=O)c3cc(S(C)(=O)=O)ccc23)CC1
CHEMBL2062569,2.66,CC(=O)Nc1cc2c(ccn2-c2cc(NC3CC3)n3ncc(C#N)c3n2)cc1C
CHEMBL183406,3.4,CN(C(=O)NCc1ccccc1)C1CCN(CCC(c2ccccc2)c2ccccc2)CC1
CHEMBL2059195,0.58,O=C(O)/C=C/c1cccc(-c2cnc3[nH]ccc3c2)c1
CHEMBL1464754,3.78,O=C(NC1CCCCC1)N1CCN(c2ccccc2Cl)CC1
CHEMBL1951072,1.95,COc1cc(OC)c(S(=O)(=O)N2c3ccccc3CC2C)cc1NC(C)=O
CHEMBL121889,1.98,CC(=O)NC[C@H]1CN(c2ccc(N3CCN(c4ccc(C#N)cn4)CC3)c(F)c2)C(=O)O1
CHEMBL62993,2.7,O=C1Nc2ccc(S(=O)(=O)N3CCC[C@H]3COc3ccccc3)cc2C1=O
CHEMBL176219,3.37,N#Cc1cccc(-c2ccc(C3(CNC(=O)Nc4cc(Cl)cc(Cl)c4)CCN(CC4CC4)CC3)cc2)c1
CHEMBL577241,3.3,Oc1ccc(CCc2ccc(O)cc2)cc1
CHEMBL2170992,2.5,CC(C)c1ccc(NC(=O)NCCCSC[C@H]2O[C@@H](n3cnc4c(N)ncnc43)[C@H](O)[C@@H]2O)cc1
CHEMBL437526,1.16,CCO[C@@H]1OC(=O)C[C@@H]1NC(=O)[C@@H]1CCCN2C(=O)CC[C@H](NC(=O)c3nccc4ccccc34)C(=O)N12
CHEMBL2153178,2.27,CCCSc1ncccc1C(=O)N[C@@H]1[C@@H]2CC3C[C@H]1C[C@@](O)(C3)C2
CHEMBL2179283,1.99,CCCC(C)(C)C[C@H](c1ccc(C(=O)O)c(Oc2cccc(Cl)c2)c1)N1CCC[C@H](n2cc(C)c(=O)[nH]c2=O)C1
CHEMBL499,-0.22,CC(C)(C)NC[C@H](O)COc1nsnc1N1CCOCC1
CHEMBL320882,3.38,CN(C(=O)Cc1ccc(Cl)c(Cl)c1)C(CN1CCCC1)c1ccccc1
CHEMBL452,3.72,O=C1CN=C(c2ccccc2Cl)c2cc([N+](=O)[O-])ccc2N1
CHEMBL376055,0.75,CN(CCCc1ccccc1)S(=O)(=O)c1cc(C(=O)N2CCc3ccc(S(=O)(=O)NCCc4ccccc4)cc3C2)c(O)c(O)c1O
CHEMBL511782,2.55,COc1ccc(N(C(=O)c2ccccc2)C(C(=O)NC[C@@H](C)O)c2ccccc2F)c(OC)c1
CHEMBL1950848,2.51,CN[C@@H](C)C(=O)N[C@H](C(=O)N[C@H]1CCCN(CCc2ccccc2F)C1)C1CCCCC1
CHEMBL403672,3.01,COc1cc(Nc2ncnc(Nc3c(Cl)ccc4c3OCO4)n2)cc(OC)c1OC
CHEMBL1783279,3.26,CCCNC(=O)c1nnc2c(-c3cnc(OC)nc3OC)cccc2c1N
CHEMBL597803,2.8,CN(Cc1ccc(Cl)cc1)C(=O)C1(N)CCN(c2ncnc3[nH]ccc23)CC1
CHEMBL2030439,1.59,O=S(=O)(Cc1cc(N2CCOCC2)nc(-c2ccccn2)n1)c1ccc(F)cc1
CHEMBL2031162,-0.63,O=C(Cc1ccc2c(n1)NCCC2)Nc1ccc(C[C@H](NC(=O)c2c(Cl)cccc2Cl)C(=O)O)cc1
CHEMBL2158817,1.71,O=C(O)C(c1ccccc1)N1CCO[C@@H](CN2CCC(Oc3ccc(Cl)c(Cl)c3)CC2)C1
CHEMBL382565,2.7,NC(=O)c1cc(-c2ccccc2)sc1N
CHEMBL1503415,0.96,O=c1cc(O)oc2c1c(=O)n(-c1ccccc1)c1ccccc21
CHEMBL93354,0.99,N#C[C@@H]1CCCN1C(=O)CNCCNc1ccc(Cl)cn1
CHEMBL2171026,1.53,O=C(c1ccc(-c2nn[nH]n2)cc1)N1CCC(N2CCC(Oc3ccc(Cl)c(Cl)c3)CC2)CC1
CHEMBL2338020,2.3,CCc1[nH]c2nc(Sc3cnc4ccc[n+]([O-])c4c3)nc(N3C[C@@H]4[C@@H](N)[C@@H]4C3)c2c1Cl
CHEMBL342357,3.1,O=C1NC(=O)c2cc(OCc3ccccc3)ccc21
CHEMBL2325642,1.0,O=S(=O)(Nc1ncns1)c1cc(F)c(Oc2ccc(Cl)cc2-c2ccnn2C2CNC2)cc1F
CHEMBL426658,4.3,Clc1cccc(-c2cnc3ccc(NC4CCOCC4)nn23)c1
CHEMBL2086652,2.8,CC(C)(C)OC(=O)N1CCN(c2ccc(OCc3ccc(S(C)(=O)=O)cc3)nn2)CC1
CHEMBL25236,3.53,COc1ccccc1N1CCN(CCCCNC(=O)c2ccc3ccccc3c2)CC1
CHEMBL141157,1.75,C#CC[C@@H](C(=O)N[C@H](/C=C/C(=O)OCC)C[C@@H]1CCNC1=O)n1cccc(NC(=O)c2cc(C)on2)c1=O
CHEMBL2325698,3.0,CC[C@@H]1COCCN1c1cc(C2(S(C)(=O)=O)CC2)nc(-c2cccc3[nH]ccc23)n1
CHEMBL460103,2.36,Cc1ncc(-c2nc(Nc3ccc(C(=O)N4CC[C@@H](N(C)C)C4)cc3)ncc2F)n1C(C)C
CHEMBL178457,2.67,Cc1c(-c2ccc3c(c2)OCO3)c(=O)n(C[C@H](N)c2ccccc2)c(=O)n1Cc1c(F)cccc1F
CHEMBL484663,3.3,O=c1cc(-c2ccc(O)cc2)oc2ccc(O)cc12
CHEMBL2010842,2.85,CN(C(=O)Cc1ccc(-n2cnnn2)cc1)C1CCN(Cc2nc3cc(F)ccc3s2)CC1
CHEMBL233034,2.4,O=C(CN1C(=O)C(NC(=O)c2cc3cc(Cl)sc3[nH]2)Cc2ccccc21)NO
CHEMBL561,-1.1,CCn1cc(C(=O)O)c(=O)c2cc(F)c(N3CCNC(C)C3)c(F)c21
CHEMBL13311,1.4,O=c1ccoc2ccccc12
CHEMBL602745,4.0,CS(=O)(=O)N1CC[C@H](N(Cc2ccccc2Cl)c2ccc(C#N)c(Cl)c2)C1
CHEMBL46,1.67,Cc1nccn1CC1CCc2c(c3ccccc3n2C)C1=O
CHEMBL229948,2.49,O=C(Nc1ccccc1O)c1cc([N+](=O)[O-])ccc1Cl
CHEMBL267044,-0.84,CCN1CCC[C@H]1CNC(=O)c1cc(S(N)(=O)=O)ccc1OC
CHEMBL1270874,2.9,CS(=O)(=O)c1cccc(Nc2nccc(Nc3cccc4ocnc34)n2)c1
CHEMBL1880028,2.03,O=C(Cc1ccc(Oc2ccccc2)cc1)NO
CHEMBL179128,1.25,Cc1cn(C[C@H]2CN(c3ccc(C4=CCS(=O)(=O)CC4)c(F)c3)C(=O)O2)nn1
CHEMBL87785,4.35,Cc1cc(C)cc(-c2[nH]c3ccc(C(C)(C)C(=O)N4C5CCC4CC5)cc3c2[C@H](C)CNCCc2ccncc2)c1
CHEMBL477786,1.69,Cc1ncc(-c2ccnc(Nc3ccc(N4CCN(C(=O)CO)CC4)cc3)n2)n1C(C)C
CHEMBL2036778,1.6,CCN1CCC[C@@H](C(=O)N2CCN(C(=O)Nc3ccc(Cl)c(Cl)c3)CC2)C1
CHEMBL118,3.42,Cc1ccc(-c2cc(C(F)(F)F)nn2-c2ccc(S(N)(=O)=O)cc2)cc1
CHEMBL279200,0.68,c1ccc2c(OCC3=NCCN3)cccc2c1
CHEMBL1934267,0.97,Cc1ccc(S(=O)(=O)Nc2c(C(=O)N[C@@H](C)C(C)(C)C)c(C)nn2C(C)C)cc1
CHEMBL407,1.1,CCOC(=O)c1ncn2c1CN(C)C(=O)c1cc(F)ccc1-2
CHEMBL62,2.5,CN1CCc2cc(Cl)c(O)cc2[C@@H](c2ccccc2)C1
CHEMBL1513,1.29,CCCCC1=NC2(CCCC2)C(=O)N1Cc1ccc(-c2ccccc2-c2nn[nH]n2)cc1
CHEMBL402561,3.4,CCNC(=O)OC[C@@H](C)N(c1cc(Cl)ccc1CO)S(=O)(=O)c1ccc(Cl)cc1
CHEMBL244183,3.17,c1cn(-c2ccc(Oc3cc(Oc4ccc5c(c4)OCO5)ncn3)cc2)cn1
CHEMBL66761,2.8,O=c1[nH]nc(Cc2ccccc2)c2ccccc12
CHEMBL1721885,2.22,Cc1[nH]c(/C=C2\C(=O)Nc3ccc(F)cc32)c(C)c1C(=O)NC[C@H](O)CN1CCOCC1
CHEMBL1539037,1.4,COc1ccc(NC(=O)CCc2c(C)nc3nc(C)nn3c2C)cc1
CHEMBL2178369,2.0,Cc1nc(C)c(-c2ccc3c(c2)CC[C@]32CC[C@@H](Cc3nnn[nH]3)CC2)nc1C(N)=O
CHEMBL2010847,3.0,CO[C@H]1CN(Cc2ccc(C(F)(F)F)cc2)CC[C@H]1N(C)C(=O)Cc1ccc(-n2cnnn2)cc1
CHEMBL298019,4.42,CCOC(=O)c1ccc(OCCC2CCN(c3ccc(C)nn3)CC2)cc1
CHEMBL1257015,1.23,COc1ccc(C(=O)NCc2cccnc2)cc1C(=O)NCc1cccnc1
CHEMBL452021,1.16,CN(C)CCOc1ccc(-c2cc(C(N)=O)c(NC(N)=O)s2)cc1
CHEMBL2347404,3.2,Fc1cccc(COc2ccc(Nc3ncnc4ccc(-c5cccc(N6CCOCC6)c5)cc34)cc2Cl)c1
CHEMBL2171044,1.81,N#Cc1cccc(S(=O)(=O)NC(=O)N2CCC(N3CCC(Oc4ccc(Cl)c(Cl)c4)CC3)CC2)c1
CHEMBL1891277,3.6,Cc1ccc(-c2cc(C(=O)N3CCOCC3)c3cc(C)ccc3n2)cc1
CHEMBL1078411,1.3,N#C[C@@]1(NC(=O)[C@@H](N)Cc2cccs2)C[C@@H]1c1ccccc1
CHEMBL2153189,1.6,CCCSc1nc(N2CCC(C(=O)O)CC2)ccc1C(=O)NC1CCCCC1
CHEMBL109514,3.0,Fc1ccc(C(COCc2cc(C(F)(F)F)cc(C(F)(F)F)c2)N2CCNCC2)cc1
CHEMBL135386,3.8,CC(C)(C)C(O)/C(=C\c1ccc(Cl)cc1Cl)n1cncn1
CHEMBL287726,0.52,C[C@@H]1C2CCCC1(c1cccc(O)c1)CCN2C
CHEMBL1949859,1.5,O=c1[nH]cnc2cc(F)c(F)cc12
CHEMBL191528,2.2,CCOc1ccc2ccc(=O)oc2c1
CHEMBL381724,2.7,COc1cc2c(Nc3cnc(NC(=O)c4ccccc4)nc3)ncnc2cc1OCCCN1CCOCC1
CHEMBL190,-0.09,Cn1c(=O)c2[nH]cnc2n(C)c1=O
CHEMBL485240,3.37,CCCS(=O)(=O)c1ccc(Nc2nccc(-c3cnc(C)n3C(C)C)n2)cc1
CHEMBL300940,2.1,COc1cc(C(=O)O)ccc1Cn1ccc2ccc(NC(=O)OC3CCCC3)cc21
CHEMBL2207217,4.13,O=C(NCCCNc1nc(Nc2cccc(NC(=O)N3CCCC3)c2)ncc1Br)c1cccs1
CHEMBL1807825,0.41,CCOc1ccc(CCNCCCSCCNC[C@H](O)c2ccc(O)c3[nH]c(=O)sc23)cc1
CHEMBL477567,2.57,Cc1ncc(-c2ccnc(Nc3ccc(N4CCN(S(C)(=O)=O)CC4)cc3)n2)n1C(C)C
CHEMBL1071,1.2,O=C(O)CCc1nc(-c2ccccc2)c(-c2ccccc2)o1
CHEMBL402507,4.14,Cc1ccc(Oc2ccc(Nc3ncnc4cccc(O[C@H](C)C(=O)N5CCOCC5)c34)cc2C)cn1
CHEMBL2172002,2.3,COc1ccc(N2CCN(C(=O)[C@@H]3CCCC[C@H]3C(=O)NC3(C#N)CC3)[C@H](C)C2)nc1OC
CHEMBL1775179,3.0,CC(C)OC(=O)N1CCC(Oc2ncnc3c2cnn3-c2ccc(S(C)(=O)=O)cc2F)CC1
CHEMBL208118,3.44,COc1cc2ncnc(Nc3cccc(Cl)c3F)c2cc1CN(C)[C@H](C)C(N)=O
CHEMBL117711,1.57,c1cncc(Nc2ncnc3ccccc23)c1
CHEMBL1770476,4.31,CCOc1ccc2oc(C(=O)NC(CCSC)c3nc4cnccc4[nH]3)c(C)c2c1
CHEMBL184189,2.74,COCCOc1ccc(C(=O)Nc2cc(NC(=O)c3cccc(N(C)C)c3)ccc2C)cc1
CHEMBL2323239,3.95,O=C(CSc1nc2c(c(=O)n1-c1ccccc1)SCC2)Nc1ncc(-c2ccccc2)s1
CHEMBL2086680,2.81,CC(C)(C)OC(=O)N1CCN(c2ncc(OCc3ccncc3C#N)cn2)CC1
CHEMBL2078762,0.61,N#Cc1ccc(-c2cc(NC(N)=O)c(C(=O)N[C@H]3CCCNC3)s2)cc1
CHEMBL1282,2.52,CC(C)Cn1cnc2c(N)nc3ccccc3c21
CHEMBL2059862,2.67,Cc1ccc(-c2ncc(C)n2C)cc1NC(=O)c1ccc(OCc2ccccn2)cc1
CHEMBL15770,-0.01,CC1=C(CC(=O)O)c2cc(F)ccc2/C1=C\c1ccc([S+](C)[O-])cc1
CHEMBL13030,0.17,CN1C2CC(OC(=O)C(CO)c3ccccc3)CC1C1OC12
CHEMBL1800472,1.21,CN(CCNC[C@H](O)c1ccc(O)c2[nH]c(=O)sc12)C(=O)CCOCCc1ccccc1
CHEMBL107367,3.5,Cc1oc(-c2ccccc2)nc1CCOc1ccc(C[C@H](Nc2ccccc2C(=O)c2ccccc2)C(=O)O)cc1
CHEMBL570,3.59,CN(C)CCCN1c2ccccc2Sc2ccc(C(F)(F)F)cc21
CHEMBL2087861,4.13,CCn1c(=O)c2c(-c3cc(C#N)cn3C)n(Cc3ccnc4ccc(Cl)cc34)nc2n(CC2CC2)c1=O
CHEMBL1409708,1.7,CN(C)c1ccnc2sc(C(N)=O)c(N)c12
CHEMBL1269107,2.73,CC1=C(C2=C(C)C(=O)c3c(cc(O)c(O)c3Cc3ccccc3)C2=O)C(=O)c2cc(O)c(O)c(Cc3ccccc3)c2C1=O
CHEMBL452529,0.64,CN(C)CCCOc1ccc(-c2cc(C(N)=O)c(NC(N)=O)s2)cc1
CHEMBL1287979,1.82,COc1cccc(-c2cc3c(N[C@H]4CCCNC4)ncc(C(N)=O)c3s2)c1
CHEMBL637,0.99,COc1ccc(C(CN(C)C)C2(O)CCCCC2)cc1
CHEMBL402208,1.18,Cc1cc(CN2CCC2)cnc1-c1ccc(C(=O)Nc2ccccc2N)cc1
CHEMBL172714,-0.28,Cc1ccc(S(=O)(=O)N2N=Cc3oc(C)cc3B2O)cc1
CHEMBL455467,2.1,Cc1ncc(-c2ccnc(Nc3ccc(C(=O)N4CCN(C)CC4)cc3)n2)n1C(C)C
CHEMBL112994,2.22,O=S(=O)(CCOCCCc1ccccc1)NCCNCCc1ccc(O)c2nc(O)sc12
CHEMBL1809221,2.3,COc1cc(N2CCN(C(C)=O)CC2)ccc1Nc1ncc(Cl)c(-c2cnc3cc(C#N)ccn23)n1
CHEMBL226960,1.3,COC(=O)c1ccc(C(C)n2[nH]c(=O)c3[nH]c4cc(Cl)ccc4c(=O)c3c2=O)cc1
CHEMBL1346,2.79,NC(=O)C(c1ccccc1)(c1ccccc1)[C@@H]1CCN(CCc2ccc3c(c2)CCO3)C1
CHEMBL1829250,1.69,CCC(c1nc2ccsc2c(=O)n1Cc1ccc(C)cc1)N(CCCN)C(=O)c1ccc(C)cc1
CHEMBL1789187,-0.49,N#Cc1ccc(C(F)(F)F)nc1O[C@H](CCN)c1ccno1
CHEMBL214304,1.78,Cc1ccc2c(c1)c(-c1ccnc3cc(C(F)(F)F)ccc13)c(C)n2CC(=O)O
CHEMBL1241,1.28,CN(C)CCN(Cc1ccccc1)c1ccccn1
CHEMBL1236962,2.5,COc1ncc(-c2ccc3nccc(-c4ccnnc4)c3c2)cc1NS(=O)(=O)c1ccc(F)cc1F
CHEMBL2171039,1.93,O=C(NS(=O)(=O)c1ccccc1Cl)N1CCC(N2CCC(Oc3ccc(Cl)c(Cl)c3)CC2)CC1
CHEMBL429,1.06,CC(CCc1ccccc1)NCC(O)c1ccc(O)c(C(N)=O)c1
CHEMBL86,0.34,CCN(CC)CCNC(=O)c1cc(Cl)c(N)cc1OC
CHEMBL113014,2.15,CC(C)C(NC(=O)Cn1c(-c2ccccc2)ccc(NC(=O)NCc2ccccn2)c1=O)C(=O)C(F)(F)F
CHEMBL139,1.08,O=C(O)Cc1ccccc1Nc1c(Cl)cccc1Cl
CHEMBL1944694,0.8,COc1ccccc1CCNCc1ccc(CCNC[C@H](O)c2ccc(O)c3[nH]c(=O)sc23)cc1
CHEMBL1881943,2.36,NC(=O)c1ccc(=O)n(Cc2ccc(Cl)cc2Cl)c1
CHEMBL1441,1.52,CCc1cc(C(N)=S)ccn1
CHEMBL561771,4.29,COc1cccc(NC(=O)c2cccc(Cc3c(C)nn(CCO)c3-c3ccccc3)c2)c1
CHEMBL1472189,2.9,COc1ccc(CC(=O)Nc2nc3ccccc3[nH]2)cc1
CHEMBL56942,2.14,COc1cc(OC)cc(-c2cc3cnc(N)nc3nc2N)c1
CHEMBL1078983,3.25,COc1ccc(-c2ccc3c(N4CCOCC4)nc(N4C[C@@H](C)O[C@@H](C)C4)nc3n2)cc1CO
CHEMBL2346975,2.2,CC(=O)N1CCN(CCOc2ccc(C3(O)CCN(c4ccc5nnc(C(F)(F)F)n5n4)CC3)cc2)CC1
CHEMBL551707,3.08,O=C(NCC12CC3CC(CC(C3)C1)C2)c1c(Cl)ccc2nc(N3CCC[C@H](NCCc4nnn[nH]4)C3)ccc12
CHEMBL1917424,2.51,Cc1c(Sc2ccc(Cl)cc2)c2ccc(Cl)cc2n1CC(=O)O
CHEMBL1519083,0.68,Cc1nc2c(C#N)cnn2c(O)c1Cc1ccccc1
CHEMBL455428,2.95,CNC(=O)c1ccc(Nc2nccc(-c3cnc(C)n3C(C)C)n2)cc1F
CHEMBL268313,3.3,CC12CCC(=O)C=C1CCC1C2CCC2(C)C(O)CCC12
CHEMBL383669,3.8,CC(C)Cn1c(=O)n(C)c(=O)c2c(C(=O)N3CCCC3)c(Cc3ccccc3C(F)(F)F)sc21
CHEMBL1359240,0.8,O=c1c2ccccc2nc2n1CCS2(=O)=O
CHEMBL1486510,3.5,CCOC(=O)c1c(C)n(Cc2ccco2)c2ccc(O)cc12
CHEMBL466006,3.71,Cc1cccc(NC(=O)c2ccc(-c3ccccc3)c(C#N)c2)n1
CHEMBL1923435,3.1,CONC(=O)c1cnc(N2CCC(NC(=O)c3[nH]c(C)c(Cl)c3Cl)CC2)s1
CHEMBL1288278,0.28,NC(=O)c1ccc(-c2cc3c(N[C@H]4CCCNC4)ncc(C(N)=O)c3s2)cc1
CHEMBL1477,1.72,COCc1c(C(C)C)nc(C(C)C)c(/C=C/[C@@H](O)C[C@@H](O)CC(=O)O)c1-c1ccc(F)cc1
CHEMBL50973,2.56,O=C1C(=O)c2ccc([N+](=O)[O-])cc2-c2ccccc21
CHEMBL2349339,3.8,CCC[C@H](CO)Nc1nc(SCc2ccccc2)nc2nc(N)sc12
CHEMBL508739,2.86,Cc1cc(Nc2ncc(F)c(-c3cnc(C)n3C(C)C)n2)ccc1C(=O)N(C)C
CHEMBL129814,2.2,CNC(=O)C1(N2CCCNC2=O)CCN(CC[C@H](CN(C)C(=O)c2c(OC)c(C#N)cc3ccccc23)c2ccc(Cl)c(Cl)c2)CC1
CHEMBL1824375,1.59,O=C(Nc1cccc(O)c1)c1ccc(OCCCN2CCCC2)cc1OCc1cccnc1
CHEMBL807,0.06,CC12CC3CC(C)(C1)CC(N)(C3)C2
CHEMBL2165060,1.25,COc1ccc2ncc(=O)n(CCN3CC[C@H](NCc4cc5c(cn4)OCCO5)[C@@H](OC)C3)c2c1
CHEMBL1209511,3.52,O=S(=O)(NCC(c1ccccc1)N1CCCCCC1)c1ccc(Br)s1
CHEMBL1586302,2.08,Cc1cc(Nc2ccc(F)cc2)nc(N)n1
CHEMBL12132,0.5,CC(=O)Nc1ccccn1
CHEMBL1938680,2.4,O=C(Nc1ccc(N2CCNCC2)cc1)c1ccc(-c2ccc(Cl)cc2)o1
CHEMBL802,0.77,Nc1cc(N2CCCCC2)nc(N)[n+]1[O-]
CHEMBL2035033,2.0,NC1(c2ccc(-c3c(-c4ccccc4)ccn4ccnc34)cc2)CCC1
CHEMBL322318,2.35,O=S(=O)(CCCOCCc1nccc2ccccc12)CCNCCc1ccc(O)c2nc(O)sc12
CHEMBL1448393,2.43,CCOC(=O)c1ccccc1-c1csc(NS(=O)(=O)c2ccc(Cl)cc2)n1
CHEMBL517859,2.17,CN1CCN(C(=O)c2cc(-c3ccccc3)sc2NC(N)=O)CC1
CHEMBL388474,2.0,O=C1c2ccccc2C(=O)N1c1ccc(O)cc1
CHEMBL1868114,3.4,COCCNc1nc(NCc2ccccc2F)c2sccc2n1
CHEMBL152676,0.14,Cn1cc(C(=O)CCCCOc2ccc(C(=O)O)cc2)cc1C=O
CHEMBL27759,1.26,Nc1ccccc1NC(=O)c1ccc(CNC(=O)OCc2cccnc2)cc1
CHEMBL2171047,2.2,Cc1ccc(S(=O)(=O)NC(=O)N2CCC(N3CCC(Oc4ccc(Cl)c(C)c4Cl)CC3)CC2)cc1
CHEMBL2078754,3.35,CN1CCC(n2cc(-c3cnc(N)c(-c4nc5ccc(F)cc5o4)c3)cn2)CC1
CHEMBL570002,1.96,Cc1cc(Nc2cnc(C#N)c(N[C@@H](C)c3ncc(F)cn3)n2)n[nH]1
CHEMBL1950857,2.05,CN[C@@H](C)C(=O)N[C@H](C(=O)N[C@H]1CCCN(CCc2ccc(C)cc2)C1)C(C)(C)C
CHEMBL109205,2.87,CC(C)[C@@H](CN1CCCCC1)N(C)C(=O)Cc1ccc(Cl)c(Cl)c1
CHEMBL1497909,3.5,COc1ccc(C(=O)Nc2cccc(NC(=O)c3ccc(OC)c(OC)c3)n2)cc1OC
CHEMBL57758,3.28,COc1cc2ncnc(Nc3ccc(F)c(Cl)c3)c2cc1OCCN1CCCC1
CHEMBL427486,0.7,CC(=O)NC[C@H]1CN(c2ccc(-n3ccnc3)c(F)c2)C(=O)O1
CHEMBL334167,0.3,Cn1sc(=O)c2cc(S(N)(=O)=O)ccc21
CHEMBL1807815,0.79,Nc1nc(OC2CCCC2)nc2c1ncn2[C@@H]1O[C@H](CO)[C@@H](O)[C@H]1O
CHEMBL320971,1.44,Cc1ncsc1CCOCCCS(=O)(=O)CCNCCc1ccc(O)c2nc(O)sc12
CHEMBL1945291,1.52,COc1ccccc1CN(C)Cc1cccc(CCNC[C@H](O)c2ccc(O)c3[nH]c(=O)sc23)c1
CHEMBL397192,2.86,O=C(NC1Cc2ccccc2N(CC(=O)N2CCC(O)CC2)C1=O)c1cc2cc(Cl)sc2[nH]1
CHEMBL1718800,3.5,c1ccc2[nH]c(CCCc3nc4ccccc4[nH]3)nc2c1
CHEMBL1917442,1.71,Cc1ccc2c(c1)c(Sc1ccccc1Cl)c(C)n2CC(=O)O
CHEMBL59438,3.1,Oc1ccc(-c2ccc3cc(O)ccc3n2)cc1
CHEMBL2087622,4.34,Cc1cc(C#N)oc1-c1c2c(=O)n(C)c(=O)n(CC3CC3)c2nn1Cc1ccnc2ccc(Cl)cc12
CHEMBL2165057,0.51,COc1ccc2ncc(=O)n(CCN3CC[C@@H](NCc4ccc5c(n4)NC(=O)CO5)[C@@H](OC)C3)c2c1
CHEMBL1951898,2.86,CCN(C(=O)Cc1ccc(S(C)(=O)=O)cc1)C1CCN(CC[C@@H](c2ccccc2)N2CCN(S(=O)(=O)C(F)(F)F)CC2)CC1
CHEMBL1224069,1.71,NC(=O)c1cccc(O[C@H]2C[C@H]3CC[C@@H](C2)N3Cc2ccccc2)n1
CHEMBL236779,2.52,Nc1nc(CCc2cccc(Br)c2)cc(=O)[nH]1
CHEMBL1363,0.42,COc1ccc(C[C@@H](C)NC[C@H](O)c2ccc(O)c(NC=O)c2)cc1
CHEMBL234952,3.4,O=C(NC1Cc2ccccc2N(C[C@@H](O)CO)C1=O)c1cc2cc(Cl)ccc2[nH]1
CHEMBL189963,0.8,CC(=O)c1c(C)c2cnc(Nc3ccc(N4CCNCC4)cn3)nc2n(C2CCCC2)c1=O
CHEMBL1682947,3.14,CC[C@H](NC(=O)c1c([S+](C)[O-])c(-c2cccc(F)c2)nc2ccccc12)c1ccccc1
CHEMBL2349321,4.2,CC(C)C[C@H](CO)Nc1nc(SCc2ccccc2)nc2[nH]c(=O)sc12
CHEMBL2036577,2.51,CC(=O)N1CCN(c2ccc(NC(=O)c3nnc(Nc4ccccc4F)o3)cc2)CC1
CHEMBL359810,2.76,Cc1c(-c2ccccc2F)c(=O)n(C[C@H](N)c2ccccc2)c(=O)n1Cc1c(F)cccc1F
CHEMBL750,0.55,N=S(=O)(O)Cc1noc2ccccc12
CHEMBL555013,3.28,Clc1ccc2[nH]ccc2c1
CHEMBL327504,3.5,CN(C)C(=O)[C@H](Cc1ccccc1)NC(=O)c1cc2cc(F)ccc2[nH]1
CHEMBL304087,3.6,COc1cc(NC(=O)Nc2cccc(CNC(=O)O[C@H]3CCOC3)c2)ccc1-c1cnco1
CHEMBL11348,3.3,CCn1c(=O)c2nc(-c3ccccc3)[nH]c2n(CC)c1=O
CHEMBL2024524,2.81,CN(C)C(=O)N[C@H]1CC[C@H](CCN2CCN(c3ccc(Cl)cc3)CC2)CC1
CHEMBL2171035,2.59,O=C(NS(=O)(=O)c1ccc(Cl)cc1)N1CCC(N2CCC(Oc3ccc(Cl)c(Cl)c3)CC2)CC1
CHEMBL7728,1.5,CN1C(=O)NC(=O)C(C)(C2=CCCCC2)C1=O
CHEMBL1760039,3.41,COc1cc(Nc2nccc(Oc3cnc4ccccc4c3)n2)cc(OC)c1OC
CHEMBL219916,3.45,O=c1[nH]c2ccccc2n1CCCN1CCC(n2c(=O)[nH]c3cc(Cl)ccc32)CC1
CHEMBL320876,0.91,COc1cc([C@@H]2c3cc4c(cc3C(O[C@@H]3O[C@@H]5CO[C@@H](C)O[C@H]5[C@H](O)[C@H]3O)C3COC(=O)[C@@H]32)OCO4)cc(OC)c1O
CHEMBL1255978,2.8,Cc1c(-c2ccc(O)cc2)c(=O)oc2cc(O)ccc12
CHEMBL9,-0.87,CCn1cc(C(=O)O)c(=O)c2cc(F)c(N3CCNCC3)cc21
CHEMBL1951165,1.6,COc1cc(OC)c(S(=O)(=O)N(c2ccccc2)C(C)C)cc1NC(C)=O
CHEMBL117869,0.66,COC(=O)c1c(O)cccc1OC/C=C/c1ccc(F)c(-c2cc(C(=O)O)no2)c1
CHEMBL48082,1.68,Nc1nccc(-c2c[nH]c3ccccc23)n1
CHEMBL2177607,1.5,O=C(O)c1ccc(-n2ncc(C(=O)NC3C4CC5CC(C4)CC3C5)c2C(F)(F)F)cc1
CHEMBL279416,0.3,Fc1ccc(-c2ncn(C3CCNCC3)c2-c2ccncc2)cc1
CHEMBL1829251,2.15,CCC(c1nc2ccsc2c(=O)n1Cc1ccc(OC)cc1)N(CCCN)C(=O)c1ccc(C)cc1
CHEMBL376632,2.5,Cc1cc(N2CCC[C@@H]2C(=O)NCCc2ccc3c(c2)OCO3)nc(-n2ccnc2)n1
CHEMBL2177603,1.15,CC(C)c1c(C(=O)NC2C3CC4CC(C3)CC2C4)cnn1-c1ccc(C(=O)O)cc1
CHEMBL2035026,2.0,CCn1cnc2cnc(-c3ccc(C4(N)CCC4)cc3)c(-c3ccccc3)c21
CHEMBL488085,2.45,Cc1ncc(-c2ccnc(Nc3ccc(C(=O)N(C)C)cc3)n2)n1C(C)C
CHEMBL207100,1.74,CC(C)Cn1c(=O)n(C)c(=O)c2c(C(=O)N3CC[C@@H](O)C3)c(Cc3cncc4ccccc34)sc21
CHEMBL49722,0.42,O=C(COc1ccc(OCCNCC(O)COc2ccccc2)cc1)NCCO
CHEMBL563886,2.6,CCc1cc(C(=O)N[C@@H](Cc2cccc(Cl)c2)C(=O)NCC#N)n(C)n1
CHEMBL487066,3.06,Cc1ncc(-c2ccnc(Nc3ccc(C(=O)NC4CC4)cc3)n2)n1C(C)C
CHEMBL2086677,3.8,Cc1cnccc1COc1cnc(N2CCN(C(=O)OC(C)(C)C)CC2)nc1
CHEMBL179701,2.64,C=CCCCCCCCCC(=O)N[C@H]1CCC(=O)NC1=O
CHEMBL1683037,2.57,COc1cc2nnc(C(N)=O)c(Nc3cc(C)ccc3F)c2cc1N1CCN(C)CC1
CHEMBL2208435,3.28,O=C(NC[C@@H](O)CN1CCC(Oc2ccc(Cl)c(Cl)c2)CC1)c1cnnc2ccccc12
CHEMBL1086473,4.17,CCCCc1nc2c(N)nc3ccccc3c2n1Cc1ccccc1
CHEMBL484304,0.87,COc1ccccc1CNC(=O)NS(=O)(=O)c1ccc(Cl)cc1
CHEMBL1824377,1.56,O=C(Nc1cccc(O)c1)c1ccc(OCCCN2CCCC2)cc1OCc1cscn1
CHEMBL2086682,3.7,CC(C)(C)OC(=O)N1CCN(c2ncc(OCc3c(F)cncc3F)cn2)CC1
CHEMBL2094588,2.62,O=C(CN1C2=NCCN2c2ccccc21)c1ccc(Cl)cc1
CHEMBL2087433,0.3,COc1cc(C)c(S(=O)(=O)N(C)CCOCC(=O)N2CCC(C3CCN(C)CC3)CC2)c(C)c1
CHEMBL1916270,0.8,CCC(CC)NC(=O)c1cnn(-c2ccccc2)c1NS(=O)(=O)c1ccc(-c2cnco2)cc1
CHEMBL2331738,2.32,Cc1cn([C@H]2CCCN(S(=O)(=O)c3cccc(Oc4ccccc4)c3)C2)c(=O)[nH]c1=O
CHEMBL1525826,-0.65,COc1nccnc1NS(=O)(=O)c1ccc(N)cc1
CHEMBL1288103,2.76,NC(=O)c1cnc(N[C@H]2CCCNC2)c2cc(-c3ccc(Cl)c(F)c3)sc12
CHEMBL1917449,0.4,CC(=O)Nc1cccc2c1c(S(=O)(=O)c1ccc(Cl)cc1)c(C)n2CC(=O)O
CHEMBL2153303,2.33,CCCNc1nc(N2CCC[C@@H](CC(=O)O)C2)ccc1C(=O)NC1CCCCC1
CHEMBL1197102,2.6,NC1CCc2cc(OC(=O)c3ccccc3)c(OC(=O)c3ccccc3)cc2C1
CHEMBL1351138,1.55,CC(C)C(=O)Nc1ccc2c(c1)C(=O)NC2=O
CHEMBL1324,0.74,Cc1ccc(C(=O)c2cc(O)c(O)c([N+](=O)[O-])c2)cc1
CHEMBL1779008,1.5,COc1cc(F)ccc1-c1cncc(CNC(C)C)c1
CHEMBL1917454,1.26,Cc1c(Oc2ccc(Cl)cc2)c2cc(F)ccc2n1CC(=O)O
CHEMBL2018969,2.09,COc1cccc2c1c(NS(=O)(=O)c1ccc(Cl)s1)nn2Cc1cccc(CNC(=O)C(C)(C)O)c1
CHEMBL1762178,2.93,CC(=O)Nc1cc(CN2C(=O)N(c3ccc(SC(F)(F)F)cc3)C(=O)C2(C)C)ccn1
CHEMBL1916536,1.78,COc1ccc2c(c1)N(CCN1CCC(NCc3cc4c(cn3)OCCO4)CC1)C(=O)CS2
CHEMBL1809202,3.1,COc1cc(N2CCN(C(C)=O)CC2)ccc1Nc1ncc(Cl)c(-c2cnc3c(CO)cccn23)n1
CHEMBL436826,4.25,CCOc1ccc(-n2c([C@@H](C)N(Cc3cccnc3)C(=O)Cc3ccc(C(F)(F)F)cc3)nc3ccccc3c2=O)cc1
CHEMBL1231,3.65,CCN(CC)CC#CCOC(=O)C(O)(c1ccccc1)C1CCCCC1
CHEMBL405790,4.15,O=C(NCC12CC3CC(CC(C3)C1)C2)c1ccccc1Br
CHEMBL2011943,3.13,COc1ccc(-c2nc3c(NCCCNC(=O)C4CCCC4)c(C(N)=O)cnc3[nH]2)cc1
CHEMBL797,0.68,CN1C(=O)CC(c2ccccc2)C1=O
CHEMBL380979,2.8,O=[N+]([O-])c1ccc2[nH]c(-c3ccccn3)nc2c1
CHEMBL1631889,4.31,C(#Cc1n[nH]c2ccccc12)c1ccccc1
CHEMBL1411716,3.49,CSc1ccc(C(=O)C(C)(C)N2CCOCC2)cc1
CHEMBL140689,2.7,CCn1c(=O)ccc2cnc(Nc3ccc(OC)c(OC)c3)nc21
CHEMBL473,0.6,CN(CCOc1ccc(NS(C)(=O)=O)cc1)CCc1ccc(NS(C)(=O)=O)cc1
CHEMBL1016,0.3,CCOc1nc2cccc(C(=O)O)c2n1Cc1ccc(-c2ccccc2-c2nnn[nH]2)cc1
CHEMBL2036751,1.94,CCN1CCC[C@@H](CN2CCN(C(=O)Nc3ccc(Cl)c(Cl)c3)CC2)C1
CHEMBL441550,2.55,CC(C)n1c(=O)n(C)c(=O)c2c(C(=O)N3CCS(=O)(=O)C3)c(Cc3ccccc3C(F)(F)F)sc21
CHEMBL112880,2.26,COc1cc(OC)cc(-c2ccc(NC(=O)OCc3ccccc3)c(=O)n2CC(=O)NC(C(=O)C(F)(F)F)C(C)C)c1
CHEMBL206266,2.32,COc1cc2c(Nc3ncc(NC(=O)c4ccccc4)cn3)ncnc2cc1OCCCN1CCOCC1
CHEMBL2059377,2.62,CCNC(=O)c1cc2c(-n3ccc(C(F)(F)F)n3)c(-c3cncc(C#N)c3)cnc2[nH]1
CHEMBL1778646,-0.43,CCS(=O)(=O)c1ccc(-c2cc(Cl)ccc2OCC(=O)O)c(Cl)c1
CHEMBL2153302,2.81,CCCOc1nc(N2CCC[C@@H](CC(=O)O)C2)ccc1C(=O)NC1CCCCC1
CHEMBL487622,0.7,CNC(=O)c1ccc(-c2cc(C(=O)N[C@H]3CCCNC3)c(NC(N)=O)s2)cc1
CHEMBL2086655,3.1,CC(C)(C)OC(=O)N1CCN(c2ccc(OCc3ccc(S(C)(=O)=O)cc3)nc2)CC1
CHEMBL1418939,3.1,COc1cnc(-c2ccccn2)nc1Oc1ccc(F)cc1F
CHEMBL522892,3.45,CN1CCN(c2ccc3nc(-c4c(N)c5c(F)cccc5[nH]c4=O)[nH]c3c2)CC1
CHEMBL2062577,2.9,CC(=O)N(C)c1ccc2ccn(-c3cc(NC4CC4)n4ncc(C#N)c4n3)c2c1
CHEMBL363462,3.5,COc1cc2ncnc(Nc3cc(NC(=O)c4ccnc(N5CCOCC5)c4)ccc3C)c2cc1OCCN(C(C)C)C(C)C
CHEMBL1412475,1.4,Cc1cc(O)nc(-n2nc(C)c(Oc3ccccc3O)c2C)n1
CHEMBL567508,1.84,NC(=O)c1c(N)sc2c1CCCC2
CHEMBL1289465,2.7,O=C(COCc1ccncc1)N1CCC(c2ccc(F)cc2Cl)CC1
CHEMBL1426965,3.29,FC(F)(F)c1nnc2ccc(N3CCCCCC3)nn12
CHEMBL181326,3.37,O=C(NCC(=O)N(CCO)c1ccccc1)c1cc2cc(Cl)ccc2[nH]1
CHEMBL184012,3.47,Cc1ccc(NC(=O)c2ccnc(N3CCOCC3)c2)cc1NC(=O)c1ccc(OCc2ccccn2)cc1
CHEMBL188705,3.71,COc1ccc(OC)c(CNc2[nH]nc3cccc(Oc4ccc(S(C)(=O)=O)cc4)c23)c1
CHEMBL212689,2.2,CCN(C(=O)Cc1ccc(S(C)(=O)=O)cc1)C1CCN(CC[C@H](c2ccc(S(C)(=O)=O)cc2)c2cc(F)cc(F)c2)CC1
CHEMBL221118,2.8,Nc1cccc(CCc2ccc3cc[nH]c3c2)n1
CHEMBL218628,1.77,CNc1nc2ccccc2n1Cc1sc2c(c1C(=O)N1C[C@H](O)CO1)c(=O)n(C)c(=O)n2CC(C)C
CHEMBL1471720,0.0,CN1CCN(CC(=O)Nc2c(C#N)cnn2-c2ccccc2)CC1
CHEMBL578235,2.34,Cc1cc(Oc2ccnc(Nc3ccc(S(N)(=O)=O)cc3)c2)c(-c2ccccn2)nc1C
CHEMBL192,2.8,CCCc1nn(C)c2c(=O)[nH]c(-c3cc(S(=O)(=O)N4CCN(C)CC4)ccc3OCC)nc12
CHEMBL247479,3.6,CN(C)CCOc1ccc(-c2oc3ncnc(NC[C@@H]4CCCO4)c3c2-c2ccccc2)cc1
CHEMBL682,2.9,CCN(CC)Cc1cc(Nc2ccnc3cc(Cl)ccc23)ccc1O
CHEMBL110855,2.45,CCN(CCCOCCOCCc1ccccc1)CCc1ccc(O)c2nc(O)sc12
CHEMBL2036568,3.6,O=C(Nc1ccc(N2CCOCC2)c(F)c1)c1nnc(Nc2ccccc2F)o1
CHEMBL181,1.05,CC1=NS(=O)(=O)c2cc(Cl)ccc2N1
CHEMBL1652621,2.36,Cc1c(CN(C)C(=O)/C=C/c2cnc3c(c2)CCC(=O)N3)oc2ccccc12
CHEMBL2331745,2.73,COc1ccc(S(=O)(=O)N2CCC[C@H](n3cc(C)c(=O)[nH]c3=O)C2)cc1Oc1cccc(Cl)c1
CHEMBL2181926,2.63,CCOC(=O)C1=C(C)NC(C)=C(C(C)=O)[C@H]1c1cccc2c(=O)cc(C)oc12
CHEMBL1352372,2.08,N#Cc1c(N)nc2c(c1N)CC(COc1ccccc1)O2
CHEMBL2069421,4.3,COc1ncc(-c2cccc3c2C[C@H](NC(=O)c2ccc(OCC(F)(F)F)nc2)CO3)cn1
CHEMBL192666,2.9,O=S(=O)(Nc1cc(F)ccc1F)c1ccc(Cl)cc1
CHEMBL277863,2.05,COC(=O)N1CCN(C(=O)Cc2ccc(Cl)c(Cl)c2)[C@H](CN2CCCC2)C1
CHEMBL1393651,3.1,CCN(C(=O)Nc1ccccc1)c1ccccc1
CHEMBL503605,1.65,O=C(c1cc2cc(Cl)ccc2[nH]1)N1CCNCC1
CHEMBL2316396,4.4,O=C(NCC1CCOCC1)c1ncccc1NC(=O)c1cccc2ccccc12
CHEMBL578675,2.01,COc1cnc(-c2ccccn2)nc1NC(C)C
CHEMBL1800659,3.0,CCCCN(CCNCCc1ccc(O)c2[nH]c(=O)sc12)C(=O)CCOCCc1ccccc1
CHEMBL84158,-0.9,CCN(CC)CCNC(=O)c1cc(S(C)(=O)=O)ccc1OC
CHEMBL1784354,1.07,CC(C)(CS(=O)(=O)N1CCN(c2ccc(F)cc2)CC1)N(O)C=O
CHEMBL244521,3.6,CC(C)c1nc2ccc(-c3ccc(F)cc3)cc2c(=O)n1C[C@H]1CCCN(C(C)C)C1
CHEMBL228739,3.5,COCCN1CCC(Cc2ccc(C(=O)NCc3cnc(C#N)nc3NCC(C)(C)C)cc2)CC1
CHEMBL204772,1.34,Cc1nc2ccccc2n1Cc1sc2c(c1C(=O)N1CC[C@@H](O)C1)c(=O)n(C)c(=O)n2CC(C)C
CHEMBL1951073,1.97,COc1cc(OC)c(S(=O)(=O)N2c3ccccc3CCC2C)cc1NC(C)=O
CHEMBL190354,2.0,O=C1O[C@]2(CN3CCC2CC3)CN1c1ccc(Br)s1
CHEMBL295135,1.85,O=C(O)c1[nH]c2cc(Cl)cc(Cl)c2c1/C=C1\CCN(c2ccccc2)C1=O
CHEMBL382435,2.71,CCN(C(=O)Cc1ccc(S(C)(=O)=O)cc1)C1CCN(CC[C@H](c2ccc(S(C)(=O)=O)cc2)c2cc(F)cc(Cl)c2)CC1
CHEMBL2165059,0.81,CO[C@@H]1CN(CCn2c(=O)ccc3ccc(C#N)cc32)CC[C@H]1NCc1ccc2c(n1)NC(=O)CO2
CHEMBL425518,2.35,CNC1CCN(c2ccc(NC(=O)c3ccc(-c4ccccc4)cc3)cn2)C1
CHEMBL1231533,2.8,O=C1NC(=O)/C(=C/c2ccc3c(c2)OC(F)(F)O3)S1
CHEMBL2335504,3.17,CC(=O)N[C@@H](C)c1ccc(Nc2ncc3cc(-c4ccncc4)ccc3n2)cc1
CHEMBL1778617,-0.16,O=C(O)COc1ccc(-c2nccs2)cc1-c1ccccc1
CHEMBL2208431,3.69,O=C(NC[C@@H](O)CN1CCC(Oc2ccc(Cl)c(Cl)c2)CC1)c1n[nH]c(=O)c2ccccc12
CHEMBL112924,1.13,CC(C)C(NC(=O)Cn1c(-c2ccccc2)ccc(NC(=O)NCc2cc[n+]([O-])cc2)c1=O)C(=O)C(F)(F)F
CHEMBL1456,2.26,COc1c(C)c2c(c(O)c1C/C=C(\C)CCC(=O)OCCN1CCOCC1)C(=O)OC2
CHEMBL1186433,-0.28,CC(=N)NCc1ccccc1
CHEMBL1460615,1.4,O=S1(=O)CC(O)C(N2CCC(c3ccccc3)CC2)C1
CHEMBL128637,1.62,COc1ccc2[nH]c(C(=O)N3CCN(C)CC3)cc2c1
CHEMBL1893999,2.8,CC(C)C1NCCc2c1sc1ccccc21
CHEMBL191003,1.87,Nc1nc(Nc2ccc(S(N)(=O)=O)cc2)nn1C(=O)c1c(F)cccc1F
CHEMBL1458292,4.13,CCCCCc1ccc(-c2nnc(N)s2)cc1
CHEMBL1461445,2.89,Cc1sc2ncnc(SCC(=O)N3CCCC3)c2c1C
CHEMBL2030957,0.16,O=C(N[C@@H](Cc1cccc(OCCCNc2ccccn2)c1)C(=O)O)c1c(Cl)cccc1Cl
CHEMBL1916278,0.16,Cc1ccc(S(=O)(=O)Nc2c(C(=O)NC3CCOCC3)c(C)nn2-c2ccccc2)cc1
CHEMBL1809222,4.2,COc1cc(N2CCN(C(C)=O)CC2)ccc1Nc1ncc(Cl)c(-c2cnc3cc(Cl)ccn23)n1
CHEMBL2158781,1.81,Cc1cc(F)ccc1OC1CCN(CC2CCN([C@@H](Cc3ccc(F)cc3)C(=O)O)CC2)CC1
CHEMBL1573297,2.34,FC(F)(F)c1nnc2ccc(NCn3nnc4ccccc43)nn12
CHEMBL2089279,0.4,C[C@@H]1N[S@](=O)(c2cccc(-c3cccc(C#N)c3)c2)=NC1=O
CHEMBL2153177,1.63,CCCSc1ncccc1C(=O)N(C)C1CCOCC1
CHEMBL897,0.03,CCCN(CCC)S(=O)(=O)c1ccc(C(=O)O)cc1
CHEMBL418841,1.78,CC(=O)Nc1ccc(-c2ccccc2)n(CC(=O)NC(C(=O)C(F)(F)F)C(C)C)c1=O
CHEMBL415,3.36,CN(C)CCCN1c2ccccc2CCc2ccc(Cl)cc21
CHEMBL469728,2.18,COc1ccc(N(C(=O)c2occc2Cl)C(C(=O)NC[C@@H](C)O)c2ccccc2F)c(OC)c1
CHEMBL177756,0.0,O=C(O)c1ccccc1-c1c2ccc(=O)cc-2oc2cc(O)ccc12
CHEMBL324519,0.73,Oc1nc2ccccc2c(O)c1-c1ccccc1
CHEMBL1201212,-0.71,COc1ccc(OC)c(C(O)CNC(=O)CN)c1
CHEMBL2031234,1.5,Cc1ccc(NC(=O)c2cccnc2)cc1-n1cnc2ccc(N3CCN(C)CC3)cc2c1=O
CHEMBL2336318,2.6,COc1ccc(-c2ccc3c(N4CCOC[C@@H]4C)nc(-n4ccnc4)nc3n2)cc1CO
CHEMBL75435,-0.06,C[C@H](C(=O)O)c1cccc(C(=O)c2ccccc2)c1
CHEMBL2031237,2.11,Cc1ccc(NC(=O)c2cncs2)cc1-n1cnc2ccc(N3CCN(C)CC3)cc2c1=O
CHEMBL454648,3.14,Cc1ncc(-c2nc(Nc3ccc(C(=O)N(C)C)c(F)c3)ncc2F)n1C(C)C
CHEMBL51776,2.67,COC(=O)CCC(=O)Nc1ccc2c(c1)C(=O)C(=O)c1cc(NC(=O)CCC(=O)OC)ccc1-2
CHEMBL1917458,0.29,CCS(=O)(=O)c1ccc(Oc2c(C)n(CC(=O)O)c3ccc(C(F)(F)F)cc23)cc1
CHEMBL1736016,2.93,O=C(NC1CCCCC1)C1CCCN(S(=O)(=O)c2cccs2)C1
CHEMBL2325733,2.2,NC1(C(=O)NC(CS(N)(=O)=O)c2ccc(Cl)cc2)CCN(c2ncnc3[nH]ccc23)CC1
CHEMBL1180257,0.6,CCC(c1ccncc1)n1[nH]c(=O)c2[nH]c3cc(Cl)ccc3c(=O)c2c1=O
CHEMBL2036732,3.3,O=C(Nc1ccc(N2CCOCC2)nc1)c1nnc(Nc2cccc(OCc3cccnc3)c2)o1
CHEMBL1835906,2.7,CCOC(=O)c1ccc(OCCC2CN(c3ccc(C)nn3)CCO2)cc1
CHEMBL2178947,1.5,Cc1nc(C)c(-c2ccc3c(c2)CC[C@]32CC[C@@H](CC(=O)O)CC2)nc1C(N)=O
CHEMBL1779512,1.44,COC[C@@H](O)Cn1c(=O)cnn(-c2ccc(Cl)c(C(=O)NCC3(O)CCCCCC3)c2)c1=O
CHEMBL201800,3.1,Nc1nc2nc(SCc3ccccc3)nc(N)c2s1
CHEMBL2010830,2.9,CCN(C(=O)Cc1ccc(S(C)(=O)=O)cc1)C1CCN(Cc2ccc(C(F)(F)F)cc2)CC1
CHEMBL2312113,4.3,COc1cc(O)c(C(CC(=O)N2CC(C)CC(C)C2)c2ccc3c(c2)OCO3)c(OC)c1
CHEMBL1448605,3.63,CCNc1nc(N)c(C(=O)c2ccc(Cl)s2)s1
CHEMBL1778637,-0.52,CS(=O)(=O)c1ccc(-c2cc(C(F)(F)F)ccc2OCC(=O)O)c(Cl)c1
CHEMBL234524,1.8,O=C1c2ccc(O)cc2C(=O)N1c1ccc(O)cc1
CHEMBL1451838,-0.38,C1CCC(NC2CCCCC2)CC1
CHEMBL2321995,3.32,CN1CC=CCC(c2ccc(Cl)c(Cl)c2)C1
CHEMBL366205,3.85,O=C(C(=O)c1cc(Br)ccc1O)c1cc(Br)ccc1O
CHEMBL2011923,2.14,CNc1c(C(N)=O)cnc2[nH]c(-c3ccc(OCCN4CCOCC4)cc3)nc12
CHEMBL274737,3.27,CC[C@H](CO)Nc1nc(SCc2ccccc2)nc2nc(N)sc12
CHEMBL1916289,2.35,Cc1nn(-c2ccc(F)cc2)c(NS(=O)(=O)c2ccc(C(F)(F)F)cc2)c1C(=O)N[C@@H](C)C(C)(C)C
CHEMBL370387,2.5,Nc1nc2nc(SCc3cccc(F)c3F)nc(O)c2s1
CHEMBL558,0.62,Cc1cccc(C)c1OCC(C)N
CHEMBL403296,2.59,CCCCC(O)c1[nH]c2cc(C)c(C(=O)O)cc2c1CCc1ccccc1
CHEMBL1343875,4.19,CC(C(=O)Nc1ccc(Cl)cc1)c1ncc(C(F)(F)F)cc1Cl
CHEMBL434063,2.15,CN(CCOc1ccc(C[C@H](Nc2ccccc2C(=O)c2ccccc2)C(=O)O)cc1)c1ccccn1
CHEMBL102047,1.58,CN(C)CC(O)COc1ccc(Nc2nccc(Nc3ccccc3)n2)cc1
CHEMBL2335884,2.66,c1cc(-c2ccc3nc(Nc4ccc(OCCN5CCCC5)cc4)ncc3c2)ccn1
CHEMBL8,-0.96,O=C(O)c1cn(C2CC2)c2cc(N3CCNCC3)c(F)cc2c1=O
CHEMBL319136,3.6,CN(C)C(=O)[C@H](O)[C@H](Cc1ccccc1)NC(=O)c1cc2cc(Cl)ccc2[nH]1
CHEMBL2165058,1.05,CO[C@H]1CN(CCn2c(=O)ccc3ccc(C#N)cc32)CC[C@@H]1NCc1cc2c(cn1)OCCO2
CHEMBL549,1.56,CN(C)CCCC1(c2ccc(F)cc2)OCc2cc(C#N)ccc21
CHEMBL1950859,1.54,CN[C@@H](C)C(=O)N[C@H](C(=O)N[C@H]1CCCN(CCc2ccc([N+](=O)[O-])cc2)C1)C(C)(C)C
CHEMBL413065,2.55,CCc1nc2c(N)nc3ccccc3c2n1CC(C)C
CHEMBL2011931,1.71,COc1ccc(-c2nc3c(NCCCNC(=O)C4CC4)c(Br)cnc3[nH]2)cc1
CHEMBL218490,0.27,CCN[C@H]1C[C@H](C)S(=O)(=O)c2sc(S(N)(=O)=O)cc21
CHEMBL1783280,2.83,CCCNC(=O)c1nnc2c(-c3cnccc3OC)cccc2c1N
CHEMBL1255834,0.48,CC(N)Cc1c[nH]c2ccc(OCc3cccs3)cc12
CHEMBL436281,0.75,c1ccc(C2OC3(CCNCC3)c3ccccc32)cc1
CHEMBL1809194,3.7,COc1cc(N2CCN(C(C)=O)CC2)ccc1Nc1ncc(Br)c(-c2cnc3ccccn23)n1
CHEMBL211866,1.38,CCN(C(=O)Cc1ccc(S(C)(=O)=O)cc1)C1CCN(CC[C@@H](c2ccccc2)c2ccc(S(C)(=O)=O)cc2)CC1
CHEMBL831,3.24,CN1CCN(C2=Nc3ccccc3Oc3ccc(Cl)cc32)CC1
CHEMBL2207596,-0.27,COc1cc(O)c(S(=O)(=O)N2c3ccccc3CCC2C)cc1NC(=O)CCC(=O)O
CHEMBL1994944,1.61,Cn1ncc2c(=O)[nH]c(-c3ccccc3)nc21
CHEMBL126224,2.96,CN(C)CCCn1c2c(c3ccccc31)CCCCCC2
CHEMBL242341,3.05,COc1ccc(-c2coc3cc(O)ccc3c2=O)cc1
CHEMBL1431859,1.13,NC(=O)c1cccnc1Oc1ccccc1
CHEMBL578061,4.06,c1ccc(Nc2ccnc(Nc3ccccc3)n2)cc1
CHEMBL289330,1.2,CCN1CCC[C@H]1CNC(=O)c1cc(Br)cc(OC)c1OC
CHEMBL1824029,0.25,CC(O)c1ccc2c(c1)N(CCN1CCC(NCc3ccc4c(n3)NC(=O)CO4)CC1)C(=O)CO2
CHEMBL494480,0.54,CCN(CC)C(=O)c1ccc(C2=CC3(CCNCC3)Oc3cccc(O)c32)cc1
CHEMBL317629,2.5,CN(C)CC(O)COc1ccc(Nc2nccc(Nc3cccc(Cl)c3)n2)cc1
CHEMBL1568309,1.0,CC(=O)Nc1ccccc1C
CHEMBL393384,1.83,O=C(NCC12CC3CC(CC(C3)C1)C2)c1cc(OC2CCNCC2)ccc1Cl
CHEMBL2048868,1.27,COc1cccc(/C=C2\SC(=O)NC2=O)c1N1CCC[C@@H](N)C1
CHEMBL1429296,3.74,COc1ccccc1CN1C(=O)c2ccccc2C1C(=O)NC1CCC(C)CC1
CHEMBL402011,2.89,C[C@@H](Oc1cccc2ncnc(Nc3ccc4c(cnn4Cc4ccccn4)c3)c12)C(=O)N(C)C
CHEMBL227148,1.2,COCCNC(=O)c1cccc(Cn2[nH]c(=O)c3[nH]c4cc(Cl)ccc4c(=O)c3c2=O)c1
CHEMBL2059868,2.87,Cc1ccc(-c2[nH]cnc2C)cc1NC(=O)c1ccc(OCc2ccccn2)cc1
CHEMBL1570112,3.5,CCn1c2ccccc2c2cc(NC(C)=O)ccc21
CHEMBL2011895,2.56,CNc1c(Br)cnc2[nH]c(-c3ccc(OCCN4CCCCC4)cc3)nc12
CHEMBL1917425,2.15,Cc1c(Sc2ccc(Cl)cc2)c2c(Cl)cccc2n1CC(=O)O
CHEMBL44326,3.7,Oc1cccc(-c2nc3ccc(O)cc3s2)c1
CHEMBL341175,2.52,CN(C)C(=O)C1(N2CCCCC2=O)CCN(CC[C@H](CN(C)C(=O)c2cc(C#N)cc3ccccc23)c2ccc(Cl)c(Cl)c2)CC1
CHEMBL1224142,1.6,Cc1c(O[C@H]2C[C@H]3CC[C@@H](C2)N3Cc2ccccc2)cccc1C(N)=O
CHEMBL1374738,-0.12,O=C1OCCN1N=Cc1ccc([N+](=O)[O-])o1
CHEMBL1917443,-0.08,Cc1ccc2c(c1)c(Sc1ccc(S(C)(=O)=O)cc1)c(C)n2CC(=O)O
CHEMBL224769,3.52,Cc1ccc([N+](=O)[O-])cc1S(=O)(=O)n1ccc(-c2c(C)nc3ccc(Br)cn23)n1
CHEMBL1796300,0.76,O=C(NCc1ccncn1)c1ccc(Oc2ccc(CCC3(O)CN4CCC3CC4)cc2)cc1
CHEMBL206229,4.42,CC(C)Cn1c(=O)n(C)c(=O)c2c(SC(C)C)c(Cc3ccccc3C(F)(F)F)sc21
CHEMBL49,2.19,O=C1CC2(CCCC2)CC(=O)N1CCCCN1CCN(c2ncccn2)CC1
CHEMBL447983,1.7,C[C@](N)(Cc1ccccc1)c1ccccc1
CHEMBL2030402,2.01,O=c1[nH]c([C@@H]2CCCN2)nc2c1oc1ccc(Cl)cc12
CHEMBL1950847,0.78,CN[C@@H](C)C(=O)N[C@H](C(=O)N[C@H]1CCCN(S(=O)(=O)Cc2ccccc2)C1)C(C)(C)C
CHEMBL1809055,3.4,COc1cc(C(=O)N2CCOCC2)ccc1Nc1ncc(Cl)c(-c2cnc3ccccn23)n1
CHEMBL2335880,2.39,O=C(NCCN1CCCC1)c1ccc(Nc2ncc3cc(-c4ccncc4)ccc3n2)cc1
CHEMBL509406,2.41,Cc1ncc(-c2nc(Nc3ccc(C(=O)NC4CCN(C)CC4)c(F)c3)ncc2F)n1C(C)C
CHEMBL2178943,1.8,Cc1nc(C)c(-c2ccc([C@H]3CC[C@H](CC(=O)O)CC3)c(Cl)c2)nc1C(N)=O
CHEMBL462192,2.02,Cc1ncc(-c2nc(Nc3ccc(C(=O)N4CCCN(C)CC4)cc3)ncc2F)n1C(C)C
CHEMBL271013,3.12,C[C@H](CO)Nc1nc(SCc2ccccc2)nc2nc(N)sc12
CHEMBL327151,3.4,O=C(CCc1ccncc1)Nc1ccc(C(=O)c2ccccc2)cc1
CHEMBL2086694,2.85,C[C@@H]1CN(c2noc(C(F)F)n2)CCN1c1ncc(OCc2ccncc2C#N)cn1
CHEMBL370552,2.98,CCN(C(=O)Cc1ccc(S(C)(=O)=O)cc1)C1CCN(CCC(c2ccccc2)c2ccc(NC(=O)C(C)(C)C)cc2)CC1
CHEMBL24137,3.4,COc1cc2c(Nc3ccc(Cl)cc3F)ncnc2cc1OCCCN1CCOCC1
CHEMBL2171021,3.33,Cc1c(Cl)ccc(OC2CCN(C3CCN(C(=O)c4cccc(S(C)(=O)=O)c4)CC3)CC2)c1Cl
CHEMBL192307,3.82,CCCCc1nc2c(N)nc3ccccc3c2n1CC(C)C
CHEMBL399510,0.54,CCN(CC)CCNC(=O)c1cc(Br)c(N)cc1OC
CHEMBL2036743,1.5,O=C(O)Cc1ccc(-c2ccc(NC(=O)c3nnc(Nc4ccccc4F)o3)cc2)cc1
CHEMBL1818328,1.4,O=S(=O)(c1ccccc1-c1ccc(CNC2CCOCC2)cc1)N1CCCC1
CHEMBL2086478,2.25,C=CC(=O)Nc1ccc(C)cc1
CHEMBL1779003,2.29,COc1cc(F)ccc1-c1cncc(CNC2CCCC2)c1
CHEMBL32800,-0.06,CC(Cc1ccc(O)cc1)NCC(O)c1cc(O)cc(O)c1
CHEMBL257478,3.85,Cc1ccc(Oc2ccc(Nc3ncnc4cccc(O[C@H](C)C(=O)N(C)CCO)c34)cc2C)cn1
CHEMBL2208427,3.12,COc1cc(C(=O)NC[C@@H](O)CN2CCC(Oc3ccc(Cl)c(Cl)c3)CC2)ccc1N
CHEMBL2011918,2.91,CNc1c(Br)cnc2[nH]c(-c3ccc(OCCN4CCN(C)CC4)cc3)nc12
CHEMBL2,1.9,COc1cc2nc(N3CCN(C(=O)c4ccco4)CC3)nc(N)c2cc1OC
CHEMBL1478592,2.13,Cc1c(C(=O)Nc2ccccc2)sc2ncnc(O)c12
CHEMBL1199945,3.4,COCC(=O)N1CCC(n2cc(-c3cnc(N)c(-c4nc5ccccc5o4)c3)cn2)CC1
CHEMBL14642,2.51,CCCC(=O)C1(c2ccccc2)CCN(C(=O)[C@@H](Cc2ccc(OC)cc2)NC(=O)[C@@H](N)Cc2cncn2C)CC1
CHEMBL1951899,1.8,CCN(C(=O)Cc1ccc(S(C)(=O)=O)cc1)C1CCN(CC[C@@H](c2ccccc2)N2CCN(S(=O)(=O)CC(F)(F)F)CC2)CC1
CHEMBL459236,3.89,CCn1c(=O)ccc2cc(COc3cc(F)cc(C4(OC)CCOCC4)c3)ccc21
CHEMBL448474,3.16,CC(=O)OCCn1c(Sc2nc3cccc(Cl)c3s2)nc2c(N)ncnc21
CHEMBL249295,3.2,CN1CCN([C@H]2C[C@@H](c3nc(-c4ccc5ccc(-c6ccccc6)nc5c4)c4c(N)nccn43)C2)CC1
CHEMBL455427,2.8,Cc1ncc(-c2ccnc(Nc3ccc(C(N)=O)c(F)c3)n2)n1C(C)C
CHEMBL2059378,1.65,CCNC(=O)c1cc2c(-n3ccc(C(F)(F)F)n3)c(-c3cncc(-c4n[nH]c(=O)o4)c3)cnc2[nH]1
CHEMBL564,2.56,CN(C)CCCN1c2ccccc2Sc2ccccc21
CHEMBL2158780,2.53,Cc1cc(Cl)ccc1OC1CCN(CC2CCN([C@@H](Cc3ccc(F)cc3)C(=O)O)CC2)CC1
CHEMBL1200147,3.2,Nc1ncc(-c2cnn(C3CCN(C(=O)CO)CC3)c2)cc1-c1nc2ccccc2o1
CHEMBL418226,1.7,CCc1cc(OCc2ccc(-c3ccccc3-c3nn[nH]n3)cc2)c2c(n1)CCCC2
CHEMBL2216839,4.01,C[C@@H]1CN(Cc2nnc(-c3cc(-c4cccc5[nH]ccc45)cc4[nH]ncc34)o2)C[C@H](C)O1
CHEMBL507177,2.24,NC(=O)Nc1sc(-c2ccccc2)cc1C(=O)N1CCOCC1
CHEMBL290663,1.33,O=C(NCCCN1CCCCC1)C(c1ccccc1)c1ccccc1
CHEMBL471578,2.72,N#Cc1nc(Nc2ccccc2)c(N)c(N2CCOCC2)n1
CHEMBL224399,2.7,COc1cc(N2CCN(C)CC2)c2[nH]c(C(=O)Nc3ccc(N4CCOCC4)cc3)cc(=O)c2c1
CHEMBL2207805,4.0,O=C(NCc1ccco1)c1ccc2[nH]c(COc3ccc(C45CC6CC(CC(C6)C4)C5)cc3)nc2c1
CHEMBL1831214,2.43,NC(=O)Nc1cc(-c2ccccc2)sc1C(N)=O
CHEMBL114868,2.43,CC(=O)Nc1cccc(S(=O)(=O)Nc2ccc(-c3ccccc3)n(CC(=O)NC(C(=O)C(F)(F)F)C(C)C)c2=O)c1
CHEMBL1314022,-0.91,CCN(c1ccccc1)c1cc(NC)[n+](C)c(C)n1
CHEMBL1829428,-0.04,CCC(c1nc2ncccc2c(=O)n1Cc1ccccc1)N(CCCN)C(=O)c1ccc(C)cc1
CHEMBL1835919,-0.5,Nc1ncnc2c1C(=O)N(c1ccc([C@H]3CC[C@H](CC(=O)O)CC3)cc1)CCO2
CHEMBL244184,3.56,Cc1cnc(Oc2ccc(-n3ccnc3)cc2)nc1Oc1ccc2c(c1)OCO2
CHEMBL489514,2.3,Cc1csc(NC(=O)c2cc(Sc3nncn3C)ccc2N)n1
CHEMBL1956129,2.4,C[C@@](CCc1ccc(-c2ccc(Cl)cc2)cc1)(C(=O)NO)S(C)(=O)=O
CHEMBL9967,-0.49,CN1CCN(CC(=O)N2c3ccccc3C(=O)Nc3cccnc32)CC1
CHEMBL2171989,1.79,N#CCNC(=O)[C@@H]1CCCC[C@H]1C(=O)N1CCN(c2ccc(C#N)cc2)CC1
CHEMBL1337984,3.1,Nc1ccc2nc(-c3ccc(O)cc3)sc2c1
CHEMBL2206788,3.5,COCCC(Oc1ncnc2c1cnn2-c1ccccc1C(F)(F)F)C(=O)Nc1ccc(C)cn1
CHEMBL1946027,2.65,CCN(C)C(=O)c1ccc(C(=C2CCN(Cc3cscn3)CC2)c2cccc3cccnc23)cc1
CHEMBL1807852,1.66,C[C@H]1O[C@@H](n2cnc3c(N)nc(OC4CC5CC5C4)nc32)[C@H](O)[C@@H]1O
CHEMBL2364611,1.71,Cc1cccc(-c2nn3c(c2-c2ccnc4ccc(C(N)=O)cc24)CCC3)n1
CHEMBL1493,3.42,Cc1c(-c2ccccc2)oc2c(C(=O)OCCN3CCCCC3)cccc2c1=O
CHEMBL1916260,0.69,CCC(CC)NC(=O)c1cnn(-c2ccccc2)c1NS(=O)(=O)C1CCCC1
CHEMBL383235,2.99,CC[C@@H](CO)Nc1nc(SCc2ccccc2)nc2nc(N)sc12
CHEMBL6549,1.78,Nc1nc(N)c2cc(Br)ccc2n1
CHEMBL456,0.02,C=C(CC)C(=O)c1ccc(OCC(=O)O)c(Cl)c1Cl
CHEMBL1180254,1.1,O=c1[nH]n(C(c2ccccc2)c2ccncc2)c(=O)c2c(O)c3ccc(Cl)cc3nc12
CHEMBL479,3.76,CSc1ccc2c(c1)N(CCC1CCCCN1C)c1ccccc1S2
CHEMBL1933588,-0.06,C[C@H]1O[C@@H](n2cnc3c(N)nc(OC4CCOC4)nc32)[C@H](O)[C@@H]1O
CHEMBL253741,3.07,COc1cc(Nc2cc(Nc3c(Cl)ccc4c3OCO4)ncn2)cc(OC)c1OC
CHEMBL2179290,3.38,Cc1cn(C2CCCN(Cc3cccc(Oc4ccc(Cl)cc4)c3)C2)c(=O)[nH]c1=O
CHEMBL1773,0.67,CCCCCOC(=O)Nc1nc(=O)n([C@@H]2O[C@H](C)[C@@H](O)[C@H]2O)cc1F
CHEMBL476578,3.3,CC(=O)N[C@@H]1CCN(c2ccc(Nc3ncc(F)c(-c4cnc(C)n4C(C)C)n3)cc2)C1
CHEMBL2179271,0.22,CC[C@H](c1ccc(C(=O)O)c(Oc2cccc(Cl)c2)c1)N1CCC[C@H](n2cc(C)c(=O)[nH]c2=O)C1
CHEMBL2144380,3.16,COc1ccc(-c2csc(NC(=O)c3c(C)noc3C)n2)cc1OC
CHEMBL2030440,1.94,CS(=O)(=O)Cc1cc(N2CCOCC2)nc(-c2ccccc2)n1
CHEMBL2010853,2.2,CN(C(=O)Cc1ccc(S(C)(=O)=O)cc1)[C@@H]1CCN(Cc2nc3cc(F)ccc3s2)C[C@@H]1F
CHEMBL2036777,1.92,CC(C)N1CCN[C@@H](CN2CCN(C(=O)Nc3ccc(Cl)c(Cl)c3)CC2)C1
CHEMBL1076330,2.69,Cn1cnc(-c2ccccc2)c1-c1nc2c(N)ncnc2s1
CHEMBL214849,1.28,CCCN(CCO)CCCOc1cc2ncnc(Nc3cc(CC(=O)Nc4cccc(F)c4F)[nH]n3)c2cc1OC
CHEMBL437501,3.24,CC(C)C[C@H](N[C@@H](c1ccc(-c2ccc(S(C)(=O)=O)cc2)cc1)C(F)(F)F)C(=O)NCC#N
CHEMBL181913,2.3,CN(C(=O)Cc1ccc(S(N)(=O)=O)cc1)C1CCN(CCC(c2ccccc2)c2ccccc2)CC1
CHEMBL2086660,3.6,C[C@@H]1CN(C(=O)OC(C)(C)C)CCN1c1ncc(OCc2ccc(S(C)(=O)=O)cc2)cn1
CHEMBL1223528,2.13,Cc1cc2n[nH]c(=O)n2c2cc(-c3cn[nH]c3)ccc12
CHEMBL2030807,-0.15,CNc1cccc(CCOc2ccc(C[C@H](NC(=O)c3c(Cl)cccc3Cl)C(=O)O)cc2)n1
CHEMBL1829429,-0.14,CCC(c1nc2nccnc2c(=O)n1Cc1ccccc1)N(CCCN)C(=O)c1ccc(C)cc1
CHEMBL11032,2.15,CC(C)C(NC(=O)Cn1c(-c2cccnc2)ncc(NC(=O)OCc2ccccc2)c1=O)C(=O)C(F)(F)F
CHEMBL184817,0.6,O=C(O)CCn1c2ccccc2c2ccccc21
CHEMBL1388277,3.31,CSc1ncccc1C(=O)NCCc1ccc(Cl)cc1
CHEMBL6412,1.74,COc1nc(Cl)cnc1NS(=O)(=O)c1cccc2c(N(C)C)cccc12
CHEMBL1945037,1.11,O=c1[nH]c2c(O)ccc([C@@H](O)CNCCc3cccc(CNCCCc4ccccc4)c3)c2s1
CHEMBL110940,2.74,CCCN(CCCOCCOCCc1ccccc1)CCc1ccc(O)c2nc(O)sc12
CHEMBL403225,3.53,C[C@H](CO)Nc1nc(SCc2cccc(Cl)c2F)nc2[nH]c(=O)sc12
CHEMBL20969,0.54,c1ccc(C2CCNCC2)cc1
CHEMBL495841,2.2,N#Cc1ccc(-c2ccc(S(=O)(=O)Nc3cccc(N)n3)cc2)cc1
CHEMBL180155,3.1,C=CCN(C(=O)Cc1ccc(S(C)(=O)=O)cc1)C1CCN(CCC(c2ccccc2)c2ccccc2)CC1
CHEMBL385723,1.62,COc1cc2c(Nc3c(Cl)ccc4c3OCO4)ncnc2cc1OCCCN1CCCC1
CHEMBL186720,2.53,CN(C)CCOc1ccccc1Cc1ccccc1
CHEMBL1191,-1.33,Cc1nnc(NS(=O)(=O)c2ccc(N)cc2)s1
CHEMBL412142,3.86,Cc1c[nH]c(-c2cnc(NCCNc3ccc(C#N)cn3)nc2-c2ccc(Cl)cc2Cl)n1
CHEMBL2059860,2.81,Cc1ccc(-c2c[nH]cn2)cc1NC(=O)c1ccc(OCc2ccccn2)cc1
CHEMBL261713,3.23,O=C(NO)[C@@H](Cc1ccc2ccccc2c1)NS(=O)(=O)c1ccc2ccccc2c1
CHEMBL231450,0.74,COc1cc(/C=C2/SC(=O)NC2=O)cc(OC)c1O
CHEMBL193093,2.23,NC(=O)c1sc(-c2ccsc2)cc1N
CHEMBL450061,2.79,CC(C)CNc1nc(C#N)nc(N2CCOCC2)c1N
CHEMBL1223456,2.86,Cc1cc2n[nH]c(=O)n2c2cc(-c3ccc(CO)cc3)ccc12
CHEMBL1209656,2.84,O=S(=O)(NCC(c1ccccc1)N1CCCCCC1)c1ccc(F)c(F)c1
CHEMBL2178284,2.87,CCc1cc(O)c(Oc2ccc(C(N)=O)cc2F)cc1F
CHEMBL2171015,2.14,O=C(NS(=O)(=O)N1CCC(N2CCC(Oc3ccc(Cl)c(Cl)c3)CC2)CC1)c1ccccc1
CHEMBL339851,3.07,O=C(O)c1cc2cc(C(F)(F)F)ccc2n1Cc1ccc(Cl)c(Cl)c1
CHEMBL550436,3.49,C[C@H](CO)n1ccc2c(NC(=O)Cc3ccc(Cl)c(C(F)(F)F)c3)cccc2c1=O
CHEMBL1916538,0.5,COc1ccc2c(c1)N(CCN1CCC(NCc3ccc4c(n3)NC(=O)CO4)CC1)C(=O)OC2
CHEMBL266128,1.26,Nc1ncnc2ccccc12
CHEMBL2059380,2.91,CCNC(=O)c1cc2c(-n3ccc(C(F)(F)F)n3)c(-c3cc(-c4n[nH]c(=O)o4)cnc3OC)cnc2[nH]1
CHEMBL257006,3.22,C[C@H](CO)Nc1nc(SCc2cccc(F)c2F)nc2[nH]c(N)nc12
CHEMBL1573309,2.7,CCN(CC)CCn1c2ccccc2c2cnc(N)c(C#N)c21
CHEMBL1618018,-1.29,CN1[C@@H]2CC[C@H]1C[C@@H](OC(=O)C(O)c1ccccc1)C2
CHEMBL146855,0.6,Cc1cccc(C)c1OC[C@H](C)N
CHEMBL340978,1.3,CC(C(=O)O)c1ccc2oc(-c3ccc(Cl)cc3)nc2c1
CHEMBL593196,3.6,Cn1c(CN2CCC(c3ccccc3)CC2)nc2ccccc21
CHEMBL605114,1.5,COc1cccc(-c2ccc(/C=C3\SC(=S)N([C@@H](Cc4ccccc4)C(=O)O)C3=O)cn2)c1OC
CHEMBL572016,3.3,Cc1cnc(-c2cc(NC(=O)c3ccc(C(F)(F)F)nc3C)ccc2Cl)[nH]1
CHEMBL134194,3.29,Nc1cccc(C(=O)NCC23CC4CC(CC(C4)C2)C3)c1Cl
CHEMBL470916,2.25,N#Cc1nc(N2CCCC2)c(N)c(N2CCOCC2)n1
CHEMBL1778868,1.61,COCCNCc1cncc(-c2ccc(F)cc2OC)n1
CHEMBL256985,1.14,CCN1CCN(Cc2cnc(-c3ccc(C(=O)Nc4ccccc4N)cc3)c(C#N)c2)CC1
CHEMBL561426,2.98,CSc1nc(N)nc(-c2ccccc2)n1
CHEMBL595134,3.22,N#CC1=C2C(=NC1=O)c1cccc3c(N4CCSCC4)ccc2c13
CHEMBL489340,2.95,Cc1oc2cc(O)ccc2c(=O)c1-c1ccccc1
CHEMBL1783275,3.77,COc1ccc(OC)c(-c2c(F)ccc3c(N)c(C(=O)NC(C)C)nnc23)c1
CHEMBL445565,1.52,Oc1c2ncc3ccccc3c2nn1-c1ccc(Cl)cc1
CHEMBL2335895,3.1,CC(=O)NC(C)c1ccc(Nc2ncc3cc(-c4ccncc4)ccc3n2)cc1
CHEMBL380005,1.88,CCN(C(=O)Cc1ccc(S(C)(=O)=O)cc1)C1CCN(CC[C@@H](c2ccc(F)cc2)c2ccc(S(C)(=O)=O)cc2)CC1
CHEMBL2036587,2.9,O=C(Nc1ccc(N2CCOCC2)nc1)c1nnc(Nc2ccccc2)o1
CHEMBL1381989,1.29,CC1(C)CNC(=O)c2sc(N3CCOCC3)nc2C1
CHEMBL1200374,2.98,C=C1C[C@@H]2[C@H](CC[C@]3(C)C(=O)CC[C@@H]23)[C@@]2(C)C=CC(=O)C=C12
CHEMBL468970,3.25,Clc1ccc2c(c1Nc1ccnc(Nc3cc(N4CCOCC4)cc(N4CCOCC4)c3)n1)OCO2
CHEMBL1079590,3.72,CC(C)Cn1cnc(-c2ccccc2)c1-c1nc2c(N)ncnc2s1
CHEMBL487273,1.27,NC(=O)Nc1sc(-c2ccccc2)cc1C(=O)N[C@H]1CCCNC1
CHEMBL278078,1.0,CCN(CC)C(=O)c1ccc(C(=C2CCNCC2)c2ccccc2OC)cc1
CHEMBL467399,1.67,COc1c(C)cnc(Cn2cnc3c(Cl)nc(N)nc32)c1C
CHEMBL573108,2.32,CC(C)(C(N)=O)C(=O)NCCCNc1nc(Nc2cccc(NC(=O)N3CCCC3)c2)ncc1Br
CHEMBL1950843,2.34,CN[C@@H](C)C(=O)N[C@H](C(=O)N(C)[C@H]1CCCN(CCc2ccccc2)C1)C1CCCCC1
CHEMBL1223458,2.29,Cc1cc2n[nH]c(=O)n2c2cc(-c3ccncc3)ccc12
CHEMBL486504,1.81,COc1cc2c(c(OC)c1OC)-c1ccc(O)cc1[C@@H](NC(C)=O)CC2
CHEMBL475817,3.26,Nc1ncc(NC(=O)c2cc(NC(=O)c3cccc(C(F)(F)F)c3)ccc2Cl)cc1Cl
CHEMBL698,2.11,CCCCNc1ccc(C(=O)OCCN(C)C)cc1
CHEMBL17860,0.48,CC(Oc1c(Cl)cccc1Cl)C1=NCCN1
CHEMBL1916287,0.4,Cc1nn(-c2ccc(F)cc2)c(NS(=O)(=O)c2cccnc2)c1C(=O)N[C@@H](C)C(C)(C)C
CHEMBL1917456,-0.98,Cc1c(Oc2ccc(Cl)cc2)c2c(NS(C)(=O)=O)cccc2n1CC(=O)O
CHEMBL1078979,1.48,c1ccc(-c2n[nH]c(-c3ccncc3)n2)nc1
CHEMBL1829246,1.81,CCC(c1nc2ccsc2c(=O)n1Cc1ccccc1)N(CCCN)C(=O)c1ccc(C)cc1
CHEMBL270995,3.19,Cc1cc2c(F)c(Oc3ncnn4cc(OC[C@@H](C)OC(=O)[C@H](C)N)c(C)c34)ccc2[nH]1
CHEMBL2346968,3.46,Fc1ccc(CN2CCN(c3ccc4nnc(C(F)(F)F)n4n3)CC2)cc1
CHEMBL131842,0.89,O=c1[nH][nH]c(=O)c2c(O)c3c(Cl)cc(Cl)cc3nc12
CHEMBL339898,1.9,CCN(CC)C(=O)c1ccc(C(=C2CCNCC2)c2cccc(C(F)(F)F)c2)cc1
CHEMBL472151,2.7,CC[C@H](C)[C@@H](CO)NS(=O)(=O)c1ccc(Cl)s1
CHEMBL1219,-0.69,COCCCOc1ccnc(C[S+]([O-])c2nc3ccccc3[nH]2)c1C
CHEMBL2207282,2.17,NS(=O)(=O)c1ccc2c(C(=O)NC[C@@H](O)CN3CCC(Oc4ccc(Cl)c(Cl)c4)CC3)c[nH]c(=O)c2c1
CHEMBL2140153,3.84,O=c1oc(-c2ccccc2)cc2ccccc12
CHEMBL267144,2.03,CC(C)[C@H]1C(=O)N[C@H](CO)Cc2ccccc2N1C
CHEMBL170307,1.78,CC(=O)NCc1ccc(CN2CCN(c3ccccc3)CC2)cc1
CHEMBL14121,2.93,COc1ccc(Cn2c(=O)[nH]c3c(=O)n(CC(=O)NC(C(=O)C(F)(F)F)C(C)C)c(-c4ccccc4)cc3c2=O)cc1
CHEMBL57990,2.9,COc1cc2ncnc(Nc3ccc(F)c(Cl)c3)c2cc1OCCCN(C)C
CHEMBL1835911,2.5,CCOC(=O)c1ccc(COC2CN(c3ccc(C)nn3)C2)cc1
CHEMBL1475,3.47,Cc1cc2cc3c(C)cc(=O)oc3c(C)c2o1
CHEMBL2036758,1.62,CC(C)N1CCC[C@@H](CN2CCN(C(=O)Nc3ccc(Cl)c(Cl)c3)CC2)C1
CHEMBL1272,2.31,CCOc1cc(CC(=O)N[C@@H](CC(C)C)c2ccccc2N2CCCCC2)ccc1C(=O)O
CHEMBL1668935,2.7,CS(=O)(=O)N1CCC(NC(=O)NC23CC4CC(CC(C4)C2)C3)CC1
CHEMBL1721722,1.97,Oc1ncnc2onc(-c3ccc(F)cc3)c12
CHEMBL1917432,0.58,Cc1c(Sc2ccc(Cl)cc2)c2c(S(C)(=O)=O)cccc2n1CC(=O)O
CHEMBL2325738,2.5,NC1(C(=O)NC(CCO)c2ccc(Cl)cc2)CCN(c2ncnc3[nH]ccc23)CC1
CHEMBL1385850,-1.08,O=C(O)c1ccc2[nH]c(C(F)(F)F)nc2c1
CHEMBL71,3.37,CN(C)CCCN1c2ccccc2Sc2ccc(Cl)cc21
CHEMBL1172929,1.69,C[C@H]1NC(C)(C)CO[C@]1(O)c1cccc(Cl)c1
CHEMBL2325704,2.2,CS(=O)(=O)C1(c2cc(N3CCOCC3)nc(-c3cccc4[nH]ccc34)n2)CC1
CHEMBL2178940,1.4,Cc1nc(C)c(-c2ccc([C@H]3CC[C@H](Cc4nnn[nH]4)CC3)cc2)nc1C(N)=O
CHEMBL479447,1.71,COc1cc2c(Nc3ccc(F)cc3F)c(C(N)=O)cnc2cc1NCCN(C)C
CHEMBL570015,2.69,COc1cccc(Nc2c(C(N)=O)cnc3c(C)cc(S(=O)(=O)c4cccc(C(=O)N(C)C)c4)cc23)c1
CHEMBL179242,2.78,O=c1cc(N2CCOCC2)nc2c3ccccc3ccn12
CHEMBL1439795,1.3,O=S(=O)(c1cccc(-c2cn3cccnc3n2)c1)N1CCOCC1
CHEMBL1669159,3.0,CC(C)Oc1cc(-c2cccc3c(=O)cc(N4CCOCC4)oc23)ccc1NC(=O)CN1CCOCC1
CHEMBL112866,2.82,COc1ccnc(NC2CCN(C(=O)c3ccc(Cl)cc3)CC2)c1
CHEMBL523829,0.92,CN1CCN(C(=O)c2cccc(Cc3n[nH]c(=O)c4ccccc34)c2)CC1
CHEMBL1950732,2.12,CN[C@@H](C)C(=O)N[C@H](C(=O)N[C@H]1CCCCN(Cc2ccccc2)C1)C1CCCCC1
CHEMBL81324,1.94,Clc1ccc(C(c2ccccc2)N2CCNCC2)cc1
CHEMBL1682814,2.4,CC(=O)N1CCOc2nc(OCc3ccccc3)ccc21
CHEMBL2031464,2.25,Cc1ccc(C(=O)NC2CCC2)cc1-n1cnc2ccc(N3CCN(C)CC3)cc2c1=O
CHEMBL2035021,2.8,NC1(c2ccc(-c3nc4ccccn4c3-c3ccccc3)cc2)CCC1
CHEMBL1302851,4.13,CC(C)(C)NC(=O)C(c1ccncc1)N(Cc1ccco1)C(=O)c1ccc(-c2ccccc2)[nH]1
CHEMBL2088101,2.8,Cc1cc(Nc2nc(NCc3ccccn3)ncc2Br)n[nH]1
CHEMBL454,1.48,C=CCC1(CC(C)C)C(=O)NC(=O)NC1=O
CHEMBL2312487,1.81,CCOC(=O)c1coc2ccccc2c1=O
CHEMBL2335888,2.88,CC(=O)N(C)c1ccc(Nc2ncc3cc(-c4ccncc4)ccc3n2)cc1
CHEMBL1916277,1.94,Cc1ccc(S(=O)(=O)Nc2c(C(=O)NC3CCCCC3C)c(C)nn2-c2ccccc2)cc1
CHEMBL218468,1.95,CC(C)Cn1c(=O)n(C)c(=O)c2c(C(=O)N3CC[C@@H](O)C3)c(Cc3ccnc4ccc(F)cc34)sc21
CHEMBL1945040,0.15,COc1ccccc1CNCc1ccc(CCNC[C@H](O)c2ccc(O)c3[nH]c(=O)sc23)cc1
CHEMBL306835,2.1,C[C@@](O)(C(=O)Nc1ccc(S(=O)(=O)NCCCO)cc1Cl)C(F)(F)F
CHEMBL1289110,1.33,CN1c2ccccc2C(NCCCCCCC(=O)O)c2ccc(Cl)cc2S1(=O)=O
CHEMBL255130,1.42,COc1ccc(/C=C2\SC(=S)NC2=O)cc1OC
CHEMBL2163581,1.5,CS(=O)(=O)c1ccc2[nH]c3c(c2c1)CN(C(=O)[C@@H]1CCCC[C@H]1C(=O)NC1(C#N)CC1)CC3
CHEMBL480825,2.9,COc1cc2ncc(C(N)=O)c(Nc3cc(F)ccc3F)c2cc1OC
CHEMBL1489611,3.0,Cc1cc(C)cc(-c2nnc(SCC(=O)N3CCN(C(=O)c4ccco4)CC3)o2)c1
CHEMBL1809197,3.2,COc1cc(N2CCN(C(C)=O)CC2)ccc1Nc1ncc(OC)c(-c2cnc3ccccn23)n1
CHEMBL2031160,0.33,O=C(N[C@@H](Cc1ccc(OCCc2ccc3c(n2)NCCC3)cc1)C(=O)O)c1c(Cl)cccc1Cl
CHEMBL2088096,3.1,COc1cc(CCc2cc(Nc3ccnc(NCc4cc(C)no4)n3)n[nH]2)cc(OC)c1
CHEMBL2030449,0.85,CS(=O)(=O)Cc1cc(N2CCOCC2)nc(-c2ccc(NS(C)(=O)=O)cc2)n1
CHEMBL261849,2.27,COc1ccc(COc2ccc(Cc3cnc(N)nc3N)cc2OC)cc1
CHEMBL349803,-0.94,NS(=O)(=O)c1cc(C(=O)O)cc(N2CCCC2)c1Oc1ccccc1
CHEMBL53366,1.79,Cc1nccn1CCC(C(N)=O)(c1ccccc1)c1ccccc1
CHEMBL1297,0.71,CC(C(=O)O)c1cccc(Oc2ccccc2)c1
CHEMBL1917435,-0.89,CNC(=O)c1cccc2c1c(Sc1ccc(Cl)cc1)c(C)n2CC(=O)O
CHEMBL198750,4.1,O=c1cc(N2CCOCC2)oc2c(-c3cccc4c5c(sc34)CCCC5)cccc12
CHEMBL2335879,2.01,CN1CCCC1CCNC(=O)c1ccc(Nc2ncc3cc(-c4ccncc4)ccc3n2)cc1
CHEMBL1307677,1.94,CC(=O)c1noc(C)c1C(=O)Nc1nccs1
CHEMBL1809201,3.4,COc1cc(N2CCN(C(C)=O)CC2)ccc1Nc1ncc(Cl)c(-c2cnc3c(N)cccn23)n1
CHEMBL1181881,1.77,O=C(N[C@@H]1CN2CCC1CC2)c1ccc(-c2ccccc2)s1
CHEMBL442995,3.8,Cc1c(-c2ccc(O)cc2)n(C)c2ccc(O)cc12
CHEMBL453655,3.0,CNC(=O)c1ccc(Nc2ncc(F)c(-c3cnc(C)n3C(C)C)n2)cc1
CHEMBL399539,3.77,COC(=O)C1=C(C)NC(C)=C(C(=O)OC(C)C)[C@@H]1c1cccc2nonc12
CHEMBL1779016,3.2,COc1cc(F)ccc1-c1cncc(CNC(=O)C2CCC2)c1
CHEMBL17370,2.97,CSc1ccc(-c2nc(-c3ccc(F)cc3)c(-c3ccncc3)[nH]2)cc1
CHEMBL32,-0.18,COc1c(N2C[C@@H]3CCCN[C@@H]3C2)c(F)cc2c(=O)c(C(=O)O)cn(C3CC3)c12
CHEMBL1683030,2.63,CCOc1cc2nnc(C(N)=O)c(Nc3ccc(F)cc3F)c2cc1N1CCN(C)CC1
CHEMBL1423809,2.8,CC(=O)Nc1ccc(S(=O)(=O)Nc2ccc(Cc3ccncc3)cc2)cc1
CHEMBL1257457,1.92,NC(=O)c1cccc(OC2CCN(Cc3ccccc3)CC2)c1
CHEMBL1650734,2.61,Cc1cc(Nc2nc(N[C@@H](C)c3ncc(F)cn3)nc(N3CCOCC3)c2Cl)n[nH]1
CHEMBL481312,1.1,CC(=O)N(C)c1ccccc1
CHEMBL260200,1.53,CN(C)C(=O)c1ccc(CN2CCC(c3ccc(C(=O)Nc4ccccc4N)cc3)CC2)cc1
CHEMBL107,0.82,COc1cc2c(c(OC)c1OC)-c1ccc(OC)c(=O)cc1[C@@H](NC(C)=O)CC2
CHEMBL244522,4.3,CC(C)(C)c1ccc(-c2n[nH]c(NC(=O)c3ccccc3Cl)c2Br)cc1
CHEMBL1683689,3.05,CC(C)[C@@H]1N=C(c2ccccc2)c2ccccc2NC1=O
CHEMBL2171022,1.09,O=C(O)COc1cccc(C(=O)N2CCC(N3CCC(Oc4ccc(Cl)c(Cl)c4)CC3)CC2)c1
CHEMBL1916535,1.04,O=C1COc2ccccc2N1CCN1CCC(NCc2cc3c(cn2)OCCO3)CC1
CHEMBL445,1.58,CNCCC=C1c2ccccc2CCc2ccccc21
CHEMBL639,2.46,CN1CCCC(n2nc(Cc3ccc(Cl)cc3)c3ccccc3c2=O)CC1
CHEMBL1170522,1.0,O=C(Nc1ccccc1)N1CCOCC1
CHEMBL119247,3.2,CCn1c2ccccc2c2cc(NC(=O)N3CCOCC3)ccc21
CHEMBL186791,3.2,Cc1ccc(NC(=O)c2cccc(N3CCOCC3)c2)cc1NC(=O)c1ccc(OCc2ccncc2)cc1
CHEMBL99948,2.6,Cc1ccc(Cl)c(Nc2ccnc(Nc3ccc(OCC(O)CN(C)C)cc3)n2)c1
CHEMBL1735467,2.38,CC(=O)Nc1cccc(OCc2cnc(Cl)s2)c1
CHEMBL403569,3.62,O=C(CO)N1CCC[C@H]1COc1cccc2ncnc(Nc3ccc(OCc4ccccn4)c(Cl)c3)c12
CHEMBL347164,0.2,COc1ccc(-c2nc(N3CCOCC3)nc(O)c2C#N)cc1
CHEMBL216105,2.59,CN1CCC(COc2cc(OC3CCOCC3)c3c(Nc4c(Cl)ccc5c4OCO5)ncnc3c2)CC1
CHEMBL325245,3.29,COc1cc2ncnc(NCc3ccccc3)c2cc1OC
CHEMBL1221551,3.53,CC(C)Cn1c(=O)n(C)c(=O)c2c(C(=O)N3CC=CC3)c(Cc3ccccc3C(F)(F)F)sc21
CHEMBL7568,2.17,CCN(CC)CCCC(C)Nc1c2ccc(Cl)cc2nc2ccc(OC)cc12
CHEMBL1705098,4.3,Cc1ccc(Oc2ccc(OCC(=O)Nc3ccncc3)cc2)cc1
CHEMBL1682808,2.4,Cn1cnc2cc(OC(=O)c3ccccc3)cnc21
CHEMBL108667,2.8,Brc1cc(Br)cc(COC[C@H](c2ccccc2)N2CCNCC2)c1
CHEMBL817,0.01,Cc1ccc(S(=O)(=O)NC(=O)NN2CCCCCC2)cc1
CHEMBL32571,2.6,O=C1CC(c2ccc(O)cc2)Oc2cc(O)cc(O)c21
CHEMBL1721725,2.33,Nc1c(-c2ccccc2)c(CN2CCOCC2)nn1-c1ccc(F)cc1
CHEMBL403656,3.32,C[C@H](CO)Nc1nc(SCc2cccc(F)c2F)nc2[nH]c(=O)c(C#N)cc12
CHEMBL16687,3.98,Nc1nc2ccc(Cl)cc2c2nc(-c3ccco3)nn12
CHEMBL1916533,1.78,COc1ccc2ncc(F)c(CCN3CCC(NCc4ccc5c(n4)NC(=O)CO5)CC3)c2n1
CHEMBL968,2.38,CCN(CC)CCN1C(=O)CN=C(c2ccccc2F)c2cc(Cl)ccc21
CHEMBL2035027,3.6,NC1(c2ccc(-c3ncc4ccccc4c3-c3ccccc3)cc2)CCC1
CHEMBL2338347,2.58,CS(=O)(=O)c1ccc([C@@H](CC2CCCC2)C(=O)Nc2cnc([C@H](O)CO)cn2)cc1Cl
CHEMBL1917434,1.61,CCN(C(C)=O)c1cccc2c1c(Sc1ccc(Cl)cc1)c(C)n2CC(=O)O
CHEMBL217904,3.14,COc1ccc(COC(=O)N2CCC(CNc3ncccn3)CC2)cc1
CHEMBL1144,-0.76,CC[C@H](C)C(=O)O[C@H]1C[C@H](O)C=C2C=C[C@H](C)[C@H](CC[C@@H](O)C[C@@H](O)CC(=O)O)[C@H]21
CHEMBL2208423,3.48,N#Cc1cccc(C(=O)NC[C@@H](O)CN2CCC(Oc3ccc(Cl)c(Cl)c3)CC2)c1
CHEMBL227198,1.1,CN(C)C(=O)Nc1ccc(Cn2[nH]c(=O)c3[nH]c4cc(Cl)ccc4c(=O)c3c2=O)cc1
CHEMBL572823,3.19,COc1cc(Nc2cc(Oc3cccnc3C)ccn2)cc(OC)c1OC
CHEMBL300663,2.67,CCOc1ccccc1-c1ccc2c(c1)C(=O)C(=O)c1ccccc1-2
CHEMBL1718354,2.0,Cc1cccc(NC(=O)NCC(c2cccnc2)N2CCOCC2)c1
CHEMBL2164684,2.99,N#CC1(NC(=O)[C@@H]2CCCC[C@H]2C(=O)N2CCc3[nH]c4cc(F)ccc4c3C2)CC1
CHEMBL475387,2.15,CNC1=Nc2ncccc2C(c2ccns2)=NC1c1cccs1
CHEMBL1829416,2.56,CCC(c1nc2ccsc2c(=O)n1Cc1ccccc1)N(CCCN)C(=O)c1ccc(C)nc1
CHEMBL2086672,3.7,C[C@@H]1CN(C(=O)OC(C)(C)C)CCN1c1ncc(OCc2ccc(S(C)(=O)=O)cc2F)cn1
CHEMBL728,3.92,CN1CCN(CCCN2c3ccccc3Sc3ccc(Cl)cc32)CC1
CHEMBL2325984,4.1,NC1(C(=O)NC(c2ccccc2)c2ccc(Cl)cc2)CCN(c2ncnc3[nH]ccc23)CC1
CHEMBL2048500,2.42,CN[C@@H](C)C(=O)N[C@H](C(=O)N1CCC[C@H]1C(=O)N[C@H](C(=O)OC)C(c1ccccc1)c1ccccc1)C1CCCCC1
CHEMBL1645495,3.46,O=c1cc(-c2cccnc2)[nH]c2cc(Cc3ccccc3)ccc12
CHEMBL1162395,2.2,COc1cc(O)ccc1/C=C1\CCCN=C1c1cccnc1
CHEMBL1783246,3.8,CCCNC(=O)c1nnc2c(-c3ccccc3)cccc2c1N
CHEMBL81624,1.6,COc1cc(C(=O)NS(=O)(=O)c2ccccc2)ccc1Cn1ncc2ccc(NC(=O)CC3CCCC3)cc21
CHEMBL124660,2.6,COc1cc2c(N3CCN(C(=O)Nc4ccc(OC(C)C)cc4)CC3)ncnc2cc1OCCCN1CCCCC1
CHEMBL570135,2.57,Cc1cc(=O)[nH]c2sc(C(=O)c3ccc(Br)cc3)c(N)c12
CHEMBL50347,2.9,COC(=O)CCCCCCC(=O)Nc1ccc2c(c1)C(=O)C(=O)c1ccccc1-2
CHEMBL2207663,2.37,Cc1cc(Cl)ccc1OC1CCN(C[C@H](O)CNC(=O)c2c[nH]c(=O)cc2C(F)(F)F)CC1
CHEMBL2177610,2.99,CCCSc1c(C(=O)NC2CCCCC2)cnn1C
CHEMBL1778621,-0.87,CS(=O)(=O)c1ccc(-c2cc(C(F)(F)F)ccc2OCC(=O)O)cc1
CHEMBL1255781,2.0,O=C(OCCN1CCCCC1)c1c[nH]c2ccccc12
CHEMBL560739,3.56,COc1cc(N)c(Cl)cc1C(=O)N[C@@H]1CCN(CCCOc2ccc(F)cc2)C[C@@H]1OC
CHEMBL362902,2.2,Cc1ccc(NC(=O)c2ccnc(N3CCOCC3)c2)cc1Nc1ccnc(OCC(C)(C)CN(C)C)n1
CHEMBL1289779,2.52,CCc1cc2c(s1)-n1c(C)nnc1CN=C2c1ccccc1Cl
CHEMBL1778618,-1.08,N#Cc1ccc(OCC(=O)O)c(-c2ccccc2)c1
CHEMBL2030436,2.06,CS(=O)(=O)Cc1cc(N2CCOCC2)nc(-c2ccc3[nH]ccc3c2)n1
CHEMBL1089168,3.8,O=C(NCCNC(=O)c1cn(-c2ccccc2)nc1C(F)(F)F)c1ccc(Cl)cn1
CHEMBL337962,3.97,CNC(=O)c1cccc(NC(=O)Nc2cccc(C#N)c2)c1CN1CCC(Cc2ccc(F)cc2)CC1
CHEMBL2325985,4.1,NC1(C(=O)NC(Cc2ccccc2)c2ccc(Cl)cc2)CCN(c2ncnc3[nH]ccc23)CC1
CHEMBL1438047,1.67,Cc1oc(-c2ccc(Cl)cc2)cc1C(=O)O
CHEMBL71936,3.22,CSc1nc2cc(Cl)ccc2[nH]1
CHEMBL2349329,3.9,CC(C)C[C@H](CO)Nc1nc(SCc2cccc(C#N)c2)nc2nc(N)sc12
CHEMBL2364624,3.8,O=C(O)C[C@H]1CC[C@H](c2ccc(-c3ccc(Nc4ccc(C(F)(F)F)nc4)cn3)cc2)CC1
CHEMBL22,0.63,COc1cc(Cc2cnc(N)nc2N)cc(OC)c1OC
CHEMBL1223817,-0.07,CN(C)C(=O)N[C@H]1CC[C@H](CN2[C@@H]3CC[C@H]2C[C@@H](Oc2cccc(C(N)=O)c2)C3)CC1
CHEMBL1944691,1.06,O=c1[nH]c2c(O)ccc([C@@H](O)CNCCc3cccc(CNCCc4ccccc4F)c3)c2s1
CHEMBL1896341,2.9,Cc1ccc(CNC(=O)C2CCCN2S(=O)(=O)c2ccc(F)cc2)cc1
CHEMBL2325990,1.0,CC(NC(=O)C1(N)CCN(c2ncnc3[nH]ccc23)CC1)c1ccc(S(C)(=O)=O)cc1
CHEMBL1000,1.27,O=C(O)COCCN1CCN(C(c2ccccc2)c2ccc(Cl)cc2)CC1
CHEMBL2086686,2.3,C[C@@H]1CN(C(=O)OC(C)(C)C#N)CCN1c1ncc(OCc2ccncc2C#N)cn1
CHEMBL2010833,3.0,CN(C(=O)Cc1ccc(S(C)(=O)=O)c(F)c1)C1CCN(Cc2ccc(C(F)(F)F)cc2)CC1
CHEMBL2163590,3.1,CCOc1cccc2c3c([nH]c12)CCN(C(=O)[C@@H]1CCCC[C@H]1C(=O)NC1(C#N)CC1)C3
CHEMBL1698932,-0.21,Oc1cc(-c2ccccc2)nc2ncnn12
CHEMBL1881806,0.74,NC(=O)c1nnn(-c2ccccc2)c1N
CHEMBL1467518,1.72,OC(c1ccccc1)c1cccnc1
CHEMBL2031241,2.56,Cc1ccc(C(=O)Nc2nccs2)cc1-n1cnc2ccc(N3CCN(C)CC3)cc2c1=O
CHEMBL467803,4.48,Cc1oc(S(C)(=O)=O)cc1-c1c2c(=O)n(C)c(=O)n(CC3CC3)c2nn1Cc1cn(C)c2ccc(Cl)cc12
CHEMBL643,2.67,CC(CN1c2ccccc2Sc2ccccc21)N(C)C
CHEMBL1083637,3.29,CCc1nc2c(N)nc3ccccc3c2n1Cc1ccccc1
CHEMBL1789328,0.91,N#Cc1cc(Cl)ccc1O[C@H](CCN)c1ccccc1
CHEMBL2140607,0.6,CCn1c(-c2nonc2N)nc2c(C#CC(C)(C)O)ncc(OCC3CCCNC3)c21
CHEMBL574413,3.27,Cc1cc(Oc2ccnc(Nc3cccc(N4CCOCC4)c3)c2)c(-c2ccccn2)nc1C
CHEMBL2158785,2.19,Cc1c(OC2CCN(CC3CCN([C@@H](Cc4ccc(F)cc4)C(=O)O)CC3)CC2)ccc(C#N)c1Cl
CHEMBL625,2.35,c1ccc2[nH]c(-c3cscn3)nc2c1
CHEMBL1952100,2.6,CCN(C(=O)Cc1ccc(S(C)(=O)=O)cc1)C1CCN(CC[C@@H](c2cc(Cl)cc(Cl)c2)C2CCN(S(C)(=O)=O)CC2)CC1
CHEMBL257659,3.55,Cc1cnc2c(N[C@H](C)CO)nc(SCc3cccc(F)c3F)nc2n1
CHEMBL1764,2.99,COc1ccc2c(c1)N(C[C@H](C)CN(C)C)c1ccccc1S2
CHEMBL127066,2.46,Oc1nc(-c2ccccc2)nc2ccccc12
CHEMBL469008,3.2,Cc1oc(S(C)(=O)=O)cc1-c1c2c(=O)n(C)c(=O)n(CC3CC3)c2nn1Cc1ccnc2ccc(Cl)cc12
CHEMBL57759,3.26,COc1cc2ncnc(Nc3ccc(F)c(Cl)c3)c2cc1OCCN(C)C
CHEMBL1184584,0.7,N=C(N)Nc1ccc(C(=O)Oc2ccc(Cl)cc2)cc1
CHEMBL327693,2.62,C[C@@](O)(C(=O)Nc1ccc(C(=O)N2CCCCC2)cc1Cl)C(F)(F)F
CHEMBL397162,1.59,CC1(c2ccc(Cl)c(Cl)c2)CC(=O)NC(N)=N1
CHEMBL178835,1.91,CC(C)[C@H](NC(=O)C[C@H](NC(=O)/C=C/c1ccccc1)c1ccccc1)C(=O)[C@@H]1C(=O)NC(=O)[C@H]1C
CHEMBL362962,0.9,O=C1O[C@]2(CN3CCC2CC3)CN1c1cccs1
CHEMBL214848,1.94,CCN(CCO)CCCOc1cc2ncnc(Nc3cc(CC(=O)Nc4cccc(F)c4F)[nH]n3)c2cc1OC
CHEMBL231835,3.3,O=C(N[C@H]1Cc2ccccc2N(C[C@@H](O)CO)C1=O)c1cc2cc(Cl)sc2[nH]1
CHEMBL1184160,2.8,CC(O)C(C)OC(=O)[C@@H]1CC2c3cccc4c3c(cn4C(C)C)CC2N(C)C1
CHEMBL1809060,3.0,COc1cc(N2CC3COCC(C2)N3)ccc1Nc1ncc(Cl)c(-c2cnc3ccccn23)n1
CHEMBL114500,1.73,COc1ccnc(NC2CCN(C(=O)c3ccc(C#N)cc3)CC2)c1
CHEMBL2158790,2.98,Cc1c(OC2CCN(CC3CCN([C@@](C)(Cc4ccc(F)cc4)C(=O)O)CC3)CC2)ccc(Cl)c1Cl
CHEMBL2036731,3.1,O=C(Nc1ccc(N2CCOCC2)nc1)c1nnc(Nc2cccc(OCc3ccccn3)c2)o1
CHEMBL163711,3.07,CC(O)(C(=O)Nc1ccc(S(=O)(=O)Nc2ccccc2)cc1)C(F)(F)F
CHEMBL245180,3.7,CNc1nc2nc(SCc3cccc(F)c3F)nc(N[C@H](C)CO)c2s1
CHEMBL85752,4.36,CC(C)Cn1c(=O)n(C)c(=O)c2c(SCCCO)n(Cc3cccc4ccccc34)cc21
CHEMBL325713,0.96,CC(C)C(NC(=O)Cn1c(-c2ccccc2)ccc(NC(=O)CN2C(=O)CCC2=O)c1=O)C(=O)C(F)(F)F
CHEMBL1940308,1.0,CN1CCC(NC(=O)c2ccc(Oc3ccc(C#C[C@]4(O)CN5CCC4CC5)cc3)cc2)CC1
CHEMBL521407,3.23,CN1CCN(c2ccc3ncc(C(N)=O)c(Nc4ccc(Cl)cc4Cl)c3c2)CC1
CHEMBL1945289,0.86,COc1ccc(CNCc2cccc(CCNC[C@H](O)c3ccc(O)c4[nH]c(=O)sc34)c2)cc1
CHEMBL1950850,2.39,CN[C@@H](C)C(=O)N[C@H](C(=O)N[C@H]1CCCN(CCc2ccc(F)cc2)C1)C1CCCCC1
CHEMBL26456,1.1,COc1cc2c(Nc3ccc(Cl)cc3F)ncnc2cc1OCC1CCNCC1
CHEMBL2326470,-0.12,Nc1nc2cc3c(cc2s1)CCN(Cc1cnc[nH]1)CC3
CHEMBL199118,3.61,CCN(C(=O)Cc1ccc(S(C)(=O)=O)cc1)C1CCN(CCC(c2ccccc2)c2ccc(NC(=O)Cc3ccccc3)cc2)CC1
CHEMBL2316381,4.2,O=C(NCC1CCOCC1)c1nc(OS(=O)(=O)CCC(F)(F)F)ccc1NC(=O)c1ccc(Cn2ccnn2)c2ccccc12
CHEMBL1428115,2.1,CC(CC(=O)NCc1ccccc1)C1CCCO1
CHEMBL1950723,1.9,CN[C@@H](C)C(=O)N[C@H](C(=O)N[C@H]1CCN(CCCc2ccccc2)C1)C1CCCCC1
CHEMBL225364,2.93,CNc1cc(C(=O)Nc2ccc(N3CCOCC3)cc2)nc2c(N3CCN(C)CC3)cc(OC)cc12
CHEMBL2062579,2.49,CS(=O)(=O)Cc1ccc2ccn(-c3cc(NC4CC4)n4ncc(C#N)c4n3)c2c1
CHEMBL294286,3.2,CCn1c2ccccc2c2cc(NC(=O)CN(C)C)ccc21
CHEMBL245908,0.93,O=C(O)COc1ccc(Cl)cc1C1CCCCC1
CHEMBL64941,3.8,Oc1ccc2[nH]c(CN3CCC(Cc4ccc(F)cc4)CC3)nc2c1
CHEMBL380648,0.1,O=C(c1cc(Cc2n[nH]c(=O)c3ccccc23)ccc1F)N1CCCNCC1
CHEMBL2087858,3.33,Cn1cc(C#N)cc1-c1c2c(=O)n(CC#N)c(=O)n(CC3CC3)c2nn1Cc1ccnc2ccc(Cl)cc12
CHEMBL1587607,2.58,O=C(Nc1ccccc1Cl)c1cc[nH]n1
CHEMBL179858,3.5,CN(C(=O)Cc1ccc(S(=O)(=O)N(C)C)cc1)C1CCN(CCC(c2ccccc2)c2ccccc2)CC1
CHEMBL2335903,3.17,C[C@@H](NC1=CC(=O)CCC1)c1ccc(Nc2ncc3cc(-c4ccncc4)ccc3n2)cc1
CHEMBL2042442,2.21,O=c1cc(-c2ccco2)[nH]c2ccccc12
CHEMBL2326476,2.66,Nc1nc2cc3c(cc2s1)CCN(Cc1ccccc1)CC3
CHEMBL1784346,2.1,Cc1noc(C)c1CCC1CCN(S(=O)(=O)CC2(N(O)C=O)CCC(F)(F)CC2)CC1
CHEMBL325093,1.69,O=S(=O)(CCOCc1cccc2ccccc12)NCCCNCCc1ccc(O)c2nc(O)sc12
CHEMBL89786,4.0,c1ccc(-c2ccc3ccccc3n2)cc1
CHEMBL2164673,0.9,N#CCNC(=O)[C@@H]1CCCC[C@H]1C(=O)N1CC=CCC1
CHEMBL279250,1.79,CNS(=O)(=O)Nc1ccc(-c2ccccc2)n(CC(=O)NC(C(=O)C(F)(F)F)C(C)C)c1=O
CHEMBL341876,0.61,O=S(=O)(NCCNc1ncccn1)c1cccc2cnccc12
CHEMBL1783112,1.6,COc1ccc2nc(C)cc(-n3cc(CNC(C)=O)nn3)c2c1
CHEMBL2169920,2.23,O=C1COc2c(CCNCCN(C(=O)CCNCCc3ccc(Cl)c(Cl)c3)C3CCCCC3)ccc(O)c2N1
CHEMBL1082983,2.37,CCCCc1nc2c(N)nc3ccccc3c2n1CC(C)(C)O
CHEMBL397237,3.29,C[C@H](CO)Nc1nc(SCc2cccc(F)c2F)nc2nc(N)sc12
CHEMBL1209820,3.32,CCCS(=O)(=O)c1ccc(C(CNS(=O)(=O)c2ccc(C(F)(F)F)cc2)N2CCCCCC2)cc1
CHEMBL282625,2.2,N=C(N)c1cc2c(/C=C/c3ccc4c(c3)OCO4)cccc2s1
CHEMBL2158816,2.6,O=C(O)C(c1ccccc1)N1CCCC(CN2CCC(Oc3ccc(Cl)c(Cl)c3)CC2)C1
CHEMBL260488,0.69,CCOC(=O)c1cc(O)c(-c2ccccc2)nn1
CHEMBL2144949,1.69,c1ccc2c(c1)nnn2-c1ccncc1
CHEMBL1957851,2.8,Cc1cccc(Cn2ccn3c(=O)cc(N4CCOCC4)nc23)c1
CHEMBL2205493,1.05,Nc1nc(O)cc(-c2ccc(O)cc2)n1
CHEMBL168418,3.0,O=C(NCc1ccccc1)c1cccnc1Oc1ccccc1
CHEMBL474830,2.0,CC(C)CNc1nc(C#N)nc(N2CC(O)C2)c1N
CHEMBL1715438,1.1,CN(C)C(=O)N1CCC(C(=O)NCc2cccs2)CC1
CHEMBL1762542,2.2,Cc1ccc(CO)cc1N(C)c1ccnc(Nc2cc(C(=O)N3CCOCC3)cc(N3CCOCC3)c2)n1
CHEMBL1209657,3.98,O=S(=O)(NCC(c1ccccc1)N1CCCCCC1)c1ccc(F)c(Cl)c1
CHEMBL360106,4.1,CCN(C(=O)Cc1ccc([N+](=O)[O-])cc1)C1CCN(CCC(c2ccccc2)c2ccccc2)CC1
CHEMBL196516,2.97,Clc1ccc(-c2c[nH]nn2)cc1
CHEMBL2335907,2.73,COc1cc(-c2ccncc2)cc2cnc(Nc3ccc([C@@H](C)NC(C)=O)cc3)nc12
CHEMBL84597,3.97,CC(C)n1c(=O)n(C)c(=O)c2cn(Cc3cccc4ccccc34)cc21
CHEMBL387675,-0.94,CCCCCCCCCC(=O)N[C@@H](Cc1c[nH]c2ccccc12)C(=O)N[C@@H](CC(N)=O)C(=O)N[C@@H](CC(=O)O)C(=O)N[C@@H]1C(=O)NCC(=O)N[C@@H](CCCN)C(=O)N[C@@H](CC(=O)O)C(=O)N[C@H](C)C(=O)N[C@@H](CC(=O)O)C(=O)NCC(=O)N[C@H](CO)C(=O)N[C@@H]([C@H](C)CC(=O)O)C(=O)N[C@@H](CC(=O)c2ccccc2N)C(=O)O[C@@H]1C
CHEMBL1088030,2.68,Cc1cnc(Nc2cc(N3CCOCC3)nc(N[C@@H](C)c3ncc(F)cn3)n2)s1
CHEMBL258176,1.44,Cc1cc(CN2CCN(C(C)C)CC2)cnc1-c1ccc(C(=O)Nc2ccccc2N)cc1
CHEMBL723,3.27,COc1ccccc1OCCNCC(O)COc1cccc2[nH]c3ccccc3c12
CHEMBL2035017,3.6,NC1(c2ccc(-c3nc4ccccc4cc3-c3ccccc3)cc2)CCC1
CHEMBL2177605,1.33,O=C(O)c1ccc(-n2ncc(C(=O)NC3C4CC5CC(C4)CC3C5)c2C2CCC2)cc1
CHEMBL606052,2.99,N#Cc1ccc2c(c1)NC(=O)C2c1ncnc2cc(OCCCN3CCOCC3)ccc12
CHEMBL91023,3.93,CC(C)(C)C(=O)NCc1ccc(NC(=O)N2CCCC(O)(c3ccc(Cl)c(Cl)c3)C2)cc1
CHEMBL513909,3.14,CC[C@@H]1C(=O)N(C)c2cnc(Nc3ccc(C(=O)NC4CCN(C)CC4)cc3OC)nc2N1C1CCCC1
CHEMBL113690,2.39,CCCCn1c(Cc2cc(OC)c(OC)c(OC)c2)nc2c(N)ncnc21
CHEMBL598191,1.16,N=C(N)c1cc2c(OCc3ccccc3)cccc2s1
CHEMBL207881,2.1,O=C(O)CCc1ccc(NCc2cccc(Oc3ccccc3)c2)cc1
CHEMBL274713,3.87,CCCSc1nc(N[C@@H]2C[C@H]2c2ccccc2)c2nnn([C@@H]3C[C@H](OCCO)[C@@H](O)[C@H]3O)c2n1
CHEMBL488937,2.78,Cc1c(N)cccc1Cn1ccc(OCCc2cccs2)cc1=O
CHEMBL185328,3.1,Cc1ccc(NC(=O)c2ccnc(N3CCOCC3)c2)cc1Nc1ccnc(Cl)n1
CHEMBL1083942,1.79,O=C(O)C[C@@H]1c2ccccc2C[C@H]1NC(=O)c1cc2cc(Cl)ccc2[nH]1
CHEMBL2171017,3.74,COc1ccc(C(=O)NCCN2CCN(Cc3ccc(Cl)c(Cl)c3)CC2)cc1Cl
CHEMBL1945041,1.85,O=c1[nH]c2c(O)ccc([C@@H](O)CNCCc3cccc(CNCc4ccccc4Cl)c3)c2s1
CHEMBL1419,3.6,CC(C)CC(N(C)C)C1(c2ccc(Cl)cc2)CCC1
CHEMBL2088100,3.56,Cc1cc(CNc2nccc(Nc3cc(CCc4ccccc4)[nH]n3)n2)on1
CHEMBL1223951,1.76,NC(=O)c1cccc(O[C@@H]2C[C@H]3CC[C@@H](C2)N3Cc2ccccc2)c1
CHEMBL84803,3.5,COc1cc(Nc2c(C#N)cnc3cc(OC)c(OC)cc23)cc(OC)c1
CHEMBL497854,3.43,Cc1cc(CNc2ncc(Br)c(Nc3cc(C4CC4)[nH]n3)n2)on1
CHEMBL377772,2.64,COc1cc2ncnc(Nc3cccc(Cl)c3F)c2cc1CN1CCC[C@H]1CC(N)=O
CHEMBL93173,3.5,COc1cc2ncnc(NCc3cccc(C)c3)c2cc1OC
CHEMBL2022881,1.52,COc1ccc(-c2cc(O)nc(N)n2)cc1
CHEMBL194102,2.7,O=C(O)c1ccc(NC(=O)c2cc(OCc3ccccc3)cc(OCc3ccccc3)c2)nc1
CHEMBL233658,3.64,O=C(NC1Cc2ccccc2N(CC(CO)CO)C1=O)c1cc2cc(Cl)ccc2[nH]1
CHEMBL402548,2.0,CO[C@@H](C(=O)N1Cc2n[nH]c(NC(=O)c3ccc(N4CCN(C)CC4)cc3)c2C1)c1ccccc1
CHEMBL1951909,1.25,CCN(C(=O)Cc1ccc(S(C)(=O)=O)cc1)C1CCN(CC[C@@H](c2cc(F)cc(F)c2)N2CCN(S(C)(=O)=O)CC2)CC1
CHEMBL148313,2.82,Cc1ccc(S(=O)(=O)Nc2ccc(/C=C/C(=O)Nc3ccccc3N)cc2)cc1
CHEMBL1289466,2.63,O=C(COCc1ccncc1)N1CCC(c2ccc(Cl)cc2Cl)CC1
CHEMBL1800658,2.33,CC(C)N(CCNCCc1ccc(O)c2[nH]c(=O)sc12)C(=O)CCOCCc1ccccc1
CHEMBL822,2.83,CN(C/C=C/C#CC(C)(C)C)Cc1cccc2ccccc12
CHEMBL1620331,2.65,CCOc1ccc(-c2cnc3n2CCC3)cc1
CHEMBL2164679,3.1,C[C@H](C#N)NC(=O)[C@@H]1CCCC[C@H]1C(=O)N1CCc2[nH]c3ccc(F)cc3c2C1
CHEMBL2098183,3.2,COc1ccc2nc(C)cc(OCC(=O)NCc3ccccc3)c2c1
CHEMBL274567,1.86,CNc1cnc(-c2ccc(F)cc2)n(CC(=O)NC(C(=O)C(F)(F)F)C(C)C)c1=O
CHEMBL2062585,-0.87,CC(=O)Nc1ccc2c(c1)c(-c1cc(NC3CC3)n3ncc(C#N)c3n1)cn2CCC(=O)O
CHEMBL179993,3.7,CCN(C(=O)Cc1ccc(S(=O)(=O)N(C)C)cc1)C1CCN(CCC(c2ccccc2)c2ccccc2)CC1
CHEMBL1213118,3.09,CN1CCN(c2nc3ccccc3cc2Cn2nc(-c3ccc4nc(N)sc4c3)c3c(N)ncnc32)CC1
CHEMBL2321985,1.81,N#Cc1ccc2cccc(O)c2n1
CHEMBL2335866,3.14,COCCNC(=O)c1ccc(Nc2ncc3cc(-c4ccncc4OC)ccc3n2)cc1
CHEMBL1630742,0.6,NCCCCCc1c[nH]c2ccc(F)cc12
CHEMBL496942,2.5,Cn1c(=O)n(Cc2ccc(C(=O)O)cc2)c(=O)c2cc(C#CCc3ccccc3)ccc21
CHEMBL130902,3.5,COc1c(C#N)cc2ccccc2c1C(=O)N(C)C[C@@H](CCN1CCC(c2ccc(O)cc2[S+](C)[O-])CC1)c1ccc(Cl)c(Cl)c1
CHEMBL113,-0.03,Cn1c(=O)c2c(ncn2C)n(C)c1=O
CHEMBL407848,3.21,Cn1c(C#N)ccc1-c1cc(F)c2c(c1)C(C)(C)C(=O)N2
CHEMBL317378,2.1,CN(C)CC(O)COc1ccc(Nc2cc(N(CCC#N)c3cc(Cl)ccc3Cl)ncn2)cc1
CHEMBL560423,0.26,O=C(NCC1(O)CCCCCC1)c1cc(-n2ncc(=O)[nH]c2=O)ccc1Cl
CHEMBL31354,3.0,COc1ccccc1N1CCN(CCN(C(=O)C2CCCCC2)c2ccccn2)CC1
CHEMBL223402,4.0,O=C(Nc1ccccc1F)N[C@H]1N=C(c2ccccc2)c2ccccc2NC1=O
CHEMBL2179273,0.6,CCC[C@H](c1ccc(C(=O)O)c(Oc2cccc(Cl)c2)c1)N1CCC[C@H](n2cc(C)c(=O)[nH]c2=O)C1
CHEMBL374656,3.1,CN(C)C(=O)[C@H](Cc1ccccc1)NC(=O)c1cc2sccc2[nH]1
CHEMBL309222,-0.13,Cc1cccc(Br)c1C(=O)N[C@@H](Cc1ccc(NC(=O)c2c(Cl)cccc2Cl)cc1)C(=O)O
CHEMBL429682,0.92,C[C@H](CO)Nc1nc(SCc2cccc(F)c2F)nc2nc(NS(C)(=O)=O)sc12
CHEMBL2178370,1.4,Cc1nc(C)c(-c2ccc3c(c2)CC[C@]32CC[C@@H](c3nnn[nH]3)CC2)nc1C(N)=O
CHEMBL496483,4.11,Brc1cnc(NCc2ccccc2)nc1Nc1cc(C2CC2)[nH]n1
CHEMBL550637,2.12,Cc1ccc(C(=O)N2CC3CNCC(C2)O3)cc1NC(=O)CC12CC3CC(CC(C3)C1)C2
CHEMBL650,2.12,C[C@H]1C[C@@H]2[C@H]([C@@H](O)C[C@@]3(C)[C@H]2CC[C@]3(O)C(=O)CO)[C@@]2(C)C=CC(=O)C=C12
CHEMBL1087268,2.9,Cc1cnc(Nc2cc(N3CCN(C)CC3)nc(N[C@@H](C)c3ccc(F)cn3)n2)s1
CHEMBL1269858,3.23,CN(c1ccnc(Nc2cc(N3CCOCC3)cc(N3CCOCC3)c2)n1)c1cccc2[nH]ncc12
CHEMBL202626,3.8,O=C(Nc1ccccc1F)NC1N=C(c2ccccc2)c2ccccc2NC1=O
CHEMBL237891,2.1,Cn1c(N)nc(CCc2ccc3cc[nH]c3c2)cc1=O
CHEMBL1567398,3.6,Cc1[nH]c2nc(NCc3cccc(Cl)c3)nn2c(=O)c1Cc1ccccc1
CHEMBL1580660,2.11,O=S(=O)(Nc1nc(-c2sccc2Cl)cs1)c1cc(Cl)ccc1Cl
CHEMBL480057,3.4,COc1cc2ncc(C(N)=O)c(Nc3ccccc3C)c2cc1OC
CHEMBL1080786,1.5,N#C[C@]1(NC(=O)[C@@H](N)Cc2cccs2)C[C@H]1c1ccccc1
CHEMBL424451,3.96,COc1ccc(C)c(NC(=O)CC23CC4CC(CC(C4)C2)C3)c1
CHEMBL2179287,3.04,Cc1cn(C2CCCN(Cc3cccc(Oc4ccccc4)c3)C2)c(=O)[nH]c1=O
CHEMBL1824363,3.07,O=C(Nc1cccc(O)c1)c1ccc(OCCCN2CCCC2)cc1OCc1ccccc1
CHEMBL2335906,2.49,C[C@@H](NC1=CC(=O)CNC1)c1ccc(Nc2ncc3cc(-c4ccncc4)ccc3n2)cc1
CHEMBL1681799,3.3,CN1CCOc2cc(COc3ccccc3)cnc21
CHEMBL2207661,3.15,O=C(NC[C@@H](O)CN1CCC(Oc2ccc(Cl)c(Cl)c2)CC1)c1c[nH]nc1C1CC1
CHEMBL2062774,4.23,CCOc1noc2cc(OCCC3CCN(c4ccc(C)nn4)CC3)ccc12
CHEMBL1829257,0.02,CCC(c1nc2ccsc2c(=O)n1Cc1cscn1)N(CCCN)C(=O)c1ccc(C)cc1
CHEMBL1933592,1.42,C[C@H]1O[C@@H](n2cnc3c(N)nc(OC4CCC(F)(F)CC4)nc32)[C@H](O)[C@@H]1O
CHEMBL1944690,1.63,O=c1[nH]c2c(O)ccc([C@@H](O)CNCCc3cccc(CNCCc4ccccc4Cl)c3)c2s1
CHEMBL419951,3.55,CC(C)n1c2ccccc2c2cc(NC(=O)N3CCOCC3)ccc21
CHEMBL524645,3.33,CC(C)Oc1ccc(S(C)(=O)=O)cc1C(=O)N1CCN(c2ccc(C(F)(F)F)cc2)CC1
CHEMBL1950727,2.01,CN[C@@H](C)C(=O)N[C@H](C(=O)N[C@H]1CCCN(Cc2ccccc2)C1)C1CCCCC1
CHEMBL463978,0.57,Cc1c(Cl)cccc1S(=O)(=O)Nc1nc(CC(=O)N2CCN(C)CC2)cs1
CHEMBL103482,0.9,CCOC(=O)c1cnc2c(N)cccc2c1O
CHEMBL1762538,3.3,Cc1ccc(CO)cc1N(C)c1ccnc(Nc2cc(N3CCCOCC3)cc(N3CCOCC3)c2)n1
CHEMBL54976,-1.08,N[C@@H](Cc1c[nH]c2ccccc12)C(=O)O
CHEMBL73303,2.7,NS(=O)(=O)c1ccc(Nc2nccc(-c3cnc4ccccn34)n2)cc1
CHEMBL1951079,-0.87,COc1cc(OC)c(S(=O)(=O)N2c3ccccc3CCC2C)cc1NC(=O)CCC(=O)O
CHEMBL1643203,1.15,Cc1cc(CN2Cc3cccnc3CC2C(=O)Nc2ccc(Cl)cc2Cl)ccc1OCC(=O)O
CHEMBL2069929,1.2,c1cncc(-c2ccc(-c3nnc(C4CN5CCC4CC5)o3)o2)c1
CHEMBL2069324,3.5,N#CC1(NC(=O)[C@@H]2CCCC[C@H]2C(=O)N2CCN(c3nc(-c4ccccc4)cs3)CC2)CC1
CHEMBL2012857,3.18,Nc1cc2n[nH]c(=O)n2c2cc(-c3ccsc3)ccc12
CHEMBL363160,3.31,CCc1cccc(CC)c1NC(=O)N1Cc2[nH]nc(NC(=O)c3ccc(N4CCN(C)CC4)cc3)c2C1
CHEMBL455429,3.14,Cc1ncc(-c2nc(Nc3ccc(C(N)=O)c(F)c3)ncc2F)n1C(C)C
CHEMBL586058,2.7,C=CCNC(=O)c1cc([N+](=O)[O-])cc2c(=O)[nH]c(Nc3ccc(Cl)c(Cl)c3)nc12
CHEMBL1720835,2.9,c1ccc(-c2cn3ccccc3n2)cc1
CHEMBL1823817,1.46,COC[C@H](O)Cn1c(=O)cnn(-c2ccc(Cl)c(C(=O)NCC3(O)CCCCCC3)c2)c1=O
CHEMBL336546,1.8,O=C(Nc1cc(C(F)(F)F)cc(C(F)(F)F)c1)c1cnc(Cl)nc1C(F)(F)F
CHEMBL1201391,1.55,CCC(C)(C)C(=O)O[C@H]1C[C@@H](C)C=C2C=C[C@H](C)[C@H](CC[C@@H](O)C[C@@H](O)CC(=O)O)[C@H]21
CHEMBL1223816,1.55,NC(=O)c1cccc(O[C@H]2C[C@H]3CC[C@@H](C2)N3CC2CCCCC2)c1
CHEMBL81,4.13,O=C(c1ccc(OCCN2CCCCC2)cc1)c1c(-c2ccc(O)cc2)sc2cc(O)ccc12
CHEMBL2158822,2.83,O=C(O)c1ccccc1N1CCC(CN2CCC(Oc3ccc(Cl)c(Cl)c3)CC2)CC1
CHEMBL182682,3.4,COc1ccc(CC(=O)N(C)C2CCN(CCC(c3ccccc3)c3ccccc3)CC2)cc1OC
CHEMBL255244,1.2,CCN1CCN(Cc2cnc(-c3ccc(C(=O)Nc4ccccc4N)cc3)c(C)c2)CC1
CHEMBL1829430,1.61,CCC(c1nc2snc(C)c2c(=O)n1Cc1ccccc1)N(CCCN)C(=O)c1ccc(C)cc1
CHEMBL1454596,1.32,CCOC(=O)Cc1csc(NS(=O)(=O)c2ccc(Cl)cc2)n1
CHEMBL1113,2.28,Clc1ccc2c(c1)C(N1CCNCC1)=Nc1ccccc1O2
CHEMBL528724,0.7,Cc1cc2nc(NC(=N)N)nc(C)c2cc1C
CHEMBL2158051,1.82,CN[C@@H](C)C(=O)N[C@H]1CN(C(=O)CC(C)C)CC[C@H]2CC[C@@H](C(=O)NC(c3ccccc3)c3ccccc3)N2C1=O
CHEMBL551060,2.0,Cc1nc(C)c(C(=O)N[C@@H](Cc2cccc(Cl)c2)C(=O)NCC#N)s1
CHEMBL1619466,3.3,COc1ccc(-c2nc3n(c2Br)CCC3)cc1
CHEMBL2158771,2.17,N#Cc1ccc(C[C@@H](C(=O)O)N2CCC(CN3CCC(Oc4ccc(Cl)c(Cl)c4)CC3)CC2)cc1
CHEMBL51697,2.11,CN1Cc2c(N)cccc2[C@H](c2ccccc2)C1
CHEMBL67860,2.85,Cn1c(C#N)ccc1-c1ccc2c(c1)C(C)(C)OC(=O)N2
CHEMBL38576,3.42,CN(C(=O)Cc1ccc(Cl)c(Cl)c1)[C@H](CN1CCCC1)c1ccccc1
CHEMBL118973,3.8,Cn1c2ccccc2c2cc(NC(=O)CCc3ccncc3)ccc21
CHEMBL1645496,2.27,O=c1cc(-c2cccnc2)[nH]c2cc(C(O)c3ccccc3)ccc12
CHEMBL1164729,0.94,Cc1nc(-c2ccc(OCC(C)C)c(C#N)c2)sc1C(=O)O
CHEMBL1945042,0.69,O=c1[nH]c2c(O)ccc([C@@H](O)CNCCc3cccc(CNCc4ccccc4F)c3)c2s1
CHEMBL235753,2.5,Cn1c(N)nc(CCc2cccc(-c3cccnc3)c2)cc1=O
CHEMBL257553,2.97,NS(=O)(=O)c1cccc(Nc2nccc(Nc3c(Cl)ccc4c3OCO4)n2)c1
CHEMBL335749,3.02,CC(=O)NC[C@H]1CN(c2ccc(N3Cc4ccncc4C3)c(F)c2)C(=O)O1
CHEMBL1397672,3.68,Cc1[nH]c2nc(NCc3cccc(Br)c3)nn2c(=O)c1Cc1ccccc1
CHEMBL1785015,3.2,Cc1ccc(-c2nn(C(C)C)c3ncnc(N)c23)cc1
CHEMBL1682826,3.1,O=C1CCOc2nc(OCc3ccccc3)ccc21
CHEMBL1783271,3.47,COc1ccc(OC)c(-c2c(F)ccc3c(N)c(C(=O)NC4CC4)nnc23)c1
CHEMBL2036775,2.77,CC(C)N1CCO[C@@H](CN2CCN(C(=O)Nc3ccc(Cl)c(Cl)c3)CC2)C1
CHEMBL1950853,1.47,CN[C@@H](C)C(=O)N[C@H](C(=O)N[C@H]1CCCN(CCc2cccc(OC)c2)C1)C(C)(C)C
CHEMBL510436,2.74,Cc1ncc(-c2ccnc(Nc3ccc(C(=O)N(C)C)c(F)c3)n2)n1C(C)C
CHEMBL2158838,2.86,O=C(O)[C@H](Cc1ccc(Cl)cc1)N1CCC(CN2CCC(Oc3ccc(Cl)c(Cl)c3)CC2)CC1
CHEMBL59925,0.85,Cc1cc(C)nc(N)c1
CHEMBL2325697,2.7,C[C@@H]1COCCN1c1cc(C2(S(C)(=O)=O)CC2)nc(-c2cccc3[nH]ccc23)n1
CHEMBL2346969,3.6,Fc1cccc(CN2CCN(c3ccc4nnc(C(F)(F)F)n4n3)CC2)c1F
CHEMBL124842,1.93,CCCCCCCN(CCc1ccc(OC(C)(C)C(=O)O)cc1)C(=O)Nc1ccc(F)cc1F
CHEMBL1963131,1.72,COc1ccc([C@]2(O)CC[C@H](N3CC[C@@H](NC(=O)CNC(=O)c4cccc(C(F)(F)F)c4)C3)CC2)cn1
CHEMBL2325729,2.4,NC1(C(=O)N[C@@H](CCN2CCCCC2)c2ccc(Cl)cc2)CCN(c2ncnc3[nH]ccc23)CC1
CHEMBL1857945,4.5,CN(C)CCNc1cc(-c2ccccc2)nc2cc(-c3ccc(F)cc3)nn12
CHEMBL1522360,1.34,O=S(=O)(Nc1cccnc1)c1ccc2c(c1)OCCO2
CHEMBL295467,0.22,CNCCC(Oc1ccccc1OC)c1ccccc1
CHEMBL249584,4.06,OC[C@H]1C[C@@H](n2nnc3c(N[C@@H]4C[C@H]4c4ccccc4)nc(SCCC(F)(F)F)nc32)[C@H](O)[C@@H]1O
CHEMBL352576,2.5,CC(=O)NCc1ccc(CN2CCN(c3ccc(F)cc3F)CC2)cc1
CHEMBL1946028,2.52,O=C(c1ccc(C(=C2CCN(Cc3cscn3)CC2)c2cccc3cccnc23)cc1)N1CCC1
CHEMBL393717,1.77,O=C(NCC12CC3CC(CC(C3)C1)C2)c1cc(N2CCNCC2)ccc1Cl
CHEMBL2036572,2.4,O=C(Nc1ccc(N2CCOCC2)cn1)c1nnc(Nc2ccccc2F)o1
CHEMBL1628227,2.15,CN(C)CCC=C1c2ccccc2COc2ccccc21
CHEMBL14762,3.63,CC[C@H](CO)Nc1nc(NCc2ccccc2)c2ncn(C(C)C)c2n1
CHEMBL268263,0.9,NCC(O)(c1ccccc1)c1ccccc1
CHEMBL335550,3.88,O=C1CCC(=O)N1C(CCc1ccncc1)COc1ccc(-c2cccc([N+](=O)[O-])c2)cc1
CHEMBL1972466,3.6,Cc1cc(C(C)Nc2ccccc2)c2nc(N3CCOCC3)cc(=O)n2c1
CHEMBL87266,1.35,Cc1cc(N)c2cc(NC(=O)CC(=O)Nc3ccc4nc(C)cc(N)c4c3)ccc2n1
CHEMBL429023,3.57,C=C(C)[C@H]1Cc2c(ccc3c2O[C@@H]2COc4cc(OC)c(OC)cc4[C@@H]2C3=O)O1
CHEMBL242541,2.64,Nc1ccc2ncnc(Nc3ccc(F)c(Cl)c3)c2c1
CHEMBL402146,3.31,O=C(Nc1ccc(Cl)nc1)c1ccc(F)c(F)c1
CHEMBL74399,3.66,CCN(CC)S(=O)(=O)c1ccc(NC(=O)[C@@](C)(O)C(F)(F)F)c(Cl)c1
CHEMBL1779009,1.1,COc1cc(F)ccc1-c1cncc(C2CCCN2)c1
CHEMBL1596993,1.2,COc1ccc(Nc2ccccc2C(=O)O)cc1
CHEMBL2325993,1.4,CN(C)CCCC(NC(=O)C1(N)CCN(c2ncnc3[nH]ccc23)CC1)c1ccc(Cl)cc1
CHEMBL403702,3.5,Cc1cnc2nc(SCc3cccc(F)c3F)nc(N[C@H](C)CO)c2n1
CHEMBL2023483,3.78,COc1ccc2c(Oc3ccc(CC(=O)Nc4n[nH]c(C)c4C)c(OC)c3)ccnc2c1
CHEMBL456801,3.39,C[C@H](Nc1nc(NC[C@@H](O)CO)c(Cl)c(Nc2cc(C3CC3)[nH]n2)n1)c1ccc(F)cc1
CHEMBL2177612,1.03,CCCSc1c(C(=O)NC2CCCCC2)cnn1[C@H]1CC[C@H](C(=O)O)CC1
CHEMBL450643,0.89,c1cnc2cccnc2c1
CHEMBL1957377,2.0,N#Cc1c(-c2ccc(-c3ccccc3CN3CCOCC3)cc2)nc2ccncc2c1O
CHEMBL2325706,0.7,CS(=O)(=O)C1(c2cc(N3CCOCC3)nc(-c3cccc4[nH]ccc34)n2)CCNCC1
CHEMBL14638,2.68,O=C(c1ccc(OCCCc2c[nH]cn2)cc1)C1CC1
CHEMBL744,3.34,Nc1nc2ccc(OC(F)(F)F)cc2s1
CHEMBL22183,2.6,Cc1ccc(Sc2ccccc2CN(C)C)c(N)c1
CHEMBL1643199,2.63,Cc1cc(CN2CCc3ccccc3C2C(=O)Nc2ccc(Cl)cc2Cl)ccc1OCC(=O)O
CHEMBL2010831,2.5,CN(C(=O)Cc1ccc(S(C)(=O)=O)cc1)C1CCN(Cc2ccc(C(F)(F)F)cc2)CC1
CHEMBL1526668,3.2,O=C(c1csc2c1CCCC2)N1CCCCC1
CHEMBL218762,-1.48,O=c1[nH]c(S)nc2[nH]cnc12
CHEMBL2170994,2.5,Nc1ncnc2c1ncn2[C@@H]1O[C@H](CSCCCNC(=O)Nc2ccc(Cl)cc2)[C@@H](O)[C@H]1O
CHEMBL361795,2.2,N#Cc1cccc(-c2nc(-c3ccccn3)no2)c1
CHEMBL586906,2.08,C=CC12CCN(CC1)C(C(O)c1ccnc3ccc(OC)cc13)C2
CHEMBL563471,2.6,Cn1cc(-c2cccc(C[C@H](NC(=O)c3cc(C(C)(C)C)nn3C)C(=O)NCC#N)c2)cn1
CHEMBL16,2.41,O=C1N=C(O)NC1(c1ccccc1)c1ccccc1
CHEMBL457393,3.14,C[C@H](Nc1ncc(F)c(Nc2cc(C3CC3)[nH]n2)n1)c1ccc(F)cn1
CHEMBL105984,2.27,CCC[C@@H](CN1CCCC1)N(C)C(=O)Cc1ccc(Cl)c(Cl)c1
CHEMBL1916542,0.93,COc1ccc2ncc(=O)n(CCN3CCC(NCc4cc5c(cn4)OCCO5)CC3)c2c1
CHEMBL129420,0.7,CCN(CC)C(=O)c1ccc(C(c2cccc3cccnc23)N2CCNCC2)cc1
CHEMBL1276946,0.2,Cc1c2c(=O)n(-c3ccccc3Cl)[nH]c2cc(=O)n1Cc1ccccn1
CHEMBL1916547,-0.65,COc1ccc2nnc(=O)n(CCN3CCC(NCc4ccc5c(n4)NC(=O)CO5)CC3)c2c1
CHEMBL522460,2.68,Cc1ccccc1CN1CCC(N2CCC(n3c(=O)[nH]c4ccccc43)CC2)CC1
CHEMBL1500992,3.2,O=C(CSc1ccccc1)N1CCN(c2ccccc2)CC1
CHEMBL2110791,0.72,CCN(CC)CCCNCc1cc(Cl)c2cccnc2c1O
CHEMBL1945034,-0.25,O=c1[nH]c2c(O)ccc([C@@H](O)CNCCc3ccc(CNCCc4ccccn4)cc3)c2s1
CHEMBL385563,2.6,Clc1ccc2c(c1Nc1ncnc3cc(OCCN4CCCC4)cc(OC4CCOCC4)c13)OCO2
CHEMBL5,-0.1,CCn1cc(C(=O)O)c(=O)c2ccc(C)nc21
CHEMBL163,4.3,CC(C)c1nc(CN(C)C(=O)N[C@H](C(=O)N[C@@H](Cc2ccccc2)C[C@H](O)[C@H](Cc2ccccc2)NC(=O)OCc2cncs2)C(C)C)cs1
CHEMBL1479580,2.93,CSc1ncccc1C(=O)NCC1CCCCC1
CHEMBL1088752,3.5,Cc1c(F)cc(C(=O)NC2CC2)cc1-c1ccc(C(=O)NCC(C)(C)C)cn1
CHEMBL2031224,2.93,COc1ccccc1C(=O)Nc1ccc(C)c(-n2cnc3ccc(N4CCN(C)CC4)cc3c2=O)c1
CHEMBL2062557,2.42,COc1ccc(-c2cc(N)n3ncc(C#N)c3n2)cc1
CHEMBL72548,2.7,CN(C)CCNS(=O)(=O)c1ccc(Nc2nccc(-c3cnc4ccccn34)n2)cc1
CHEMBL1621884,1.55,COCCCCC(=NOCCN)c1ccc(C(F)(F)F)cc1
CHEMBL474200,2.68,CNC1=Nc2ncccc2C(c2ccccc2)=NC1c1cccs1
CHEMBL472210,1.1,CCn1c2nc(=O)n(C)c(=O)c-2cc2ccccc21
CHEMBL480200,3.01,Cc1ccc(NC(=O)c2cccc(N(C)C)c2)cc1C(=O)Nc1cccnc1
CHEMBL1224285,1.51,NC(=O)c1ccc(O[C@H]2C[C@H]3CC[C@@H](C2)N3Cc2ccccc2)cn1
CHEMBL217899,3.6,CCc1nn(C2CCCC2)c2c1CCn1c(-c3cccs3)nnc1-2
CHEMBL361431,2.6,CCCN1CCC(Oc2nccc(Nc3cc(NC(=O)c4cccc(N5CCOCC5)c4)ccc3C)n2)CC1
CHEMBL1809205,3.3,COc1cc(N2CCN(C(C)=O)CC2)ccc1Nc1ncc(Cl)c(-c2cnc3cc(C)ccn23)n1
CHEMBL2070121,1.52,COc1cnc(-c2ccccn2)nc1N1CCOCC1
CHEMBL2086674,3.0,C[C@@H]1CN(C(=O)OC(C)(C)C)CCN1c1ncc(OCc2ccc(S(C)(=O)=O)cn2)cn1
CHEMBL524266,0.51,Nc1nccc(-c2cc3c([nH]2)[C@@H](CCF)CNC3=O)n1
CHEMBL2011926,1.36,COc1ccc(-c2nc3c(NCC4CCNCC4)c(Br)cnc3[nH]2)cc1
CHEMBL2153185,1.79,CCCSc1nc(Oc2ccc(CC(=O)O)cc2)ccc1C(=O)NC1CCCCC1
CHEMBL2036746,3.15,O=C(Nc1ccc(N2CCOCC2)cc1)c1nnc(Nc2ccccc2)o1
CHEMBL1378202,2.2,CNC(=O)c1[nH]cnc1C(=O)Nc1ccc(OC)cc1
CHEMBL1923430,2.64,Cc1ccc(C(=O)NC2CCN(c3cc(C(N)=O)cc(Cl)n3)CC2)[nH]1
CHEMBL193,3.29,COC(=O)C1=C(C)NC(C)=C(C(=O)OC)C1c1ccccc1[N+](=O)[O-]
CHEMBL492671,0.9,O=C(c1cc(Cc2n[nH]c(=O)c3ccccc23)ccc1F)N1CCN(C(=O)C2CCCO2)CC1
CHEMBL1824605,2.66,N#Cc1ccccc1COc1cc(OCCCN2CCCC2)ccc1C(=O)Nc1ccccc1
CHEMBL292376,3.0,COc1cccc([C@@H](C)NCCCc2ccccc2Cl)c1
CHEMBL2031238,2.43,Cc1ccc(NC(=O)c2ccoc2)cc1-n1cnc2ccc(N3CCN(C)CC3)cc2c1=O
CHEMBL2031225,3.08,COc1cccc(C(=O)Nc2ccc(C)c(-n3cnc4ccc(N5CCN(C)CC5)cc4c3=O)c2)c1
CHEMBL1940286,3.1,COc1ccc(CNC(=O)c2ccc(Oc3ccc(C#C[C@]4(O)CN5CCC4CC5)cc3)cc2)nc1
CHEMBL2087855,3.43,Cn1cc(C#N)cc1-c1c2c(=O)n(CC#CCn3cncn3)c(=O)n(CC3CC3)c2nn1Cc1ccnc2ccc(Cl)cc12
CHEMBL1778870,1.18,CCNCc1cncc(-c2ccc(F)cc2OC)n1
CHEMBL1201256,0.74,COc1cc(C(=O)NCc2ccc(OCCN(C)C)cc2)cc(OC)c1OC
CHEMBL1783283,3.52,CCCNC(=O)c1nnc2c(-c3ccc(OC)cc3OC)c(F)ccc2c1N
CHEMBL2177777,3.4,CC(C)OC(=O)N1CCC(Oc2ncnc3c2CCN3c2ccc(S(C)(=O)=O)cc2F)CC1
CHEMBL350563,4.0,CCO/N=C(\c1ccc(Br)cc1)C1CCN(C2(C)CCN(C(=O)c3c(Cl)cncc3Cl)CC2)CC1
CHEMBL1807851,1.78,C[C@H]1O[C@@H](n2cnc3c(N)nc(OCC4CC45CC5)nc32)[C@H](O)[C@@H]1O
CHEMBL1951894,3.21,CCN(C(=O)Cc1ccc(S(C)(=O)=O)cc1)C1CCN(CCC(c2ccccc2)N2CCN(c3cccc(F)c3)CC2)CC1
CHEMBL2171045,2.94,O=C(NS(=O)(=O)c1cccc(C(F)(F)F)c1)N1CCC(N2CCC(Oc3ccc(Cl)c(Cl)c3)CC2)CC1
CHEMBL1773959,-1.27,O=C(O)CCC(=O)N1CCC(c2nc(-c3cccs3)no2)CC1
CHEMBL276030,2.3,O=C1c2ccc(O)cc2C(=O)N1c1ccccc1
CHEMBL1916545,1.16,COc1ccc2ccc(=O)n(CCN3CCC(NCc4cc5c(cn4)OCCO5)CC3)c2n1
CHEMBL1526762,0.23,Cc1cc(C)nc(SCC(N)=O)n1
CHEMBL388336,1.0,Cc1cc(Cn2[nH]c(=O)c3[nH]c4cc(Cl)ccc4c(=O)c3c2=O)oc1C
CHEMBL1807869,1.06,O=c1[nH]c2c(O)ccc([C@@H](O)CNCCCSCCNCCc3cccc(Cl)c3)c2s1
CHEMBL1027,1.49,Cc1ccsc1C(=CCCN1CCC[C@@H](C(=O)O)C1)c1sccc1C
CHEMBL406,1.83,CC1Cc2ccccc2N1NC(=O)c1ccc(Cl)c(S(N)(=O)=O)c1
CHEMBL1689135,1.66,C[C@H]1CN(Cc2cc(Cl)ccc2CC(=O)O)CCN1C(=O)Cc1ccc(Cl)cc1
CHEMBL451286,1.7,C[C@@](N)(Cc1ccccc1)c1ccccc1
CHEMBL1643195,2.19,Cc1cc(CN2Cc3ccccc3C2C(=O)Nc2cc(Cl)ccc2Cl)ccc1OCC(=O)O
CHEMBL1934266,0.92,CCC(CC)NC(=O)c1c(C)nn(C(C)C)c1NS(=O)(=O)c1ccc(C)cc1
CHEMBL2059871,2.44,Cc1ccc(-c2cc(C(F)(F)F)n[nH]2)cc1NC(=O)c1ccc(OCc2ccccn2)cc1
CHEMBL54429,1.92,O=C(Cc1ccc(OCc2ccccc2)cc1)NO
CHEMBL1271081,3.16,CS(=O)(=O)c1cccc(Nc2nccc(N(CC#N)c3c(Cl)ccc4c3OCO4)n2)c1
CHEMBL514980,3.46,CN(CCOc1ccccc1-c1cc(C(N)=O)c(NC(N)=O)s1)Cc1ccccc1
CHEMBL78951,-0.45,Nc1nc(N)c2nc(CO)cnc2n1
CHEMBL255044,2.22,CCOC(=O)Nc1ccc(NCc2ccc(F)cc2)nc1N
CHEMBL157063,-0.12,O=C(Nc1ccccc1)Nc1ccccc1C(=O)O
CHEMBL2325989,1.3,CC(NC(=O)C1(N)CCN(c2ncnc3[nH]ccc23)CC1)c1ccccn1
CHEMBL602365,-0.49,Cc1nc(NC(=N)N)nc2ccccc12
CHEMBL508129,2.69,CNC(=O)c1ccc(Nc2nccc(-c3cnc(C)n3C(C)C)n2)cc1
CHEMBL1726,3.59,COC(=O)C1=C(C)NC(C)=C(C(=O)OCC(C)C)C1c1ccccc1[N+](=O)[O-]
CHEMBL833,3.46,Clc1ccccc1CN1CCc2sccc2C1
CHEMBL483254,1.1,Cc1[nH]c2ccccc2c1CCNCc1ccc(/C=C/C(=O)NO)cc1
CHEMBL233447,3.05,O=C(NC1Cc2ccccc2N(CCO)C1=O)c1cc2cc(Cl)sc2[nH]1
CHEMBL1224217,1.25,NC(=O)c1ccc(O[C@H]2C[C@H]3CC[C@@H](C2)N3Cc2ccccc2)nc1
CHEMBL1288306,1.08,NC(=O)c1cnc(N[C@H]2CCCNC2)c2cc(Br)sc12
CHEMBL1916272,1.35,CCC(CC)NC(=O)c1c(C)nn(-c2ccccc2)c1NS(=O)(=O)c1ccc(C)cc1
CHEMBL2036745,2.48,O=C(O)C[C@H]1CC[C@H](c2ccc(NC(=O)c3nnc(Nc4ccccc4F)o3)cc2)CC1
CHEMBL1789155,1.26,N#Cc1ccc(Cl)cc1S[C@H](CCN)c1ccccc1
CHEMBL2163589,4.01,N#CC1(NC(=O)[C@@H]2CCCC[C@H]2C(=O)N2CCc3[nH]c4c(OC(F)(F)F)cccc4c3C2)CC1
CHEMBL2036754,2.54,O=C(Nc1ccc(Cl)c(Cl)c1)N1CCN(C[C@@H]2CCCN(CC3CC3)C2)CC1
CHEMBL2031221,2.69,Cc1ccc(NC(=O)c2cccc(N3CCOCC3)c2)cc1-n1cnc2ccc(N3CCN(C)CC3)cc2c1=O
CHEMBL550902,0.85,O=C(O)c1cncc(-c2ccc(Cl)c(C(=O)NCC34CC5CC(CC(C5)C3)C4)c2)c1
CHEMBL473622,3.04,COc1cncc(NC(=O)c2cc(NC(=O)c3cccc(C(C)(C)C#N)c3)ccc2C)c1
CHEMBL149979,4.16,Nc1nc(-c2ccccc2)nc2c1nc(O)n2Cc1ccccc1
CHEMBL433282,2.42,O=C1C(=O)c2cc([N+](=O)[O-])ccc2-c2ccccc21
CHEMBL1231683,1.24,CC(C)Nc1ccc2cnn(-c3cncc(-n4ccc(CC(=O)O)c4)n3)c2c1
CHEMBL2177906,3.4,NC1=NC(c2cccc(-c3cncnc3)c2)(c2ccnc(C(F)(F)F)c2)c2cccc(F)c21
CHEMBL2070944,2.87,Cc1sc(N2CCN(C(=O)[C@@H]3CCCC[C@H]3C(=O)NC3(C#N)CC3)CC2)nc1C(F)(F)F
CHEMBL207130,2.16,COc1cc2ncnc(Nc3cccc(Cl)c3F)c2cc1CN(C)C1(C(N)=O)CCN(C)CC1
CHEMBL93404,2.7,COC(=O)c1c(C)[nH]c(C)c1C(=O)c1ccccc1Cl
CHEMBL2011906,2.47,CNc1c(Br)cnc2[nH]c(-c3ccc(O)cc3)nc12
CHEMBL412083,2.24,CCNC(=O)c1ccc(CN2CCC(c3ccc(C(=O)Nc4ccccc4N)cc3)CC2)cc1
CHEMBL1762544,3.3,COCCOc1cc(Nc2nccc(N(C)c3cc(CO)ccc3C)n2)cc(N2CCOCC2)c1
CHEMBL574621,2.66,COc1cc(Nc2cc(Oc3cccnc3)ccn2)cc(OC)c1OC
CHEMBL1963249,3.3,C[C@@H]1CN[C@@H](C2CC2)C(=O)N(C)[C@H](C)C(=O)N[C@H](Cc2ccc(F)cc2)C(=O)NCCCc2ccccc2O1
CHEMBL1682959,2.84,CC[C@H](NC(=O)c1c([S+](C)[O-])c(-c2ccccc2)nc2c(F)cccc12)c1ccccc1
CHEMBL1308362,2.3,Cc1ccc2cc(C)c3nnc(SCC(=O)N4CCN(C(=O)c5ccco5)CC4)n3c2c1
CHEMBL117368,2.7,Nc1ccc2cccc(Nc3ncccn3)c2n1
CHEMBL179043,1.0,O=c1cc(N2CCOCC2)nc2ccccn12
CHEMBL2321998,1.86,Clc1ccc(C2CC=CCNC2)cc1Cl
CHEMBL591023,3.5,O=c1c(-c2ccc3c(c2)OCO3)coc2cc(O)cc(O)c12
CHEMBL289959,2.94,c1ccc(Nc2ncnc3ccccc23)cc1
CHEMBL1824039,1.82,O=C1COc2ccc(CNC3CCN(CCN4C(=O)COc5ccc(OC(F)(F)F)cc54)CC3)nc2N1
CHEMBL471584,2.81,N#Cc1nc(NC2CCCCC2)c(N)c(N2CCOCC2)n1
CHEMBL86715,1.78,OC(CCN1CCCC1)(c1ccccc1)C1CCCCC1
CHEMBL1779012,2.5,COc1cc(F)ccc1-c1cncc(CNC(=O)c2cnccn2)c1
CHEMBL1487890,2.27,COc1cc(-c2nnc(S)n2-c2cccc(C(F)(F)F)c2)cc(OC)c1OC
CHEMBL453222,2.34,COCCOc1ccc(-c2cc(C(N)=O)c(NC(N)=O)s2)cc1
CHEMBL218006,3.1,C[C@H](NC1=NC(=O)[C@@](C)(C(F)(F)F)S1)c1ccccc1F
CHEMBL1703687,3.4,O=C(c1ccc(F)cc1)C1CCN(C(=S)Nc2ccc(F)cc2)CC1
CHEMBL1779005,2.06,COc1cc(F)ccc1-c1cccc(CNC2CCCC2)n1
CHEMBL455468,1.87,Cc1ncc(-c2ccnc(Nc3ccc(C(=O)NC4CCN(C)CC4)cc3)n2)n1C(C)C
CHEMBL222519,0.36,NS(=O)(=O)c1cccc2c1c([N+](=O)[O-])cc1nc(O)c(O)nc12
CHEMBL471951,2.71,N#Cc1nc(N2CCCCC2)c(N)c(N2CCOCC2)n1
CHEMBL559478,1.58,O=C(Oc1ccc(Br)cc1)N1CCN2CCC1CC2
CHEMBL2018954,1.68,COc1ccc(COc2nc(Br)cnc2NS(=O)(=O)c2ccc(C)cc2)cc1OCCN(C)C
CHEMBL212731,2.9,CCN(C(=O)Cc1ccc(S(C)(=O)=O)cc1)C1CCN(CC[C@H](c2ccc(S(C)(=O)=O)cc2)c2cccc(F)c2)CC1
CHEMBL183843,3.67,COc1ccc(C(=O)Nc2cccc(NC(=O)c3cccc(N(C)C)c3)c2)cc1OC
CHEMBL1689116,0.48,O=C(O)COc1ccc(Cl)cc1CN1CCC(S(=O)(=O)c2ccccc2)CC1
CHEMBL384260,3.02,COc1cc(OC2CCN(C)CC2)c2c(Nc3cccc4c3OCO4)ncnc2c1
CHEMBL212521,2.6,CC[C@H](N)C(=O)N[C@H](C#N)Cc1ccc(-c2ccccc2)cc1
CHEMBL1688458,2.47,O=C(O)CCc1ccc(OCc2cccc(Oc3ccccc3)c2)cc1
CHEMBL1809057,3.1,COc1cc(C(CO)CO)ccc1Nc1ncc(Cl)c(-c2cnc3ccccn23)n1
CHEMBL2017291,3.15,COc1cc2c(cc1-c1c(C)noc1C)ncc1[nH]c(=O)n([C@H](C)c3ccccn3)c12
CHEMBL202721,3.5,COc1cc2c(Nc3ccc(NC(=O)c4ccccc4)cc3)ncnc2cc1OCCCN1CCOCC1
CHEMBL520003,2.8,CNS(=O)(=O)c1ccc(Nc2nccc(-c3cnc4cccnn34)n2)cc1
CHEMBL2001019,1.7,OCCn1cc(-c2cnc3nnn(Cc4ccc5ncccc5c4)c3n2)cn1
CHEMBL2325730,2.2,NC(=O)C(NC(=O)C1(N)CCN(c2ncnc3[nH]ccc23)CC1)c1ccc(Cl)cc1
CHEMBL2144138,0.4,NC(=O)C1CCN(CC(=O)Nc2ccc3c(c2)OCO3)CC1
CHEMBL143181,2.98,CC(O)(C(=O)Nc1ccc(S(=O)(=O)c2ccccc2)cc1)C(F)(F)F
CHEMBL1240967,1.91,CC(C)(Cc1cccc(CC(=O)NCc2cccc(-c3ccc(O)cc3)c2)c1)NC[C@H](O)c1ccc(O)c(NS(C)(=O)=O)c1
CHEMBL1762549,2.8,COCCN(c1ccnc(Nc2cc(N3CCOCC3)cc(N3CCOCC3)c2)n1)c1cc(CO)ccc1C
CHEMBL2171278,3.8,Cc1ccc(NC(=O)[C@@H]2CCCN2S(=O)(=O)c2cccc3cccnc23)c(C)c1
CHEMBL555033,3.29,O=C(CC1CCCCC1)Nc1c(Cl)ccc2nc(NCCCO)ccc12
CHEMBL1381233,3.1,O=C(Nc1ccncc1)c1cccc2ccccc12
CHEMBL2164740,0.46,N#Cc1ccc2ccc(=O)n(CCN3CC[C@H](NCc4cc5c(cn4)OCCO5)[C@H](O)C3)c2c1
CHEMBL1257599,4.0,CNc1ncnc2c(CNc3cc(NC(=O)c4ccc5c(c4)OCCO5)ccc3C)cccc12
CHEMBL365458,3.37,Oc1cccc2nc(-c3ccccc3)cc(O)c12
CHEMBL386996,3.06,CC(=O)N1CCN(CCOc2cc(OC(C)C)c3c(Nc4c(F)ccc5c4OCO5)ncnc3c2)CC1
CHEMBL1519921,1.3,NC(=O)Cc1nc(-c2ccccc2)cs1
CHEMBL290548,1.88,COC(=O)N1CCN(c2ccnc(-n3ccnc3)n2)C(CC(=O)NCc2ccc3c(c2)OCO3)C1
CHEMBL21640,1.89,c1ccc(CC2NCCc3ccccc32)cc1
CHEMBL87543,2.3,CC(C)N1CCC(N(C(=O)Cc2ccccc2)c2ccc(Cl)cc2)CC1
CHEMBL183709,3.3,CN(C(=O)Cc1ccc(O)cc1)C1CCN(CCC(c2ccccc2)c2ccccc2)CC1
CHEMBL130936,1.79,O=C(O)c1cc2cc([N+](=O)[O-])ccc2n1Cc1ccc(Cl)c(Cl)c1
CHEMBL715,2.19,Cc1cc2c(s1)Nc1ccccc1N=C2N1CCN(C)CC1
CHEMBL2158793,2.0,Cc1cc(F)ccc1OC1CCN(CC2CCN([C@@](C)(Cc3ccc(F)cc3)C(=O)O)CC2)CC1
CHEMBL2036752,1.86,CCN1CCC[C@H](CN2CCN(C(=O)Nc3ccc(Cl)c(Cl)c3)CC2)C1
CHEMBL1934416,0.61,COCC(C)n1nc(C)c(C(=O)N[C@@H](C)C(C)(C)C)c1NS(=O)(=O)c1ccc(C)cc1
CHEMBL106,0.48,OC(Cn1cncn1)(Cn1cncn1)c1ccc(F)cc1F
CHEMBL450470,2.81,COc1ccc(N(C(C)=O)C(C(=O)NC2CCCC2)c2ccccc2F)c(OC)c1
CHEMBL261454,2.57,c1ccc(-c2n[nH]cc2-c2ccnc3ccccc23)nc1
CHEMBL2062162,2.74,Clc1ccccc1CNC[C@H]1CC[C@H](CNCc2ccccc2Cl)CC1
CHEMBL2179274,0.5,CCC[C@@H](c1ccc(C(=O)O)c(Oc2cccc(Cl)c2)c1)N1CCC[C@H](n2cc(C)c(=O)[nH]c2=O)C1
CHEMBL2331750,2.4,Cc1cc(Oc2cc(S(=O)(=O)N3CCC[C@H](n4cc(C)c(=O)[nH]c4=O)C3)ccc2O)ccc1Cl
CHEMBL317935,3.24,C[C@H](NC(=O)/C=C/c1ccccc1)c1cccc(N2CCOCC2)c1
CHEMBL2088120,4.1,CC(C)Cn1c(=O)n(C)c(=O)c2c(-c3cncn3C)n(Cc3cccc4ccccc34)nc21
CHEMBL474828,2.8,COCCNc1nc(C#N)nc(NCC(C)C)c1N
CHEMBL62083,1.5,Nc1nccc2ccccc12
CHEMBL451462,2.49,Cc1ncc(-c2nc(Nc3ccc(C(=O)N4CCN(C)CC4)cc3)ncc2F)n1C(C)C
CHEMBL207235,3.09,COc1cc2ncnc(Nc3cccc(Cl)c3F)c2cc1CN1C[C@H](OC)C[C@@H]1C(N)=O
CHEMBL1950852,1.61,CN[C@@H](C)C(=O)N[C@H](C(=O)N[C@H]1CCCN(CCc2ccccc2OC)C1)C(C)(C)C
CHEMBL1199987,4.0,Nc1ncc(-c2cnn(C3CCOCC3)c2)cc1-c1nc2ccccc2o1
CHEMBL1951906,1.05,CCN(C(=O)Cc1ccc(S(C)(=O)=O)cc1)C1CCN(CC[C@@H](c2ccccc2)C2CCN(S(C)(=O)=O)CC2)CC1
CHEMBL1502567,2.1,O=c1c2ccccc2nc2ccccn12
CHEMBL1762551,3.9,Cc1ccc(CO)cc1N(C)c1ccnc(Nc2cc(N3CCOCC3)nc(N3CCOCC3)n2)n1
CHEMBL1631470,2.07,CCCNC(=O)c1nnc2c(-c3ncccn3)c(F)ccc2c1N
CHEMBL1829423,1.8,CCC(c1nc2ccn(C)c2c(=O)n1Cc1ccccc1)N(CCCN)C(=O)c1ccc(C)cc1
CHEMBL389911,1.1,COC(=O)c1cccc(Cn2[nH]c(=O)c3[nH]c4cc(Cl)ccc4c(=O)c3c2=O)c1
CHEMBL128134,1.95,CCN1CCN(C(=O)c2cc3ccccc3[nH]2)CC1
CHEMBL1807854,1.05,C[C@H]1O[C@@H](n2cnc3c(N)nc(Oc4ccccc4)nc32)[C@H](O)[C@@H]1O
CHEMBL2036762,3.37,Cc1ccc(NC(=O)N2CCN(C[C@@H]3CCCN(C4CC4)C3)CC2)cc1Cl
CHEMBL1088029,2.99,COc1cc(Nc2ncc(C)s2)nc(N[C@@H](C)c2ncc(F)cn2)n1
CHEMBL1890574,1.33,O=C(Cc1c(C(=O)O)[nH]c2ccccc12)Nc1cccc(C(F)(F)F)c1
CHEMBL1612837,-0.1,CC(C)(C)c1ccc(C2=NC(=O)C(CC(=O)O)S2)cc1
CHEMBL1689130,0.78,C[C@H]1CN(Cc2cc(Cl)ccc2OCC(=O)O)CCN1C(=O)Cc1cccc(Cl)c1
CHEMBL1682821,3.6,O=C(Oc1ccc2c(c1)OCCC2=O)c1ccccc1
CHEMBL2023489,3.5,COc1ccc2c(Oc3ccc(CC(=O)Nc4cn(C)nc4C)c(OC)c3)ccnc2c1
CHEMBL203059,3.7,O=C(Nc1cc(-c2ccnc(Nc3ccccc3)c2)ccn1)C1CCOCC1
CHEMBL2011932,1.9,COc1ccc(-c2nc3c(NCCCNC(=O)C4(CN)CC4)c(Br)cnc3[nH]2)cc1
CHEMBL91485,-0.27,COc1cccc(OC)c1-c1ccc(C[C@H](NC(=O)c2c(Cl)cccc2Cl)C(=O)O)cc1
CHEMBL2207606,-0.71,COc1cc(OC)c(S(=O)(=O)N2c3ccccc3Oc3ccccc32)cc1NC(=O)/C=C/C(=O)O
CHEMBL578194,3.18,C[C@H](Nc1nc(Nc2cc(C3CC3)[nH]n2)cnc1C#N)c1ccc(F)cn1
CHEMBL957,1.03,COc1ccccc1Oc1c(NS(=O)(=O)c2ccc(C(C)(C)C)cc2)nc(-c2ncccn2)nc1OCCO
CHEMBL2035038,1.5,NC1(c2ccc(-c3nc4ccccc4c(=O)n3-c3ccccc3)cc2)CCC1
CHEMBL190677,2.13,O=C(c1ccccc1)C(O)c1ccccc1
CHEMBL2332936,2.1,CC(=O)Nc1ccc(O)cc1OC[C@@H](O)CN1CCC2(CC1)Cc1cc(F)ccc1O2
CHEMBL169473,3.1,COc1cccc(Nc2ncnc3cc(OC)c(OC)cc23)c1
CHEMBL516601,3.34,COc1cc2ncc(C(N)=O)c(Nc3ccc(C)cc3F)c2cc1OC
CHEMBL1778634,-1.17,CN(c1ccc(-c2cc(F)ccc2OCC(=O)O)c(Cl)c1)S(C)(=O)=O
CHEMBL2062556,2.48,N#Cc1cnn2c(N)cc(-c3ccccc3)nc12
CHEMBL2177173,3.28,CN1CCN(S(=O)(=O)c2ccc(-c3cnc(N)c(C(=O)Nc4cnccc4CN4CCCC4)n3)cc2)CC1
CHEMBL1235242,-1.06,N[C@@H](Cc1ccc(F)cc1)C(=O)O
CHEMBL517712,-0.66,CN1[C@@H]2CC[C@H]1C[C@@H](OC(=O)C(CO)c1ccccc1)C2
CHEMBL1550191,2.68,O=C1NC(c2ccc(Br)cc2)Nc2ccccc21
CHEMBL224267,3.85,COc1cc(C(=O)Nc2ccc(N3CCOCC3)cc2)nc2c(N3CCN(C)CC3)cc(F)cc12
CHEMBL642,-0.27,CCCC(=O)Nc1ccc(OCC(O)CNC(C)C)c(C(C)=O)c1
CHEMBL180656,3.7,CN(C(=O)Cc1ccc(C#N)cc1)C1CCN(CCC(c2ccccc2)c2ccccc2)CC1
CHEMBL2158783,3.15,Cc1c(Cl)ccc(OC2CCN(CC3CCN([C@@H](Cc4ccc(F)cc4)C(=O)O)CC3)CC2)c1Cl
CHEMBL469,-0.93,O=C(c1ccccc1)c1ccc2n1CCC2C(=O)O
CHEMBL9751,-0.09,CN1C2CCC1CC(OC(=O)C(CO)c1ccccc1)C2
CHEMBL2086693,3.95,C[C@@H]1CN(c2noc(C(F)(F)F)n2)CCN1c1ncc(OCc2ccncc2C#N)cn1
CHEMBL1589,-0.49,CC(=O)c1ccc(S(=O)(=O)NC(=O)NC2CCCCC2)cc1
CHEMBL507700,1.75,NC(=O)Nc1sc(-c2ccc(CN3CCCCC3)cc2)cc1C(N)=O
CHEMBL427851,1.03,Cc1oc(CN2CCNCC2)cc1C(=O)NCC12CC3CC(CC(C3)C1)C2
CHEMBL271012,3.0,C[C@H](CO)Nc1nc(SCc2ccccc2F)nc2[nH]c(=O)sc12
CHEMBL1778616,0.15,O=C(O)COc1ccc(Br)cc1-c1ccccc1
CHEMBL516,3.06,CN1CCC(=C2c3ccccc3C=Cc3ccccc32)CC1
CHEMBL494505,1.22,CCC(=O)N1CCN(C(=O)c2cc(Cc3n[nH]c(=O)c4ccccc34)ccc2F)CC1
CHEMBL1824379,2.46,CCCOc1cc(OCCCN2CCCC2)ccc1C(=O)Nc1cccc(O)c1
CHEMBL1682834,2.8,CC(=O)N1CCOc2cc(COc3ccccc3)cnc21
CHEMBL172066,2.75,Cc1sc(N)nc1-c1ccccc1
CHEMBL1946029,2.3,CN(C)C(=O)c1ccc(C(=C2CCN(Cc3cscn3)CC2)c2cccc3cccnc23)cc1
CHEMBL1927345,2.09,Cc1ccc(/C=C(\C#N)C(N)=O)cc1
CHEMBL1223459,2.72,Cc1cc2n[nH]c(=O)n2c2cc(-c3cccnc3)ccc12
CHEMBL274009,-0.96,Nc1ccccc1[N+](=O)[O-]
CHEMBL109405,2.59,C1=C(c2cc3ccccc3o2)C2CCN1CC2
CHEMBL2012881,2.19,O=c1[nH]nc2cc(CO)c3ccc(-c4ccc[nH]4)cc3n12
CHEMBL1698358,2.9,Nc1ccc2c(c1)C(=O)c1ccccc1-2
CHEMBL2018953,2.27,O=C([C@H]1CCCCN1)N1CCN(c2nc(NCc3ccc(Cl)cc3Cl)c3cccnc3n2)CC1
CHEMBL1079773,3.58,Nc1ncnc2sc(-c3c(-c4ccccc4)ncn3Cc3ccccc3N3CCOCC3)nc12
CHEMBL2179284,1.83,Cc1cn([C@H]2CCCN([C@H](CC3CCCCC3)c3ccc(C(=O)O)c(Oc4cccc(Cl)c4)c3)C2)c(=O)[nH]c1=O
CHEMBL258282,2.45,CN1CCN(CCOc2n[nH]c3ncnc(Nc4ccc(OCc5ccccn5)c(Cl)c4)c23)CC1
CHEMBL108,1.65,NC(=O)N1c2ccccc2C=Cc2ccccc21
CHEMBL371064,1.33,CCCN1CCN(c2ccc(C(=O)NC3(C(=O)NCC#N)CCCCC3)cc2)CC1
CHEMBL1178725,1.23,CC(C)Oc1cccc(CC(=O)N2CCC[C@](CC[N+]34CCC(c5ccccc5)(CC3)CC4)(c3ccc(Cl)c(Cl)c3)C2)c1
CHEMBL2011441,0.99,COc1nc(Br)cnc1NS(=O)(=O)c1ccc(Cl)s1
CHEMBL98760,2.78,CC(C)NC(=O)c1ccc2c(Nc3ccc(Cl)cc3)nc(N3CCOCC3)nc2c1
CHEMBL1369722,2.07,Oc1ncnc2scc(-c3ccccc3)c12
CHEMBL2325995,2.7,NC1(C(=O)NC(CCCN2CCOCC2)c2ccc(Cl)cc2)CCN(c2ncnc3[nH]ccc23)CC1
CHEMBL1809192,3.0,COc1cc(N2CCN(C(C)=O)CC2)ccc1Nc1nccc(-c2cnc3ccccn23)n1
CHEMBL865,2.37,Cc1onc(-c2ccccc2)c1-c1ccc(S(N)(=O)=O)cc1
CHEMBL597424,2.84,O=C1NC(=O)C(Cc2cccc(Oc3ccccc3)c2)S1
CHEMBL1351893,3.89,CCCc1c(C(=O)Nc2ccc(F)cc2C)cnn1-c1ccccc1
CHEMBL233035,3.05,O=C(CN1C(=O)C(NC(=O)c2cc3cc(Cl)sc3[nH]2)Cc2ccccc21)NCCO
CHEMBL2059859,3.24,Cc1ccc(-c2nc3ccccc3[nH]2)cc1NC(=O)c1ccc(OCc2ccccn2)cc1
CHEMBL1945298,1.86,O=c1[nH]c2c(O)ccc([C@@H](O)CNCCOc3cccc(CNCCc4ccccc4F)c3)c2s1
CHEMBL217090,2.3,Clc1ccc2c(c1Nc1ncnc3cc(OCCCN4CCCC4)cc(OC4CCOCC4)c13)OCO2
CHEMBL2164676,1.75,N#CCNC(=O)[C@@H]1CCCC[C@H]1C(=O)N1CCN(c2ccccc2)CC1
CHEMBL2331740,-0.87,Cc1cn([C@H]2CCCN(S(=O)(=O)c3ccc(C(=O)O)c(Oc4ccc(Cl)c(Cl)c4)c3)C2)c(=O)[nH]c1=O
CHEMBL14293,1.91,CC(C)C(NC(=O)Cn1c(-c2ccccc2)cc2c(=O)n(CCN3CCOCC3)c(=O)[nH]c2c1=O)C(=O)C(F)(F)F
CHEMBL1209587,3.39,O=S(=O)(NCC(c1ccccc1)N1CCCCCC1)c1cccc(Cl)c1
CHEMBL570192,2.86,Cc1cc(Nc2nc(O[C@@H](C)c3ccc(F)cn3)c(C#N)nc2C)n[nH]1
CHEMBL2152915,3.8,CO[C@H]1CC[C@]2(CC1)Cc1ccc(-c3cc(Cl)cc(C#N)c3)cc1C21N=C(C)C(N)=N1
CHEMBL2035037,2.5,Cn1cnc2c(-c3ccc(C4(N)CCC4)cc3)c(-c3ccccc3)ccc21
CHEMBL2059198,-0.62,CC(C)NC(=O)c1cc2c(-n3ccc(C(F)(F)F)n3)c(-c3cncc(C(=O)O)c3)cnc2[nH]1
CHEMBL1923433,0.02,Cc1[nH]c(C(=O)NC2CCN(c3ncc(C(=O)O)s3)CC2)c(Cl)c1Cl
CHEMBL1809050,1.8,COc1cc(OC2CCNCC2)ccc1Nc1ncc(Cl)c(-c2cnc3ccccn23)n1
CHEMBL1610669,2.67,CC(C)CCOc1ccc(N)cc1
CHEMBL2314383,3.7,CC(C)c1ccc(Sc2cnc(O)c(C(=O)NCc3ccccc3)c2)cc1
CHEMBL209689,1.29,Cc1ccc2c(c1)c(-c1ccnc3c(C)cccc13)c(C)n2CC(=O)O
CHEMBL2036584,3.1,O=C(Nc1ccc(Oc2cccnc2)nc1)c1nnc(Nc2ccccc2F)o1
CHEMBL12610,2.4,CN(C)CCCOc1nn(Cc2ccccc2)c2ccccc12
CHEMBL1508646,3.78,Cc1ccc(-c2nnc(N3CCN(C(=O)c4ccco4)CC3)c3ccccc23)cc1
CHEMBL185658,2.63,CC(=O)Nc1ccc(CNc2[nH]nc3cccc(Oc4ccc(S(C)(=O)=O)cc4)c23)cc1
CHEMBL1778652,0.76,CCS(=O)(=O)c1ccc(-c2cc(C(F)(F)F)ccc2CCC(=O)O)c(C)c1
CHEMBL407960,4.25,COc1ccc(OC)c(CNc2n[nH]c3ccnc(Oc4ccccc4)c23)c1
CHEMBL192943,0.56,CC(C)Cc1ccc([C@H](C)C(=O)NS(C)(=O)=O)cc1
CHEMBL2325740,2.95,COCCC(NC(=O)C1(N)CCN(c2ncnc3[nH]ccc23)CC1)c1ccc(Cl)cc1
CHEMBL1951075,-1.02,COc1cc(OC)c(S(=O)(=O)N2c3ccccc3CCC2C)cc1NC(=O)NCC(=O)O
CHEMBL1831078,2.3,NC(=O)Nc1cc(-c2ccsc2)sc1C(N)=O
CHEMBL1778865,1.8,COc1cc(F)ccc1-c1cncc(CNCC2CC2)n1
CHEMBL2059197,-0.79,CCCNC(=O)c1cc2c(-n3ccc(C(F)(F)F)n3)c(-c3cncc(C(=O)O)c3)cnc2[nH]1
CHEMBL262721,2.26,COc1cc(OC2CCN(C)CC2)c2c(Nc3cccc4c3OCCO4)ncnc2c1
CHEMBL1209583,4.09,O=S(=O)(NCC(c1ccccc1)N1CCCCCC1)c1ccccc1OC(F)(F)F
CHEMBL1669160,3.8,CC(C)COc1cc(-c2cccc3c(=O)cc(N4CCOCC4)oc23)ccc1NC(=O)CN1CCOCC1
CHEMBL1682829,3.3,CN1CCOc2cc(OC(=O)c3ccccc3)cnc21
CHEMBL1632052,3.52,Nc1sc2c(c1C(=O)NCc1ccccc1)CCCC2
CHEMBL436511,3.21,CN1CCC(Oc2cccc3ncnc(Nc4ccc(OCc5cnccn5)c(Cl)c4)c23)CC1
CHEMBL514805,2.4,CC(=O)N1CCN(c2nc(C#N)nc(NCC(C)C)c2N)CC1
CHEMBL1008,3.66,CC(C)COCC(CN(Cc1ccccc1)c1ccccc1)N1CCCC1
CHEMBL1223455,3.36,Cc1cc2n[nH]c(=O)n2c2cc(-c3cccc(CO)c3)ccc12
CHEMBL1201753,0.91,O=C(O)C[C@H](O)C[C@H](O)/C=C/c1c(C2CC2)nc2ccccc2c1-c1ccc(F)cc1
CHEMBL52047,2.95,Nc1cccc2c1C(=O)C(=O)c1ccccc1-2
CHEMBL2086681,2.4,CC(C)(C)OC(=O)N1CCN(c2ncc(OCc3ccncc3S(C)(=O)=O)cn2)CC1
CHEMBL63560,2.87,C[C@](O)(CS(=O)(=O)c1ccc(F)cc1)C(=O)Nc1ccc(C#N)c(C(F)(F)F)c1
CHEMBL2030963,0.57,CNc1cccc(CCCc2ccc(C[C@H](NC(=O)c3c(Cl)cccc3Cl)C(=O)O)cc2)n1
CHEMBL1607077,3.26,O=C(NCc1ccncc1)c1ccc(Oc2ccccc2)cc1
CHEMBL1689111,0.33,O=C(O)COc1ccc(Cl)cc1CN1CCN(S(=O)(=O)Cc2ccccc2)CC1
CHEMBL2335901,0.4,C[C@@H](NC(=O)C1CCNCC1)c1ccc(Nc2ncc3cc(-c4ccncc4)ccc3n2)cc1
CHEMBL564535,2.19,CN(C)C[C@H](O)Cc1ccc(Cl)c(C(=O)NCC23CC4CC(CC(C4)C2)C3)c1
CHEMBL1232567,0.8,Oc1ccnc2ccccc12
CHEMBL422,4.31,CN1CCN(CCCN2c3ccccc3Sc3ccc(C(F)(F)F)cc32)CC1
CHEMBL573735,3.21,COc1cc(Nc2cc(Oc3ccc(C)nc3)ccn2)cc(OC)c1OC
CHEMBL2180019,1.7,CC1=NC(C)(c2cccc(-c3cccnc3)c2)N=C1N
CHEMBL1779006,1.71,COc1cc(F)ccc1-c1cc(CNC2CCCC2)ccn1
CHEMBL1407985,1.91,N=C(N)Nc1nc2ccccc2o1
CHEMBL1356763,2.2,Cc1nc2nc(NC(=O)c3ccc(F)cc3)nn2c(O)c1Cc1ccccc1
CHEMBL841,3.47,CN(C)C(=O)C(CCN1CCC(O)(c2ccc(Cl)cc2)CC1)(c1ccccc1)c1ccccc1
CHEMBL186665,1.3,Cc1ccc(NC(=O)c2ccnc(N3CCOCC3)c2)cc1Nc1ccnc(OCCCN(C)C)n1
CHEMBL64,-0.57,NNC(=O)c1ccncc1
CHEMBL1778641,-0.78,CCS(=O)(=O)c1ccc(-c2cc(Cl)ccc2OCC(=O)O)cc1
CHEMBL2087856,3.96,C#CCn1c(=O)c2c(-c3cc(C#N)cn3C)n(Cc3ccnc4ccc(Cl)cc34)nc2n(CC2CC2)c1=O
CHEMBL1650736,2.64,COc1cc(Nc2nc(N[C@@H](C)c3ncc(F)cn3)nc(N3CCOCC3)c2F)n[nH]1
CHEMBL441083,3.21,Cc1cccc(Nc2ncnc3ccccc23)c1
CHEMBL550167,1.41,O=C(NCC12CC3CC(CC(C3)C1)C2)c1cc(OCCCNCCCO)ccc1Cl
CHEMBL1835907,3.54,CCOC(=O)c1ccc(OCCC2(C#N)CCN(c3ccc(C)nn3)CC2)cc1
CHEMBL1201173,3.25,CC(=O)[C@H]1CC[C@H]2[C@@H]3C[C@H](C)C4=CC(=O)CC[C@]4(C)[C@H]3[C@@H](O)C[C@]12C
CHEMBL1338338,1.61,O=C(c1ccc(F)cc1)C1CCN(C(=O)N2CCOCC2)CC1
CHEMBL1289232,3.22,Cc1cc(Cl)ccc1N1CCN(C(=O)COCc2ccncc2)CC1
CHEMBL341087,0.94,CC1CN(C(=O)c2cc3ccccc3[nH]2)CCN1
CHEMBL428462,1.51,Clc1ccc(C2(c3ccc(-c4cn[nH]c4)cc3)CCNCC2)cc1
CHEMBL1184268,1.7,Cc1cc(C)cc(-c2c(O)nc3cc(Cl)c(C(=O)Nc4ccncn4)cc3c2OCCC2CCCCN2)c1
CHEMBL441479,4.37,O=C(NCC12CC3CC(CC(C3)C1)C2)c1cccc(Cl)c1Cl
CHEMBL1609658,3.01,CCOc1ccc(-c2cnc3n2CCCCC3)cc1
CHEMBL2011912,2.83,CNc1c(Br)cnc2[nH]c(-c3ccnc(N)c3)nc12
CHEMBL1809044,3.65,COc1cc(N2CCN(C(C)=O)CC2)ccc1Nc1ncc(Cl)c(-c2cnc3ccccn23)n1
CHEMBL2036760,4.06,O=C(Nc1ccc(C(F)(F)F)c(Cl)c1)N1CCN(C[C@@H]2CCCN(C3CC3)C2)CC1
CHEMBL146095,3.5,O=C(OCC(O)CO)c1ccccc1Nc1ccnc2cc(Cl)ccc12
CHEMBL511444,1.94,CN[C@@H](C)C(=O)N[C@H](C(=O)N1CC[C@H]2CC[C@H](NC(=O)c3cccc4ccccc34)[C@H]21)C(C)(C)C
CHEMBL1779004,2.29,COc1cc(F)ccc1-c1cccc(CNC2CCCC2)c1
CHEMBL1669156,2.3,COc1cc(-c2cccc3c(=O)cc(N4CCOCC4)oc23)ccc1NC(=O)CN1CCOCC1
CHEMBL1669158,2.8,CCOc1cc(-c2cccc3c(=O)cc(N4CCOCC4)oc23)ccc1NC(=O)CN1CCOCC1
CHEMBL319077,1.76,c1ccc(-c2ccc(C3CN4CCC3CC4)cc2)cc1
CHEMBL2036569,4.0,Cc1cc(NC(=O)c2nnc(Nc3ccccc3F)o2)ccc1N1CCOCC1
CHEMBL700,-0.01,Nc1ccc(S(=O)(=O)Nc2ccccn2)cc1
CHEMBL524165,0.8,O=C(c1cc(Cc2n[nH]c(=O)c3ccccc23)ccc1F)N1CCN(C(=O)C2CCOC2)CC1
CHEMBL2059379,2.32,CCNC(=O)c1cc2c(-n3ccc(C(F)(F)F)n3)c(-c3cnc(OC)c(-c4n[nH]c(=O)o4)c3)cnc2[nH]1
CHEMBL334492,1.02,O=c1[nH][nH]c(=O)c2c1[nH]c1cc(Cl)cc(Cl)c12
CHEMBL562847,2.89,CCCCC(NC(=O)CC1CCN(Cc2ccn(-c3ccc(C(F)(F)F)cc3)c2)CC1)c1ccc(=O)[nH]c1
CHEMBL2036588,3.2,O=C(Nc1ccc(N2CCOCC2)nc1)c1nnc(Nc2cccc(F)c2)o1
CHEMBL101468,2.1,Cc1ccc(F)c(Nc2ccnc(Nc3ccc(OCC(O)CN(C)C)cc3)n2)c1
CHEMBL1222381,2.54,O=C(NC1CC1)c1cc(-c2cccs2)on1
CHEMBL1399574,2.1,CCOc1ccc(NC(=O)CCc2c(C)nc3nc(C)nn3c2C)cc1
CHEMBL2011910,2.96,CNc1c(Br)cnc2[nH]c(-c3cccc(N)c3)nc12
CHEMBL139250,2.12,Nc1nc(N)nc(-c2ccc(Cl)cc2)n1
CHEMBL2325695,2.4,COc1cc(-c2nc(N3CCOCC3)cc(C3(S(C)(=O)=O)CC3)n2)c2cc[nH]c2c1
CHEMBL1916275,1.69,Cc1ccc(S(=O)(=O)Nc2c(C(=O)N(C)C3CCCCC3)c(C)nn2-c2ccccc2)cc1
CHEMBL1508,1.48,CN(C)CCC[C@@]1(c2ccc(F)cc2)OCc2cc(C#N)ccc21
CHEMBL101779,1.5,COc1ccc(Nc2cc(Nc3ccc(OCC(O)CN(C)C)cc3)ncn2)cc1
CHEMBL435582,3.5,CC(CNS(=O)(=O)C(C)C)c1ccc(-c2ccc(C#N)cc2)cc1
CHEMBL1448843,1.6,O=C(CSc1ccccc1)N1CCN(C(=O)c2ccco2)CC1
CHEMBL174310,0.86,N#Cc1ccc(C(=O)N2CCC3(CC2)N=C(N)c2c(F)ccc(F)c2N3)cc1
CHEMBL26,-1.2,CCN1CCCC1CNC(=O)c1cc(S(N)(=O)=O)ccc1OC
CHEMBL451,2.41,CNC1=Nc2ccc(Cl)cc2C(c2ccccc2)=[N+]([O-])C1
CHEMBL218712,3.1,CN(C)C(=O)[C@H](Cc1ccccc1)NC(=O)c1cc2ccsc2[nH]1
CHEMBL262956,1.38,CC(C)C(NC(=O)Cn1c(-c2cc(F)cc(F)c2)ncc(N)c1=O)C(=O)C(F)(F)F
CHEMBL1418512,1.49,CC(C)N(c1nnc(N)s1)C(C)C
CHEMBL182074,2.89,CS(=O)(=O)c1ccc(CC(=O)N(C2CC2)C2CCN(CCC(c3ccccc3)c3ccccc3)CC2)cc1
CHEMBL1351571,2.2,Nc1ccc(OCc2ccccc2)cc1
CHEMBL1089,-0.01,NNCCc1ccccc1
CHEMBL1163492,3.9,CCN(C(=O)NCc1ccc(F)cc1)C1CCN(CCC(c2ccccc2)c2ccccc2)CC1
CHEMBL1927251,2.54,Nc1n[nH]c2ncc3c(c12)CCCCCC3
CHEMBL2335900,1.69,C[C@@H](NC(=O)[C@H]1CCCNC1)c1ccc(Nc2ncc3cc(-c4ccncc4)ccc3n2)cc1
CHEMBL1917428,1.6,Cc1c(Sc2ccc(Cl)cc2)c2c(C#N)c(Cl)ccc2n1CC(=O)O
CHEMBL1274,1.74,CC1(C)NC(=O)N(c2ccc([N+](=O)[O-])c(C(F)(F)F)c2)C1=O
CHEMBL412119,1.9,NS(=O)(=O)c1ccc2c(c1)C1C=CCC1C(c1cccc3ccccc13)N2
CHEMBL1682938,3.17,CC[C@H](NC(=O)c1c([S+](C)[O-])c(-c2ccccc2)nc2ccccc12)c1ccccc1
CHEMBL1517664,3.35,Cc1ccnc(NCc2ccccc2O)c1
CHEMBL2086690,3.3,CC(C)c1nc(N2CCN(c3ncc(OCc4ccncc4C#N)cn3)[C@H](C)C2)no1
CHEMBL1807820,3.12,O=c1[nH]c2c(O)ccc([C@@H](O)CNCCCSCCOCCc3cccc4ccccc34)c2s1
CHEMBL1809064,3.1,COc1cc(N2CCN(CCS(C)(=O)=O)CC2)ccc1Nc1ncc(Cl)c(-c2cnc3ccccn23)n1
CHEMBL1739708,2.19,COc1ccc(-c2nc(N)s[n+]2-c2ccccc2)cc1
CHEMBL281266,2.41,O=C1NC(=O)C(Cc2ccc3ccccc3c2)S1
CHEMBL2059866,2.54,Cc1ccc(-c2cn(C)cn2)cc1NC(=O)c1ccc(OCc2ccccn2)cc1
CHEMBL1669154,3.3,O=C(CN1CCOCC1)Nc1ccc(-c2cccc3c(=O)cc(N4CCOCC4)oc23)cc1OCC1CC1
CHEMBL315708,3.79,c1ccc(-c2[nH]nc3ccccc23)cc1
CHEMBL139557,2.08,CC(O)(C(=O)Nc1ccc(S(=O)(=O)c2cccnc2)cc1)C(F)(F)F
CHEMBL1180272,1.4,CCCCC(c1ccncc1)n1[nH]c(=O)c2nc3cc(Cl)ccc3c(O)c2c1=O
CHEMBL142703,-0.48,N#C[C@@H]1CCCN1C(=O)CNC12CC3CC(CC(O)(C3)C1)C2
CHEMBL1443631,3.38,CCOc1ccccc1N1CCN(Cc2c[nH]nc2-c2ccc(F)cc2)CC1
CHEMBL685,2.9,COC(=O)Nc1nc2ccc(C(=O)c3ccccc3)cc2[nH]1
CHEMBL179190,3.54,O=C1O[C@@H](Cn2nncc2F)CN1c1ccc(C2=CCS(=O)(=O)CC2)c(F)c1
CHEMBL1807850,2.35,C[C@H]1O[C@@H](n2cnc3c(N)nc(O[C@H]4CC[C@H](C)CC4)nc32)[C@H](O)[C@@H]1O
CHEMBL205742,1.65,CC(C)Cn1c(=O)n(C)c(=O)c2c(C(=O)N3CC[C@@H](O)C3)c(Cc3ccnc4ccccc34)sc21
CHEMBL153064,0.87,CC(=O)c1cc2ccc(O)cc2oc1=O
CHEMBL75821,2.14,C[C@@](O)(C(=O)Nc1ccc(S(=O)(=O)NCCN2CCOCC2)cc1Cl)C(F)(F)F
CHEMBL50149,2.6,O=C1C(=O)c2cccc([N+](=O)[O-])c2-c2ccccc21
CHEMBL1934123,2.96,CC(=O)N[C@@H]1CC2(CCN(Cc3ccc4[nH]c5ccccc5c4c3)CC2)c2ccccc21
CHEMBL512607,0.58,CC(C)(C)C(=O)N[C@H]1CCCCNC1=O
CHEMBL1669157,2.4,O=C(CN1CCOCC1)Nc1ccc(-c2cccc3c(=O)cc(N4CCOCC4)oc23)cc1O
CHEMBL2177613,0.64,CCCSc1c(C(=O)NC2CCCCC2)cnn1-c1ccc(C(=O)O)cc1
CHEMBL193610,2.58,Cc1ccc(-c2c[nH]nn2)cc1
CHEMBL1089518,0.14,CCCCOc1nc(N)c2[nH]c(=O)n(Cc3cccc(CC(=O)O)c3)c2n1
CHEMBL1527495,1.7,O=S(=O)(Nc1cccc2[nH]ncc12)c1cccs1
CHEMBL1951181,1.03,COc1cc(OC)c(S(=O)(=O)NCc2ccccc2N2CCC(CO)CC2)cc1NC(C)=O
CHEMBL452273,0.87,COCCNCc1ccc(-c2cc(C(N)=O)c(NC(N)=O)s2)cc1
CHEMBL1934415,1.97,Cc1ccc(S(=O)(=O)Nc2c(C(=O)N[C@@H](C)C(C)(C)C)c(C)nn2C2CCCCC2)cc1
CHEMBL243001,2.4,Cc1nc2ccc(Oc3ccc(F)cc3)cc2c(=O)n1C[C@H]1CCCN(C(C)C)C1
CHEMBL594707,0.52,Nc1ccc2cn[nH]c2c1
CHEMBL560241,3.41,Cc1cc(-c2ccc(Cl)c(C(=O)NCC3(O)CCCCCC3)c2)n[nH]1
CHEMBL2178735,3.44,Nc1ccc(C(=O)Nc2cccc(-c3nc(N4CCOCC4)c4oc5ncccc5c4n3)c2)cn1
CHEMBL1609717,3.1,O=C(CCS(=O)(=O)c1ccc(Br)cc1)NCc1ccc(F)cc1
CHEMBL238087,0.62,CC1(c2ccccc2)CC(=O)NC(N)=N1
CHEMBL319165,3.4,CN(C)C(=O)[C@H](Cc1ccccc1)NC(=O)c1cc2ccccc2[nH]1
CHEMBL1087898,1.91,Cc1cnc(Nc2cncc(N[C@@H](C)c3ncc(F)cn3)n2)s1
CHEMBL255170,3.4,Cc1ccc(Oc2ccc(Nc3ncnc4[nH]nc(OCCN5CCC(O)CC5)c34)cc2Cl)cn1
CHEMBL2158824,2.31,O=C(O)c1ccc(N2CCC(CN3CCC(Oc4ccc(Cl)c(Cl)c4)CC3)CC2)cc1
CHEMBL193233,-1.01,COc1ccc(-c2ccccc2)cc1N1CC(=O)NS1(=O)=O
CHEMBL1945290,1.13,CCOc1ccccc1CNCc1cccc(CCNC[C@H](O)c2ccc(O)c3[nH]c(=O)sc23)c1
CHEMBL1072,-0.3,CCCCNc1cc(C(=O)O)cc(S(N)(=O)=O)c1Oc1ccccc1
CHEMBL1778630,1.38,O=C(O)COc1ccc(C(F)(F)F)cc1-c1ccccc1-c1ccccc1
CHEMBL1290078,0.64,Cc1nc(C(=O)N2CCCC3(CCN(Cc4ccc(Cl)cc4)CC3)C2)cs1
CHEMBL2151326,2.18,COc1cc(Nc2nc3c(cc2F)ncn3[C@@H](CO)c2ccc(F)cn2)n[nH]1
CHEMBL1289575,2.79,CC1(c2ccc(Cl)cc2)CCN(C(=O)COCc2ccncc2)CC1
CHEMBL2325737,2.4,NC1(C(=O)NC(CO)c2ccc(Cl)cc2)CCN(c2ncnc3[nH]ccc23)CC1
CHEMBL32066,1.68,CNC(=O)c1cccc(S(=O)(=O)Nc2ncc(C)nc2OC)c1-c1ccc(CC(C)C)cc1
CHEMBL14130,1.5,O=[N+]([O-])c1ccc(O)cc1
CHEMBL1916267,1.52,CCC(CC)NC(=O)c1cnn(Cc2ccccc2)c1NS(=O)(=O)c1ccc(C)cc1
CHEMBL187368,3.8,O=c1c2ccccc2oc2cccc(O)c12
CHEMBL216053,3.61,COc1cc2c(Nc3cc(CC(=O)Nc4cccc(F)c4F)[nH]n3)ncnc2cc1OCCCN(CCO)CC(C)C
CHEMBL169186,2.05,COc1cc2c(Nc3c(Cl)ccc4c3OCO4)ncnc2cc1OCCCN1CCCCC1
CHEMBL1940107,2.36,COc1cc2ncnc(Oc3cnn(CC(=O)Nc4ccc(N(C)C)cn4)c3)c2cc1OC
CHEMBL335759,3.6,C1CCc2c(c3c(N4CCCC4)nc(N4CCCC4)nc3n2CCN2CCOCC2)C1
CHEMBL2086657,2.93,CC(C)(C)OC(=O)N1CCN(c2ncc(OCc3ccc(S(C)(=O)=O)cc3)nn2)CC1
CHEMBL11084,0.68,CC(C)C(NC(=O)Cn1c(-c2cccs2)ncc(N)c1=O)C(=O)C(F)(F)F
CHEMBL1605804,0.31,Cc1ccnc2nc(C(=O)Nc3nccs3)nn12
CHEMBL402311,0.08,O=C(N[C@@H](Cc1ccc(N2CCN(c3ccccc3)CC2)cc1)C(=O)O)c1c(Cl)cccc1Cl
CHEMBL472524,2.34,CCNC(=O)Nc1nc2cc(-c3cccnc3)ccc2[nH]1
CHEMBL1477036,2.93,CCCCC(CC)COC(=O)CC(C(=O)OCC(CC)CCCC)S(=O)(=O)O
CHEMBL315157,3.04,CN1CCCC1CCOC(C)(c1ccccc1)c1ccc(Cl)cc1
CHEMBL235763,1.46,NC1=NC(c2ccc(Cl)c(Cl)c2)CC(=O)N1
CHEMBL1957366,3.45,N#Cc1c(-c2ccc(-c3ccccc3OC(F)(F)F)cc2)nc2ccncc2c1O
CHEMBL1623092,2.69,NCC(O)(c1ccc(Cl)cc1)c1ccc(Cl)cc1
CHEMBL438,-0.51,Cc1ccnc(NS(=O)(=O)c2ccc(N)cc2)n1
CHEMBL1807832,0.83,O=c1[nH]c2c(O)ccc([C@@H](O)CNCCOCCCNCCc3cccc(Cl)c3)c2s1
CHEMBL134908,2.41,Cc1cc(COc2ccc(NC(=O)[C@@H]3[C@@H](C(=O)NO)CCCN3C)cc2)c2ccccc2n1
CHEMBL36643,2.43,COC(=O)COc1ccc(C(=O)Nc2ccc(F)cc2)cn1
CHEMBL1180194,0.8,CCC(c1ccccn1)n1[nH]c(=O)c2nc3cc(Cl)ccc3c(O)c2c1=O
CHEMBL2036733,3.42,Cc1cccc(Nc2nnc(C(=O)Nc3ccc(N4CCOCC4)nc3)o2)c1
CHEMBL1835910,3.1,CCOC(=O)c1ccc(OCC2CN(c3ccc(C)nn3)C2)cc1
CHEMBL1779007,2.6,COc1cc(F)ccc1-c1cncc(CNC2CCCCC2)c1
CHEMBL1824376,1.78,O=C(Nc1cccc(O)c1)c1ccc(OCCCN2CCCC2)cc1OCc1ccccn1
CHEMBL1081772,3.68,CC(=O)N(c1ccccc1)C1CC(C)N(S(=O)(=O)c2ccccc2)c2ccccc21
CHEMBL496929,3.85,O=C(Nc1ccc(CCO)cc1)c1cc2cc(Cl)ccc2[nH]1
CHEMBL199147,3.21,CCN(C(=O)Cc1ccc(S(C)(=O)=O)cc1)C1CCN(CCC(c2ccc(F)cc2)c2ccc(F)cc2)CC1
CHEMBL15932,2.1,COc1cccc2[nH]ncc12
CHEMBL558748,2.65,O=C(NCC1CCCCC1)c1c(Cl)ccc2ncccc12
CHEMBL237889,2.7,Cn1c(N)nc(CCc2ccc3ccccc3c2)cc1=O
538813,-1.9964190908298327,CCCCCCCCCCCCCCCCCCCC(=O)OCCO
18769590,-2.767539969453911,CCCCCCCCCCCCCCCCCCCCCC(=O)OCCO
6849,-0.3131383158575335,O=[N+]([O-])c1cccc2ccccc12
9794126,-0.629968598353204,O=[N+]([O-])N1CC([N+](=O)[O-])([N+](=O)[O-])C1
54690031,-3.654352301733323,CN1C(C(=O)Nc2ccccn2)=C(O)c2sc(Cl)cc2S1(=O)=O
68081,-1.342421263291304,CC(C)=CCOc1c2ccoc2cc2oc(=O)ccc12
1110,-0.1942356479999381,O=C(O)CCC(=O)O
442614,-3.273999431693328,CC(=O)C1=C(O)C=C2Oc3c(C(C)=O)c(O)c(C)c(O)c3[C@]2(C)C1=O
10972,-1.4105942552888466,CC(=O)NCC(=O)O
5318997,-3.421237459843318,COc1ccc(-c2oc3c(CC=C(C)C)c(O[C@@H]4O[C@H](CO)[C@@H](O)[C@H](O)[C@H]4O)cc(O)c3c(=O)c2O[C@@H]2O[C@@H](C)[C@H](O)[C@@H](O)[C@H]2O)cc1
155794,-0.5952713100175127,COc1ccc2nc(SCc3ncc(C)c(OC)c3C)[nH]c2c1
444305,-0.2399455162490144,O=C(O)[C@H](O)[C@@H](O)C(=O)O
223534,-0.4073457556697553,Clc1ccc(OCCCBr)cc1
5741,-2.2948722653679074,COc1cc2c(cc1OC)C(=O)C(CC1CCN(Cc3ccccc3)CC1)C2.Cl
5281915,-3.755121115597051,COC1=C(OC)C(=O)C(C/C=C(\C)CC/C=C(\C)CC/C=C(\C)CC/C=C(\C)CC/C=C(\C)CC/C=C(\C)CC/C=C(\C)CC/C=C(\C)CC/C=C(\C)CCC=C(C)C)=C(C)C1=O
235165,-0.5711853222089682,COC(=O)NCCCCCCNC(=O)OC
"Phloroglucinol tris(cyclic 2,2-dimethyl-1,3-propanediol phosphate)",-2.870064636954032,CC1(C)COP(=O)(Oc2cc(OP3(=O)OCC(C)(C)CO3)cc(OP3(=O)OCC(C)(C)CO3)c2)OC1
636405,-2.1103619791156607,Cc1cc(=O)c(C(=O)N[C@@H](C(=O)N[C@@H]2C(=O)N3C(C(=O)O)=C(CSc4nnnn4C)CS[C@H]23)c2ccc(O)cc2)c[nH]1
21648,0.3365552419252882,CC(=O)CCc1ccc(O)cc1
42008,-2.4261578152609307,CO[C@@]1(NC(=O)CSCC#N)C(=O)N2C(C(=O)O)=C(CSc3nnnn3C)CS[C@@H]21
30914,-0.8877777089158111,CC(=O)c1cnccn1
21575,-0.7455699309038467,Cc1cccc(C(=O)O)c1[N+](=O)[O-]
60195218,-0.2553017665853004,C=C[C@]1(C)C[C@@H](OC(=O)CSC(C)(C)CNC(=O)[C@H](N)C(C)C)[C@]2(C)[C@H](C)CC[C@]3(CCC(=O)[C@H]32)[C@@H](C)[C@@H]1O.Cl
2723791,-1.266181554603963,Cc1ccc(S(=O)[O-])cc1.[Na+]
30971,-1.2233777136088972,CN[C@@H]1[C@H](O)[C@H](NC)[C@H]2O[C@@]3(O)C(=O)C[C@@H](C)O[C@H]3O[C@@H]2[C@H]1O.Cl.Cl.O.O.O.O.O
23279529,-0.5614911637577068,O=[N+]([O-])c1ccn([N+](=O)[O-])n1
11635,-1.505159739662494,CCCCCCCCCCCCCCCCCC
12401,-1.7191776640107128,CCCCCCCCCCCCCCCCCCC
68455,0.0539646322762499,CC(=O)c1c(O)ccc2ccccc12
69733,-1.0717947285307703,CC(=O)c1ccc2ccccc2c1O
5281613,-4.358367060435575,COc1ccc(-c2cc(=O)c3c(O)cc(O[C@@H]4O[C@H](CO[C@@H]5O[C@@H](C)[C@H](O)[C@@H](O)[C@H]5O)[C@@H](O)[C@H](O)[C@H]4O)cc3o2)cc1O
7935,0.3205489513233855,Nc1cccc(N)c1
18208,-1.266181554603963,O=[N+]([O-])c1c[nH]cn1
5332,-2.0726587549917457,COc1cc(NS(=O)(=O)c2ccc(N)cc2)ncn1
13739,-2.000197166613345,O=C(OCCO)c1ccc(C(=O)OCCO)cc1
22875,-1.3866167948870585,O=[N+]([O-])c1cc([N+](=O)[O-])c(Cl)c(Cl)c1Cl
10241,-0.6495370684979412,O=C1c2ccccc2-c2ccccc21
189821,-1.5428473677170902,CC(=O)OCC(=O)[C@@]12N=C(C)O[C@@H]1C[C@H]1[C@@H]3CCC4=CC(=O)C=C[C@]4(C)[C@H]3[C@@H](O)C[C@@]12C
811,0.1096260798344955,C=C(CC(=O)O)C(=O)O
867,0.2984659283337929,O=C(O)CC(=O)O
311,-0.0405963717495894,O=C(O)CC(O)(CC(=O)O)C(=O)O
525,0.1800708357622411,O=C(O)CC(O)C(=O)O
10009,1.1301141549274687,Nc1cccnc1
4393690,-1.1276280069154945,CC1(C)COP(=O)(O)OC1c1ccccc1Cl
10457,-0.5562949481687165,O=C(O)CCCCCCC(=O)O
2540,-1.6121271687030234,CCOc1nc2cccc(C(=O)OC(C)OC(=O)OC3CCCCC3)c2n1Cc1ccc(-c2ccccc2-c2nn[nH]n2)cc1
Propanoic acid 3-(hydroxyphenylphosphinyl)-monosodium salt,-1.952833407596812,O=C(O)CCP(=O)([O-])c1ccccc1.[Na+]
Propanoic acid 3-(hydroxyphenylphosphinyl)-disodium salt,-2.919043290442276,O=C([O-])CCP(=O)([O-])c1ccccc1.[Na+].[Na+]
6268,0.4469387473909517,O=C(O)CC(S)C(=O)O
94866,-2.644891838180272,COC(=O)C1CC(=O)C(C(=O)OC)CC1=O
637090,0.6987415070802048,C/C=C/C(=O)O
7579,-2.1239453857770894,Nc1ccc(Oc2ccc(N)cc2)cc1
750,-2.281640089828468,NCC(=O)O
5327,-2.892676102612431,Cc1cc(C)nc(NS(=O)(=O)c2ccc(N)cc2)n1
"1,3,2-dioxaphosphorinane-5,5-dimethyl-2-(2,4,6-tribromophenoxy)-2-oxide",-1.3670020431241374,CC1(C)CO[P+]([O-])(Oc2c(Br)cc(Br)cc2Br)OC1
222656,0.3348826467153357,O=C(O)C[C@H](O)C(=O)O
44187,-3.537470183534201,CCN1CCN(C(=O)N[C@@H](C(=O)N[C@@H]2C(=O)N3C(C(=O)O)=C(CSc4nnnn4C)CS[C@H]23)c2ccc(O)cc2)C(=O)C1=O
Valnemulin hydrogen tartrate,-1.6390638552257255,C=C[C@]1(C)C[C@@H](OC(=O)CSC(C)(C)CNC(=O)[C@H](N)C(C)C)[C@]2(C)[C@H](C)CC[C@]3(CCC(=O)[C@H]32)[C@@H](C)[C@@H]1O.O=C(O)C(O)C(O)C(=O)O
6426773,-1.4123492188051814,CC[C@@H](C(=O)[C@@H](C)[C@@H](O)[C@H](C)CCc1ccc(C)c(O)c1C(=O)[O-])[C@H]1O[C@](CC)([C@H]2CC[C@](O)(CC)[C@H](C)O2)C[C@@H]1C.[Na+]
6836,-0.9175086225841392,CCn1c2ccccc2c2ccccc21
80092,-3.2631374239394324,O=C(O)CN(CC(=O)O)CP(=O)(O)O
10481,-1.2804182764634202,N=C(N)N.O=[N+]([O-])O
51038,-3.3852339133877374,N[C@@H](C(=O)N[C@@H]1C(=O)N2C(C(=O)O)=C(Cl)CS[C@H]12)c1ccccc1.O
135403279,-4.660964759719172,Clc1ccc(-c2c3nc(c(-c4ccc(Cl)cc4)c4ccc([nH]4)c(-c4ccc(Cl)cc4)c4nc(c(-c5ccc(Cl)cc5)c5ccc2[nH]5)C=C4)C=C3)cc1
13818,1.0830187148900503,CP(=O)(O)O
323,-0.9044156203690064,O=c1ccc2ccccc2o1
39212,-1.305081055331004,CNC[C@H](O)[C@@H](O)[C@H](O)[C@H](O)CO.Cc1c(Nc2ncccc2C(=O)O)cccc1C(F)(F)F
2756,-1.0668756648711142,CN=C(NC#N)NCCSCc1nc[nH]c1C
12247453,-0.5789686114495003,COC(=O)[C@H](N)c1ccccc1.Cl
3282,-0.7185740649164034,CCOc1ccccc1C(N)=O
6253,-2.318749496612715,Nc1ccn([C@@H]2O[C@H](CO)[C@@H](O)[C@@H]2O)c(=O)n1
166480,0.1589785950551898,Cc1cc(C)c(C(=O)P(=O)(c2ccccc2)c2ccccc2)c(C)c1
3885,-1.0680281997741872,CC1(C)CCC2=C(O1)c1ccccc1C(=O)C2=O
19895,-1.0752125237981325,Cn1cc([N+](=O)[O-])cn1
47866,-1.7991878269792816,Nc1nc(N)nc(NC2CC2)n1
97723,-1.1128304363590051,O=C1NC(=O)C2C3C=CC(C3)C12
86278401,-0.933870910899906,O.O=c1c(O)c(-c2ccc(O)cc2)oc2cc(O)cc(O)c12
445154,-0.6856182277731317,Oc1ccc(/C=C/c2cc(O)cc(O)c2)cc1
Apigenin 7-O-rhamnosylglucoside,-2.958141084786738,C[C@@H]1O[C@@H](OC[C@H]2O[C@@H](Oc3cc(O)c4c(=O)cc(-c5ccccc5O)oc4c3)[C@H](O)[C@@H](O)[C@@H]2O)[C@H](O)[C@H](O)[C@H]1O
5280443,-2.376173888126732,O=c1cc(-c2ccc(O)cc2)oc2cc(O)cc(O)c12
21329,-1.498149605664785,Cc1ccc([N+](=O)[O-])cc1S(=O)(=O)[O-].[Na+]
99474,-1.6445719307287323,C[C@@H]1CC[C@@]2(OC1)O[C@H]1C[C@H]3[C@@H]4CC=C5C[C@@H](O)CC[C@]5(C)[C@H]4CC[C@]3(C)[C@H]1[C@@H]2C
938,-1.4111223135297493,O=C(O)c1cccnc1
77565,-1.5862342181332447,Brc1sc(Br)c(Br)c1Br
54704426,-1.814934829304609,CN(C)[C@@H]1C(O)=C(C(N)=O)C(=O)[C@@]2(O)C(O)=C3C(=O)c4c(O)cccc4[C@@](C)(O)[C@H]3C[C@@H]12.Cl
442088,-2.9745079869039985,CN1c2ccccc2C(=O)N2CCc3c([nH]c4ccccc34)[C@H]21
10569,-0.5361302506308564,CC(C)C1=CC2=CC[C@@H]3[C@](C)(CCC[C@@]3(C)C(=O)O)[C@H]2CC1
11643980,-0.0382853456955969,CC(=O)[O-].C[N+](C)(C)CCO
6209,-0.5170660273995892,C[N+](C)(C)CCO.[Cl-]
199935,-0.8622852770435342,C[N+](C)(C)CCOC(=O)CCC(=O)O.[Cl-]
154705120,-0.9886796785932154,C[N+](C)(C)CCOC(=O)CCCC(=O)O.[Cl-]
12736,-0.8412735518823278,O=C(O)CCCCCCCCCCC(=O)O
89964055,-1.3845012569412003,CS(=O)(=O)[O-].c1ccc2sc[nH+]c2c1
19708553,-1.3114773262541974,Cc1ccc(S(=O)(=O)[O-])cc1.c1ccc2sc[nH+]c2c1
87788030,-1.1347934115823732,F[B-](F)(F)F.c1ccc2sc[nH+]c2c1
89963931,-0.5119401122288375,O=S(=O)([O-])C(F)(F)F.c1ccc2sc[nH+]c2c1
37907,0.1810002447864914,CC(C)(C)C(=O)C(Oc1ccc(Cl)cc1)n1ccnc1
135414245,-1.7874354199349043,O=P([O-])([O-])OC[C@H]1O[C@@H](n2cnc3c(O)ncnc32)[C@H](O)[C@@H]1O.[Na+].[Na+]
1892,-1.7756982508054209,Cn1c(=O)c2c(ncn2CCO)n(C)c1=O
5429,-3.5814730235317915,Cn1cnc2c1c(=O)[nH]c(=O)n2C
971,-0.0382655033066484,O=C(O)C(=O)O
743,0.4341616052119375,O=C(O)CCCC(=O)O
196,-0.2989281228025413,O=C(O)CCCCC(=O)O
385,0.0971304568891531,O=C(O)CCCCCC(=O)O
2266,-0.0125965741284103,O=C(O)CCCCCCCC(=O)O
5192,-0.6104635193776349,O=C(O)CCCCCCCCC(=O)O
5833,-1.5282435652684907,CC(=O)S[C@@H]1CC2=CC(=O)CC[C@]2(C)[C@H]2CC[C@@]3(C)[C@@H](CC[C@@]34CCC(=O)O4)[C@H]12
60196281,-2.189590860709983,CC[C@H]1OC(=O)C[C@@H](O)[C@H](C)[C@@H](O[C@@H]2O[C@H](C)[C@@H](O[C@H]3C[C@@](C)(O)[C@@H](O)[C@H](C)O3)[C@H](N(C)C)[C@H]2O)[C@@H](CC=O)C[C@@H](C)C(=O)/C=C/C(C)=C/[C@@H]1CO[C@@H]1O[C@H](C)[C@@H](O)[C@@H](OC)[C@H]1OC.O=C(O)[C@H](O)[C@@H](O)C(=O)O
22833,-1.321153457879756,COc1cc(Cl)c(OC)cc1N
81362,-2.1352033561777213,COc1cc([N+](=O)[O-])c(OC)cc1Cl
643460,-0.0974673366526018,C/C=C/C=C/C(=O)O
8742,-1.1168381986066809,O=C(O)C1=C[C@@H](O)[C@@H](O)[C@H](O)C1
107971,-2.296968133073962,O=c1c(-c2ccc(O)cc2)coc2cc(O[C@@H]3O[C@H](CO)[C@@H](O)[C@H](O)[C@H]3O)ccc12
5281702,-3.990182306326914,COc1cc(-c2cc(=O)c3c(O)cc(O)cc3o2)cc(OC)c1O
5281377,-3.341318818100364,O=c1c(-c2ccc(O)cc2)coc2cc(O[C@@H]3O[C@H](CO)[C@@H](O)[C@H](O)[C@H]3O)cc(O)c12
10458,-1.317939205995956,O=C(O)CCCCCCCCCCCC(=O)O
605902,-0.8562841712881902,O=[N+]([O-])c1nonc1-c1no[n+]([O-])c1-c1nonc1[N+](=O)[O-]
11764,-2.373332088483335,O=[N+]([O-])c1cccc2cccc([N+](=O)[O-])c12
19309,0.3734860496951216,CC1=C(O)C(=O)C(C)O1
6989,1.125131763813929,Cc1ccc(C(C)C)c(O)c1
6019,-2.108389956273608,Cc1ncc(CO)c(CO)c1O.Cl
8980,-0.412903972116952,CN(C)CCOC(c1ccccc1)c1ccccc1.Cl
6809,-1.695538546862122,O=C1NC(=O)c2ccccc21
2723790,-0.4861031003644623,NC(N)=S
4594,-1.5612028063600385,COc1ccc2nc(S(=O)Cc3ncc(C)c(OC)c3C)[nH]c2c1
5282455,-2.2405250171266458,CC(C)c1nc(N(C)S(C)(=O)=O)nc(-c2ccc(F)cc2)c1/C=C/[C@@H](O)C[C@@H](O)CC(=O)[O-].CC(C)c1nc(N(C)S(C)(=O)=O)nc(-c2ccc(F)cc2)c1/C=C/[C@@H](O)C[C@@H](O)CC(=O)[O-].[Ca+2]
87716431,-3.3444728820171665,CO/N=C(\C(=O)N[C@@H]1C(=O)N2C(C(=O)O)=C(CSc3nnnn3C)CS[C@H]12)c1csc(N)n1.CO/N=C(\C(=O)N[C@@H]1C(=O)N2C(C(=O)O)=C(CSc3nnnn3C)CS[C@H]12)c1csc(N)n1.Cl
2741370,-1.264527077517986,CCOC(=O)Cc1c(C(=O)OCC)sc(N)c1C#N
11194854,-1.6555644375690546,Nc1ccc(N2CCOCC2=O)cc1
14709,-1.4878530431413748,CC(=O)O[C@H]1CC[C@@]2(C)C(=CC[C@@H]3[C@@H]2CC[C@]2(C)C(=O)CC[C@@H]32)C1
10207,-3.522598892033445,O=C1c2cccc(O)c2C(=O)c2c(O)cc(CO)cc21
7594,-0.5918721593814056,N=C(Nc1ccccc1)Nc1ccccc1
32154,-0.904538814416453,C#CC(C)(C)NC(=O)c1cc(Cl)cc(Cl)c1
19910,-1.9992007945205144,O=[N+]([O-])c1ccc(O)c2ncccc12
66065,-1.0950868246905707,COc1c(O)cc2c(c1O)[C@@H]1O[C@H](CO)[C@@H](O)[C@H](O)[C@H]1OC2=O
6422843,-1.0986692742882798,COC(=O)N(OC)c1ccccc1COc1ccn(-c2ccc(Cl)cc2)n1
11298,-0.745838930153082,Cc1cccc([N+](=O)[O-])c1N
79381,0.0864864538311847,O=S(=O)(c1ccc(O)cc1)c1ccccc1O
7321,-1.6569394412754064,Nc1ccc([N+](=O)[O-])cc1[N+](=O)[O-]
12173,-0.9141078100378746,O=Cc1ccc(C=O)cc1
18370,-0.8825350780737555,Cc1cc(C(=O)O)ccc1[N+](=O)[O-]
135566083,-1.799085531016749,CCCCCCOC(=O)NC(=N)c1ccc(NCc2nc3cc(C(=O)N(CCC(=O)OCC)c4ccccn4)ccc3n2C)cc1.CS(=O)(=O)O
441199,-2.1529805288229005,CO[C@@]1(NC(=O)Cc2cccs2)C(=O)N2C(C(=O)O)=C(COC(N)=O)CS[C@@H]21
66591,-0.5866445486731734,CC1=NN(c2ccc(C)cc2)C(=O)C1
4386,-0.9114800308205668,O=C(O)c1ccccc1Nc1ccccc1
18521,-0.8976924535194952,Cc1ccc(S(C)(=O)=O)cc1
16376,-0.1746820182036678,O=[N+]([O-])c1cn[nH]c1
541,-0.570949146812138,O=Cc1ccc([N+](=O)[O-])cc1
5486699,-2.4059374535927653,C[C@@H]1O[C@@H](OC[C@H]2O[C@@H](Oc3c(-c4ccc(OCCO)c(OCCO)c4)oc4cc(OCCO)cc(O)c4c3=O)[C@H](O)[C@@H](O)[C@@H]2O)[C@H](O)[C@H](O)[C@H]1O
1639,-0.7055576140659214,Nc1nnc[nH]1
73671,-0.8808527185667264,CC(C)(C)[C@H](O)[C@H](Cc1ccc(Cl)cc1)n1cncn1
21010,-1.4214214695547809,Cn1cnc([N+](=O)[O-])c1Cl
6918155,-1.3942752917876038,CC(C)C(=O)OCC(=O)[C@@]12O[C@H](C3CCCCC3)O[C@@H]1C[C@H]1[C@@H]3CCC4=CC(=O)C=C[C@]4(C)[C@H]3[C@@H](O)C[C@@]12C
7243,-0.6125297985547615,Nc1ccccc1N
79811,-1.6491075940137634,COc1cc(Cl)nc(N)n1
7441,-0.8911898434099362,Cc1cc([N+](=O)[O-])ccc1N
7449,-0.1871956560291136,O=Cc1cccc([N+](=O)[O-])c1
5111791,-1.821376790623708,Nc1ccc([N+](=O)[O-])cc1N
66646,-0.7570344117366852,Nc1cc(Cl)ccc1C(=O)O
7088,-1.1252705152530722,Clc1ccc2c(c1)Nc1ccccc1S2
62348,-0.1009739042730722,COc1cc(CO)ccc1O
86102,-0.741132169256494,CC(C)(C)C(O)(CCc1ccc(Cl)cc1)Cn1cncn1
123457,0.60741503259314,CC(C)c1ncc[nH]1
4338370,-0.898366955905892,Nc1ccc(N)c([N+](=O)[O-])c1
6978,-0.7622264110768634,Cc1ccc(N)c([N+](=O)[O-])c1
6210,0.3734860496951216,Cc1cc(C)[nH]n1
16096,-0.5825098450451165,Cc1c(C(=O)O)cccc1[N+](=O)[O-]
68589,-2.038007970699332,Clc1ccc(COC(Cn2ccnc2)c2ccc(Cl)cc2Cl)cc1.O=[N+]([O-])O
213013,-1.549742921433838,O=C(Nc1ccccc1-c1ccc(Cl)cc1)c1cccnc1Cl
87425,-0.5845885764450833,c1ccc(-c2nnn[nH]2)cc1
16375,0.7944425743110687,Brc1cn[nH]c1
3446,-1.6339364967787564,NCC1(CC(=O)O)CCCCC1
54670067,-1.03862237819063,O=C1O[C@H]([C@@H](O)CO)C(O)=C1O
6057,-5.173463855378763,N[C@@H](Cc1ccc(O)cc1)C(=O)O
5359277,-0.8181081114042374,Clc1ncnc2nc[nH]c12
25429,-3.840385912921808,COC(=O)Nc1nc2ccccc2[nH]1
2713,-2.1542072981775404,NC(=NCCCCCCN=C(N)/N=C(\N)Nc1ccc(Cl)cc1)/N=C(\N)Nc1ccc(Cl)cc1
3023,-0.9716232876088156,c1ccc2c(c1)sc1ccccc12
5387181,-2.770089162092342,Cc1c(C(=O)/C=C/c2ccccc2)[n+](=O)c2ccccc2n1[O-]
969516,-2.1495476580922115,COc1cc(/C=C/C(=O)CC(=O)/C=C/c2ccc(O)c(OC)c2)ccc1O
216326,-2.550320223556529,Nc1cccc2c1CN(C1CCC(=O)NC1=O)C2=O
10308,-1.875363199271275,c1ccc2c(c1)CCc1ccccc1N2
3092,-1.4358055078348375,Cc1c(C(N)=O)cc([N+](=O)[O-])cc1[N+](=O)[O-]
8015,-1.5148443901667437,C=NCC#N
5143,-1.0701395663860025,O=C1NS(=O)(=O)c2ccccc21
4418,-1.6107596817503025,COc1ccccc1N1CCN(CC(O)COc2cccc3ccccc23)CC1
"6-(acetylamino)-N-(5-ethyl-1,3,4-thiadiazol-2-yl) hexanamide",-2.0017923978205374,CCc1nnc(NC(=O)CCCCCNC(C)=O)s1
62329,-1.5341487878949154,Cc1c([N+](=O)[O-])c(C)c([N+](=O)[O-])c(C(C)(C)C)c1[N+](=O)[O-]
3334,-3.1288424973838795,COC(=O)Nc1nc2ccc(Sc3ccccc3)cc2[nH]1
27944,-0.8817204246875319,Cl.c1ccc([C@H]2CN3CCSC3=N2)cc1
99589,-1.1142629748603836,O=P1(O)Oc2ccc3ccccc3c2-c2c(ccc3ccccc23)O1
5284443,-0.6113848580958214,CNC[C@H](O)c1cccc(O)c1.Cl
637794,-1.4234988106245894,O=C1OC(=O)[C@H]2[C@@H]1[C@@H]1C=C[C@H]2C1
66808,-1.2711932429353423,O=Cc1cc([N+](=O)[O-])ccc1O
5353356,-2.9314931938162068,NC(=O)N/N=C/c1ccc([N+](=O)[O-])o1
7638,-0.0561765785675168,Oc1ccc(OCc2ccccc2)cc1
3002977,-2.33635108998384,Cc1nnc(C(C)C)n1C1C[C@H]2CC[C@@H](C1)N2CC[C@H](NC(=O)C1CCC(F)(F)CC1)c1ccccc1
5042,-2.9624983228064403,O=C(NC(Cc1cc(=O)[nH]c2ccccc12)C(=O)O)c1ccc(Cl)cc1
10921054,-1.0835425442236208,Cc1[nH]nc2cc([N+](=O)[O-])ccc12
5386,-1.6830351375212231,O=c1[nH]c(=O)n(C2CCCO2)cc1F
50942,-1.2824857334927149,Cn1c(=O)c2c(ncn2CC2OCCO2)n(C)c1=O
75106,-1.3743839602075678,O=c1ccc(-c2ccccc2)n[nH]1
78136,-0.9195780107489152,N#Cc1ccc2c(c1)OCO2
8991,-0.1356155757107976,COc1cccc(C=O)c1O
10182969,-2.71276994769992,COc1ccc(-n2nc(C(N)=O)c3c2C(=O)N(c2ccc(N4CCCCC4=O)cc2)CC3)cc1
39042,-1.4127397658810246,CC(C)(Oc1ccc(CCNC(=O)c2ccc(Cl)cc2)cc1)C(=O)O
441140,-2.419942132791434,COC1=CC(=O)C[C@@H](C)[C@]12Oc1c(Cl)c(OC)cc(OC)c1C2=O
65752,-2.63967815050761,O=c1c2ccccc2nc2n1CCc1c-2[nH]c2ccccc12
21102,-2.374971174475747,CC(=O)Nc1ccc(OC(=O)c2ccccc2OC(C)=O)cc1
10096344,-2.0478910753203112,CC#CCn1c(N2CCC[C@@H](N)C2)nc2c1c(=O)n(Cc1nc(C)c3ccccc3n1)c(=O)n2C
3840,-1.2668847733015431,O=c1cc(CO)occ1O
2817,-1.3544989145595467,Oc1ccc(Cl)c2cccnc12
6437380,-3.032956915063776,CCCCN(CCCC)CC(O)c1cc(Cl)cc2c1-c1ccc(Cl)cc1/C2=C/c1ccc(Cl)cc1
2478,-3.568553222652931,CS(=O)(=O)OCCCCOS(C)(=O)=O
16004692,-2.950326186936103,CCCNS(=O)(=O)Nc1ncnc(OCCOc2ncc(Br)cn2)c1-c1ccc(Br)cc1
134780,-5.503619069163542,Nc1cccc2c1C(=O)N(C1CCC(=O)NC1=O)C2=O
64927,-4.174468934736507,CCN(CC)CCCC(C)Nc1ccnc2cc(Cl)ccc12.O=P(O)(O)O.O=P(O)(O)O
54685925,-1.9068073880686829,CN(C)c1ccc(O)c2c1C[C@H]1C[C@H]3[C@H](N(C)C)C(O)=C(C(N)=O)C(=O)[C@@]3(O)C(O)=C1C2=O.Cl
16088021,-2.208509097471233,Cn1c(=O)cc(N2CCC[C@@H](N)C2)n(Cc2ccccc2C#N)c1=O.O=C(O)c1ccccc1
19266,-0.9909499835844312,CC(=O)Nc1ccc(C(=O)O)cc1
5356682,-0.8262810608914601,Clc1ncnc2[nH]ccc12
638024,-1.1411442504847755,O=C(/C=C/C=C/c1ccc2c(c1)OCO2)N1CCCCC1
1486,0.0860603191961106,O=C(O)COc1ccc(Cl)cc1Cl
700999,-1.5570801835899328,S=C(Nc1ccccc1)Nc1ccccc1
14520,-0.1932192787547199,CC(=O)NC1CCSC1=O
78501,-0.6910500095646475,CC(CO)(CO)C(=O)O
268296,-2.4791420108489963,O=c1cc(CBr)c2ccccc2[nH]1
2774040,-1.4283617589235114,O=C1CCc2cc(O)ccc2N1
11167602,-1.9517551508983235,CNC(=O)c1cc(Oc2ccc(NC(=O)Nc3ccc(Cl)c(C(F)(F)F)c3)c(F)c2)ccn1
6669,-1.4629068577660207,CC(=O)c1c(C)c([N+](=O)[O-])c(C(C)(C)C)c([N+](=O)[O-])c1C
5479,-2.338821669478872,CCS(=O)(=O)CCn1c([N+](=O)[O-])cnc1C
53476763,-1.4795411784123238,CC(C)OC(=O)[C@H](C)N[P@](=O)(Oc1ccccc1)Oc1c(F)c(F)c(F)c(F)c1F
3359041,-1.4294963811486516,O=[N+]([O-])c1cc([N+](=O)[O-])c(Cl)c([N+](=O)[O-])c1Cl
9969573,-1.25398659726364,CCOC(=O)OC1=C(c2cc(C)ccc2C)C(=O)NC12CCC(OC)CC2
54708610,-1.3556398311412592,COC1CCC2(CC1)NC(=O)C(c1cc(C)ccc1C)=C2O
8422,-0.6450569447877026,O=C(O)COc1ccc2ccccc2c1
10295,-2.4783483662450534,O=c1c2ccccc2sc2ccccc12
2724822,-0.212302442987852,Nc1cc(C(=O)O)ccc1C(=O)O
712441,-1.4212222270357646,CC(=O)N1CCN(c2ccc(O)cc2)CC1
91735,-2.368733523595907,O=C(Nc1ccc(F)cc1F)c1cccnc1Oc1cccc(C(F)(F)F)c1
441345,-2.814074725660298,Cc1c(-c2ccccc2)oc2c(C(=O)OCCN3CCCCC3)cccc2c1=O.Cl
74879,0.1210142389205793,CC(=O)c1c(C)cc(C(C)(C)C)cc1C
10348973,-2.641138302180296,CONC(=O)Nc1ccc(-c2sc3c(c2CN(C)C)c(=O)n(-c2ccc(OC)nn2)c(=O)n3Cc2c(F)cccc2F)cc1
2391,-2.3803899427049053,CC(=O)Oc1ccc(C(c2ccc(OC(C)=O)cc2)c2ccccn2)cc1
735755,-0.9595202830078348,COc1cc(/C=C/C(=O)O)cc(OC)c1OC
12511,-0.4170140225182768,O=C1CCC(=O)CC1
443055,-1.4204062828596866,CC(C)[C@@H](C)[C@@H](O)[C@H](O)[C@@H](C)[C@H]1CC[C@H]2[C@@H]3COC(=O)[C@H]4C[C@H](O)[C@H](O)C[C@]4(C)[C@H]3CC[C@]12C
7184,0.8408210358571351,CCCCOC(=O)c1ccc(O)cc1
7175,0.4971782644468919,CCCOC(=O)c1ccc(O)cc1
10114,-0.7183195919130799,CC1(C)[C@@H](O)CC[C@]2(C)[C@H]3C(=O)C=C4[C@@H]5C[C@@](C)(C(=O)O)CC[C@]5(C)CC[C@@]4(C)[C@]3(C)CC[C@@H]12
118458,-1.556256641286352,Nc1cncc(Cl)n1
3793,-3.734582906363964,CCC(C)n1ncn(-c2ccc(N3CCN(c4ccc(OCC5COC(Cn6cncn6)(c6ccc(Cl)cc6Cl)O5)cc4)CC3)cc2)c1=O
6621,-1.7994071066961357,O=S(=O)(c1ccccc1)c1ccc(Cl)cc1
68117,-0.5675041595417378,CCOc1cccc(C=O)c1O
15331,-1.3210949911591845,CN(C)NC(=O)CCC(=O)O
82148,-0.7167053563620539,COc1ccc2cccc(CCNC(C)=O)c2c1
16988,-0.2479636969946635,Clc1cccnc1Cl
3084875,-1.3017499658982952,Cl.N=C(N)Nc1ccc(C(=O)O)cc1
8496,-1.2437653860279745,O=C(O)c1cccc(C(=O)O)c1
10005,-0.8629968755549878,N#CN=C(N)N
122903,-1.0521943378968792,CC(=O)C1C(=O)C=C(C)OC1=O
637797,-1.6274936891419056,O=C(O)/C=C/c1ccc(Cl)cc1
75210,-0.3189589586698542,CCOc1ccc2ccccc2c1C(=O)O
439312,-1.6211448133052546,OCC1(O)OC[C@@H](O)[C@H](O)[C@@H]1O
1176,-0.1519294210086413,NC(N)=O
5510,-2.014747037112093,Cc1cccc(N(C)C(=S)Oc2ccc3ccccc3c2)c1
8497,0.5581073787601768,O=C(O)c1cccc([N+](=O)[O-])c1
15732,-3.8424700641624665,c1ccc(-c2cnc(-c3ccc(-c4ncc(-c5ccccc5)o4)cc3)o2)cc1
7105,-0.1485125416167286,c1ccc(-c2cnc(-c3ccccc3)o2)cc1
10212,-1.2507347034675105,CC(C)=CCOc1c2occc2cc2ccc(=O)oc12
54676228,-2.4377945775909104,CN1C(C(=O)Nc2ccccn2)=C(O)c2ccccc2S1(=O)=O
441325,-1.567661888166181,CCCCc1oc2ccccc2c1C(=O)c1cc(I)c(OCCN(CC)CC)c(I)c1.Cl
5215,-3.969452095534993,Nc1ccc(S(=O)(=O)Nc2ncccn2)cc1
5780,-1.98193068266758,OC[C@@H](O)[C@@H](O)[C@H](O)[C@@H](O)CO
10005,-1.1839267623453855,N#CNC(=N)N
5213,-0.5382708679196674,COc1cc(C2Oc3cc(C4Oc5cc(O)cc(O)c5C(=O)C4O)ccc3OC2CO)ccc1O
54677470,-3.115702210908219,Cc1cnc(NC(=O)C2=C(O)c3ccccc3S(=O)(=O)N2C)s1
2972,-1.6217402474170457,Cc1c(O)c(=O)ccn1C
442428,-3.407121215565845,C[C@@H]1O[C@@H](O[C@H]2[C@H](Oc3cc(O)c4c(c3)O[C@H](c3ccc(O)cc3)CC4=O)O[C@H](CO)[C@@H](O)[C@@H]2O)[C@H](O)[C@H](O)[C@H]1O
219231,-0.1956845930216089,O=P(NC1CCCCC1)(Oc1ccccc1)Oc1ccccc1
24821094,-1.2727895888980254,C=CC(=O)N1CCC[C@@H](n2nc(-c3ccc(Oc4ccccc4)cc3)c3c(N)ncnc32)C1
161557,-0.3586133428091008,O=C1c2c(O)cc(O)cc2O[C@H](c2cc(O)c(O)c(O)c2)[C@H]1O
219025,-1.145305862506176,CCCCc1oc2ccc(NS(C)(=O)=O)cc2c1C(=O)c1ccc(OCCCN(CCCC)CCCC)cc1.Cl
5281792,0.7972690802943619,O=C(/C=C/c1ccc(O)c(O)c1)O[C@H](Cc1ccc(O)c(O)c1)C(=O)O
12253549,-2.052385937672501,CCOC(=O)Cc1c(C(=O)OCC)sc(N(CC(=O)OCC)CC(=O)OCC)c1C#N
137175079,-2.0923170538434195,CN(Cc1ccccc1)CN1C(=O)C(=NNC(=O)c2ccccc2OCc2ccccc2)c2ccccc21
969472,-2.4021435957877104,CN1CCN(C(=O)O[C@H]2c3nccnc3C(=O)N2c2ccc(Cl)cn2)CC1
11803,-3.458108942734889,O=[N+]([O-])c1cccc2c([N+](=O)[O-])cccc12
637775,-0.683876998445126,COc1cc(/C=C/C(=O)O)cc(OC)c1O
5280518,-0.6950042335238716,O=C(O)/C=C\C=C/C(=O)O
19656493,-1.9167957085933487,COc1cc(-c2cc(-c3ccc(Br)cc3)[nH]c(=O)c2C#N)ccc1O
19656494,-1.9046017572572569,COc1cc(-c2cc(-c3ccc(Cl)cc3)[nH]c(=O)c2C#N)ccc1O
19656498,-1.886015270020981,COc1cc(-c2cc(-c3ccc(F)cc3)[nH]c(=O)c2C#N)ccc1O
"4-(4-hydroxy-3-methoxyphenyl)-6-(4-hydroxyphenyl)-2-oxo-1,2-dihydropyridine-3 -carbonitrile",-1.896054771898965,COc1cc(-c2cc(-c3ccc(O)cc3)[nH]c(=O)c2C#N)ccc1O
19656499,-1.9292154317940653,COc1ccc(-c2cc(-c3ccc(O)c(OC)c3)c(C#N)c(=O)[nH]2)cc1
91864611,-2.2998262681422674,CCOc1ccc(C2NC(=O)NC=C2C(=O)c2cc(OC)c(OC)c(OC)c2)cc1
689043,-0.5386512633514767,O=C(O)/C=C/c1ccc(O)c(O)c1
135413523,-2.7015581871645,CCCc1nn(C)c2c(=O)[nH]c(-c3cc(S(=O)(=O)N4CCN(C)CC4)ccc3OCC)nc12.O=C(O)CC(O)(CC(=O)O)C(=O)O
5280795,0.4404676955222366,C=C1CC[C@H](O)C/C1=C/C=C1\CCC[C@]2(C)[C@@H]([C@H](C)CCCC(C)C)CC[C@@H]12
351770,-0.0503368353582614,Cc1cnc(N)s1
8081,0.4315736002948492,C1OCOCO1
445858,-0.3758649968028402,COc1cc(/C=C/C(=O)O)ccc1O
145512,-0.5956426902750169,Cc1ccc(-c2ccccc2C#N)cc1
444005,-1.5379318210058708,COc1cccc(CCc2ccccc2OCC(CN(C)C)OC(=O)CCC(=O)O)c1.Cl
443953,-0.8784646959783652,CCOC(=O)CCC(=O)O[C@H]1[C@H](O[C@@H]2[C@@H](C)[C@H](O[C@H]3C[C@@](C)(OC)[C@@H](O)[C@H](C)O3)[C@@H](C)C(=O)O[C@H](CC)[C@@](C)(O)[C@H](O)[C@@H](C)C(=O)[C@H](C)C[C@@]2(C)O)O[C@H](C)C[C@@H]1N(C)C
126,-0.1060186296736746,O=Cc1ccc(O)cc1
589833,0.44270469836896,FC(F)(F)c1cccnc1Cl
23661868,-2.3666153492834923,O=S(=O)([O-])c1ccc2ccccc2c1.[Na+]
23661867,-2.2862988380983054,O=S(=O)([O-])c1cccc2ccccc12.[Na+]
464,-0.5912662363426362,O=C(O)CNC(=O)c1ccccc1
242935,-1.1547009628947695,O=C1CCC(c2ccccc2)=NN1
3883,-0.7651823001219091,Cc1c(OCC(F)(F)F)ccnc1CS(=O)c1nc2ccccc2[nH]1
23674183,-1.2594871984325775,Cc1c(N(C)CS(=O)(=O)[O-])c(=O)n(-c2ccccc2)n1C.O.[Na+]
16723,0.2053083998525387,O.O=C1NC(=O)C(=O)C(=O)N1
3676,-1.1302221695023382,CCN(CC)CC(=O)Nc1c(C)cccc1C
5282481,-0.4786152380564337,CN(C/C=C/C#CC(C)(C)C)Cc1cccc2ccccc12.Cl
8369,-0.8086357370749863,Cc1occc(=O)c1O
2151,0.6814402953974031,Cc1c(N)c(=O)n(-c2ccccc2)n1C
90004,-0.8689430450804606,CC(C)(C)c1cc(CCC(=O)NCCCCCCNC(=O)CCc2cc(C(C)(C)C)c(O)c(C(C)(C)C)c2)cc(C(C)(C)C)c1O
5280445,-1.493501630038053,O=c1cc(-c2ccc(O)c(O)c2)oc2cc(O)cc(O)c12
5321884,-0.8764956569534351,OC[C@H]1O[C@@H](Oc2c(O)cc(O)cc2/C=C/c2ccc(O)cc2)[C@H](O)[C@@H](O)[C@@H]1O
2812,-0.5718056680737514,Clc1ccccc1C(c1ccccc1)(c1ccccc1)n1ccnc1
164186289,0.409341856209416,Cc1cccc(C)c1NC(=O)CN(C)C.Cl
6140,-2.814542670451064,N[C@@H](Cc1ccccc1)C(=O)O
6847,-0.3031984870162504,O=C(O)c1cccc2ccccc12
56843850,-1.6694199972553947,Br.Cc1ccc(Sc2ccccc2N2CCNCC2)c(C)c1
10281,-0.5077794014389162,CC1=CC(=O)C(C(C)C)=CC1=O
36229,-1.667404777905433,Cc1nc2cc(N)ccc2s1
(E)‑1‑(1H‑benzo[d]imidazole‑2‑yl)‑3‑(3‑(4‑methxyphenyl)‑1‑phenyl‑1H‑pyrazol‑4‑yl) prop‑2‑en‑1-one,-2.2217291779453125,COc1ccc(-c2nn(-c3ccccc3)cc2/C=C/C(=O)c2nc3ccccc3[nH]2)cc1
"(E)‑1‑(1H‑benzo[d]imidazole‑2‑yl)‑3‑(3‑(3,4‑dimethoxyphenyl)‑1‑phenyl‑1H‑pyrazol‑4‑yl)prop‑2‑en‑1-one",-3.176107561263028,COc1ccc(-c2nn(-c3ccccc3)cc2/C=C/C(=O)c2nc3ccccc3[nH]2)cc1OC
(E)‑1‑(1H‑benzo[d]imidazole‑2‑yl)‑3‑(3‑methxyphenyl‑1H‑pyrazol‑4‑yl)prop‑2‑en-1-one,-2.908531289649197,COc1cccc(-c2nn(-c3ccccc3)cc2/C=C/C(=O)c2nc3ccccc3[nH]2)c1
(E)‑1‑(1H‑benzo[d]imidazole‑2‑yl)‑3‑(3‑(4‑chlorophenyl)‑phenyl‑1H‑pyrazol‑4‑yl) prop‑2‑en‑1-one,-2.760936176987486,O=C(/C=C/c1cn(-c2ccccc2)nc1-c1ccc(Cl)cc1)c1nc2ccccc2[nH]1
(E)‑1‑(1H‑benzo[d]imidazole‑2‑yl)‑3‑(3‑(4‑fluorophenyl)‑1H‑pyrazol‑4‑yl)pop‑2‑en‑1-one,-1.8571630750504904,O=C(/C=C/c1cn(-c2ccccc2)nc1-c1ccc(F)cc1)c1nc2ccccc2[nH]1
(E)‑1‑(1H‑benzo[d]imidazole‑2‑yl)‑3‑(3‑(3‑nitrophenyl)‑1‑phenyl‑1H‑pyrazol‑4‑yl) prop‑2‑en‑1-one,-3.0255521514514947,O=C(/C=C/c1cn(-c2ccccc2)nc1-c1cccc([N+](=O)[O-])c1)c1nc2ccccc2[nH]1
"(E)‑1‑(1H‑benzo[d]imidazole‑2‑yl)‑3‑(1, 3‑diphenyl‑1H‑pyrazol‑4‑yl) prop‑2‑en‑1-one",-2.8398686179147408,O=C(/C=C/c1cn(-c2ccccc2)nc1-c1ccccc1)c1nc2ccccc2[nH]1
(E)‑1‑(1H‑benzo[d]imidazole‑2-yl)‑3‑(3‑(2‑chlorophenyl)‑1‑phenyl‑1H‑pyrazol‑4‑yl) prop‑2‑en‑1-one,-2.746652937128054,O=C(/C=C/c1cn(-c2ccccc2)nc1-c1ccccc1Cl)c1nc2ccccc2[nH]1
71496458,-2.094329687354488,C=CC(=O)Nc1cc(Nc2nccc(-c3cn(C)c4ccccc34)n2)c(OC)cc1N(C)CCN(C)C
6479523,-1.921636452537515,CC1(C)S[C@@H]2[C@H](NC(=O)[C@H](NC(=O)N3CCNC3=O)c3ccccc3)C(=O)N2[C@H]1C(=O)O
54686183,-1.4582996507326167,CCO.C[C@H]1c2cccc(O)c2C(O)=C2C(=O)[C@]3(O)C(O)=C(C(N)=O)C(=O)[C@@H](N(C)C)[C@@H]3[C@@H](O)[C@@H]21.C[C@H]1c2cccc(O)c2C(O)=C2C(=O)[C@]3(O)C(O)=C(C(N)=O)C(=O)[C@@H](N(C)C)[C@@H]3[C@@H](O)[C@@H]21.Cl.Cl.O
5320,-0.7510312190062812,CC(=O)NS(=O)(=O)c1ccc(N)cc1
98507,-1.1496741651698144,O=C1OC(=O)[C@H]2[C@@H]1[C@H]1C=C[C@H]2C1
7428,0.114572885471565,COC(=O)c1cc(O)c(O)c(O)c1
6914258,-1.8507514296148904,C/C(=C/C(C)=N/c1c(C(C)C)cccc1C(C)C)Nc1c(C(C)C)cccc1C(C)C
6269,-0.5076000695920571,Cc1ccc(S(N)(=O)=O)cc1
7007,-0.8233848630855654,CC(=O)OC(c1ccccc1)C(Cl)(Cl)Cl
"N-(4-((2,6-diethylphenyl)imino)pent-2-en-2-yl)-2,6-diethylaniline",-1.5548451763468776,CCc1cccc(CC)c1/N=C(C)/C=C(/C)Nc1c(CC)cccc1CC
5281,-1.3176533859269055,CCCCCCCCCCCCCCCCCC(=O)O
89529,-0.2639386330114519,O=C1C2C3C=CC(C3)C2C(=O)N1O
123631,-1.9772197693296327,COc1cc2ncnc(Nc3ccc(F)c(Cl)c3)c2cc1OCCCN1CCOCC1
5282407,-1.0460856896528965,Cl.Cl.Fc1ccc(C(c2ccc(F)cc2)N2CCN(C/C=C/c3ccccc3)CC2)cc1
16219445,-2.860846599084679,O=CC(NS(=O)(=O)O)C(O)C(O)C(O)CO.[Na]
1135,-2.1712817480976274,Cc1c[nH]c(=O)[nH]c1=O
6440474,0.1597264876321042,CC1(C)[C@H](C(=O)O)[C@@H]1/C=C(\Cl)C(F)(F)F
13698,-0.7277053424377158,c1ccc(-c2cc3ccccc3[nH]2)cc1
5333,-0.9717792976218664,Nc1ccc(S(N)(=O)=O)cc1
4075,-3.0344543831832835,Nc1ccc(O)c(C(=O)O)c1
135413536,-1.539575833050235,C[C@@H](O[C@H]1OCCN(Cc2n[nH]c(=O)[nH]2)[C@H]1c1ccc(F)cc1)c1cc(C(F)(F)F)cc(C(F)(F)F)c1
6456015,-1.3247922873645788,CCN(CC)CCNC(=O)c1c(C)[nH]c(/C=C2\C(=O)Nc3ccc(F)cc32)c1C.O=C(O)C[C@H](O)C(=O)O
11949646,-4.391534719506521,OC[C@H]1O[C@@H](c2ccc(Cl)c(Cc3ccc(O[C@H]4CCOC4)cc3)c2)[C@H](O)[C@@H](O)[C@@H]1O
"((5Z)-5-[(4-chlorophenyl)methylidene]-3-(2-{4-[2-(2,5-difluorophenyl)-2-hydroxy-3-(1,2,4-triazol-1-yl)propyl]piperazin-1-yl}-2-oxoethyl)-1,3-thiazolidine-2,4-dione) (L-173)",-2.559133344364675,O=C(CN1C(=O)S/C(=C\c2ccc(Cl)cc2)C1=O)N1CCN(CC(O)(Cn2cncn2)c2cc(F)ccc2F)CC1
99551,-1.8980155975903352,Nc1nc(N)nc(-c2ccncc2)n1
6641,-0.5690895611960473,CC(C)(OOC(C)(C)c1ccccc1)c1ccccc1
68424,-0.0593777318341955,CC(C)C(N)=O
3475,-1.8898614641332727,Cc1ccc(S(=O)(=O)NC(=O)NN2CC3CCCC3C2)cc1
57788216,-1.1857282728454035,Cn1nc([N+](=O)[O-])c([N+](=O)[O-])c1[N+](=O)[O-]
9582,-0.8380863794712913,O=C(c1ccc(F)cc1)c1ccc(F)cc1
4947,0.5801210760435734,CCCOC(=O)c1cc(O)c(O)c(O)c1
896,-0.8242735538739886,COc1ccc2[nH]cc(CCNC(C)=O)c2c1
1174,-2.8750994728724493,O=c1cc[nH]c(=O)[nH]1
68443,-2.496472826968569,Nc1cccc(C(=O)O)c1O
7405,-0.2723616397603212,O=C1CC[C@@H](C(=O)O)N1
Naphazoline hydrochloride,-1.2617075541891782,[Cl-].c1ccc2c(CC3=[NH+]CCN3)cccc2c1
10665,-1.2708438485021931,O=C1c2ccccc2C(=O)N1O
25102846,-2.1761301216315583,COc1cc2nccc(Oc3ccc(NC(=O)C4(C(=O)Nc5ccc(F)cc5)CC4)cc3)c2cc1OC.O=C(O)C[C@H](O)C(=O)O
26518,-2.3438053732220507,Oc1ccccc1/C=N/CC/N=C/c1ccccc1O
5734,-1.6158989668489194,NS(=O)(=O)Cc1noc2ccccc12
456201,-1.393976902091573,CC(=O)N1CCN(c2ccc(OC[C@H]3CO[C@](Cn4ccnc4)(c4ccc(Cl)cc4Cl)O3)cc2)CC1
135550179,-2.727036261197284,CO[C@H]1/C=C/O[C@@]2(C)Oc3c(C)c(O)c4c(O)c(c(/C=N/N5CCN(C)CC5)c(O)c4c3C2=O)NC(=O)/C(C)=C\C=C\[C@H](C)[C@H](O)[C@@H](C)[C@@H](O)[C@@H](C)[C@H](OC(C)=O)[C@@H]1C
4495,-2.2978682804381947,CS(=O)(=O)Nc1ccc([N+](=O)[O-])cc1Oc1ccccc1
6029,-2.041327482615184,O=c1ccn([C@@H]2O[C@H](CO)[C@@H](O)[C@H]2O)c(=O)[nH]1
7478,-1.014570766607828,COc1ccc(C(=O)O)cc1
5281727,0.3366781022755007,COc1cc(/C=C/c2ccc(O)cc2)cc(OC)c1
3385,-1.3740243596611958,O=c1[nH]cc(F)c(=O)[nH]1
9834513,-1.1270959231880089,N#CCNC(=O)c1cnccc1C(F)(F)F
5460839,0.1987292757337746,NC(N)=[NH2+].[Cl-]
"3,3‘-(piperazine-1,4-diyl)bis(2-(2,4-difluorophenyl)-1-(1H-1,2,4-triazol-1-yl)propan-2-ol) (s-119)",-2.281596828069393,OC(CN1CCN(CC(O)(Cn2cncn2)c2ccc(F)cc2F)CC1)(Cn1cncn1)c1ccc(F)cc1F
441300,-0.9772538218989236,Nc1nc(NC2CC2)c2ncn([C@H]3C=C[C@@H](CO)C3)c2n1
21221501,-1.519535014525895,NS(=O)(=O)c1ccccc1C(=O)[O-]
1292,0.7480396814184972,O=C(O)C(O)c1ccccc1
135527764,-2.2796194882009373,O=[N+]([O-])N=C1NCCN1Cc1ccc(Cl)nc1
12127,-0.6565187437303035,COc1ccc(C=O)cc1O
11065,-0.2162403850286764,CN(C)CCC=C1c2ccccc2CCc2ccccc21.Cl
5284627,-0.5225582717785276,CC1(C)O[C@@H]2[C@@H](CO[C@@]3(COS(N)(=O)=O)OC(C)(C)O[C@@H]23)O1
123419,-0.3449151151885396,O=[N+]([O-])c1cc[nH]n1
115196,0.3091790983709631,CC(C)[C@H](C)[C@@H](O)[C@H](O)[C@@H](C)[C@H]1CC[C@H]2[C@@H]3COC(=O)[C@H]4C[C@H](O)[C@H](O)C[C@]4(C)[C@H]3CC[C@]12C
967,-3.525888115548571,O=C(O)c1cc(=O)[nH]c(=O)[nH]1
1183,0.1191849368664433,COc1cc(C=O)ccc1O
2018,-0.9637284764982996,CC(=O)Nc1ccc(CC(=O)O)cc1
15204,-0.6362295554325637,COc1cccc(C(=O)O)c1OC
1284734,-0.7839931710949205,CC(=CC(C)=Nc1c(C)cccc1C)Nc1c(C)cccc1C
489181,0.3788939837436541,C=C1CCN([C@H](C)[C@](O)(Cn2cncn2)c2ccc(F)cc2F)CC1
129048596,-2.7414975289511974,O=[N+]([O-])c1cc([N+](=O)[O-])c(-c2nnc(-c3nnc(-c4c([N+](=O)[O-])cc([N+](=O)[O-])cc4[N+](=O)[O-])o3)o2)c([N+](=O)[O-])c1
131410,-0.7738502588470842,CCOC(=O)c1c(CSc2ccccc2)n(C)c2cc(Br)c(O)c(CN(C)C)c12.Cl.O
2284,-3.2541690816945747,NCC(CC(=O)O)c1ccc(Cl)cc1
135476717,-2.582387895517071,CCS(=O)(=O)O.COC(=O)c1ccc2c(C(=Nc3ccc(N(C)C(=O)CN4CCN(C)CC4)cc3)c3ccccc3)c(O)[nH]c2c1
3828,-1.3606522541373798,COc1c2occc2c(OC)c2c(=O)cc(C)oc12
8487,0.5335619547102477,CC(=O)c1cccc(O)c1
77016,-1.7245962322188,Cc1c(-c2ccccc2)oc2c(C(=O)O)cccc2c1=O
82588,-1.275843674326654,NC(=O)c1cccnc1Cl
9875401,-3.678833014696096,O=C(NC[C@H]1CN(c2ccc(N3CCOCC3=O)cc2)C(=O)O1)c1ccc(Cl)s1
8653,-0.8428925078837938,O=C(c1ccccc1)c1ccc(Cl)cc1
618848,-2.009529698825239,O=c1c2ccccc2sc2ccc(Cl)cc12
2723949,0.0782251506561978,CC(N)=S
4477,-2.5481211129967,O=C(Nc1ccc([N+](=O)[O-])cc1Cl)c1cc(Cl)ccc1O
20238530,-1.5531330654617173,C1=CONN=C1
10307932,-0.8633962724495485,Brc1cnc2[nH]ccc2c1
5281243,-3.515349941701823,CC1=C[C@H](O)CC(C)(C)[C@H]1/C=C/C(C)=C/C=C/C(C)=C/C=C/C=C(C)/C=C/C=C(C)/C=C/C1=C(C)C[C@@H](O)CC1(C)C
"2,4,6-trimethyl-N-[4-(2,4,6-trimethylphenyl)iminopent-2-en-2-yl]aniline",-1.3004495902375472,CC(=CC(C)=Nc1c(C)cc(C)cc1C)Nc1c(C)cc(C)cc1C
59227,-1.3849535031629905,CCCN(CCc1cccs1)[C@H]1CCc2c(O)cccc2C1
492405,-1.4512663576820175,NC(=O)c1nc(F)cnc1O
7027,-2.129206043452144,O=C1O[C@H](CO)[C@@H](O)[C@H](O)[C@H]1O
637542,-0.1916561771581152,O=C(O)/C=C/c1ccc(O)cc1
444539,-0.0233104287353307,O=C(O)/C=C/c1ccccc1
6274,-3.559844399601766,N[C@@H](Cc1cnc[nH]1)C(=O)O
13246,-0.0639514022804954,O=C1CCCCCCCCCCC1
155290,-1.6224040057906408,CN1CCOC(c2ccccc2)c2ccccc2C1.Cl
6753,-1.2023567074441257,COc1c(C(C)(C)C)cc([N+](=O)[O-])c(C)c1[N+](=O)[O-]
6466,0.5843301339205013,C=C1C[C@]23C[C@@]1(O)CC[C@H]2[C@@]12C=C[C@H](O)[C@@](C)(C(=O)O1)[C@H]2[C@@H]3C(=O)O
60846,-0.1167920466631844,CCCCC(=O)N(Cc1ccc(-c2ccccc2-c2nn[nH]n2)cc1)[C@H](C(=O)O)C(C)C
182230,-2.2211434388789435,CC(=O)N[C@@H](CCC(N)=O)C(=O)O
68654,-1.7264306278758017,O=S(=O)([O-])Oc1ccc(C(c2ccc(OS(=O)(=O)[O-])cc2)c2ccccn2)cc1.[Na+].[Na+]
137227,-0.754232857154827,Oc1ccccc1C=Nc1ccccn1
74218,-0.5387913503671744,Nc1cc(Cl)ccc1[N+](=O)[O-]
91707,-1.7708925051295836,CCOC(=O)[C@@H](C)Oc1ccc(Oc2nc3ccc(Cl)cc3o2)cc1
11505,0.7314085868003347,Cc1ccc(CO)cc1
86986,-1.1763088546277658,NC(=O)Cc1ccc(O)cc1
61209,-0.0958968682297748,CC1CCC(=O)C1=O
3220,-2.838623195268355,Cc1cc(O)c2c(c1)C(=O)c1cc(O)cc(O)c1C2=O
170358,-3.638147512000421,NC(=O)C[C@H](N)C(=O)O.O
26343,-1.3003120493818532,CCCCCc1ccc2c(c1)C(=O)c1ccccc1C2=O
11651290,0.0128023824920611,OCc1cn(Cc2ccccc2)nn1
691342,-3.315252807273505,CCc1nnc(NC(=O)c2ccc([N+](=O)[O-])cc2)s1
6099,-1.19381813330705,CN(C)c1ccc2nc3ccc(=[N+](C)C)cc-3sc2c1.[Cl-]
91872615,-0.5857936588107582,CCC[C@@H]1C[C@@H](C(=O)N[C@@H]([C@H]2O[C@H](SC)[C@H](O)[C@H]3OC(C)(C)O[C@H]32)[C@H](C)Cl)N(C)C1
10197657,0.2253749883061393,CC1(C)C[C@@H]1C(N)=O
155479,-1.2363355393704905,ClCc1ccc(Cl)nc1
5311110,-0.8559163052705919,O=C[C@H](O)[C@H](O)[C@H](O)CO
137704772,-1.399274458464075,Cl.N=C(N=C(N)N)N1CCOCC1
5862,-2.252280817899178,N[C@@H](CS)C(=O)O
11873,-0.0706614555462453,O=C(O)c1cc([N+](=O)[O-])cc([N+](=O)[O-])c1O
9871419,-1.2567149310182928,CCCSc1nc(N[C@@H]2C[C@H]2c2ccc(F)c(F)c2)c2nnn([C@@H]3C[C@H](OCCO)[C@@H](O)[C@H]3O)c2n1
9222,0.4952295877624897,c1cnc2[nH]ccc2c1
162542,-1.3074537075590051,O=C1N=c2ccccc2=N1
6623,0.6677964201296755,CC(C)(c1ccc(O)cc1)c1ccc(O)cc1
4661,0.15203156565331,O=C(O)Cc1ccc([N+](=O)[O-])cc1
6917715,-1.5253461063911316,C#C[C@]1(O)CC[C@H]2[C@@H]3CCC4=CC(=O)CC[C@@H]4[C@H]3C(=C)C[C@@]21CC
23618239,-1.2633281617838654,O=[N+]([O-])N(CCO)CCO.O=[N+]([O-])O.O=[N+]([O-])O
41684,-2.688297279483,CC(=O)Oc1ccccc1C(=O)Nc1ncc([N+](=O)[O-])s1
13505,-1.812842762380064,CCOC(=O)C1(c2ccccc2)CCN(CCC(C#N)(c2ccccc2)c2ccccc2)CC1
4021,-0.5082235350353879,CC1=NN(c2ccccc2)C(=O)C1
75071,-0.2933757071388626,Nc1cccc(Cl)c1C(=O)O
D(−)-salicin,-2.2908937002007352,OCc1ccccc1O[C@@H]1OC(CO)[C@@H](O)[C@@H](O)C1O
440936,-1.4019344773268247,OC[C@H]1O[C@@H](Oc2ccc(O)cc2)[C@H](O)[C@@H](O)[C@@H]1O
47528,-1.572967037826094,O=C(NCCO[N+](=O)[O-])c1cccnc1
60947,-2.647236969652271,CCCCS(=O)(=O)N[C@@H](Cc1ccc(OCCCCC2CCNCC2)cc1)C(=O)O
18100,-1.3095836424878704,O=Cc1cc(Br)c(O)c(Br)c1
3698,-3.3349792075829408,Nc1cc(-c2ccncc2)c[nH]c1=O
4197,-3.793450741935542,Cc1[nH]c(=O)c(C#N)cc1-c1ccncc1
90235,-2.528830948552,COc1cc2nc(Cl)nc(N)c2cc1OC
62857,-0.7793362462443764,CNCCC(Oc1ccc(C(F)(F)F)cc1)c1ccccc1.Cl
77337,-0.3137671194764276,O=C(O)Cc1ccccc1[N+](=O)[O-]
98484,-1.9558420625555968,O=C1OC(=O)C2C3C=CC(O3)C12
65360,-0.900727824319451,C=CC(=O)NC(C)(C)CS(=O)(=O)O
65944,-2.83977751212578,O=C1CC[C@@H](C(=O)N2CSC[C@H]2C(=O)O)N1
91779,-3.4785326773191168,CCS(=O)(=O)c1cccnc1S(=O)(=O)NC(=O)Nc1nc(OC)cc(OC)n1
91763,-3.207060355900782,COC(=O)c1c(Cl)nn(C)c1S(=O)(=O)NC(=O)Nc1nc(OC)cc(OC)n1
7543,-0.4035243921442157,Nc1ccc(Cc2ccc(N)c(Cl)c2)cc1Cl
2747968,-1.5043618239024403,O=Cc1cc(C=O)cc(C=O)c1
5810,-2.9164951983155087,O=C(O)[C@@H]1C[C@@H](O)CN1
2733208,-0.3869005254925045,COC(=O)[C@@H](N)CS.Cl
9880,-2.24021311202594,CC(=O)O[C@]1(C(C)=O)CC[C@H]2[C@@H]3C=C(Cl)C4=CC(=O)[C@@H]5C[C@@H]5[C@]4(C)[C@H]3CC[C@@]21C
7697,0.0591214239756616,OCC(O)COc1ccc(Cl)cc1
129896932,-2.150686005972752,CCn1c2ccccc2c2cc(-n3nncc3-c3ccccc3)ccc21
93176,-2.8073420423058755,O=C(O)[C@@H]1CSCN1
19,0.2021357685200955,O=C(O)c1cccc(O)c1O
892,-3.1462870727223367,O[C@H]1[C@H](O)[C@@H](O)[C@H](O)[C@@H](O)[C@H]1O
198346,-2.8073420423058755,N=C(N)NCCC[C@H](N)C(=O)O.O=C1CC[C@@H](C(=O)O)N1
6872,-0.48653838463348,O=C(Nc1ccccc1)c1ccccc1O
107712,-1.2558993716444469,NC1CCSC1=O
66141,0.1495445726549432,CC(=O)N1CCC[C@H]1C(=O)O
76360,-0.2887641370181297,O=C(O)c1ccc(CO)cc1
11090,-0.597917013364578,CC(=O)Nc1ccccc1[N+](=O)[O-]
75018,-0.8411474673432134,COc1cc2c(cc1OC)C(=O)CC2
11644044,-0.9055873570738584,Cc1cc(Cl)cc(C(=O)O)c1N
86965,-2.41517424147848,O=C(O)CNCc1ccccc1
11741,-1.3852940962626548,Nc1cccc(S(=O)(=O)c2cccc(N)c2)c1
6180,-0.0855932423273776,CSCCC(NC(C)=O)C(=O)O
45357993,-0.7859827160821499,CCOC(=O)[C@@H]1CSCN1.Cl
8285,-1.9992943709798672,OCC(CO)(CO)CO
1617113,-1.7745761731945426,CCOC(=O)[C@@H](C)Oc1ccc(Oc2cnc3cc(Cl)ccc3n2)cc1
2733699,-1.1908733520840884,Cc1c(N)cccc1C(=O)O
26229,-0.2589047518908972,O=C(O)COc1ccc(Cl)cc1
21932919,-2.20880035308355,c1ccc(-n2c(-c3cc(-c4nc5ccccc5n4-c4ccccc4)cc(-c4nc5ccccc5n4-c4ccccc4)c3)nc3ccccc32)cc1
10367,-1.179755108933401,O=C(O)c1cccc(C(=O)O)n1
85083,0.2683237158770027,CC(C)(C)OC(=O)N1CCC[C@H]1C(=O)O
12636208,-1.2673704327760065,Cl.N[C@@H](Cc1ccccc1)C(=O)OCc1ccccc1
819214,-0.3808908949144361,O=C(N[C@H](C(=O)O)c1ccccc1)OCc1ccccc1
7419,-0.8439136040129798,Nc1cccc(C(=O)O)c1
6807,-0.1685018326118247,O=C(O)c1cccc([N+](=O)[O-])c1O
73674,-3.155513303847335,COC(=O)c1sccc1S(=O)(=O)NC(=O)Nc1nc(C)nc(OC)n1
2763,0.5069001708550378,CC(C)(Oc1ccc(C2CC2(Cl)Cl)cc1)C(=O)O
216239,-1.946694031702664,CNC(=O)c1cc(Oc2ccc(NC(=O)Nc3ccc(Cl)c(C(F)(F)F)c3)cc2)ccn1
160779,-0.0408559786604428,CNc1nc(C)nc(OC)n1
2754,-2.531151707328032,O=C1CCc2cc(OCCCCc3nnnn3C3CCCCC3)ccc2N1
14219,-1.6471153375770629,CN(C)C(=N)N=C(N)N.Cl
37542,-2.987080832988561,NC(=O)c1ncn([C@@H]2O[C@H](CO)[C@@H](O)[C@H]2O)n1
92420,-1.5778205645557204,COCCOc1ccccc1S(=O)(=O)NC(=O)Nc1nc(OC)nc(OC)n1
41841,-2.18818075172386,Cn1c([N+](=O)[O-])cnc1N1CCN(S(C)(=O)=O)C1=O
3033968,-1.2633281617838654,C#C[C@]1(O)C=C[C@H]2[C@@H]3CCC4=CC(=O)CC[C@@H]4[C@H]3CC[C@@]21CC
71412,-1.6700107865433298,CC(CCc1ccccc1)NCC(O)c1ccc(O)c(C(N)=O)c1.Cl
50248,-0.8939477521435082,CSc1nc2cc(Oc3cccc(Cl)c3Cl)c(Cl)cc2[nH]1
6858,-1.0165309266168765,COc1cc(C=O)cc(OC)c1OC
66728,-1.6130881127528511,O=C(O)CSc1ccc2ccccc2c1
2734606,-0.2565857232240625,CCOC(=O)[C@@H](N)CCc1ccccc1.Cl
68662,-2.696740995752448,COC(=O)CC[C@H](N)C(=O)O
12808419,-1.412162059580885,Nc1cnc(Cl)cn1
16760141,-0.0094107425478946,CO/N=C1\C[C@]2(C[C@@H]3C[C@@H](C/C=C(\C)C[C@@H](C)/C=C/C=C4\CO[C@@H]5[C@H](O)C(C)=C[C@@H](C(=O)O3)[C@]45O)O2)O[C@H](/C(C)=C/C(C)C)[C@H]1C
11427178,-3.217540395084416,NC(N)=NCCC[C@H](N)C(=O)O.O=C(O)CCC(=O)C(=O)O
91734,-0.0511824154270154,O=C(NC(=O)c1c(F)cccc1F)Nc1cc(Cl)c(F)c(Cl)c1F
14349,-0.1249711768163461,O=C(O)CNC(=O)OCc1ccccc1
82035,-1.4329314219444302,CC(C)(C)OC(=O)N[C@@H](CC(N)=O)C(=O)O
66724,-1.200955628304577,O=C(O)c1ccc(-c2ccccc2)cc1
75679,-0.9392038601249056,CCOc1ccc(C=O)cc1O
75314,-2.34155365704658,NC(=O)C[C@H](NC(=O)OCc1ccccc1)C(=O)O
17888,0.6033980415767777,C=CC(=O)NC(C)(C)CC(C)=O
7691,-1.4977901354488827,CC(=O)Nc1ccc([N+](=O)[O-])cc1
71055,-2.475757495865776,NC(N)=NCCC[C@H](NC(=O)OCc1ccccc1)C(=O)O
45375808,-0.4060011541289667,CC(C)OC(=O)[C@H](C)N[P@](=O)(OC[C@H]1O[C@@H](n2ccc(=O)[nH]c2=O)[C@](C)(F)[C@@H]1O)Oc1ccccc1
6993522,-1.6053324504660245,O=C([O-])c1nc[nH]n1
72879,-0.326679606813163,CS(N)(=O)=O
7318,-0.2982842272538601,O=C(O)c1cc([N+](=O)[O-])ccc1O
"3,9-bis(phenyl(phenylamino)methyl)-2,4,8,10-tetraoxa-3,9-diphosphaspiro[5.5] undecane 3,9-dioxide",-3.161616235054929,O=P1(C(Nc2ccccc2)c2ccccc2)OCC2(CO1)COP(=O)(C(Nc1ccccc1)c1ccccc1)OC2
620004,-1.8814233549507555,Nc1ncc(Br)nc1Br
68304,0.0611478211727818,CCCCOc1ccc(C(=O)CCN2CCCCC2)cc1.Cl
11790,-2.2707031294390974,O=c1cc(-c2ccccc2)oc2c1ccc1ccccc12
101176,0.0169846801641125,O=C(N[C@@H](Cc1c[nH]c2ccccc12)C(=O)O)OCc1ccccc1
83687,0.4131459504020596,CC(C)(C)OC(=O)N[C@@H](CCC(N)=O)C(=O)O
725831,-2.1202134362839904,O=C1c2ccccc2-c2ccc(Br)cc21
6145,-0.3790939159357442,NC(=O)Nc1ccccc1
10439,0.9975419660102464,Nc1ccccn1
77286,-0.91865554883224,O=[N+]([O-])c1cc([N+](=O)[O-])c(Cl)cc1Cl
2083,-1.4212222270357646,CC(C)(C)NCC(O)c1ccc(O)c(CO)c1
608544,-0.8181025559011591,O=C(O)c1ccc(Br)cn1
135406868,-0.8293874565083732,O=c1[nH]nc([N+](=O)[O-])[nH]1
19036118,-2.837012892900753,CCCc1nc(C(C)(C)O)c(C(=O)OCC)n1Cc1ccc(-c2ccccc2-c2nnnn2C(c2ccccc2)(c2ccccc2)c2ccccc2)cc1
7433,-0.3281806749069845,O=C(O)c1cc([N+](=O)[O-])cc([N+](=O)[O-])c1
7506,-0.5339145276043628,N#Cc1ccncc1
93379,-0.5176303688362631,O=C(Nc1ccccc1)Nc1ccnc(Cl)c1
6917864,-0.7024287548878059,C[C@H]1[C@H](OC(=O)CCC(=O)O)O[C@@H]2O[C@@]3(C)CC[C@H]4[C@H](C)CC[C@@H]1[C@@]24OO3
13927912,-1.6270058575376103,Nc1cccc2ccncc12
6990,0.3585033785804412,CC(=O)c1ccc(O)cc1O
597,-2.234137300238959,Nc1ccnc(=O)[nH]1
3539647,-1.563106523682511,CCCCCCC1(CCCCCC)c2cc(Br)ccc2-c2ccc(Br)cc21
2771618,-1.916042485206705,O=c1cnc(Br)c[nH]1
599539,-1.5989981818189123,Nc1cnc(Br)cn1
146002,-0.6265109301284804,O=[N+]([O-])n1cccn1
11310,-1.2510357479086047,CC(=O)Oc1cc(C)c(OC(C)=O)c2ccccc12
5961,-2.3255015691987064,NC(=O)CC[C@H](N)C(=O)O
64737,-0.8227150009970952,CCCCN1CCCCC1C(=O)Nc1c(C)cccc1C.Cl
395460,-1.7402059962912664,Cc1cc(C#N)c(Nc2ccccc2[N+](=O)[O-])s1
2378,-1.3132478784970865,c1ccc(-c2ccc(C(c3ccccc3)n3ccnc3)cc2)cc1
70851,-1.7628262933386476,c1ccc(-n2c3ccccc3c3ccccc32)cc1
2794779,-1.4239019918969331,Nc1ccc(Br)nn1
16070358,-3.0869256382058405,O=C(Nc1ccncc1)c1cc(C(=O)Nc2ccncc2)cc(C(=O)Nc2ccncc2)c1
522885,-1.7863276006513096,Cc1ccc2cc(Br)ccc2n1
15074,-0.46948301972614,NC(=O)c1ccncc1
139051543,-3.637961668395036,[NH3+]O.[NH3+]O.[O-]n1nnnc1-c1nnnn1[O-]
2375,-2.089744228885828,CC(O)(CS(=O)(=O)c1ccc(F)cc1)C(=O)Nc1ccc(C#N)c(C(F)(F)F)c1
4766,-3.1648136960902606,O=S1(=O)OC(c2ccc(O)cc2)(c2ccc(O)cc2)c2ccccc21
637541,0.0343523231337437,O=C(O)/C=C/c1cccc(O)c1
232446,-0.8974664927840512,Oc1ccc(C2(c3ccc(O)cc3)CCCCC2)cc1
7418,0.4752020168374927,Cc1cccc(C(=O)O)c1
236984,-1.2507189168526145,COC(=O)c1ccnc(N)c1
6106,-2.596018977918484,CC(C)C[C@H](N)C(=O)O
6287,-2.3566795985773843,CC(C)[C@H](N)C(=O)O
86173,-1.7558565515628362,CC1COC(Cn2cncn2)(c2ccc(Oc3ccc(Cl)cc3)cc2Cl)O1
136738679,-1.0588928196355556,Oc1ccccc1C=Nc1c(F)cccc1F
6853,-1.1774545932194167,c1ccc2c(c1)Cc1ccccc1-2
12105920,-3.447956779055456,O=C(O)CNC(=O)C(=O)NCC(=O)O
7420,0.2550642994429023,O=C(O)c1cccc(O)c1
5342,-1.5672637121278112,O=C1C(CCS(=O)c2ccccc2)C(=O)N(c2ccccc2)N1c1ccccc1
10866,0.1963389410672969,CCCCCCCCCCCC[N+](C)(C)CCOc1ccccc1.[Br-]
394430,-0.8951188017666294,Nc1nonc1-c1no[n+]([O-])c1-c1nonc1N
84782,-1.9689626044246191,CC(C)(C)c1ccc(-c2nnc(-c3ccc(-c4ccccc4)cc3)o2)cc1
60172,-2.8837978157405053,Nc1ncnc2c1ncn2CCOCP(=O)(O)O
4236,-1.93498494448652,NC(=O)CS(=O)C(c1ccccc1)c1ccccc1
5281416,0.1586076644043795,O=c1ccc2cc(O)c(O)cc2o1
7032,-1.8065923672089683,COc1ccc(C(=O)c2ccc(OC)cc2)cc1
6119,-2.7529791679491447,CC(C)(N)C(=O)O
5281056,-1.7381690864484387,CC(C)(C)NC[C@H](O)COc1nsnc1N1CCOCC1.O=C(O)/C=C\C(=O)O
7898,-0.943865215904377,N#CCC(N)=O
717531,-1.464317525453442,COc1ccc(/C=C/C(=O)O)cc1OC
2734891,-0.974776961418442,COC(=O)[C@@H](N)Cc1c[nH]c2ccccc12.Cl
67150,-1.2704179421138435,CCOc1ccc(OCC)cc1
11955,-0.6185908150497353,NNC(=O)c1ccccc1
13637,-0.7797545145932879,NNC(=O)c1ccccc1O
108213,-2.9544259983725194,COC(=O)c1cc(OC)c2c(c1-c1c(C(=O)OC)cc(OC)c3c1OCO3)OCO2
441036,-1.1924015071259992,OCC1(O)OC[C@@H](O)[C@@H](O)[C@H]1O
10935078,-0.0516892466873787,CC(=O)O[C@H]1NC(=O)[C@@H]1[C@@H](C)O[Si](C)(C)C(C)(C)C
23667630,-2.553076358202067,CCOc1ccc2ccccc2c1C(=O)N[C@@H]1C(=O)N2[C@@H]1SC(C)(C)[C@@H]2C(=O)[O-].[Na+]
135405246,-1.8602172999751068,Oc1ccccc1C=N[C@@H]1CCCC[C@H]1N=Cc1ccccc1O
688217,-0.5068947692529725,CC(C)[C@H](NC(=O)OCC1c2ccccc2-c2ccccc21)C(=O)O
7568,-2.216907339057465,O=[N+]([O-])c1ccc(Oc2ccc([N+](=O)[O-])cc2)cc1
1910825,-1.4752273327557337,CCCCN(CCCC)c1ccc(C(=O)c2ccccc2C(=O)O)c(O)c1
5798,0.1580128340222615,c1ccc2[nH]cnc2c1
6306,-2.462029777790498,CC[C@H](C)[C@H](N)C(=O)O
7204,0.3963675596447796,Cc1cc(Cl)ccc1OCC(=O)O
12068809,-1.1550909995355985,CCC[C@H](N[C@@H](C)C(=O)N1[C@H](C(=O)O)C[C@@H]2CCCC[C@@H]21)C(=O)OCC.NC(N)=NCCC[C@H](N)C(=O)O
88394,-1.8495791851139427,Cc1cccc2sc(NN)nc12
9837243,0.608549297522226,CCC[C@@H]1CC(=O)N([C@@H](CC)C(N)=O)C1
115237,-2.9459149246783074,Cc1nc2n(c(=O)c1CCN1CCC(c3noc4cc(F)ccc34)CC1)CCCC2O
3965,0.0223182485768865,CC(C(=O)O)c1ccc(CC2CCCC2=O)cc1
5787,-0.1794531993725939,O=C(O)c1ccc(Cl)cc1Cl
10986160,0.1931169674152106,Cn1nccc1O
7978,-0.7537803864034213,Nc1ncccn1
122844,-1.1820677826023267,C=C(C)[C@@H]1CC[C@]2(C(=O)O)CC[C@]3(C)[C@H](CC[C@@H]4[C@@]5(C)CCC(=O)C(C)(C)[C@@H]5CC[C@]43C)[C@@H]12
7877,-1.6283087342195934,C=CC(=O)NC(C)(C)C
92109,-1.8505916443962909,C=C1C[C@]23C[C@H]1CC[C@H]2[C@@]12CC[C@H](O)[C@@](C)(C(=O)O1)[C@H]2[C@@H]3C(=O)O
6201,-0.5466534137915107,O=Cc1ccc2ccccc2c1
54677971,-3.198911277665907,CN1C(C(=O)Nc2ccccn2)=C(O)c2sccc2S1(=O)=O
493591,-3.211983164255057,OC[C@@H](O)[C@@H](O[C@H]1O[C@H](CO)[C@@H](O)[C@H](O)[C@H]1O)[C@H](O)[C@@H](O)CO
8468,-0.2786741536511787,COc1cc(C(=O)O)ccc1O
6626,-2.429604549018776,O=S(=O)(c1ccc(O)cc1)c1ccc(O)cc1
7146288,-0.1876128594462068,CC(C)(C)OC(=O)N[C@@H](CC(=O)O)Cc1cc(F)c(F)cc1F
11601024,-1.7453942865658223,O=[N+]([O-])c1ccc(S(=O)(=O)[O-])cc1.[Na+]
31389,-1.3115402735523125,O=[N+]([O-])c1cccc(S(=O)(=O)[O-])c1.[Na+]
93101,-2.503203218859721,CC(C)(C)c1ccc(OP2OCC3(CO2)COP(Oc2ccc(C(C)(C)C)cc2C(C)(C)C)OC3)c(C(C)(C)C)c1
11138,-0.4456950864723537,O=C(O)c1cc(C(=O)O)cc(C(=O)O)c1
24360,-3.803119608225397,CC[C@@]1(O)C(=O)OCc2c1cc1n(c2=O)Cc2cc3ccccc3nc2-1
220376,-1.822376382915264,CS(=O)(=O)c1ccc(C=O)cc1
6969,-1.903195622994725,O=C1NC(=O)c2cc([N+](=O)[O-])ccc21
3339,-1.3190032501639488,CC(C)OC(=O)C(C)(C)Oc1ccc(C(=O)c2ccc(Cl)cc2)cc1
59146500,-2.967632130948912,O=C1NC23NC(=O)NC2(N1)C(=O)NC3=O
11298312,-1.64953047743266,COC(=O)[C@H](N)c1ccc(O)cc1
82529,-0.663611594769069,CC(=O)c1ccc(S(C)(=O)=O)cc1
78435,0.1663435788936898,COC(=O)c1c(C)cc(O)c(C)c1O
3957,-0.6808775779096429,CCOC(=O)N1CCC(=C2c3ccc(Cl)cc3CCc3cccnc32)CC1
23666711,-2.085666144422697,CO[C@@]1(NC(=O)CSCC#N)C(=O)N2C(C(=O)[O-])=C(CSc3nnnn3C)CS[C@@H]21.[Na+]
9889323,-2.046017797023336,O=[N+]([O-])N1C2C3N([N+](=O)[O-])C1C1N([N+](=O)[O-])C(C(N1[N+](=O)[O-])N3[N+](=O)[O-])N2[N+](=O)[O-]
6862,-0.5589859438322622,O=C(O)Cc1cccc2ccccc12
14354984,-1.9006667901771743,CC(=O)Oc1ccc(C2CC(=O)c3c(OC(C)=O)cc(OC(C)=O)cc3O2)cc1
9338,0.6938370215532196,O=C(O)c1c(O)cccc1O
7403,0.1244049425591985,CC(C)(C)c1ccc(C(=O)O)cc1
8467,0.0199572151134793,CCOc1cc(C=O)ccc1O
87063579,-1.6119002820498949,O=C(O)CS.[Na]
11776,-0.8128773283067325,c1ccc(P(c2ccccc2)c2ccccc2)cc1
79,-0.1026890152856505,N#Cc1cccnc1
75771,-0.2422885760277361,On1nnc2ccccc21
10742,-0.6951390475417332,COc1cc(C(=O)O)cc(OC)c1O
441261,-2.480507314591041,O=C(O)C=CC(=O)O.OCCOCCN1CCN(C2=Nc3ccccc3Sc3ccccc32)CC1.OCCOCCN1CCN(C2=Nc3ccccc3Sc3ccccc32)CC1
6547,-1.3388099925405947,CC(C)(C#N)N=NC(C)(C)C#N
27200,-2.7515265295222258,CS(=O)(=O)c1ccc([C@@H](O)[C@@H](CO)NC(=O)C(Cl)Cl)cc1
12079,-1.2639388290620708,N#Cc1cccc([N+](=O)[O-])c1
73491,-1.7239229836438912,C[C@@H]1O[C@@H]1P(=O)([O-])[O-].[Na+].[Na+]
5315892,0.703098957391253,OC/C=C/c1ccccc1
3034285,-1.89032619000112,CO/C=C(/C(=O)OC)c1ccccc1Oc1cc(Oc2ccccc2C#N)ncn1
11080002,-1.5123980327420228,CC1(C)COP(=O)(Oc2cccc(OP3(=O)OCC(C)(C)CO3)c2)OC1
6924,-0.3677211551226129,Cc1ccccc1S(N)(=O)=O
6452173,-2.082521582251351,Cc1ccc(S(=O)(=O)O)cc1.Cc1ccc(S(=O)(=O)O)cc1.OCCN(CCO)c1nc(N2CCCCC2)c2nc(N(CCO)CCO)nc(N3CCCCC3)c2n1
66586226,-3.480129799813486,O=C1O[C@H]([C@@H](O)CO)C(O)=C1O.[Na]
179651,-3.3377009513100773,CC1(C)O[C@H]2CC(=O)OC[C@]23[C@H]2CC[C@@]4(C)[C@H](c5ccoc5)OC(=O)[C@H]5O[C@]54[C@]2(C)C(=O)C[C@@H]13
66764247,-1.410401710846136,Nc1ccc(C(=O)O)cc1.[K]
2557,-3.502647284490816,CN1CC(O)c2cc(N=NC(N)=O)c(O)cc21
76720,-1.293520562329832,O=C(O)c1ccc(C(=O)O)o1
6634,-1.179498777738479,Nc1ccc(S(=O)(=O)Nc2ccc(Cl)nn2)cc1
91650,-0.5917898678490223,Cc1cc(C)nc(Nc2ccccc2)n1
7487,-0.9319904876944828,CC(=O)c1ccc([N+](=O)[O-])cc1
8494,-1.0693321333454906,CC(=O)c1cccc([N+](=O)[O-])c1
3102,-0.2452593505911536,O=C(c1ccccc1)c1ccccc1
9926449,-1.993342672498056,COc1ccc(CN2CCNCC2)c(OC)c1OC.Cl
65522,-1.7902383938859237,Nc1nc(Cl)cc(Cl)n1
38882,-4.310184112165573,Cc1ncc(COP(=O)(O)O)c(C=O)c1O.O
5388961,-1.9663330506108845,CCOC(=O)[C@H](CCc1ccccc1)N[C@@H](C)C(=O)N1CCC[C@H]1C(=O)O.O=C(O)/C=C\C(=O)O
5702571,-1.3195032163739358,CCOC(=O)[C@H](CCc1ccccc1)N[C@@H](C)C(=O)O
3034656,-2.258682356230254,C[C@H](O)[C@@H](O)[C@@H](O)[C@H](O)C=O
3736,-2.573197878014466,COCC(=O)Nc1c(I)c(C(=O)NCC(O)CO)c(I)c(C(=O)N(C)CC(O)CO)c1I
135401907,-3.367240247799601,O=c1nc[nH]c2[nH]ncc12
3715,-1.1219432362137052,COc1ccc2c(c1)c(CC(=O)O)c(C)n2C(=O)c1ccc(Cl)cc1
5069127,-5.020889249248016,c1ccc(N(c2ccc(-c3ccc(N(c4ccccc4)c4cccc5ccccc45)cc3)cc2)c2cccc3ccccc23)cc1
11248716,-4.416117804630076,c1ccc2c(c1)c1ccccc1n2-c1ccc(-c2ccc(-n3c4ccccc4c4ccccc43)cc2)cc1
123596,-2.8350932527755,CS(=O)(=O)O.Cc1ccc(NC(=O)c2ccc(CN3CCN(C)CC3)cc2)cc1Nc1nccc(-c2cccnc2)n1
12090,-1.3509012462465486,N#Cc1ccc([N+](=O)[O-])cc1
936,-0.3296065929012147,NC(=O)c1cccnc1
9821849,-0.7186499812271832,CC(=O)O[C@H]1CC[C@@]2(C)C(=CC[C@@H]3[C@@H]2CC[C@]2(C)C(c4cccnc4)=CC[C@@H]32)C1
132971,-1.7590835823338251,C[C@]12CC[C@H](O)CC1=CC[C@@H]1[C@@H]2CC[C@]2(C)C(c3cccnc3)=CC[C@@H]12
7104,-0.4177967005903051,O=C(O)c1cc2ccccc2cc1O
443955,-2.069533135433189,CCOC(=O)C1=C[C@]2(CC)CCCN3CCc4c(n1c1ccccc41)[C@@H]32
76789,-0.7533281852569585,COc1cc(N)nc(OC)n1
5284583,-0.1607575612861358,CC[C@@H](C(N)=O)N1CCCC1=O
134122,-2.082533843645224,O=C(OCC1c2ccccc2-c2ccccc21)ON1C(=O)CCC1=O
68386,-1.4946950937448942,N#CCc1ccc([N+](=O)[O-])cc1
14296,0.0814058345535238,Cc1nc(C)c(C)nc1C
22691,-0.7655290014400341,Nc1cc([N+](=O)[O-])ccc1Cl
7230,-0.7742270486856013,CC(C)(C)NSc1nc2ccccc2s1
214348,-0.607934238217307,O=C(O)c1ccc(-n2nc(-c3ccccc3O)nc2-c2ccccc2O)cc1
5360349,-3.116803976524644,Nc1nc(Cl)c2[nH]cnc2n1
71339,-3.5895983769190614,C[C@@H](O)[C@H]1C(=O)N2C(C(=O)[O-])=C(SC3Cn4cnc[n+]4C3)[C@H](C)[C@H]12
73442,-1.3561999676770986,COc1cc2c(cc1OC)-c1cc3ccc(OC)c(OC)c3c[n+]1CC2.[Cl-]
55245,-2.6701211388224824,CC#C[C@]1(O)CC[C@H]2[C@@H]3CCC4=CC(=O)CCC4=C3[C@@H](c3ccc(N(C)C)cc3)C[C@@]21C
135398740,-2.8048031347872406,Nc1nc2c(ncn2COC(CO)CO)c(=O)[nH]1
50367,-1.0230032536551943,CC(C)N1C(=O)N(c2ccccc2)CSC1=NC(C)(C)C
3730,-1.7072853133339465,CC(=O)N(CC(O)CO)c1c(I)c(C(=O)NCC(O)CO)c(I)c(C(=O)NCC(O)CO)c1I
35802,-4.749630078893356,COC(=O)Nc1nc2ccc(C(=O)c3ccc(F)cc3)cc2[nH]1
76079,-0.9656859412820288,NC(=O)c1ccc(N)cc1
64982,-2.5250598884569726,O=C(O)[C@H]1O[C@@H](Oc2cc3oc(-c4ccccc4)cc(=O)c3c(O)c2O)[C@H](O)[C@@H](O)[C@@H]1O
78101,-0.5051652605708866,Cc1cccc(C(=O)O)c1N
162652,-1.792724127707275,N#Cc1cccc([N+](=O)[O-])c1C#N
12088,-0.8469657577266094,O=Cc1ccc(C(=O)O)cc1
802,-3.69032967174934,O=C(O)Cc1c[nH]c2ccccc12
12701464,-1.6344620153591711,CP(=O)(O)CC[C@H](N)C(=O)O.Cl
74248,-2.7330060021873552,O=S(=O)([O-])c1cccc2c(S(=O)(=O)[O-])cccc12.[Na+].[Na+]
6552009,0.3328856616222696,CC1(C)[C@@H]2CC[C@@]1(C)[C@@H](O)C2
6321405,0.9874057666772008,CC1(C)[C@@H]2CC[C@@]1(C)[C@H](O)C2
2537,0.9896423923808848,CC12CCC(CC1=O)C2(C)C
12091,-1.5653187532541044,NC(=O)c1ccc([N+](=O)[O-])cc1
707035,-1.0306634058286126,Sc1nc2ccccc2[nH]1
11888,-1.096413744171913,N#CCc1ccccc1[N+](=O)[O-]
"5,5′-Dinitramino-3,3′-bi[1,2,4-triazolate] Carbohydrazide Salt (CBNT)",-3.0124016887416247,NNC(=O)NN.O=[N+]([O-])NC1=NC(C2N=NC(N[N+](=O)[O-])=N2)N=N1
115067,-1.8267457236545528,OCc1ccc(O[C@@H]2O[C@H](CO)[C@@H](O)[C@H](O)[C@H]2O)cc1
213021,-0.5411947875628135,CC(=NC#N)N(C)Cc1ccc(Cl)nc1
321710,-0.8363777461188104,O=C1Cc2ccccc2N1
83887,-2.304604614763559,N[C@H](CC(=O)O)C(=O)O
6942,-0.2624683659399114,NC(=O)c1ccccc1N
456389,-1.5358431506013697,N#CC(c1ccc(Cl)cc1)c1c(Cl)cc(-n2ncc(=O)[nH]c2=O)cc1Cl
7370,-0.5481760641427631,NS(=O)(=O)c1ccccc1
15295,0.8484443403702813,O=P(O)(O)c1ccccc1
3852430,-2.0088617690801973,Fc1c(I)c(F)c(I)c(F)c1I
20467,-1.8581860783817048,Nc1nnn[nH]1
246983,-2.202338223519721,CC(C)=CCC[C@@H](C)[C@H]1CC[C@@]2(C)C3=C(CC[C@]12C)[C@@]1(C)CC[C@H](O)C(C)(C)[C@@H]1CC3
122831,-3.719102724880029,Cc1cnc(C(=O)O)cn1
65064,-3.02567089136625,O=C(O[C@@H]1Cc2c(O)cc(O)cc2O[C@@H]1c1cc(O)c(O)c(O)c1)c1cc(O)c(O)c(O)c1
22020377,-2.110151018486192,c1cc(-n2c3ccccc3c3ccccc32)cc(-n2c3ccccc3c3ccccc32)c1
2724563,-1.1067433255740082,N=C(N)NC(N)=S
5951,-3.758887309473328,N[C@@H](CO)C(=O)O
60651,-2.9381204858615617,CN1CCN(c2c(F)cc3c(=O)c(C(=O)O)cn4c3c2OCN4C)CC1
98824,-0.0735914757203393,Cc1c(C(=O)O)cc([N+](=O)[O-])cc1[N+](=O)[O-]
709265,-0.7001009744929259,O=C1C=CC(=O)N1c1ccccc1Br
27057,-0.376173184202583,O=[N+]([O-])c1ncccc1O
10949,-2.407417039214575,Cc1nc(N)nc(N)n1
8441,-1.7706871711852568,COC(=O)c1ccc(C(=O)OC)cc1
71083,-2.361941076160143,N[C@H](Cc1c[nH]cn1)C(=O)O
76258,-1.2989240617375872,O=C(O)c1cccnc1Cl
54688686,-2.6405698997410303,CN(C)[C@@H]1C(=O)C(C(N)=O)=C(O)[C@@]2(O)C(=O)C3=C(O)c4c(O)cccc4C[C@H]3C[C@@H]12
68861,-1.7644386972788038,C[C@]12CCC3=C4CCC(=O)C=C4CC[C@H]3[C@@H]1CC[C@@]2(O)CC#N
24806572,-3.78846746153108,C[C@H]1COc2c(N3CCN(C)CC3)c(F)c(N)c3c(=O)c(C(=O)O)cn1c23.Cl
5950,-2.47598250407523,C[C@H](N)C(=O)O
7430,-1.814471416192949,Nc1c(Cl)cc([N+](=O)[O-])cc1Cl
145742,-1.2701801517297722,O=C(O)[C@@H]1CCCN1
75763,-0.7698615247589012,COC(=O)C(C)(C)N=NC(C)(C)C(=O)OC
8249,-1.4951698259310762,NC(N)=NC(N)=NCCc1ccccc1
92249,-1.7849393638697884,Cc1cc(=O)oc2cc(N)ccc12
6890,-0.4319080461379566,CN(C)Cc1c[nH]c2ccccc12
6979,-0.6389271083788955,Nc1ccc(Cl)cc1[N+](=O)[O-]
7337,-1.3381234633187788,COc1cc([N+](=O)[O-])ccc1N
8732,-3.029783599116934,CCCc1ncc(C[n+]2ccccc2C)c(N)n1.Cl.[Cl-]
76308,-0.8776533368794952,O=Cc1ccc(O)c(Br)c1
2735590,-0.1895533518126707,Cc1c(Br)cccc1C(=O)O
6491,-0.12834452125817,CC1(C)NC(=O)NC1=O
69297,-1.6521783311747296,ON(Cc1ccccc1)Cc1ccccc1
175967,-1.3987822355930877,CS(=O)(=O)c1ccc(C(=O)C2C(=O)CCCC2=O)c([N+](=O)[O-])c1
241518,0.0525034230813383,Cc1nc(CCl)nc2ccccc12
70912,-0.3658835217804388,CC(=O)N[C@@H](CC(C)C)C(=O)O
8359,-1.6356356005727066,O=c1[nH]c2ccccc2c(=O)o1
5720,-1.3344933705101265,CC(C(=O)O)c1ccc2c(c1)CC(=O)c1ccccc1S2
2453,-2.8274703366992395,Oc1c(Br)cc(Br)c2cccnc12
6076814,-3.0204481108705465,O=C([O-])/C=C/C(=O)O.[Na+]
500073,-1.5826606948503028,CC(=O)NC1(C)CCC2CC1C(C)=NC2(C)C
"8-benzamide-2-phenyl-4,4,8-trimethyl-3-azabicyclo[3.3.1]non-2-ene perchlorate",-1.5924288736075385,CC1(N=C(O)c2ccccc2)CCC2CC1C(c1ccccc1)=[NH+]C2(C)C.[O-][Cl+3]([O-])([O-])[O-]
23665272,-2.254859341522192,COC(=O)/C=C(\C)NC(C(=O)[O-])c1ccc(O)cc1.[K+]
89853,-2.79225501749852,N[C@@H](C(=O)O)c1ccc(O)cc1
3746251,-1.5262383766964052,O=C1CCC(c2ccc(Cl)c(Cl)c2)c2ccccc21
68827,-1.759351110550546,C[C@@H]1CC[C@H]2[C@@H](C)C(=O)O[C@@H]3O[C@@]4(C)CC[C@@H]1[C@]32OO4
6912,-1.5277861304903462,OC[C@@H](O)C(O)[C@@H](O)CO
9257,0.4184990601154861,c1nc[nH]n1
3033637,-1.2974038427095316,CN/C(=C\[N+](=O)[O-])NCCSCc1csc(CN(C)C)n1
70698073,-1.1685243217572392,C[C@@]12C[C@H]3OC(=O)[C@@H]1CO[C@]14O[C@@]5([C@H]2C1=O)[C@@]3(C)OC(=O)[C@@]5(O)CC[C@H]1[C@H]4C[C@@H](O)[C@@]2(O)CC=CC(=O)[C@]12C
3672,0.3855437307199064,CC(C)Cc1ccc(C(C)C(=O)O)cc1
3057506,-2.2001384479288544,COc1ccc(P(=O)(c2ccc(OC)cc2)c2ccc(OC)cc2)cc1
70071,-1.8414030832592805,COc1ccc(P(c2ccc(OC)cc2)c2ccc(OC)cc2)cc1
10949663,-1.6343274360287283,O=P1(Oc2ccccc2)OCC2(CO1)COP(=O)(Oc1ccccc1)OC2
17750304,-3.2205922969890595,N[C@@H](Cc1ccc([N+](=O)[O-])cc1[N+](=O)[O-])C(=O)O
5479529,-2.480221046730178,CO/N=C(/C(=O)N[C@@H]1C(=O)N2C(C(=O)O)=C(COC(N)=O)CS[C@H]12)c1ccco1
Sirolimus,-1.629616717891768,CO[C@H]1C[C@@H]2CC[C@@H](C)[C@@](O)(O2)C(=O)C(=O)N2CCCC[C@H]2C(=O)O[C@H]([C@H](C)C[C@@H]2CC[C@@H](O)[C@H](OC)C2)CC(=O)[C@H](C)/C=C(\C)[C@@H](O)[C@@H](OC)C(=O)[C@H](C)C[C@H](C)/C=C/C=C/C=C/1C
243,0.407801832275439,O=C(O)c1ccccc1
"N-[(4-bromo-3,5-difluorine)-phenyl]maleimide",-2.2866333093583417,O=C1C=CC(=O)N1c1cc(F)c(Br)c(F)c1
637568,-1.2476051317561774,COC(=O)/C=C/C(=O)OC
345468,0.6466273316448617,CP(=O)(O)c1ccccc1
220225,-0.738663622156277,ClP1(Cl)=NP(Cl)(Cl)=NP(Cl)(Cl)=N1
6327116,0.2280259532284106,O=[PH](O)c1ccccc1
136917,-0.7820402893254199,c1ccc(OP2(Oc3ccccc3)=NP(Oc3ccccc3)(Oc3ccccc3)=NP(Oc3ccccc3)(Oc3ccccc3)=N2)cc1
107982,0.5832013494852963,COc1cc(CNC(=O)CCCCCCC(C)C)ccc1O
11107290,-1.2949847329925075,O=[N+]([O-])c1cc([N+](=O)[O-])c(O)c(Cl)c1O
39912,0.3998600355283941,CC(C)Cc1ccc([C@H](C)C(=O)O)cc1
4788,-0.2106028782913666,O=C(CCc1ccc(O)cc1)c1c(O)cc(O)cc1O
91438,-1.8853456118241927,CC(=O)OCC(=O)[C@@]1(O)CC[C@H]2[C@@H]3CCC4=CC(=O)C=C[C@]4(C)[C@H]3C(=O)C[C@@]21C
11954171,-2.6208732128852352,C[C@H]1[C@H](C)CC[C@]2(C(=O)O[C@@H]3O[C@H](CO[C@@H]4O[C@H](CO)[C@@H](O[C@@H]5O[C@@H](C)[C@H](O)[C@@H](O)[C@H]5O)[C@H](O)[C@H]4O)[C@@H](O)[C@H](O)[C@H]3O)CC[C@]3(C)C(=CC[C@@H]4[C@@]5(C)C[C@@H](O)[C@H](O)[C@@](C)(CO)[C@@H]5CC[C@]43C)[C@H]12
60560,-2.030711750435524,CCc1ccc(CCOc2ccc(CC3SC(=O)NC3=O)cc2)nc1.Cl
995,-0.6877306592782657,c1ccc2c(c1)ccc1ccccc12
135743713,-1.165013475172033,N=c1nc(N2CCCCC2)cc(N)n1O
10494,-1.8865948314315144,CC1(C)CC[C@]2(C(=O)O)CC[C@]3(C)C(=CC[C@@H]4[C@@]5(C)CC[C@H](O)C(C)(C)[C@@H]5CC[C@]43C)[C@@H]2C1
64945,-2.0553261590109737,C[C@H]1[C@H](C)CC[C@]2(C(=O)O)CC[C@]3(C)C(=CC[C@@H]4[C@@]5(C)CC[C@H](O)C(C)(C)[C@@H]5CC[C@]43C)[C@H]12
92855,-1.75054944095546,CC(=O)O[C@H]1CC[C@@]2(C)C(=CC[C@@H]3[C@@H]2CC[C@]2(C)C(C(C)=O)=CC[C@@H]32)C1
5582975,-2.922117188088447,CO/N=C(\C(=O)O)c1csc(N)n1
13565103,-0.9120178670579906,Clc1cc(Cl)c(OCCBr)c(Cl)c1
7108,-0.8221514342306441,c1ccc2c(c1)Nc1ccccc1S2
272991,-2.787748935289424,c1ccc2c(c1)OP1(=NP3(=NP4(=N1)Oc1ccccc1O4)Oc1ccccc1O3)O2
64971,-1.9450514878112943,C=C(C)[C@@H]1CC[C@]2(C(=O)O)CC[C@]3(C)[C@H](CC[C@@H]4[C@@]5(C)CC[C@H](O)C(C)(C)[C@@H]5CC[C@]43C)[C@@H]12
8870,0.1869998401574827,Cl.Nc1ccccc1
247,-0.3282818414417403,C[N+](C)(C)CC(=O)[O-]
568,-0.4280795132174145,c1ccc2c(c1)oc1ccccc12
21643,-1.452799734134385,Nc1ccc(Cl)nn1
164512,-1.1949638543032388,Cc1cc(C)c(C(=O)P(=O)(C(=O)c2c(C)cc(C)cc2C)c2ccccc2)c(C)c1
230373,-0.4699497850243631,Nc1cccnn1
60496,-1.5426242082640933,CCOC(=O)C1=C(COCCN)NC(C)=C(C(=O)OC)C1c1ccccc1Cl.O=S(=O)(O)c1ccccc1
10198484,-0.4499039997020071,Cc1ccc(S(=O)(=O)NCl)cc1.[Na]
24188389,-0.5367954070362138,O=S(=O)(NCl)c1ccccc1.[Na]
107983,-1.31248993833398,C[C@@H]1OC(=O)[C@H](C)OC1=O
103973,-0.4040089005553749,O=P(CCCO)(CCCO)CCCO
14360,-2.34974108924438,Clc1ccc(SSc2ccc(Cl)cc2)cc1
7121,-1.2133009111260928,COc1ccc(C(=O)O)cc1OC
439246,-5.162832960829511,O=C1C[C@@H](c2ccc(O)cc2)Oc2cc(O)cc(O)c21
2733920,-1.5348079906605538,O=C(O)[C@@H]1Cc2ccccc2N1
38103,-2.4897008128085862,CC1=C(C(=O)O)N2C(=O)[C@@H](NC(=O)[C@H](N)C3=CCC=CC3)[C@H]2SC1
66493,-3.333998463421929,O=C1OC(=O)c2ccc(Br)c3cccc1c23
54110956,-0.4523085688706451,CC1(C)COP(=O)(C(C)(C)O)OC1
9012,-2.537912166109982,c1ccc(CSSCc2ccccc2)cc1
4226223,-2.070779011574784,O=P(Oc1ccccc1)(Oc1ccccc1)N1CCN(P(=O)(Oc2ccccc2)Oc2ccccc2)CC1
7443,-0.448423483906248,O=[N+]([O-])c1ccc(Cl)c(Cl)c1
72899,0.0219864857780009,O=C(O)c1cc2ccccc2[nH]1
22230,0.4942190582137423,O.O=C(O)CC(O)(CC(=O)O)C(=O)O
9897015,-0.2700369687009689,CC[C@H]1OC(=O)[C@H](C)[C@@H](O[C@H]2C[C@@](C)(OC)[C@@H](O)[C@H](C)O2)[C@H](C)[C@@H](O[C@@H]2O[C@H](C)C[C@H](N(C)C)[C@H]2O)[C@](C)(O)C[C@@H](C)CN(C)[C@H](C)[C@@H](O)[C@]1(C)O.O
67994,-0.5484356800980013,CS(=O)(=O)c1ccc(F)cc1
199942,-1.0137144110290557,O=P12OCC(CO)(CO1)CO2
298498,-0.530274911750727,Nc1cc(Cl)nnc1Cl
6919,0.4946618311027907,O=C(O)c1ccco1
71771,-0.8317096700791968,O=C(O)COC(=O)Cc1ccccc1Nc1c(Cl)cccc1Cl
7427,-1.9491073453732,OC[C@H]1O[C@H](O[C@H]2O[C@H](CO)[C@@H](O)[C@H](O)[C@H]2O)[C@H](O)[C@@H](O)[C@@H]1O
9578045,-1.480918139902355,C=CC1=C(C(=O)O)N2C(=O)[C@@H](NC(=O)/C(=N\OCC(=O)O)c3csc(N)n3)[C@H]2SC1.O.O.O
10917,-0.1486538771170923,C[N+](C)(C)C[C@H](O)CC(=O)[O-]
23659,-0.236849855610769,CCN(CC)CCNC(=O)c1cc(Cl)c(N)cc1OC.Cl
10621,-3.230467221413757,COc1ccc([C@@H]2CC(=O)c3c(O)cc(O[C@@H]4O[C@H](CO[C@@H]5O[C@@H](C)[C@H](O)[C@@H](O)[C@H]5O)[C@@H](O)[C@H](O)[C@H]4O)cc3O2)cc1O
71188,-1.9702344847845283,CCN1CCN(c2cc3c(cc2F)c(=O)c(C(=O)O)cn3C2CC2)CC1
3893,-0.1139188553684496,CCCCCCCCCCCC(=O)O
134601,-3.259190845898991,COC(=O)[C@H](Cc1ccccc1)NC(=O)[C@@H](N)CC(=O)O
9729029,-0.6336981164816334,Oc1cccc(/C=N\NC(=S)NC2CCCCC2)c1
"1,1′-[1,2-ethanediylbis(oxy-1,2-ethanediyl)]bis-[3-methyl-1H-imidazolium-1-yl] dihexafluorophosphate",-3.2426626401886303,C[n+]1ccn(CCOCOCCn2cc[n+](C)c2)c1.F[P-](F)(F)(F)(F)F.F[P-](F)(F)(F)(F)F
5061639,-1.9571159397676143,O=C(NNC(=S)Nc1ccc(Cl)cc1)c1ccncc1
18555,-0.6392654528026621,O=[N+]([O-])c1cccc(Cl)c1Cl
72,-0.272111627274155,O=C(O)c1ccc(O)c(O)c1
12281,0.3492880629435501,Nc1cc(Cl)cc(Cl)c1
171548,-2.965499996037917,O=C(O)CCCC[C@@H]1SC[C@@H]2NC(=O)N[C@@H]21
"1,3,2-dioxaphosphorinane-2-methanol-α,5,5-trimethyl-α-phenyl-2-oxide",-1.0099691734483356,CC1(C)COP(=O)(C(C)(O)c2ccccc2)OC1
23676814,-2.0864971914123824,CC1(C)S[C@@H]2[C@H](NC(=O)COc3ccccc3)C(=O)N2[C@H]1C(=O)[O-].[K+]
8479,-2.4304195344233266,Nc1ccc(S(=O)(=O)O)cc1
5770,-3.806401848081598,COC(=O)[C@H]1[C@H]2C[C@@H]3c4[nH]c5cc(OC)ccc5c4CCN3C[C@H]2C[C@@H](OC(=O)c2cc(OC)c(OC)c(OC)c2)[C@@H]1OC
439368,1.0675244792752687,CC1(C)COC(=O)[C@@H]1O
86280046,-4.526127810868863,C1=Cc2nc1c(-c1ccccc1)c1ccc([nH]1)c(-c1ccccc1)c1nc(c(-c3ccccc3)c3ccc([nH]3)c2-c2ccccc2)C=C1
79633,-0.1263070716305175,CC(C)c1ccc2sc3ccccc3c(=O)c2c1
"3,3′-(oxidi-2,1-ethanediyl)bis[1-methyl-imidazolium] dihexafluorophosphate",-3.256027036055209,C[n+]1ccn(CCOCCn2cc[n+](C)c2)c1.F[P-](F)(F)(F)(F)F.F[P-](F)(F)(F)(F)F
7054,-1.1547980850710438,O=C1Nc2ccccc2C1=O
7052,-0.6944460785281149,COc1ccc(C(=O)O)c(OC)c1
7577,-0.2261861987651156,Nc1ccc(Cc2ccc(N)cc2)cc1
155948,-1.1133481253230286,C=C1CCC[C@]2(C)C[C@]3(O)OC(=O)C(C)=C3C[C@@H]12
15994036,-1.5825908122685548,CC(C)(O)P1(=O)OCC2(CO1)COP(=O)(C(C)(C)O)OC2
72326,-1.9959852010971544,C=C(C)[C@@H]1CC[C@]2(CO)CC[C@]3(C)[C@H](CC[C@@H]4[C@@]5(C)CC[C@H](O)C(C)(C)[C@@H]5CC[C@]43C)[C@@H]12
5281068,-1.3422825265733638,CN(C)CCC(c1ccc(Cl)cc1)c1ccccn1.O=C(O)/C=C\C(=O)O
543207,-0.0245088032201111,O=C(O)Cn1cnnn1
443385,-3.9807377962815096,CCC[C@@H]1C[C@@H](C(=O)N[C@@H]([C@H]2O[C@H](SC)[C@H](OP(=O)(O)O)[C@@H](O)[C@H]2O)[C@H](C)Cl)N(C)C1
8861,0.1562296054458092,Nc1cccc(N)n1
13750322,-1.4533840688833652,O=P1(c2cc(O)ccc2O)Oc2ccccc2-c2ccccc21
70852,0.1373112537545029,CCc1ccc(C(=O)c2ccccc2C(=O)O)cc1
11416891,-2.329673705180171,CC(CN1c2ccccc2S(=O)(=O)c2ccccc21)N(C)C.Cl
60871,-0.2210747944422744,CC(C)(C)C(=O)OCOP(=O)(COCCn1cnc2c(N)ncnc21)OCOC(=O)C(C)(C)C
11074431,-2.669887185028473,CC1=CC(=O)[N-]S(=O)(=O)O1.[K+]
11751549,-0.1685897400414603,CCCCc1nc(Cl)c(CO)n1Cc1ccc(-c2ccccc2-c2nnn[n-]2)cc1.[K+]
135659016,-2.0468607041278326,CO[C@H]1/C=C/O[C@@]2(C)Oc3c(C)c(O)c4c(O)c(c(/C=N/N5CCN(C6CCCC6)CC5)c(O)c4c3C2=O)NC(=O)/C(C)=C\C=C\[C@H](C)[C@H](O)[C@@H](C)[C@@H](O)[C@@H](C)[C@H](OC(C)=O)[C@@H]1C
15567,-0.9994513949759573,O=P(O)(c1ccccc1)c1ccccc1
10969449,-1.4387913811462398,CC(=O)C1=CC[C@H]2[C@@H]3CCC4=CC(=O)C=C[C@]4(C)[C@H]3[C@@H](O)C[C@]12C
16759173,-1.2661106371813329,CC[C@H](C)C(=O)O[C@H]1C[C@H](O)C=C2C=C[C@H](C)[C@H](CC[C@@H](O)C[C@@H](O)CC(=O)[O-])[C@H]21.[Na+]
3017268,-3.038688840314129,CN(C)CCn1[nH]nnc1=S
8530,-1.597674323122268,O=C1C=CC(=O)c2ccccc21
5564,0.9303324737911016,Oc1cc(Cl)ccc1Oc1ccc(Cl)cc1Cl
23697809,-2.158996359418337,COC(=O)/C=C(\C)N[C@@H](C(=O)[O-])c1ccc(O)cc1.[K+]
13184715,-0.8839561605066192,c1ccc2oc(CSCc3nc4ccccc4o3)nc2c1
7597,-0.8931903675329108,O=C(Oc1ccccc1)Oc1ccccc1
985,-0.6527572949949564,CCCCCCCCCCCCCCCC(=O)O
23160050,-2.834575884109224,CC[n+]1ccccc1.F[P-](F)(F)(F)(F)F
15666,0.3646980078464342,N#C[S-].[NH4+]
4101,-0.8305387075820491,C1N2CN3CN1CN(C2)C3
8361,-0.3966055509582646,O=C(Oc1ccccc1)c1ccccc1O
6866,-0.7114313025035132,Clc1ccc2c(Cl)ccnc2c1
56206,-0.161177124730553,CN1CCN(c2cc3c(cc2F)c(=O)c(C(=O)O)cn3-c2ccc(F)cc2)CC1
5281227,-4.112814679332479,CC1=C(/C=C/C(C)=C/C=C/C(C)=C/C=C/C=C(C)/C=C/C=C(C)/C=C/C2=C(C)C(=O)CCC2(C)C)C(C)(C)CCC1=O
5280805,-1.213865175331999,C[C@@H]1O[C@@H](OC[C@H]2O[C@@H](Oc3c(-c4ccc(O)c(O)c4)oc4cc(O)cc(O)c4c3=O)[C@H](O)[C@@H](O)[C@@H]2O)[C@H](O)[C@H](O)[C@H]1O
5922,-1.9808555782566035,O=C(O)c1ccncc1
68911,-0.1495188473682145,CO[C@H]1O[C@@H]2O[C@@]3(C)CC[C@H]4[C@H](C)CC[C@@H]([C@H]1C)[C@@]24OO3
36294,-2.1221471073091736,NC[C@H]1O[C@H](O[C@H]2[C@H](O)[C@@H](O[C@H]3O[C@H](CO)[C@@H](O)[C@H](N)[C@H]3O)[C@H](N)C[C@@H]2N)[C@H](N)C[C@@H]1O
69568,-3.936896458380208,Cl.NCCCC[C@H](N)C(=O)O
21059,0.0382236222689501,CCc1occc(=O)c1O
444972,-0.6548148133044268,O=C(O)/C=C/C(=O)O
3034640,-0.6630049581414665,Cn1[nH]c(=O)c(=O)[nH]c1=S
16865,-0.3613300135574859,CC(=O)Oc1ccc(C(=O)O)cc1
14332,-1.0730425081541934,COc1cc(OC)cc(C(=O)O)c1
12087,-0.429323014274641,N#Cc1ccc(C(=O)O)cc1
12062,-1.2436240295507095,Nc1cc(N)cc(C(=O)O)c1
68146,0.5081092498262788,CCCCCCCCCCCCCCCc1cccc(O)c1
542959,-2.2975035199537004,Nc1nc(N)c([N+](=O)[O-])cc1[N+](=O)[O-]
76350,-1.8944181144088832,CP1(=O)OCC2(CO1)COP(C)(=O)OC2
64819,-2.285603423807018,CC(C)(C)c1cc(CCC(=O)OCC(COC(=O)CCc2cc(C(C)(C)C)c(O)c(C(C)(C)C)c2)(COC(=O)CCc2cc(C(C)(C)C)c(O)c(C(C)(C)C)c2)COC(=O)CCc2cc(C(C)(C)C)c(O)c(C(C)(C)C)c2)cc(C(C)(C)C)c1O
6083,-4.03993905762543,Nc1ncnc2c1ncn2[C@@H]1O[C@H](COP(=O)(O)O)[C@@H](O)[C@H]1O
601401,-0.0719202928251138,COc1cnc(Cl)nc1Cl
"N-[(4-bromo-3,5-difluorine)phenyl]acrylamide",-0.356516971263974,C=CC(=O)Nc1cc(F)c(Br)c(F)c1
2783495,-1.0073041937821112,O=P(c1ccccc1)(c1ccccc1)c1cc(O)ccc1O
5492744,-2.450652796220409,CO/N=C(\C(=O)Sc1nc2ccccc2s1)c1csc(N)n1
71485,-0.8320674914123919,OC[C@H]1O[C@H](O[C@]2(CCl)O[C@H](CCl)[C@@H](O)[C@@H]2O)[C@H](O)[C@@H](O)[C@H]1Cl
128853,-6.010146653052658,Oc1cc(O)c2cc(O)c(-c3cc(O)c(O)c(O)c3)[o+]c2c1
222284,-1.6437148483635486,CC[C@H](CC[C@@H](C)[C@H]1CC[C@H]2[C@@H]3CC=C4C[C@@H](O)CC[C@]4(C)[C@H]3CC[C@]12C)C(C)C
5280343,-1.6349538587906634,O=c1c(O)c(-c2ccc(O)c(O)c2)oc2cc(O)cc(O)c12
7267,0.9733364449988466,Cc1ccc(C)c(O)c1
2998,0.8399812074975892,CCCCCCCCC(=O)NCc1ccc(O)c(OC)c1
5281807,-0.750727444738978,O=c1c(-c2ccc(O)cc2)coc2c([C@@H]3O[C@H](CO)[C@@H](O)[C@H](O)[C@H]3O)c(O)ccc12
7923,-0.2656349650118742,O=C1C=CC(=O)O1
33255,-2.702747719062286,Cc1nnc(SCC2=C(C(=O)O)N3C(=O)[C@@H](NC(=O)Cn4cnnn4)[C@H]3SC2)s1
23665706,-1.1677130826871902,O=S(=O)([O-])NC1CCCCC1.[Na+]
64947,-0.6299817528743407,CO[C@H]1O[C@H](CO)[C@@H](O)[C@H](O)[C@H]1O
12409811,-2.090143001887907,O=C(O)c1ccc(-c2ccc(C(=O)O)o2)o1
11118719,-2.4364142128273945,O=C1c2cccc(Cl)c2C(=O)N1c1ccccc1
23678866,-1.606946416733962,Nc1ccc(S(=O)(=O)[O-])c(N)c1.[Na+]
119,-1.3628769663679394,NCCCC(=O)O
24748496,-1.554004130022229,CCCCc1nc(Cl)c(C(=O)OCOC(=O)OC(C)C)n1Cc1ccc(-c2ccccc2-c2nn[nH]n2)cc1
92827,-0.4519847882479946,CC(=O)[C@@]1(O)CC[C@H]2[C@@H]3CCC4=CC(=O)CC[C@]4(C)[C@H]3[C@@H](O)C[C@@]21C
697993,-0.7291455115699415,S=c1[nH]c2ccccc2s1
107646,-1.8018538597311828,CN1COCN(Cc2cnc(Cl)s2)C1=N[N+](=O)[O-]
5281672,-0.9115945570542384,O=c1c(O)c(-c2cc(O)c(O)c(O)c2)oc2cc(O)cc(O)c12
5280863,-1.0977571165577935,O=c1c(O)c(-c2ccc(O)cc2)oc2cc(O)cc(O)c12
5281718,-0.6720180729475843,OC[C@H]1O[C@@H](Oc2cc(O)cc(/C=C/c3ccc(O)cc3)c2)[C@H](O)[C@@H](O)[C@@H]1O
370,0.2264398167307075,O=C(O)c1cc(O)c(O)c(O)c1
7470,-0.2926248943578666,Cc1ccc(C(=O)O)cc1
2-methoxy-3-(4-methylphenylsulfonamido)-5-(4-morpholinoquinazolin-6-yl)benzamide,-1.6845431518366127,COc1c(NS(=O)(=O)c2ccc(C)cc2)cc(-c2ccc3ncnc(N4CCOCC4)c3c2)cc1C(N)=O
3-(4-fluorophenylsulfonamido)-2-methoxy-5-(4-morpholinoquinolin-6-yl)benzamide,-2.1910773255378624,COc1c(NS(=O)(=O)c2ccc(F)cc2)cc(-c2ccc3nccc(N4CCOCC4)c3c2)cc1C(N)=O
3-(4-fluorophenylsulfonamido)-2-methoxy-5-(4-morpholinoquinazolin-6-yl)benzamide,-2.22774816902086,COc1c(NS(=O)(=O)c2ccc(F)cc2)cc(-c2ccc3ncnc(N4CCOCC4)c3c2)cc1C(N)=O
12374,1.1576523595686072,OCCCCCCO
7604,0.1122061196620353,CC(=O)Nc1cccc(N)c1
5310993,-1.2772290295515465,Cc1cnc(C(=O)O)c[n+]1[O-]
3731012,-0.1955301602575032,O=C1Cc2cc(F)ccc2N1
4055,-1.1443367834100926,CC1=CC(=O)c2ccccc2C1=O
18343,-1.1272303143836917,C[C@H]1O[C@@H](n2cc(F)c(=O)[nH]c2=O)[C@H](O)[C@@H]1O
4436,-0.5769716556656882,c1ccc2c(CC3=NCCN3)cccc2c1
11130,0.3791426407963172,CCN(CC)CC.Cl
16655129,-0.6020742047387192,CNC(=O)c1cc(Oc2ccc(N)cc2)ccn1
91766,0.1342486651940191,O=C(NC(=O)c1c(F)cccc1F)Nc1ccc(Oc2ccc(C(F)(F)F)cc2Cl)cc1F
7097,0.3263450356772357,CC(=O)OC(OC(C)=O)c1ccc([N+](=O)[O-])o1
276224,-1.1460234067771364,Nc1nccnc1Cl
5997,-2.2800835422658645,CC(C)CCC[C@@H](C)[C@H]1CC[C@H]2[C@@H]3CC=C4C[C@@H](O)CC[C@]4(C)[C@H]3CC[C@]12C
417184,-0.5565764483441806,O=P(NCc1ccccc1)(Oc1ccccc1)Oc1ccccc1
70363,-6.865999449791757,O=[N+]([O-])N1CN2CN(C1)CN([N+](=O)[O-])C2
442768,-1.899735951163043,COc1cc2oc(=O)cc(-c3ccccc3)c2cc1O
5320203,-1.608088707869599,O=c1cc(-c2ccccc2)c2cc(O)c(O)cc2o1
67014,0.2303684058041039,O=C1OC(=O)c2c(Cl)cccc21
67044,0.36439506416194,O=C1OC(=O)c2cc(Cl)ccc21
23678886,-0.9903646664757448,Cc1ccc(S(=O)(=O)[O-])cc1Cl.[Na+]
119819,-1.0715049245576067,O=C1OC[C@H]2[C@@H]1N(Cc1ccccc1)C(=O)N2Cc1ccccc1
62921,-2.2278752265630706,CC1=C(C(=O)O)N2C(=O)[C@@H](NC(=O)[C@H](N)c3ccccc3)[C@H]2SC1.O
45595834,-1.4201762158518136,CC1(C)COP(=O)(C(Nc2ccccc2)c2ccccc2)OC1
123619,-0.0152207198280818,Cc1ccc(-c2ncc(Cl)cc2-c2ccc(S(C)(=O)=O)cc2)cn1
16720,-1.5483378771688097,Nc1cccc2c(N)cccc12
68067,-0.3353346406333362,Nc1cccc2cccc(N)c12
91619,-2.3692866857126003,CP(=O)(O)CC[C@H](N)C(=O)O
5369165,-0.1825757114767241,CN(C)/C=C/C(=O)c1cccnc1
7544,-0.4715143353764153,COc1cccc(Nc2ccccc2)c1
83333,-0.5389632241649082,CSc1cccc(Nc2ccccc2)c1
33271,0.7995405985317888,CC(=O)N1CN(C(C)=O)CN(C(C)=O)C1
17596,-0.691069684761631,O=[N+]([O-])N1CN([N+](=O)[O-])CN([N+](=O)[O-])CN([N+](=O)[O-])C1
6503,-0.723431079584057,NC(CO)(CO)CO
Tetranitrodimerglycoluril (TNDGU),-3.6484922977539394,O=C1N2CN3C(=O)N([N+](=O)[O-])C4C3N(CN3C(=O)N([N+](=O)[O-])C(C23)N1[N+](=O)[O-])C(=O)N4[N+](=O)[O-]
2374,0.2387845174450631,CC(C)(C)c1cc(O)c(C(C)(C)C)cc1O
71464343,-1.6248492861795367,CCN1CCN(c2cc3c(cc2F)c(=O)cc(C(=O)[O-])n3C2CC2)CC1.[Na+]
8651,-0.9629294069609492,O=C(C(=O)c1ccccc1)c1ccccc1
6321424,-0.0240235113465243,CC[C@H](C)[C@H]1O[C@]2(CC[C@@H]1C)C[C@@H]1C[C@@H](C/C=C(\C)[C@@H](O[C@H]3C[C@H](OC)[C@@H](O[C@H]4C[C@H](OC)[C@@H](O)[C@H](C)O4)[C@H](C)O3)[C@@H](C)/C=C/C=C3\CO[C@@H]4[C@H](O)C(C)=C[C@@H](C(=O)O1)[C@]34O)O2
7293,0.8125648042411013,CNC(=O)NC
6434889,-1.1949800483042312,CC[C@H](C)[C@H]1O[C@]2(C=C[C@@H]1C)C[C@@H]1C[C@@H](C/C=C(\C)[C@@H](O[C@H]3C[C@H](OC)[C@@H](O[C@H]4C[C@H](OC)[C@@H](O)[C@H](C)O4)[C@H](C)O3)[C@@H](C)/C=C/C=C3\CO[C@@H]4[C@H](O)C(C)=C[C@@H](C(=O)O1)[C@]34O)O2
54679224,-1.4943483735358667,O=c1cc(O)c(Cl)c[nH]1
60795,-4.075825574135374,O=C1CCc2ccc(OCCCCN3CCN(c4cccc(Cl)c4Cl)CC3)cc2N1
33613,-1.8636141799483008,CC1(C)S[C@@H]2[C@H](NC(=O)[C@H](N)c3ccc(O)cc3)C(=O)N2[C@H]1C(=O)O
7922,-0.153405121915844,O=C1CCC(=O)O1
9952916,0.0014708964678731,CCCCCCCCCCCCCCCCOc1nc2ccc(C)cc2c(=O)o1
5359227,-3.5914138600850825,COc1ccc2c3c1O[C@H]1[C@@H](O)C=C[C@H]4[C@@H](C2)N(C)CC[C@@]341.O=P(O)(O)O
6950272,-0.3909804835298404,Oc1ccc([C@@H]2COc3cc(O)ccc3C2)cc1
111306,-0.1266508788162148,NC(=O)[C@@H]1CCCN1
316690,-1.9965700358840195,OCCOc1ccc2ccccc2c1-c1c(OCCO)ccc2ccccc12
100310,-0.2129791279857956,O=C(N[C@@H](CO)C(=O)O)OCc1ccccc1
65859,-2.715309374118136,OC[C@@H](O)CN1CCN(c2ccccc2)CC1
66789,-0.2584343858331663,CC(=O)N[C@H](C(=O)O)C(C)C
11636326,-1.5111071972354286,C[C@@H](Oc1ccc(Oc2nc3ccc(Cl)cc3o2)cc1)C(=O)N(C)c1ccccc1F
1547484,-2.074958523859188,C(=C/c1ccccc1)\CN1CCN(C(c2ccccc2)c2ccccc2)CC1
115366,-0.9595598418975256,COC(=O)[C@H](c1ccccc1Cl)N1CCc2sccc2C1.O=S(=O)(O)O
3620736,0.9160556575243244,O=[N+]([O-])c1cn[nH]c1[N+](=O)[O-]
406563,-2.9861711121672414,CNC(=O)c1cc(Oc2ccc(NC(=O)Nc3ccc(Cl)c(C(F)(F)F)c3)cc2)ccn1.Cc1ccc(S(=O)(=O)O)cc1
N-(4-methylphenyl-z-3-chloro-2-(phenylthio)propenamide,-1.5968971284505198,Cc1ccc(NC(=O)/C(=C/Cl)Sc2ccccc2)cc1
17124,0.4676425794464833,O=C(O)Cc1ccccc1Cl
7690,0.230615063681261,COc1ccc(CC(=O)O)cc1
6035169,-2.5806039084938344,CC1=NNC(=O)N(/N=C/c2cccnc2)C1
564,-2.99233189863304,NCCCCCC(=O)O
1982,-0.0768571668126939,COP(=O)(NC(C)=O)SC
"16α,17α-Epoxyprogesterone",-1.3963053699495156,CC(=O)[C@@]12O[C@@H]1CC1C3CCC4=CC(=O)CC[C@]4(C)C3CC[C@@]12C
"11α-Hydroxy-16α,17α-epoxyprogesterone",-2.151902082090536,CC(=O)[C@@]12O[C@@H]1CC1C3CCC4=CC(=O)CC[C@]4(C)C3[C@H](O)C[C@@]12C
44093,-0.3648355170004334,C[C@H](CS)C(=O)N1CCC[C@H]1C(=O)O
Pyrrole-2-carboxaldehyde phenylhydrazone,-4.489019458114034,C(=N/Nc1ccccc1)\c1ccc[nH]1
5375013,-4.498762457810566,C(=N/Nc1ccccc1)\c1ccco1
5716065,-4.541749745381413,C(=N/Nc1ccccc1)\c1cccs1
"Pyrrole-2-carboxaldehyde 2,4-dinitrophenylhydrazone",-6.052797339024129,O=[N+]([O-])c1ccc(N/N=C/c2ccc[nH]2)c([N+](=O)[O-])c1
Pyrrole-2-carboxaldehyde 4-nitrophenylhydrazone,-5.018871150367018,O=[N+]([O-])c1ccc(N/N=C/c2ccc[nH]2)cc1
5463001,-6.110789286870404,O=[N+]([O-])c1ccc(N/N=C/c2ccco2)c([N+](=O)[O-])c1
6049384,-5.021388807022559,O=[N+]([O-])c1ccc(N/N=C/c2ccco2)cc1
5355511,-6.411819285574447,O=[N+]([O-])c1ccc(N/N=C/c2cccs2)c([N+](=O)[O-])c1
Thiophene-2-carboxaldehyde 4-nitrophenylhydrazone,-5.031607973941424,O=[N+]([O-])c1ccc(N/N=C/c2cccs2)cc1
9020,-2.694530103232565,O=C([O-])CCC(=O)[O-].[Na+].[Na+]
69547,-2.000820162178125,NC(=O)c1c(F)c(F)c(F)c(F)c1F
5905,-2.1441336011566468,O=c1[nH]c(=O)n([C@H]2C[C@H](O)[C@@H](CO)O2)cc1I
857,-1.2137766234591596,CC(C)CC(N)C(=O)O
205,0.0530473715252944,CC(O)C(N)C(=O)O
791,-0.856620191175229,CCC(C)C(N)C(=O)O
1153,-2.893909470582932,NC(Cc1ccc(O)cc1)C(=O)O
444266,0.6025565997614509,O=C(O)/C=C\C(=O)O
875,0.883557383182355,O=C(O)C(O)C(O)C(=O)O
1017,-1.8029525417960208,O=C(O)c1ccccc1C(=O)O
11579,1.0869568853983709,CC(=O)CCC(=O)O
757,1.1525043083439337,O=C(O)CO
8088,0.3234065616387889,O=C(O)COCC(=O)O
441129,-1.6445969799084212,C[C@@H](O)[C@H]1C(=O)N2C(C(=O)O)=C(S[C@@H]3CN[C@H](C(=O)N(C)C)C3)[C@H](C)[C@H]12.O.O.O
33032,-1.3235511654330752,N[C@@H](CCC(=O)O)C(=O)O
5281813,-1.0102034344970607,COc1cc(O)c2c(c1)oc(=O)c1c3cc(O)c(O)cc3oc21
2-mercaptobenzothiazole tertbutylamine salt,-3.6620296354293504,CC(C)(C)[NH3+].[S-]c1nc2ccccc2s1
2-mercaptobenzothiazole cyclohexylamine salt,-3.1382659637476285,[NH3+]C1CCCCC1.[S-]c1nc2ccccc2s1
536770,-2.955665265490922,NC(N)=C([N+](=O)[O-])[N+](=O)[O-]
16781984,-3.6425687433440026,N#Cc1ccc(NS(=O)(=O)c2ccc(N)cc2)cc1
311763,-3.821842264857264,Nc1ccc(S(=O)(=O)Nc2ccc([N+](=O)[O-])cc2)cc1
231837,-4.09504371821163,O=[N+]([O-])c1ccc(NS(=O)(=O)c2ccccc2)cc1
24695106,-4.1595017942975625,Cc1cc(Cl)ccc1NS(=O)(=O)c1ccc(N)cc1
4-amino-N-(4-chlorophenyl)-2-methyl-benzenesulfonamide,-4.57607662873239,Cc1cc(N)ccc1S(=O)(=O)Nc1ccc(Cl)cc1
43257597,-5.113397489553028,Cc1cc(N)ccc1S(=O)(=O)Nc1ccccc1Cl
4-amino-2-methyl-N-(2-nitrophenyl)-benzenesulfonamide,-4.611973569182314,Cc1cc(N)ccc1S(=O)(=O)Nc1ccccc1[N+](=O)[O-]
17608903,-4.467022844922907,Cc1ccc(Cl)cc1NS(=O)(=O)c1ccc(N)cc1
4-amino-N-(2-chloro-4-methylphenyl)-benzenesulfonamide,-4.407798816948999,Cc1ccc(NS(=O)(=O)c2ccc(N)cc2)c(Cl)c1
17608906,-5.1560417503353895,Cc1ccc(NS(=O)(=O)c2ccc(N)cc2)cc1Cl
29552517,-4.910059279310036,Nc1ccc(S(=O)(=O)Nc2cc(Cl)c(Cl)cc2Cl)cc1
28590083,-4.469660662240195,Nc1ccc(S(=O)(=O)Nc2cc(Cl)ccc2Cl)cc1
593571,-5.033695806499293,Nc1ccc(S(=O)(=O)Nc2ccc(Cl)c(Cl)c2)cc1
29790765,-4.648957151070091,Nc1ccc(S(=O)(=O)Nc2ccc(Cl)cc2)c(Cl)c1
788021,-4.292624123277398,Nc1ccc(S(=O)(=O)Nc2ccc(Cl)cc2)cc1
28551168,-5.235223005503199,Nc1ccc(S(=O)(=O)Nc2ccccc2Cl)c(Cl)c1
23668512,0.1974168364054387,O=C([O-])c1cccc(S(=O)(=O)O)c1.[Na+]
6137,-0.5283578051035602,CSCC[C@H](N)C(=O)O
5756,-2.195686736078722,C[C@]12CC[C@@H]3c4ccc(O)cc4CC[C@H]3[C@@H]1C[C@@H](O)[C@@H]2O
14598836,-0.2832237887889349,NCC1(CC(=O)O)CCCCC1.O
60961,-1.975669574496712,Nc1ncnc2c1ncn2[C@@H]1O[C@H](CO)[C@@H](O)[C@H]1O
190,-2.5210639041078995,Nc1ncnc2nc[nH]c12
2722,-4.246536272178418,Oc1c(Cl)cc(Cl)c2cccnc12
439224,0.0899623728357398,NCCC(=O)N[C@@H](Cc1cnc[nH]1)C(=O)O
8814,-4.136784146883684,CC(C)(C)CC(C)(C)c1ccc(O)cc1
1752,-5.655298642658885,CCCCCCCCCc1ccc(O)cc1
15730,-4.794960527514253,CCCCCCCCc1ccc(O)cc1
13456556,0.2073369041656856,Cc1cc(C)nc([N-]S(=O)(=O)c2ccc(N)cc2)n1.[Na+]
15899899,0.0135549701070805,Cc1ccnc([N-]S(=O)(=O)c2ccc(N)cc2)n1.[Na+]
15899898,0.4456869603623475,Nc1ccc(S(=O)(=O)[N-]c2ncccn2)cc1.[Na+]
6224,0.3988580603286806,O=C([O-])CC(O)(CC(=O)[O-])C(=O)[O-].[Na+].[Na+].[Na+]
3593,-5.515411163621433,COc1ccc(C2CC(=O)c3c(O)cc(O)cc3O2)cc1O
471,-2.85036607354432,O=C1c2c(O)cc(O)cc2OC(c2ccc(O)c(O)c2)C1O
5281670,-6.465367020914021,O=c1c(O)c(-c2ccc(O)cc2O)oc2cc(O)cc(O)c12
239,0.857729262168616,NCCC(=O)O
5755,-3.235240663983806,C[C@]12C=CC(=O)C=C1CC[C@@H]1[C@@H]2[C@@H](O)C[C@@]2(C)[C@H]1CC[C@]2(O)C(=O)CO
5754,-3.195731688400873,C[C@]12CCC(=O)C=C1CC[C@@H]1[C@@H]2[C@@H](O)C[C@@]2(C)[C@H]1CC[C@]2(O)C(=O)CO
1123,-0.4285494696151148,NCCS(=O)(=O)O
6549,-1.999640374947989,C=CC(C)(O)CCC=C(C)C
3314,-1.89888345119654,C=CCc1ccc(O)c(OC)c1
637566,-2.245302280697724,CC(C)=CCC/C(C)=C/CO
8842,-1.9189643433861443,CC(C)=CCCC(C)CCO
7463,-3.575674006634662,Cc1ccc(C(C)C)cc1
10364,-2.098492293624924,Cc1ccc(C(C)C)cc1O
1775,-4.269640194641964,O=C1NC(=O)C(c2ccccc2)(c2ccccc2)N1
6321411,-3.11652727046762,C=CC1=C(C(=O)O)N2C(=O)[C@@H](NC(=O)/C(=N\OCC(=O)O)c3csc(N)n3)[C@H]2SC1
656846,-3.977657924060932,CC(C)c1c(C(=O)Nc2ccccc2)c(-c2ccccc2)c(-c2ccc(F)cc2)n1CC[C@@H](O)C[C@@H](O)CC(=O)[O-].CC(C)c1c(C(=O)Nc2ccccc2)c(-c2ccccc2)c(-c2ccc(F)cc2)n1CC[C@@H](O)C[C@@H](O)CC(=O)[O-].O.O.O.[Ca+2]
7547,-6.963769235279477,O=C(Nc1ccc(Cl)cc1)Nc1ccc(Cl)c(Cl)c1
11965427,-4.082838391975637,CS(=O)(=O)c1cccc(C[C@H](NC(=O)c2c(Cl)cc3c(c2Cl)CCN(C(=O)c2ccc4ccoc4c2)C3)C(=O)O)c1
159255,0.4884262702937122,NO.O=S(=O)(O)O
27901,-2.836506587366725,CN1CCC(N(Cc2cccs2)c2ccccc2)CC1
5284373,-4.624459850131668,C/C=C/C[C@@H](C)[C@@H](O)[C@H]1C(=O)N[C@@H](CC)C(=O)N(C)CC(=O)N(C)[C@@H](CC(C)C)C(=O)N[C@@H](C(C)C)C(=O)N(C)[C@@H](CC(C)C)C(=O)N[C@@H](C)C(=O)N[C@H](C)C(=O)N(C)[C@@H](CC(C)C)C(=O)N(C)[C@@H](CC(C)C)C(=O)N(C)[C@@H](C(C)C)C(=O)N1C
124886,-0.6237697810305887,N[C@@H](CCC(=O)N[C@@H](CS)C(=O)NCC(=O)O)C(=O)O
5486971,-0.7111711288981096,CC(C)C[C@H](CN)CC(=O)O
9894584,-2.928528474619044,C[C@@H]1O[C@@H](O[C@H]2[C@H](Oc3cc(O)c(C(=O)CCc4ccc(O)cc4)c(O)c3)O[C@H](CO)[C@@H](O)[C@@H]2O)[C@H](O)[C@H](O)[C@H]1O
73744,-5.146916330689207,C(=Cc1ccc(-c2nc3ccccc3o2)cc1)c1ccc(-c2nc3ccccc3o2)cc1
20994,0.4866820352777674,NC(N)=O.O=P(O)(O)O
5326,-3.515133236042036,COc1cnc(NS(=O)(=O)c2ccc(N)cc2)nc1
42623021,-3.2061461358983125,Nc1ccc(S(=O)(=O)[N-]c2cncc(Cl)n2)cc1.[Na+]
69043,-1.192597800596935,O=C(O)c1cccc([N+](=O)[O-])c1C(=O)O
3014027,-0.7454268781608401,O=S(=O)([O-])c1ccc2cc(S(=O)(=O)[O-])ccc2c1.[Na+].[Na+]
74249,-0.1432347896912769,O=S(=O)([O-])c1ccc2ccc(S(=O)(=O)[O-])cc2c1.[Na+].[Na+]
2734243,-2.28271755113485,CCCCCCCCn1cc[n+](C)c1.F[P-](F)(F)(F)(F)F
2734175,-1.7425617922960253,CCCCCCn1cc[n+](C)c1.F[P-](F)(F)(F)(F)F
2734174,-1.3010224312576608,CCCCn1cc[n+](C)c1.F[P-](F)(F)(F)(F)F
11287340,-1.0057366608950684,O=C(O)CCP(=O)(O)c1ccccc1
12062247,-0.2581737966801654,O=P(O)(CO)c1ccccc1
11159656,-1.402987819659326,O=C(O)[C@@H](O)CCc1ccccc1
6433384,-1.1416647665108264,O=[N+]([O-])c1ccc(/C=C/c2ccc([N+](=O)[O-])cc2S(=O)(=O)[O-])c(S(=O)(=O)[O-])c1.[Na+].[Na+]
23690315,-0.6706855388554225,CC(C)Cc1ccc(C(C)C(=O)[O-])cc1.O.O.[Na+]
165341,-0.809443163073046,CC(O)C(=O)[O-].CC(O)C(=O)[O-].O.O.O.O.O.[Ca+2]
196163,-0.8923616807909643,O=C1N2CN3C(=O)N4CN5C(=O)N6CN7C(=O)N8CN9C(=O)N%10CN%11C(=O)N%12CN1C1C2N2CN%13C(=O)N(CN%14C(=O)N(CN%15C(=O)N(CN%16C(=O)N(CN%17C(=O)N(CN1C2=O)C%12C%11%17)C%10C9%16)C8C7%15)C6C5%14)C4C3%13
155045885,-3.002786490567785,CCCCCCCC[n+]1csc2ccccc21.F[P-](F)(F)(F)(F)F
155045902,-2.9015290411748773,CCCCCCC[n+]1csc2ccccc21.F[P-](F)(F)(F)(F)F
155045874,-2.7545742659174395,CCCCCC[n+]1csc2ccccc21.F[P-](F)(F)(F)(F)F
155045912,-2.882725043047657,CCCCC[n+]1csc2ccccc21.F[P-](F)(F)(F)(F)F
155045893,-2.425671240247513,CCCC[n+]1csc2ccccc21.F[P-](F)(F)(F)(F)F
4-nitro-N-(2-NHCOCH3-4-pyridinyl)-benzenesulfonamide,-3.336691152835218,CC(=O)Nc1ccncc1NS(=O)(=O)c1ccc([N+](=O)[O-])cc1
95067,-2.6268933521347724,CCN(CC)S(=O)(=O)c1ccc(N)cc1
N-(4-COOC2H3-2-pyridinyl)-benzenesulfonamide,-4.163917548242381,CCOC(=O)c1ccc(NS(=O)(=O)c2ccccc2)nc1
786664,-4.7245852448431656,CCOc1ccc(NS(=O)(=O)c2ccc([N+](=O)[O-])cc2)cc1
16787408,-4.550621768537401,CCc1ccc(NS(=O)(=O)c2ccc(N)cc2)cc1
74369,-2.750820798448611,CN(C)S(=O)(=O)c1ccc(N)cc1
74368,-1.244054993378756,CNS(=O)(=O)c1ccc(N)cc1
4-amino-N-(2-methoxy-3-chlorophenyl)-benzenesulfonamide,-4.156968679601152,COc1c(Cl)cccc1NS(=O)(=O)c1ccc(N)cc1
578975,-4.1367652674551625,COc1ccc(NS(=O)(=O)c2ccc(N)cc2)cc1
743889,-4.204260837693646,Cc1ccc(NS(=O)(=O)c2ccc([N+](=O)[O-])cc2)nc1
10663754,-4.572494200087115,Nc1ccc(S(=O)(=O)N(c2ccccc2)c2ccccc2)cc1
247908,-4.521740635975664,Nc1ccc(S(=O)(=O)Nc2ccc(I)cc2)cc1
4-amino-N-(2-bromo-4-nitrophenyl)-benzenesulfonamide,-4.778773145613605,Nc1ccc(S(=O)(=O)Nc2ccc([N+](=O)[O-])cc2Br)cc1
17608902,-4.736201544040279,Nc1ccc(S(=O)(=O)Nc2cccc(Cl)c2Cl)cc1
8193388,-5.10505136587723,O=S(=O)(Nc1ccc(Br)cc1Br)c1ccccc1
20865,-4.032029760588902,O=S(=O)(Nc1ccc(Cl)cc1)c1ccccc1
825454,-4.646679431648042,O=S(=O)(Nc1cccc(Cl)c1Cl)c1ccccc1
74296,-3.328428394510351,O=S(=O)(Nc1ccccc1)c1ccccc1
252039,-4.318319618079372,O=S(=O)(Nc1ccccc1Cl)c1ccccc1
737321,-3.7631838229107673,O=S(=O)(Nc1cccnc1Cl)c1ccccc1
N-(3-chloro-2-pyridinyl)-benzene-sulfonamide,-3.189148828908782,O=S(=O)(Nc1ncccc1Cl)c1ccccc1
10127,-3.630997567485521,O=[N+]([O-])c1ccc(S(=O)(=O)Nc2nccs2)cc1
285267,-4.006918996576347,O=[N+]([O-])c1ccccc1NS(=O)(=O)c1ccccc1
23672566,0.0081520822391576,CO/N=C(\C(=O)N[C@@H]1C(=O)N2C(C(=O)[O-])=C(COC(C)=O)CS[C@H]12)c1csc(N)n1.[Na+]
7710,-1.4032144383728986,CCCCCC1CCC(=O)O1
998,-1.004804799881127,O=CCc1ccccc1
6054,-0.5532016513478571,OCCc1ccccc1
69121,0.7229782588157807,O=C(O)c1ccc([N+](=O)[O-])cc1C(=O)O
11082,-2.133535416910126,CC1(C)S[C@@H]2[C@H](N)C(=O)N2[C@H]1C(=O)O
66123,0.7448267146471955,C1CN2CN3CCN(CN1C3)C2
51081,-3.55260308910128,CCn1cc(C(=O)O)c(=O)c2cc(F)c(N3CCN(C)CC3)cc21
4831,-2.990407966871872,CCn1cc(C(=O)O)c(=O)c2cnc(N3CCNCC3)nc21
5802,-1.8222302804271533,O=c1[nH]cc(Br)c(=O)[nH]1
5899,-0.8272922125472635,O=c1[nH]cc(C(F)(F)F)c(=O)[nH]1
15758,-1.7682328288242084,O=c1[nH]cc(Cl)c(=O)[nH]1
69672,-1.6850464747593348,O=c1[nH]cc(I)c(=O)[nH]1
73272,-1.4763380579275802,O=c1cc(Cl)[nH]c(=O)[nH]1
14692718,-1.7898500357009746,O=S(=O)([O-])c1ccc(Nc2nc(Nc3ccc(/C=C/c4ccc(Nc5nc(Nc6ccc(S(=O)(=O)[O-])cc6)nc(N6CCOCC6)n5)cc4S(=O)(=O)[O-])c(S(=O)(=O)[O-])c3)nc(N3CCOCC3)n2)cc1.[Na+].[Na+].[Na+].[Na+]
12521030,1.0673985449802506,CC(O)(P(=O)(O)O)P(=O)(O)O.O
6964,0.6847752583960404,O=C(O)c1ccc(Cl)cc1C(=O)O
96254,-0.9509159948156224,O=C(O)c1cccc(Cl)c1C(=O)O
2712,-3.4801687359524123,CN=C1CN(O)C(c2ccccc2)=c2cc(Cl)ccc2=N1
36605,0.0776865192099751,C[N+](C)(C)CCOP(=O)([O-])OP(=O)([O-])OC[C@H]1O[C@@H](n2ccc(N)nc2=O)[C@H](O)[C@@H]1O.[Na+]
139075663,-2.8246541640976126,F[P-](F)(F)(F)(F)F.F[P-](F)(F)(F)(F)F.c1cc[n+](CCCCCC[n+]2ccccc2)cc1
10929046,-3.747790025362167,Oc1cc(O)c2cc1Cc1cc(c(O)cc1O)Cc1cc(c(O)cc1O)Cc1cc(c(O)cc1O)C2
"1,1′-(ethane-1,2-diyl)-bis(3-methylpyridinium) dihexafluorophosphate",-3.051898376063945,Cc1ccc[n+](C[n+]2cccc(C)c2)c1.F[P-](F)(F)(F)(F)F.F[P-](F)(F)(F)(F)F
12159421,-2.3695663481020137,Cn1cc[n+](CCC[n+]2ccn(C)c2)c1.F[P-](F)(F)(F)(F)F.F[P-](F)(F)(F)(F)F
178,1.394222777111181,CC(N)=O
6578,0.932440719033782,CCC(N)=O
10927,-0.0363223624735506,CCCC(N)=O
"1,1′-(butane-1,4-diyl)-bis(3-methyl-1H-imidazolium-1-yl) dihexafluorophosphate",-2.277999709125813,Cn1cc[n+](CCCC[n+]2ccn(C)c2)c1.F[P-](F)(F)(F)(F)F.F[P-](F)(F)(F)(F)F
3496,-1.206818373739941,O=C(O)CNCP(=O)(O)O
"1,1′-(butane-1,4-diyl)-bis(3-methylpyridinium) dihexafluorophosphate",-3.954994443233357,Cc1ccc[n+](CCCC[n+]2cccc(C)c2)c1.F[P-](F)(F)(F)(F)F.F[P-](F)(F)(F)(F)F
7844,-2.277323637333053,C=CCC
24762,-0.9160472593743896,CCCCCCCCCCCCCCCCCC(=O)OCCO
93419,-0.5065369662673757,CC1(C)CC(NCCCCCCNC2CC(C)(C)NC(C)(C)C2)CC(C)(C)N1
71343343,-1.0649490063161973,O=C(Nc1c(F)c(F)c(F)c(F)c1F)C(=O)Nc1c(F)c(F)c(F)c(F)c1F
6502,-1.6719622045593103,CC(CO)(CO)CO
9212,-0.9771230544229657,C1=Cc2ccccc2Nc2ccccc21
3534526,-1.658171678985537,CCCCN(CCCC)c1ccc2c(c1)Oc1cc(C)c(Nc3ccccc3)cc1C21OC(=O)c2ccccc21
13543,-0.9397288793898652,C=CC(=O)NCO
3301396,-0.9440788277191422,CCC(CO)(CO)C(=O)O
14597089,-3.0228998719155897,O=[N+]([O-])c1cc([N+](=O)[O-])c(Nc2nc(Nc3c([N+](=O)[O-])cc([N+](=O)[O-])cc3[N+](=O)[O-])c([N+](=O)[O-])cc2[N+](=O)[O-])c([N+](=O)[O-])c1
10434,-0.8800278632363396,O=C1CCCC(=O)C1
11568,-0.1436198270673201,Nc1cccc(O)c1
2723695,-2.63040068232034,COC(=O)[C@@H](N)CC(C)C.Cl
610479,-1.2019531802093155,Cc1c(Cl)cccc1Nc1ccccc1C(=O)O
16057,-1.4936742113751855,N#Cc1c(Cl)c(Cl)c(Cl)c(Cl)c1C#N
864,-0.3109532199178576,O=C(O)CCCCC1CCSS1
14410,-2.8606098272984584,Brc1c(Br)c(Br)c(Oc2c(Br)c(Br)c(Br)c(Br)c2Br)c(Br)c1Br
155572,-2.0980903731519764,O=P1(O)OCC2(CO1)COP(=O)(O)OC2
7566,-0.2577136407271145,Nc1ccc(Sc2ccc([N+](=O)[O-])cc2)cc1
4384157,-1.2403267539874248,O=C(O)c1cccc(Cl)c1C(=O)c1ccccc1
6709,-1.4521438300750549,O=C1c2ccccc2C(=O)c2c(Cl)cccc21
5381288,-1.822659869192438,CC[C@H](/C=C/[C@@H](C)[C@H]1CC[C@H]2[C@@H]3CC=C4C[C@@H](OC(=O)/C=C\C(=O)O)CC[C@]4(C)[C@H]3CC[C@]12C)C(C)C
9938436,-2.443303074357434,CC[C@H](CC[C@@H](C)[C@H]1CC[C@H]2[C@@H]3CC=C4C[C@@H](OC(=O)/C=C/c5ccc(O)c(OC)c5)CC[C@]4(C)[C@H]3CC[C@]12C)C(C)C
53232,-1.363802709041121,CC[C@H](C)C(=O)O[C@H]1C[C@@H](C)C=C2C=C[C@H](C)[C@H](CC[C@@H]3C[C@@H](O)CC(=O)O3)[C@H]21
13097,-0.6200927921261793,O=P(c1ccccc1)(c1ccccc1)c1ccccc1
75041,-0.3540122738358996,CP(=O)(c1ccccc1)c1ccccc1
107496,-1.6541541540665443,CC1(C)[C@H](C(=O)O)N2C(=O)[C@@H](NC(=O)Cc3ccccc3)[C@H]2S1=O
5321318,0.1253842260492576,COC(=O)/C=C/c1cc(OC)c(O)c(OC)c1
5357283,0.4467886035840283,COC(=O)/C=C/c1ccc(O)c(OC)c1
5319562,-0.0250828530568897,COC(=O)/C=C/c1ccc(O)cc1
1501912,-2.150928641114209,N#Cc1ccccc1-c1ccc(CBr)cc1
16402,0.7946567415768455,NCCCCCCN
6734,-0.9214535944470218,c1cc2c3c(cccc3c1)CC2
88069,0.3058569935252942,Cc1ccc2c(c1)C(=O)OC2=O
16217773,0.2958420614581875,CC(C)COc1ccc(B(O)O)cc1
16217827,0.7244609726178938,CC(C)COc1ccccc1B(O)O
175805,-1.0387056958768182,CCCN1CCCC[C@H]1C(=O)Nc1c(C)cccc1C
264645,-0.035891281073416,Cc1ccc(NC(=O)C(C)Cl)cc1
5280489,-3.720210430052072,CC1=C(/C=C/C(C)=C/C=C/C(C)=C/C=C/C=C(C)/C=C/C=C(C)/C=C/C2=C(C)CCCC2(C)C)C(C)(C)CCC1
8490,-0.737435429071234,O=[N+]([O-])N1CN([N+](=O)[O-])CN([N+](=O)[O-])C1
18371,0.3411244495381942,Cc1ccc([N+](=O)[O-])c(C(=O)O)c1
5483,-0.5424869565642202,CC(S)C(=O)NCC(=O)O
8572,-0.9215386753259622,O=C(c1ccccc1)c1ccc(O)cc1O
8373,0.9367802666158196,Cc1ccccc1C(=O)O
23677815,-0.7652199990223282,O=C1O[B-]2(OC1=O)OC(=O)C(=O)O2.[Li+]
39385,-0.6701063174143381,CC(C)(C)C(=O)C(Oc1ccc(Cl)cc1)n1cncn1
5462985,-1.6461317710240002,O=[N+]([O-])c1cc([N+](=O)[O-])c(/C=C/c2c([N+](=O)[O-])cc([N+](=O)[O-])cc2[N+](=O)[O-])c([N+](=O)[O-])c1
6772,0.1882848710045094,CCc1ccc2c(c1)C(=O)c1ccccc1C2=O
61225,-1.4870127318495867,COC(=O)c1ccc2cc(C(=O)OC)ccc2c1
7489,-0.3694588455147319,O=C(O)c1ccc(C(=O)O)cc1
5341036,-0.836501871045323,COc1ccc(C(=O)/C=C/c2ccc(-c3cccc([N+](=O)[O-])c3)o2)cc1
(E)-1-(4-aminophenyl)-3-(5-(3-nitrophenyl)furan-2-yl)prop-2-en-1-one,-1.466263734325456,Nc1ccc(C(=O)/C=C/c2ccc(-c3cccc([N+](=O)[O-])c3)o2)cc1
(E)-1-hydroxy-4-(5-(3-nitrophenyl)furan-2-yl)but-3-en-2-one,-0.9113162804682752,O=C(/C=C/c1ccc(-c2cccc([N+](=O)[O-])c2)o1)CO
5345035,-1.037734277764354,O=C(/C=C/c1ccc(-c2cccc([N+](=O)[O-])c2)o1)c1ccc(Br)cc1
5372568,-1.2333206093618916,O=C(/C=C/c1ccc(-c2cccc([N+](=O)[O-])c2)o1)c1ccc(Cl)cc1
6223913,-1.0630321085450156,O=C(/C=C/c1ccc(-c2cccc([N+](=O)[O-])c2)o1)c1ccc(O)cc1
5727303,-1.5121727527052429,O=C(/C=C/c1ccc(-c2cccc([N+](=O)[O-])c2)o1)c1ccc([N+](=O)[O-])cc1
(E)-7-(3-(5-(3-nitrophenyl)furan-2-yl)acryloyl)-2H-chromen-2-one,-1.0432317592165508,O=C(/C=C/c1ccc(-c2cccc([N+](=O)[O-])c2)o1)c1ccc2ccc(=O)oc2c1
6053643,-1.1053071322128474,O=C(/C=C/c1ccc(-c2cccc([N+](=O)[O-])c2)o1)c1cccc([N+](=O)[O-])c1
5332557,-0.8917081172124993,O=C(/C=C/c1ccc(-c2cccc([N+](=O)[O-])c2)o1)c1ccccc1
96493,-3.006524403505923,O=[N+]([O-])c1cc([N+](=O)[O-])c(-c2c([N+](=O)[O-])cc([N+](=O)[O-])c(-c3c([N+](=O)[O-])cc([N+](=O)[O-])cc3[N+](=O)[O-])c2[N+](=O)[O-])c([N+](=O)[O-])c1
138242,-1.7128223810789616,O=[N+]([O-])c1cc([N+](=O)[O-])c(-c2c([N+](=O)[O-])cc([N+](=O)[O-])cc2[N+](=O)[O-])c([N+](=O)[O-])c1
68406,-1.881507319319768,CCCCCCCCCCCCCCCCCCCCCCCCCCCCO
15070,-0.9457869248956534,NC(=O)c1ccccn1
227,-1.179467496420889,Nc1ccccc1C(=O)O
5161,-0.8319087375731179,O=C(Oc1ccccc1C(=O)O)c1ccccc1O
4757,-0.839074296715553,c1ccc2nc3ccccc3nc2c1
135953856,-0.9958803568750192,Oc1ccc(Cl)cc1C=Nc1ccccn1
156497949,-2.459289692295143,CCCCCCCCN1C=CN(C)C1.O=[N+]([O-])O
170919718,-2.584659208489569,CCCCCCN1C=CN(C)C1.O=[N+]([O-])O
978,-0.0697410820346491,Nc1ccc(C(=O)O)cc1
135,0.0057829583219895,O=C(O)c1ccc(O)cc1
6108,-0.3599733999625422,O=C(O)c1ccc([N+](=O)[O-])cc1
18462,-0.5238539231953708,CC1(C)C2CCC1(CS(=O)(=O)O)C(=O)C2
90671457,-1.7172335363519873,CCNC1=NCCC2(CCCCC2)S1
136502356,-3.3846484663750447,CNC1=NCCC2(CCCCC2)S1
90671451,-3.535319118054638,NC1=NCCC2(CCCCC2)S1
145985148,-4.572224174388559,CC(O)Cc1nsc(Nc2ccc(Cl)cc2)n1
102100095,-4.375928660651718,CC(O)Cc1nsc(Nc2cccc(Cl)c2)n1
145989894,-4.152501915899013,COc1ccc(Nc2nc(CC(C)O)ns2)cc1
102100092,-3.646458910917826,Cc1ccc(Cl)cc1Nc1nc(CC(C)O)ns1
145993670,-4.611142370707709,Cc1ccc(Nc2nc(CC(C)O)ns2)cc1Cl
"1-[5-(3-Methyl-phenylamino)-1,2,4-thiadiazol-3-yl]-propan-2-ol",-3.7200835776092096,Cc1cccc(Nc2nc(CC(C)O)ns2)c1
5370664,-4.369011432074691,CC(=O)Nc1ccc(/C=N/NC(N)=S)cc1
N-(4-Isopropylphenyl)(3-selena-1-azabicyclo[3.3.1]non-2-yliden)amine,-2.4339066183900933,CC(C)c1ccc(N=C2[Se]CC3CCCN2C3)cc1
N-(3-Chloro-4-methylphenyl)(3-selena-1-azabicyclo[3.3.1]non-2-ylidene)amine,-2.3868630067223338,Cc1ccc(N=C2[Se]CC3CCCN2C3)cc1Cl
N-(4-Fluorophenyl)(3-selena-1-azabicyclo[3.3.1]non-2-ylidene)amine,-2.055063074259853,Fc1ccc(N=C2[Se]CC3CCCN2C3)cc1
"N-(3,5-dimethyl-adamantan-1-yl)-4-bromo-benzenesulfon-am-ide",-3.3742975892189584,CC12CC3CC(C)(C1)CC(NS(=O)(=O)c1ccc(Br)cc1)(C3)C2
"N-(3,5-dimethyl-adamantan-1-yl)-4-nitro-benzenesulfonamide",-3.490929862089714,CC12CC3CC(C)(C1)CC(NS(=O)(=O)c1ccc([N+](=O)[O-])cc1)(C3)C2
4175692,-2.684779601163254,CC12CC3CC(C)(C1)CC(NS(=O)(=O)c1ccccc1)(C3)C2
4158692,-3.253501451125468,COc1ccc(S(=O)(=O)NC23CC4CC(CC(C4)C2)C3)cc1
7937978,-2.692899663438867,Cc1cc(C)c(S(=O)(=O)NC23CC4CC(CC(C4)C2)C3)c(C)c1
1549499,-2.817321131053245,NC(=S)c1ccccn1
2723788,-4.6435029014915,NC(=S)c1ccncc1
(4-acetyl-phenyl)-[3-thia-1-aza-bicyclo[3.3.1]non-2-ylidene]-amine,-2.9578356056613977,CC(=O)c1ccc(N=C2SCC3CCCN2C3)cc1
(4-isopropyl-phenyl)-[3-thia-1-aza-bicyclo[3.3.1]non-2-ylidene]-amine,-1.98534017851228,CC(C)c1ccc(N=C2SCC3CCCN2C3)cc1
(4-ethyl-phenyl)-[3-thia-1-aza-bicyclo[3.3.1]non-2-ylidene]-amin,-2.76398039530072,CCc1ccc(N=C2SCC3CCCN2C3)cc1
(4-methyl-phenyl)-[3-thia-1-aza-bicyclo[3.3.1]non-2-ylidene]-amin,-1.5963111590482932,Cc1ccc(N=C2SCC3CCCN2C3)cc1
(3-chloro-4-methyl-phenyl)-[3-thia-1-aza-bicyclo[3.3.1]non-2-ylidene]-amine,-3.264971455943257,Cc1ccc(N=C2SCC3CCCN2C3)cc1Cl
(4-trifluoromethyl-phenyl)-[3-thia-1-aza-bicyclo[3.3.1]non-2-ylidene]-amine,-2.7217012414498782,FC(F)(F)c1ccc(N=C2SCC3CCCN2C3)cc1
(4-fluoro-phenyl)-[3-thia-1-aza-bicyclo[3.3.1]non-2-ylidene]-amine,-1.9395174508162791,Fc1ccc(N=C2SCC3CCCN2C3)cc1
(4-cyano-phenyl)-[3-thia-1-aza-bicyclo[3.3.1]non-2-ylidene]-amine,-2.767858919147493,N#Cc1ccc(N=C2SCC3CCCN2C3)cc1
90671458,-3.725314849786194,Brc1ccc(NC2=NCCC3(CCCCC3)S2)cc1
90671461,-3.9231292672640143,CC(=O)c1ccc(NC2=NCCC3(CCCCC3)S2)cc1
90671470,-2.4050742369171663,CC(C)c1ccc(NC2=NCCC3(CCCCC3)S2)cc1
90671469,-2.553809229786387,CCc1ccc(NC2=NCCC3(CCCCC3)S2)cc1
90671460,-2.9421359879332654,COc1ccc(NC2=NCCC3(CCCCC3)S2)cc1
90671464,-2.6689809898405645,Cc1ccc(NC2=NCCC3(CCCCC3)S2)cc1
90671459,-4.181758454473067,Cc1ccc(NC2=NCCC3(CCCCC3)S2)cc1Cl
90671465,-3.331616898693025,Clc1ccc(NC2=NCCC3(CCCCC3)S2)cc1
90671462,-2.785753918351027,FC(F)(F)c1ccc(NC2=NCCC3(CCCCC3)S2)cc1
90671453,-3.022785099648116,O=C(NC1=NCCC2(CCCCC2)S1)c1ccccc1
90671463,-2.055063074259853,c1ccc(NC2=NCCC3(CCCCC3)S2)cc1
N-(1-selena-3-azaspiro[5.5]undec-2-en-2-yl)-4-isopropylaniline hydrobromide,-4.445085761104259,Br.CC(C)c1ccc(NC2=NCCC3(CCCCC3)[Se]2)cc1
N-(1-selena-3-azaspiro[5.5]undec-2-en-2-yl)-4-fluoroaniline hydrobromide,-5.01245636815494,Br.Fc1ccc(NC2=NCCC3(CCCCC3)[Se]2)cc1
N-(1-selena-3-azaspiro[5.5]undec-2-en-2-yl)aniline hydrobromide,-4.422531546321553,Br.c1ccc(NC2=NCCC3(CCCCC3)[Se]2)cc1
164621515,-1.9372663182753385,COc1ccccc1-n1c(=S)sc2c(=O)n(CC(=O)NCC(O)(Cn3cncn3)c3ccc(F)cc3F)cnc21
164615006,-2.722327780578346,Cc1ccc(-n2c(=S)sc3c(=O)n(CC(=O)NCC(O)(Cn4cncn4)c4ccc(F)cc4F)cnc32)cc1
164616537,-2.459110225275445,O=C(Cn1cnc2c(sc(=S)n2-c2ccc(Cl)cc2)c1=O)NCC(O)(Cn1cncn1)c1ccc(F)cc1F
164619326,-2.67293852230684,O=C(Cn1cnc2c(sc(=S)n2-c2ccc(F)cc2)c1=O)NCC(O)(Cn1cncn1)c1ccc(F)cc1F
107526,-2.2267282059163223,O=C[C@H](O)[C@@H](O)[C@H](O)[C@H](O)CO
11087,-0.2838501777809672,O=C(O)c1ccccc1[N+](=O)[O-]
5338,-3.2400779072839305,Nc1ccc(S(=O)(=O)Nc2cnc3ccccc3n2)cc1
16217826,-0.6433379733851126,CC(C)COc1cccc(B(O)O)c1
7940,0.177813012216101,O=C1CCCC(=O)O1
10708,-1.5408740390368307,O=C(O)c1ccc(C(=O)O)c(C(=O)O)c1
3476,-0.9318993545607102,CCC1=C(C)CN(C(=O)NCCc2ccc(S(=O)(=O)NC(=O)NC3CCC(C)CC3)cc2)C1=O
7613,-0.7020449945745878,COc1ccc(OC)c(N)c1
598085,-1.1786831772963131,CC(=O)c1ccc2cc(C)ccc2c1
15563485,-3.0936633254710832,CC(=O)c1ccc2ccc(C)cc2c1
12403,-1.4002721796629385,CCCCCCCCCCCCCCCCCCCCC
12405,-1.4293338335229464,CCCCCCCCCCCCCCCCCCCCCC
12534,-1.5135055754007134,CCCCCCCCCCCCCCCCCCCCCCC
12592,-1.64748253828964,CCCCCCCCCCCCCCCCCCCCCCCC
135191,0.5941531575568285,OC1OC[C@@H](O)[C@H](O)[C@H]1O
10986877,-0.3873547164201898,COC(=O)Nc1ccc(C)c(N)c1
235307,-0.9899950247008252,COC(=O)Nc1ccc(C)c(NC(=O)OC)c1
7261,0.1486004128889385,Cc1ccc(N)cc1N
A-385,-0.126490426438233,[Na+].CNC([S-])=S
A-441,0.1245123251333399,[Br-].CCCC[N+](CCCC)(CCCC)CCCC
A-452,-0.35236342862412,Nc1cnn(CCO)c1N.O[S](O)(=O)=O
A-453,-0.4306878028645798,[Na+].[Na+].[O-][S](=O)(=O)c1cccc(c1)[S]([O-])(=O)=O
A-477,-0.2039292899649563,OCC(O)C(O)C(O)CO
A-504,-0.0722780499632256,OC\C=C/CO
A-523,0.010042923053032,[H+].[NH4+].[F-].[F-]
A-607,0.0361400471489797,[NH4+].[I-]
A-616,-0.2695391225819039,NC(N)=O.O[P](O)(O)=O
A-657,-0.2383550825101201,CO[Si](C)(OC)C=C
A-962,-0.9077589165728532,[Ba++].[O-]P=O.[O-]P=O
A-975,-0.5322374843839659,[Co++].CC([O-])=O.CC([O-])=O
A-989,-0.5409887480479445,[Cl-].C[N+](C)(C)c1ccccc1
A-1490,0.1992924890352418,COCCOCCO[Si](CCCOCC1CO1)(OCCOCCOC)OCCOCCOC
A-1533,0.0158488148762316,OC(O)C(Cl)(Cl)Cl
A-1558,0.0325365837547279,[Na+].[I-]
A-1688,-0.029084952500706,[K+].[I-]
A-1720,-0.732217516518387,COC(=O)OC
A-1729,-1.123304700918326,NO[S](O)(=O)=O
A-1784,-0.1798501878351138,N.[Fe+3].OC(CC([O-])=O)(CC([O-])=O)C([O-])=O
A-1884,0.005482843443728,NCc1occc1
A-1885,-7.35504370530206e-05,OCC(F)(F)F
A-1886,-0.2763017406248603,C[Si]1O[Si](C)O[Si](C)O[Si](C)O[Si](C)O1
A-1887,-0.122649090873582,CCOCCOCCOC(C)=O
A-1890,-0.1902899319807204,CC(=C)O[Si](OC(C)=C)(OC(C)=C)C=C
A-1892,0.0191865942900598,OCCCCO
A-1893,-0.185260899949543,C[Si]1(C)O[Si](C)(C)O[Si](C)(C)O1
A-1898,-0.1691214664515609,[Br-].CC[N+](CC)(CC)CC
A-1899,-0.1075400063434679,[Cl-].CC[N+](CC)(CC)CC
A-1900,-0.0561774469417171,[K+].C[Si](O)(O)[O-]
A-1902,-0.3294366224582254,OO
A-2252,-0.1352930665148044,[Cu].C[S](O)(=O)=O
A-2338,-0.9529674352467274,N[C@@H](CCC(O)=O)C(O)=O.OCCN(CCO)CCO
A-2362,-0.1997859610261585,Cl.OC(=O)[C@@H]1C[C@H](CN1)C2CCCCC2
A-2363,-0.0286495444402013,O=C1NC2CC1C=C2
A-2372,-0.3935910557005292,[Na+].CCCCc1ccc2[n-]nnc2c1
A-2403,-0.0704494849592047,C=CC(=O)N1CCOCC1
A-2404,0.0191865942900598,COCC(C)O
A-2806,-0.2298702766267277,[H+].[Cl-].Fc1ccc(cc1)C(=O)C2CCNCC2
A-2807,0.0059797940179674,OCC(=O)CO
A-2812,-0.1251504859351029,[Cl-].C[N+](C)(C)CC1CO1
A-2814,-0.2127158905855806,CC(C)c1ccc(cc1)[S](O)(=O)=O
A-2821,-0.1075319416764403,[K+].[O-]C(=O)CS
A-2822,-0.2566157209178589,[Na+].OC(COCC=C)C[S]([O-])(=O)=O
A-2823,-0.0240211631482435,O=C1OCCO1
A-2826,-0.2678230616057566,[Cl-].N[C@@H](CCCN=C(N)N)C(O)=O.[H+]
A-2833,-0.4021916094648516,[Na+].[Na+].[Na+].[O-]C(=O)CN(CC([O-])=O)CC([O-])=O
A-2838,-0.1382272114909292,[Na+].[O-]C(=O)CS
A-2839,-0.3141128895794868,[K+].CC(CC([O-])=O)CC(C)(C)C
A-2846,-0.341242346741064,[O-][S](=O)(=O)CCC[NH+]1CCOCC1
A-2849,0.0547654414756564,[Li+].[Cl-]
A-2850,-0.1919590264533712,OCC[C@@H]1CCCC[NH2+]1
A-2851,-0.258521490857286,[H+].[Cl-].NC(CO)(CO)CO
A-2854,-0.3106916995091094,CC1(C)CC(O)CC(C)(CN)C1
A-2855,-0.2844800709061105,[Na+].CC(=C)C[S]([O-])(=O)=O
A-2857,-0.9252402618824972,O[C@@H](CNc1ccccc1)C[S]([O-])(=O)=O
A-2859,-0.6722187127378734,[Na+].CCCCCCCC1N(CCO)C=CN1CCC([O-])=O
A-2860,-0.924489985136128,[Na+].[Na+].[Na+].[Na+].[O-]C(=O)CN(CCN(CC([O-])=O)CC([O-])=O)CC([O-])=O
A-2870,0.1492767507657594,[Br-].CC[N+]1(C)CCCC1
A-2871,-0.312232688036839,[K+].[O-]C(=O)c1ccccc1
A-2872,-0.5322286050893799,[Cl-].NC(=O)c1ccc[n+](Cc2ccccc2)c1
A-2876,-0.3133676271630651,[Cr+3].[O-][P]([O-])([O-])=O
A-2889,0.2939175442577362,OC[P+](CO)(CO)CO.OC[P+](CO)(CO)CO.[O-][S]([O-])(=O)=O
A-2891,-0.1484424055516164,O=C1CCO1
A-2892,-0.6236243190133185,[K+].CC(C)CCOC([S-])=S
A-2894,-0.7246201189651653,[Na+].[O-][S](=O)(=O)CCN1CCOCC1
A-2895,-0.7459981420203076,CCCCCCCC(=O)OCC(O)CO
A-2898,-0.4079225286726808,[Li+].[O-]C(=O)c1ccccc1
A-2911,0.2029318703711667,[H+].[Cl-].NN
A-2918,0.3299430231692911,CC(C)CC1CC(C)(O)CCO1
A-2924,-0.9854267543628532,CC1(C)CC(=O)CC(C)(C)N1[O]
A-2947,-0.808668106712744,O=C1NC(=O)C2CCCC12
A-2949,-0.8984805615066893,[Na+].[Na+].[O-][S]([O-])(=O)=O
A-2958,0.0616067951764645,[K+].OP(O)O
A-2962,-0.5720295306576897,CC(N)C(O)=O
A-2971,0.0527461192147833,OC(=O)C1CCCN1
A-2973,-0.9787874481851632,[NH4+].[Fe+3].[O-]C(=O)CN(CCCN(CC([O-])=O)CC([O-])=O)CC([O-])=O
A-2987,-0.0442929169905395,[Li].O[S](=O)(=O)C(F)(F)F
A-2988,-1.9892226328236984,NC(N)=N.O[N+]([O-])=O
A-2993,-0.7563645513136978,N#CCCC#N
A-2999,-0.0711398376263353,O[S](=O)(=O)c1ccccc1
A-3000,-0.109021036142908,Cc1cccc(c1C)[S](O)(=O)=O
A-3002,-1.1022783076858784,OC(=O)C(O)=O
A-3004,0.0682220127701326,[Li+].[O-][N+]([O-])=O
A-3005,-0.0310027246308077,CCCCNCCO
A-3006,0.0508808416473085,CNCCO
A-3007,0.0842446332707487,NCCO
A-3009,-0.1066031471521091,[OH-].[Cr+3].[O-][S]([O-])(=O)=O
A-3010,0.0946699915501307,[Na+].S
A-3018,-0.0617808444963965,CCOC(=O)N(CC)c1ccccc1
A-3078,-0.183433749071089,OC(=O)c1cc(ccc1O)[S](O)(=O)=O
A-3079,-0.1379366247149029,N[S](O)(=O)=O.C1COCCN1
A-3080,0.0893423837971617,[F-].[K+]
A-3081,-0.0566651210541961,OCCN1CCNC1=O
A-3083,-1.24969709201474,CC(=C)C(O)=O
A-3086,-0.2340984621978891,CC[N+](CC)(CC)CC.[O-]C(=O)c1ccccc1
A-3087,-0.7667070717966644,[Na+].[O-]C#N
A-3088,-1.2368646764928914,[Na+].OC([O-])=O
A-3089,-0.0187284346711302,OCCNCCO
A-3097,-0.0161477916330706,[Na+].[Br-]
A-3098,-0.0729088612169313,COCCOCCOC
A-3099,-1.4182192955940156,C/C=C/C(O)=O
A-3115,-0.09195869003807,[K+].CN(C)CC([O-])=O
A-3117,-0.0205664983120131,[K+].OC([O-])=O
A-3118,-1.719697284682964,CC(=C)CCO
A-3134,-0.1454580966092883,[Na+].[Na+].[O-][Se]([O-])=O
A-3135,-0.2846483640809621,[Na+].[Cl-].[O-]C(=O)c1ccc[n+](Cc2ccccc2)c1
A-3137,0.0135349034478248,CC(C)(N)C#C
A-3139,-0.5743657366846001,[Na+].[O-][V](=O)=O
A-3144,-0.0888187465674377,CC(O)CNCC(C)O
A-3148,-0.4374376029981187,O.O.O.O.O.O.O.[Cl-].[Cl-].[Cl-].[La+3]
A-3149,-1.09397598343877,CCC1CO1
A-3153,-0.2432911301740178,[NH4+].[NH4+].[O-][S](=O)(=O)OO[S]([O-])(=O)=O
A-3159,-0.1888230735009658,[Cl-].C[N+](C)(C)CC(O)CCl
A-3162,-0.0450713707888387,CC(C)(CO)CO
A-3168,-0.0712845958648062,[Na+].[O-]C(=O)CCl
A-3171,0.0314069425618926,[Na+].[O-]N=O
A-3172,-0.2044445035756247,[Na+].Cc1ccc(cc1)[S]([O-])(=O)=O
A-3175,0.1982420203752914,CO[P](=O)(CCC(=O)NCO)OC
A-3211,0.2806466013660901,[NH4+].[Br-]
A-3215,-0.3749476535298262,[K+].CC(=O)CC(=O)Nc1ccc(cc1)[S]([O-])(=O)=O
A-3216,-0.2358458059403109,CCOC1=C(O)C(=O)O[C@@H]1[C@@H](O)CO
A-3217,-0.3762752014427079,[Na+].[Na+].[Na+].[Na+].CC(O)([P]([O-])([O-])=O)[P]([O-])([O-])=O
A-3223,-0.3867193564106961,[Na+].CCCCC(CC)CN(CCC(O)=O)CCC([O-])=O
A-3230,-0.0460789936753048,[H+].[Cl-].CN(C)C
A-3232,-0.3468094708642785,CNC.OC(=O)COc1ccc(Cl)cc1Cl
A-3233,-0.0954501419767306,COCCC(=O)OC
A-3234,-0.0150408162966691,[K+].[O-]C#N
A-3236,-0.0641528776862436,[K+].[O-]P=O
A-3237,-0.0682189936960618,O.[Na+].[O-]P=O
A-3246,-0.3128702729579667,[Na+].[Na+].[O-][S](=O)(=O)OO[S]([O-])(=O)=O
A-3249,-2.224219951800764,OC(=O)C=C
A-3258,-0.1580446503854594,[Na+].[O-][S](=O)(=O)CC=C
A-3261,-0.672488897912361,COc1ccc2cc(oc2c1)C3N(C)c4cc(ccc4[NH+]3C)[S](C)(=O)=O.CC([O-])=O
A-3262,-0.3646503030794181,[Na+].OCCN1CCN(CC1)CC[S]([O-])(=O)=O
A-3263,-0.1049313561130298,NC(=O)[C@@H]1CCC[NH2+]1
A-3264,0.0025234827251304,[nH]1cncn1
A-3265,0.1391055970035928,[H+].[Br-]
A-3266,0.0054140858656673,[Na+].[O-]C=O
A-3299,-0.1797530099827438,[K+].[O-]C(=O)C(F)(F)F
A-3300,-0.1646896263891647,[Na+].[Na+].[O-][P]([O-])(F)=O
A-3301,0.070353878663697,OC=O
A-3303,-0.491202304778095,[NH4+].[NH4+].OC(=O)CN(CCN(CC(O)=O)CC([O-])=O)CC([O-])=O
A-3306,-0.5428479309420522,CCCCCCCCCCCC[N+](C)(C)CC(O)C[S]([O-])(=O)=O
A-3312,-0.1216646961741927,[K+].[Br-]
A-3313,-0.3076467189005333,Cc1ccc(cc1[S](O)(=O)=O)[N+]([O-])=O
A-3314,-0.3286182937215258,[Cr+3].CC([O-])=O.CC([O-])=O.CC([O-])=O
A-3319,-0.3859193209906824,[I-].[Cs+]
A-3320,-0.1813912741002319,[Cl-].CN1C[NH+](C=C)C=C1
A-3325,-0.2062605174657323,[Cl-].N[C@@H](CS)C(O)=O.[H+]
A-3329,-0.2992785943663519,[Na+].[Na+].[O-][Mo]([O-])(=O)=O
A-3330,-0.2674179572371999,[Cl].[Fe].[O-][S]([O-])(=O)=O
A-3331,-0.2197894403354933,[Cl-].[Cl-].[Cl-].[Fe+3]
A-3333,-0.199741708362367,[Fe++].[O-][S]([O-])(=O)=O
A-3337,-0.1958520846195237,[Na+].[O-]N1C=CC=CC1=S
A-3339,-0.2915424778061992,[Na+].OC[C@H](O)C1OC(=O)[C-](O)C1=O
A-3340,-0.158056828686962,[Cl-].[Cl-].[Ni++]
A-3345,-0.3576727976799087,[Ca++].N[S]([O-])(=O)=O.N[S]([O-])(=O)=O
A-3347,-0.1357733646037196,[Na+].OC[S]([O-])=O
A-3348,-0.0139494607528251,[nH]1ccnc1
A-3349,-0.2147219044335824,[Na+].N[C@@H](CC(O)=O)C([O-])=O
A-3352,-0.386802404922393,[Mn++].[O-][P]([O-])([O-])=O.[O-][P]([O-])([O-])=O
A-3357,-0.2497203497332676,CC1(C)CC(O)CC(C)(C)N1[O]
A-3358,-0.2181244551762404,[Na+].Cc1cccc2n[n-]nc12
A-3367,-0.2278322077353722,CC(C)C(=O)OC(=O)C(C)C
A-3369,-0.2159502760116137,[Na+].[O-]C(=O)[C@@H]1CCC(=O)N1
A-3371,-0.1615907928109316,[Na+].[Na+].[O-][P](=O)=O
A-3373,-0.5284240581769372,[K+].[K+].[K+].OC(CC([O-])=O)(CC([O-])=O)C([O-])=O
A-3374,-1.2426898090344194,OCCOCCOCCCNc1ccc(NCCCOCCOCCO)c2C(=O)c3ccccc3C(=O)c12
A-3375,0.0007453944528391,CC(O)=O
A-3376,-0.2112095816017901,OC(=O)CCC(=O)C(O)=O
A-3377,-0.6408237884818093,[Na+].[Na+].[O-][S](=O)(=O)CCCSSCCC[S]([O-])(=O)=O
A-3402,-2.436484658902808,S=[Sr]
A-3416,-0.0755793979644967,O=C1NCCN1
A-3420,-0.2569401919778619,[NH3+]O.[NH3+]O.[O-][S]([O-])(=O)=O
A-3421,-0.1841445407669607,[Cl-].[Cl-].[Co++]
A-3423,-0.2015866294179382,[K+].O[P](O)(O)=O
A-3435,-0.3216244755309989,OC(=O)CC(O)(CC(O)=O)C(O)=O
A-3437,-0.0795150886044892,Nc1[nH]ncn1
A-3438,-0.4680534101426228,OCCN1C(=O)N(CCO)C(=O)N(CCO)C1=O
A-3439,-0.3713576730746126,[Na+].OC(=O)CC(O)(CC(O)=O)C([O-])=O
A-3444,-0.2381616962575978,OC1COC(O)C(O)C1O
A-3445,-0.3588468167167905,CC(C)(CO)C(O)C(=O)NCCCO
A-3446,-0.2427195120960814,OC(C(O)C(O)=O)C(O)=O
A-3448,-0.3245664872035564,[K+].O[C@H]([C@@H](O)C([O-])=O)C(O)=O
A-3461,-0.0043258820780845,[Na+].[SH-]
A-3462,-0.1042747442836822,NCCC(O)=O
A-3463,-0.4180240833544959,[H+].[H+].[Cl-].[Cl-].CNc1nc(OC)ccc1N
A-3464,-0.1760689366541363,CCC(C)NCCO
A-3467,-0.5406958604940112,OC(=O)CC(O)(CC(O)=O)C(O)=O.C1CNCCN1
A-3468,-0.3435270261207467,[Na+].[Na+].[O-][S](=O)O[S]([O-])=O
A-3476,-0.254189862993933,[Na+].OCC[S]([O-])(=O)=O
A-3483,-0.4616613122554666,[Na+].[Na+].OC(=O)C(O)(CC([O-])=O)CC([O-])=O
A-3490,-0.1095362006046837,O=C1OC=CO1
A-3492,-0.3289411821470396,[Na+].CCC(C)OC(S)=S
A-3497,-0.4846082101592406,[Cd++].O[N+]([O-])=O.O[N+]([O-])=O
A-3498,-0.2641312151512187,[Na+].CCOC([S-])=S
A-3500,-0.4411208922368087,[Cl-].[Cl-].[NH3+]CCCCCCCC[NH3+]
A-3503,-0.2988798806293491,CN(C)CCOC(=O)C(C)=C
A-3504,-0.3860986307115764,[Na+].[Na+].OC(C(O)C([O-])=O)C([O-])=O
A-3505,-0.3580041340701106,CCO[P](=O)(OCC)OCC
A-3551,-0.493647590743864,[K+].CC(C)c1ccc(cc1)[S]([O-])(=O)=O
A-3552,-0.147767723849443,[NH4+].O.NC([O-])=O
A-3553,-0.4608953633490676,[Na+].CC(C)c1ccc(cc1)[S]([O-])(=O)=O
A-3555,-1.0265801912192145,CO[S]([O-])(=O)=O.C[N+](C)(C)CCCNC(=O)CCCCCCCCC=C
A-3566,-0.2866742559680637,CCC(CO)(CO)C(O)=O
A-3567,-0.778493302228157,[Pb++].[O-][N+]([O-])=O.[O-][N+]([O-])=O
A-3569,-0.8403680307406867,[Na+].[Na+].[Na+].OCCN(CCN(CC([O-])=O)CC([O-])=O)CC([O-])=O
A-3594,-0.6538887495161804,[Li+].[Li+].[Li+].O.O.O.O.OC(CC([O-])=O)(CC([O-])=O)C([O-])=O
A-3602,-0.1597634943798529,[Mg++].[Cl-].[Cl-]
A-3603,-0.5996955658250549,NCCCCCCN.OC(=O)CCCCC(O)=O
A-3605,-0.3399710891954166,[O-][S]([O-])(=O)=O.O=[V++]
A-3606,-0.3360929402073805,[Li+].O.O.O.[O-][Cl](=O)(=O)=O
A-3613,-0.4015256591558698,[Cl-].[Cl-].[Cd++]
A-3614,-0.4778836338795098,[Na+].[O-][S](=O)(=O)CCBr
A-3616,-0.1526544734558822,CCN(O)CC
A-3617,-0.4006247860222264,NC(N)=N.NC(N)=N.OC(O)=O
A-3618,-0.0789551455236044,[Li+].CC([O-])=O
A-3625,0.017669314897663,[Fe+3].[Fe+3].[O-][S]([O-])(=O)=O.[O-][S]([O-])(=O)=O.[O-][S]([O-])(=O)=O
A-3629,0.1131886929399965,[Zn++].[Br-].[Br-]
A-3636,-0.7687589353424942,[Na+].Cc1ccc(OCCC[S]([O-])(=O)=O)c(c1)[N+]([O-])=O
A-3641,-0.3001617224664214,[Cl-].[Cl-].[Zn++]
A-3650,-0.4361906330545714,N.N.O[C@H]([C@@H](O)C(O)=O)C(O)=O
A-3651,-0.3095322937305261,Cc1ncc(CN)c(N)n1
A-3652,0.1389639648319442,[Mn++].[O-][N+]([O-])=O.[O-][N+]([O-])=O
A-3653,-0.4487320490905289,CN(C)CCCNCCCN(C)C
A-3654,-0.6087837563435459,[H+].[H+].[Cl-].[Cl-].Nc1ccc(OCCO)c(N)c1
A-3655,-0.6642351102848278,[Na+].[Na+].[Na+].OC(CC([O-])=O)(CC([O-])=O)C([O-])=O
A-3665,-0.4198734602390772,[Na+].COC(=O)c1ccc([O-])cc1
A-3666,-0.4067564458426698,[Na+].NC(CCC(O)=O)C([O-])=O
A-3667,-0.0947366619175171,[Na+].[N-]=[N+]=[N-]
A-3668,-1.6055045066743805,[Na+].[Na+].[Mn++].[O-]C(=O)CN(CCN(CC([O-])=O)CC([O-])=O)CC([O-])=O
A-3675,-0.564000441429075,[H+].[Cl-].OCCNc1ccc2OCOc2c1
A-3678,-0.208930150036187,O=C1OC(=O)C=C1
A-3683,-0.2357306889238218,[Na+].[Na+].[O-]C([O-])=O
A-3687,-0.0767386806245117,C[C@H]1CO1
A-3692,-0.6244128267661416,[K+].[K+].[Zn++].[O-]C(=O)CN(CCN(CC([O-])=O)CC([O-])=O)CC([O-])=O
A-3752,-0.0767386806245117,C[C@@H]1CO1
A-3757,-0.7498152645602479,[Na+].CN(C)C(=S)SCCC[S]([O-])(=O)=O
A-3765,-0.2792326670050979,OCc1scnc1
A-3768,-0.4621900671263501,CC(=O)N1C[C@@H](O)C[C@H]1C([O-])=O
A-3775,-0.8957409203686109,O.O.O.O.O.O.O.[Co++].[O-][S]([O-])(=O)=O
A-3776,-0.3799762383094146,[Na+].CN(C)C([S-])=S
A-3779,-0.0745568642331204,[NH4+].[Cl-]
A-3781,-0.8320971557948614,[Cl-].Nc1cn(n[o+]1)N2CCOCC2
A-3791,-0.3566242050807942,OC1CNC(C1)C(O)=O
A-3798,-0.1689145313475798,[Cl-].[K+]
A-3799,-0.6374359556674067,O[S](=O)(=O)c1ccc2ccccc2c1
A-3811,-0.9609987658543808,[Na+].OC(=O)c1cc(cc(c1)[S]([O-])(=O)=O)C(O)=O
A-3819,-0.3765616371293909,[Cl-].C[n+]1ccccc1
A-3821,-0.3521176942161467,CCc1nccnc1C
A-3822,-0.1614340131660091,[H+].[Cl-].NO
A-3830,-0.6246642600244464,OC[C@H](O)[C@@H](O)[C@H](O)C(=O)C(O)=O
A-3831,-0.3407400816418611,C[N+]1([O-])CCOCC1
A-3833,-0.6116572773882668,[Na+].NCCNCC[S]([O-])(=O)=O
A-3835,0.0630586284854003,[K+].[O-][S](=O)(=O)CCCOC(=O)C=C
A-3847,-0.4006526836587821,CC(=O)C1CCOC1=O
A-3852,-0.1341106444923311,[Na+].[Cl-]
A-3853,-0.4650173711573954,[Li+].[Li+].[O-]C(=O)CCCC([O-])=O
A-3854,-0.4081900528600091,CC1OC(=C(O)C1=O)C
A-3866,-0.2567430797719802,O=C1CCCC1
A-3867,0.1947137085730401,[H+].[Cl-].CNC
A-3889,-0.3932403584776222,OC[C@H]1NC[C@H](O)[C@@H](O)[C@@H]1O
A-3943,0.1864870561737422,OCC#CCO
A-3950,-1.3604756221828214,OC(=O)CCC(N(CC(O)=O)CC(O)=O)C(O)=O
A-3969,-0.0314849451017243,[Cs+].[Cs+].[O-]C([O-])=O
A-3985,-1.377860453003049,O.O.[Cl-].[Cl-].[Ba++]
A-3986,-0.8957490260665982,OCC(Br)(CO)[N+]([O-])=O
A-3988,-0.290614384076735,Cc1[nH]ccn1
A-3991,0.1350609004152198,O=[Se]=O
A-3992,-0.3863804968949897,C1CCOCOC1
A-4004,-0.4065762651706191,[Li+].[Li+].[O-][S]([O-])(=O)=O
A-4006,-0.0164909974209557,CC(=C)C(=O)OCC[N+](C)(C)CCC[S]([O-])(=O)=O
A-4024,-0.4832423452437793,CC(=O)NNC(C)=O
A-4026,-0.7821270821695658,[Ca++].[O-]C(=O)C1CCC(=O)N1
A-4029,-0.6491500387703116,CN(C)CCOC(=O)C=C
A-4030,-0.4303542532844362,CC1COC(=O)O1
A-4039,-0.5921602483610454,[Cs]
A-4040,-1.1662040581086166,CC(C)(CO)COC(=O)C(C)(C)CO
A-4043,-0.3824141196145088,NNC(=O)NN
A-4045,-1.0728281862327078,[Na+].CC(=O)[C-]1C(=O)OC(=CC1=O)C
A-4061,-2.2996203424242667,N[C+](N)N.[O-]C(=O)c1ccccc1
A-4064,-0.9641873505137896,[Na+].[O-]C(=O)COc1ccccc1
A-4076,-1.72076331406719,[H+].[Cl-].NCC1(CCCCC1)CC(O)=O
A-4078,0.1310682448193642,[H+].[Cl-].NC(N)=N
A-4083,-1.4207262511110896,[Na+].Nc1ccc(cc1)[S]([O-])(=O)=O
A-4086,-0.8369962359997081,[Mn++].O[P]([O-])([O-])=O
A-4087,-1.1530728939183483,O.[Zn++].[O-][S]([O-])(=O)=O
A-4088,-0.6277597310753867,[Na+].[Na+].[O-][Si]([O-])=O
A-4097,-0.5713246731151332,Cc1[nH]cnc1CO
A-4099,-0.7345777278080866,[K+].O[P](O)([O-])=O
A-4104,-0.613210705685192,[NH4+].[O-][Cl](=O)(=O)=O
A-4106,-0.4255159235249038,CC(=C)C(N)=O
A-4114,-0.1197800699524907,OCCOCC#CCOCCO
A-4202,0.2122502464121136,CC(O)C(=O)N(C)C
A-4203,0.230682843232447,[NH4+].OCC([O-])=O
A-4216,-1.7247750037672198,[Cl].COc1cc(CN)ccc1O
A-4221,-0.0640294013825565,CC(O)CN.OC(=O)CC(O)(CC(O)=O)C(O)=O
A-4223,-0.7149544096527843,Cc1c(O)cccc1O
A-4224,-0.4546220683747707,CC(C)(O)C=C
A-4225,-1.0725159308619734,[Li+].[Li+].[O-]C(=O)CCCCC([O-])=O
A-4240,-0.3046764300486821,C/C=N/O
A-4241,0.1217916260526265,[Li+].[Br-]
A-4244,-1.7377357516657712,[Na+].[Na+].[O-][S](=O)[S]([O-])=O
A-4246,-0.3850855825566459,C\C=C/C=O
A-4248,-0.4008868153979745,CC1OC1C
A-4269,-0.4528523869512067,[Na+].[Na+].[SH-]
A-4270,-3.2694760368353606,[Ni++].CC([O-])=O.CC([O-])=O
A-4271,-1.6965807380126507,OC(C(F)(F)F)C(F)(F)F
A-4276,-0.916457627919219,[Ca++].[O-]C=O.[O-]C=O
A-4277,-1.1644681937421306,CC(=O)OCCOC(C)=O
A-4296,-0.9909259212027142,CCN(CC)CC(C)O
A-4303,-1.0808003284673584,COCC(C)OC(C)=O
A-4323,0.043946742850972,NC(N)=N.SC#N
A-4349,-1.357123358750572,COCCOC(=O)C=C
A-4351,-0.6727809475159876,CN(C)C(N)=O
A-4386,-0.0624204853157991,[Cu++].[O-][N+]([O-])=O.[O-][N+]([O-])=O
A-4392,0.1098786529802885,[nH]1cccn1
A-4416,-1.3031468423972572,C=CCOCC1CO1
A-4427,-0.0235655980905169,[La]
A-4451,-0.2165171601693438,[Rh+3].[O-][N+]([O-])=O.[O-][N+]([O-])=O.[O-][N+]([O-])=O
A-4463,-0.9336601069827976,CC(C)=CC=O
A-4464,-0.1790610400977437,[Li+].[OH-]
A-4480,-0.1277198403579278,COC1OC(CO)C(O)C(O)C1O
A-4483,-0.1090921161412216,OCC#CCO.ClCC1CO1
A-4484,-1.0451246091805426,CC1CCOC1
A-4485,-0.1900159280864714,[Cr+3].[O-][N+]([O-])=O.[O-][N+]([O-])=O.[O-][N+]([O-])=O
A-4486,-2.2601809609281096,CC(O)SC=C
A-4489,-0.6317098313976158,C[N+]([O-])=O
A-4490,-0.3133481935497001,[Sm+3].[O-][N+]([O-])=O.[O-][N+]([O-])=O.[O-][N+]([O-])=O
A-4492,-1.776452341356457,CCC(C)(O)C#C
A-4498,0.001639295750398,CN1CCCC1=O
A-4499,0.0531865959374134,CNC(N)=O
A-4500,-0.0395444970091832,OCCSCCO
A-4501,-0.1690936456532068,O.OC(=O)CC(O)(CC(O)=O)C(O)=O
A-4503,-0.0113524693673863,OCCOCCO
A-4504,-0.1531384962430153,CC(=C)C(=O)OCCN1CCNC1=O
A-4505,-0.0896643550514424,[H+].[Cl-].CN(C)C(C)(C)CO
A-4507,-0.0077433811858806,NCCNCCO
A-4508,-0.0343962206230042,CN(CCO)CCO
A-4509,-0.0843863675992317,OCCOCCOCCO
A-4510,-0.0828831210007236,OCCN(CCO)CCO
A-4511,0.0390683691226581,OCCCl
A-4512,0.0294910839921126,OC(=O)CC#N
A-4513,-0.0291382585057988,OCCOC(=O)C=C
A-4514,0.0600397411373809,CC(O)C#N
A-4515,0.0314533302907444,CC(C)(O)C#C
A-4516,0.0553213577978225,CC(C)(C)N
A-4519,0.0442060035907757,OCCS
A-4520,-0.0059171666427962,CN(C)CCCO
A-4521,-0.1823790529623128,CO[S]([O-])(=O)=O.C[n+]1ccn(C=C)c1
A-4522,-0.1197529634512202,Oc1ccc(cc1)[S](O)(=O)=O
A-4523,-0.0751394062822547,OCCCCOC(=O)C=C
A-4524,0.0252534859048982,CN(C)C(C)=O
A-4525,0.0035935824427287,CC(NC=O)C#N
A-4527,0.055421273024353,CNC(C)=O
A-4528,0.1353983048191378,C1CN1
A-4529,0.0191865942900598,CCC(O)CO
A-4530,0.0191865942900598,C[C@@H](O)[C@H](C)O
A-4531,0.0015559067074724,NC1CCCCC1
A-4532,0.0946088778260983,NC1CC1
A-4533,-0.0474742160680669,ClC(=O)C(Cl)=O
A-4534,0.129171514675903,NC=O
A-4535,0.0074255549474948,C[S](O)(=O)=O
A-4536,-0.0360033232685567,COC(=O)COCO
A-4538,-0.0002206026998096,O=C1CCCCO1
A-4539,-0.0077360071638734,CCCC(O)CO
A-4540,-0.0077360071638734,OCCCCCO
A-4544,0.05308750434755,CC(N)CN
A-4545,0.0531956060558823,CCC(O)=O
A-4546,-0.1355109350853929,[Na+].[O-]C(=O)C(Cl)(Cl)Cl
A-4548,-0.3142027861043402,[I-].CCCC[N+](C)(CCCC)CCCC
A-4549,-0.0254830821742263,OC(=O)C(F)(F)F
A-4620,-0.2818884569424102,NCC(F)F
A-4770,-0.5780868762254063,[Mg++].O[P]([O-])([O-])=O
A-4967,-0.2268504728614399,[Cl-].C[N+](C)=CCC(O)CC(N)=O
A-4972,-0.3533191308811029,Cc1cccc(C)c1NC(=O)C[NH+]2CC[NH2+]CC2
A-4973,-1.2936120124650496,[Na+].[Na+].[Na+].OC([O-])=O.[O-]C([O-])=O
A-4994,-0.2920358912746408,[H+].[Cl-].NNC(=O)C(N)CO
A-5025,-0.4156330469939446,[H+].[Cl-].OC(=O)C1CCNCC1
A-5111,-0.1416101070139065,[Zn++].[O-][N+]([O-])=O.[O-][N+]([O-])=O
A-5113,-0.3821288279869007,[Br-].CCCC[P+](CCCC)(CCCC)CCCC
A-5115,-0.0112506386208314,NC(CO)CO
A-5117,-0.2345987286055174,O.O.O.O.[Cl-].[Cl-].[Mn++]
A-5119,-0.2253390582056068,[Br-].CC[NH+](CC)CC
A-5122,-0.4059762375276384,CO[S]([O-])(=O)=O.C[N+](CCO)(CCO)CCO
A-5124,-0.6521523532960678,[Na+].[Na+].CCCCCCCCCCCCCCCCc1c(Oc2ccccc2[S]([O-])(=O)=O)cccc1[S]([O-])(=O)=O
A-5125,-0.3376170962250502,[NH4+].[NH4+].[O-]C(=O)CSSCC([O-])=O
A-5126,-1.272935223610032,OCCCOCC(OCCCO)C(OCCCO)C(OCCCO)C(COCCCO)OCCCO
A-5128,-1.7724227543438944,[Na+].[Na+].Nc1ncnc2n(cnc12)[C@@H]3O[C@H](CO[P](O)(=O)O[P]([O-])(=O)O[P](O)([O-])=O)[C@@H](O)[C@H]3O
A-5129,-0.5049300603114114,[Na+].[Na+].CN(CC(O)=O)C(N)=N[P]([O-])([O-])=O
A-5131,-0.4988445756287206,[Na+].OC[C@@H](O)[C@@H](O)[C@H](O)[C@@H](O)[C@@H](O)C([O-])=O
A-5132,-0.3670109415752098,[Na+].[Na+].[O-]C(=O)CCC(=O)C([O-])=O
A-5133,0.1840383637595865,NCCCCCCCCCCN
A-5135,-1.0911643655552454,[Na+].[Na+].CC(C)CCCCCCCO.OC(=O)CC(C(O)=O)[S](O)(=O)=O
A-5136,-0.4294973829637293,[Na+].[Na+].N[C@@H](CCC([O-])=O)C([O-])=O
A-5145,0.1162863463205106,CC(O)C(=O)NCCO
A-5147,-0.4103028766337439,OCC1CCCO1
A-5154,-0.7294410878370766,CC(=O)CC(C)=O
A-5155,-1.5631702245502217,COC(=O)CC(=O)OC
A-5157,-0.1507856069025432,[Na+].OC[C@@H](O)[C@@H](O)[C@H](O)[C@@H](O)C(O)C([O-])=O
A-5160,-0.0275088423813142,CN(C)C(=N)N(C)C
A-5161,-0.1082539711758531,OCC(O)COC(=O)CS
A-5162,-0.147708893679336,OCCOCCOCCOCCO
A-5163,-0.0326997948654768,CC(CCO)CCO
A-5164,-0.1067827640753507,CC(O)=O.OCCNCCO
A-5167,-0.1679056930816168,CC(O)=O.OCCN(CCO)CCO
A-5176,-0.3415732073501745,[Zn++].CCCCC(CC)C([O-])=O.CCCCC(CC)C([O-])=O
A-5190,-0.0449964378312788,CCC(N)(CO)CO
A-5191,-0.3989322780307873,O[Cr](=O)(=O)O[Cr](O)(=O)=O.c1ccncc1.c2ccncc2
A-5193,-0.0510950721601084,[NH3+][C@H]1CCCC[C@H]1[NH3+]
A-5194,-0.0205743995344389,[Na+].[O-]CCS
A-5196,-0.2962647755171325,CN(C)Cc1cc(CN(C)C)c(O)c(CN(C)C)c1
A-5197,-0.1708975283868229,[Cs+].OC=O
A-5198,-0.1733260073454533,OC(=O)COCCOCC(O)=O
A-5199,-0.1012938394447957,COCNC(=O)C(C)=C
A-5201,-0.6961595978644497,[Na+].[Na+].[Na+].[Na+].[Na+].[O-]C(=O)CN(CCN(CC([O-])=O)CC([O-])=O)CCN(CC([O-])=O)CC([O-])=O
A-5202,-0.2406230182076156,CCCCNC1CC(C)(C)NC(C)(C)C1
A-5203,-0.3939497301189256,NC(N)=O.OC[P+](CO)(CO)CO.O[S]([O-])(=O)=O
A-5205,-0.2330847200294596,[Na+].[Na+].[O-][Si](=O)O[Si]([O-])=O
A-5206,-0.0532298798273448,CC(C)(C)OO
A-5208,-0.4414399867041567,O.O.O.O.O.O.[Co++].[O-][N+]([O-])=O.[O-][N](=O)=O
A-5209,-0.3714967978882121,[Cl-].NC(N)=O.OC[P+](CO)(CO)CO
A-5210,-0.6757312062572973,CC(O)CN(CC(C)O)C(=O)CCCCC(=O)N(CC(C)O)CC(C)O
A-5211,-0.1221004822459871,OC(=O)CCS
A-5213,-0.2385076003505898,[H+].[Cl-].COC(=O)C(N)CO
A-5214,-0.1860651005996938,CC1(C)COC(=O)C1O
A-5216,-0.3219683248838714,CN(C)CCOCCN(C)CCO
A-5217,0.0509652487684417,NC#N
A-5218,-0.1982218880657236,NCCN1CCNC1=O
A-5225,-1.1372149955087012,[Cl-].CC(C)(C)CC(C)(C)c1ccc(OCCOCC[N+](C)(C)Cc2ccccc2)cc1
A-5226,-0.4040342963586344,CC(C)(CO)[C@@H](O)C(=O)NCCCO
A-5227,-0.7845922790689893,CN(C)CCCN1CN(CCCN(C)C)CN(CCCN(C)C)C1
A-5228,-0.1847606874887423,[Cr].CC([O-])=O
A-5230,-0.3795298897637124,CC(O)CN(CC(C)O)CC(C)O
A-5231,-0.3591729047218815,[Cl-].NCCCC[C@H](N)C(O)=O.[H+]
A-5232,-0.4701939506910731,[Na+].CC(C)(C[S]([O-])(=O)=O)NC(=O)C=C
A-5233,-0.2430287230398647,CC1(O)CC(C)(O)OO1
A-5234,-0.4778444366168839,NCCNCCNCCNCCNCCN
A-5235,-0.5000499986889988,CN(C)CCCNC1CC(C)(C)NC(C)(C)C1
A-5236,-0.5280852913071115,[Ni++].O[P](O)([O-])=O.O[P](O)([O-])=O
A-5237,-0.7511092535480476,[Na+].CC(C)COC(=O)CC(C(=O)OCC(C)C)[S]([O-])(=O)=O
A-5238,-0.9600866914916862,[Na+].CC(C)CC(C)OC(=O)CC(C(=O)OC(C)CC(C)C)[S]([O-])(=O)=O
A-5239,-0.4776029857392335,[Na+].CCCCC(CC)CO[S]([O-])(=O)=O
A-5240,-0.1448305400494631,[Na+].CCC([O-])=O
A-5242,-0.8032762832499695,Cc1ccc(cc1)[S](O)(=O)=O.CC2(C)CC(N)CC(C)(CN)C2
A-5243,-0.1456428716512368,[Na+].[O-]C(=O)C=C
A-5244,-0.2195348360471436,[OH-].C[N+](C)(C)CCO
A-5246,-0.3204301928700306,CC(CCN)CC(C)(C)CN
A-5247,-0.5418060294115506,[Na+].CCCCCCCCO[S]([O-])(=O)=O
A-5251,-0.8474446649466232,[Na+].CCCCCCC(CCCC)CO[S]([O-])(=O)=O
A-5255,-0.9627209880057722,[Li+].CCCCCCCCCCCCO[S]([O-])(=O)=O
A-5256,-0.9872131508948652,[Na+].CCCCCCCCCCO[S]([O-])(=O)=O
A-5258,-0.1102611939170578,CCCCCCCC\C=C/CCCCCCCC(=O)N(C)CC(O)=O.OCCN(CCO)CCO
A-5260,-0.2247418441786935,OCC(O)=O
A-5261,-0.5884013409960077,[H+].[Cl-].CN(C)C(=N)N=C(N)N
A-5267,-0.0158066762090334,CCCC(CCC)CCCC1COCCN1CCO
A-5268,-0.7196763183145481,[Na+].CNCC[S]([O-])(=O)=O
A-5274,0.0709425414915366,O[C@@H]1CO[C@@H]2[C@@H](O)CO[C@H]12
A-5276,0.0700644059946427,NCc1ccc(CN)cc1
A-5277,0.0253025127442572,COC1COC2C(COC12)OC
A-5290,-0.295554099797115,[Cl-].COC[P+](c1ccccc1)(c2ccccc2)c3ccccc3
A-5291,-0.3107391641561559,[NH4+].[Cl-].[Cl-].[Cl-].[Cl-].[Au+3]
A-5293,-0.0228358828012129,[Ca++].[O-][PH]([O-])=O
A-5295,-0.2664609227433045,N.N.N.N.[Pd++].CC([O-])=O.CC([O-])=O
A-5299,-0.0320154327693751,CC(CO)(CO)C=O
A-5300,-0.2725321355871618,NCCNCCNCCN.NCCN(CCN)CCN
A-5301,-0.3748899947338834,NCCNCCNCCNCCN.NCCNCCN(CCN)CCN
A-5303,-0.0040885892316531,CN(C)CCCN
A-5304,-0.1442602433987721,[Cl-].CCN(CCC[NH+](C)C)C#N
A-5305,-0.0782645237279928,CCC1(CO)COCOC1
A-5308,-0.0495394001367343,CN1CCCN(C)C1=O
A-5310,-0.0720682429249089,OCC1CN2CCN1CC2
A-5311,-0.0257811653199971,CN1CCN(C)CC1
A-5312,-0.0813690238472368,CCOCCOCCOC
A-5313,-0.0239679192571207,CCN1CCCC1=O
A-5314,-0.052772599199435,OCCCOC(=O)C=C
A-5316,-0.2145947218468293,CC(O)CN(CCCN(C)C)CCCN(C)C
A-5317,-0.0077433811858806,NCCOCCN
A-5318,-0.1850218735445115,COCCOCCOCCOCCOC
A-5319,-0.1255042281037675,COCCOCCOCCOC
A-5320,-0.0275018638203336,CC1CNCC(C)O1
A-5323,-0.0889848364042761,NCCO.OC(=O)CS
A-5324,-0.0781965390000208,CC(CCC(O)=O)C(O)=O
A-5325,-0.055916008645563,OC(=O)CC(=O)C(O)=O
A-5326,-0.1082175670433109,OCC(O)COCC(O)CO
A-5327,-0.2367465679932844,Cl.CC1=C(CCCl)C(=O)N2CCCCC2=N1
A-5328,-0.3863315450394594,OCN1C(NC(=O)NCNC(=O)NC2N(CO)C(=O)NC2=O)C(=O)NC1=O
A-5329,0.0172145164704453,NCC(O)CO
A-5331,0.0356798778354781,Cc1[nH]ncc1
A-5332,-0.0020776903737844,CC(=O)CC(N)=O
A-5333,-0.0325483313979022,OCC1COC(=O)O1
A-5334,-0.0511591490228564,CC(=O)N1CCOCC1
A-5335,-0.1875801897521647,OCCOCC(COCCO)OCCO
A-5336,-0.0176430719687922,[Cl-].C[N+](C)(C)C
A-5337,-0.0511591490228564,CN(C)C(=O)CC(C)=O
A-5338,-0.0528511445866392,CN(C)CCCNC=O
A-5340,0.0894273839472735,CNC=O
A-5342,-0.0168356455071123,[NH4+].[O-]C(=O)CS
A-5344,-0.5578279006590446,OCCN(CCO)CCO.OCCN(CCO)CCO.OC(=O)CCCCCCCCCCC(O)=O
A-5345,-0.0768161758022494,CN(CCCN)CCCN
A-5346,-0.1113902216159349,[Cl-].[Cs+]
A-5347,-0.0839865694844062,[OH-].[Cs+]
A-5348,-0.4989780245916337,[Ca++].OCC1OB(O)OC1C(O)C(O)C([O-])=O.OCC2OB(O)OC2C(O)C(O)C([O-])=O
A-5349,-0.1338726783337053,NCCO.NCCO.OC(O)=O
A-5350,-0.355124559501918,[Cs+].[Cs+].[O-][S]([O-])(=O)=O
A-5351,-0.1353315882536445,[K+].OC(=O)CCCCC(O)=O
A-5352,-0.7656250573028438,[Na+].[Na+].CCN(Cc1cccc(c1)[S]([O-])(=O)=O)c2ccc(cc2)N=Nc3ccc(N=Nc4cccc(c4)[S]([O-])(=O)=O)c5ccccc35
A-5353,-0.4995077469788102,[Na+].[Na+].Nc1ccc(NNC2=C3C(=O)C=C(C=C3C=CC2=N)[S]([O-])(=O)=O)c(c1)[S]([O-])(=O)=O
A-5354,-0.2004360818243201,CC(=O)OCCOCCOCCOC(C)=O
A-5355,-0.1154842221006157,CCOC(=O)N1CCC(=O)CC1
A-5356,0.0231122513142046,CCC[NH2+]CC
A-5357,-0.1835863180549199,[Cl-].[Cl-].[Cl-].[In+3]
A-5359,-0.7490803736933501,NC(=O)c1ccc[n+](c1)C2OC(CO[P]([O-])(=O)O[P](O)(=O)OCC3OC(C(O)C3O)n4cnc5c(N)ncnc45)C(O)C2O
A-5361,-0.0256970249460471,O=C1CCCCCO1
A-5362,0.0273688925498652,O=C1CCCO1
A-5364,0.0053562969250619,[K+].[S-]C#N
A-5365,-0.3011567178281398,[K+].[O-][P](=O)(OCc1ccccc1)OCc2ccccc2
A-5367,0.0973669698890069,OCC#C
A-5368,0.0486918504473609,OCCCO
A-5370,-0.0167961245841452,OCc1cccnc1
A-5371,-0.1082510589647591,[Na+].CCCCC(CC)C([O-])=O
A-5372,-0.6213784633649773,[Na+].COCCOCCOc1cc(Nc2c(C)cc(C)c(c2C)[S]([O-])(=O)=O)c3C(=O)c4ccccc4C(=O)c3c1N
A-5373,-0.1393761648536834,[Na+].CCOC(=O)c1ccc([O-])cc1
A-5374,-0.1665484415764446,[Na+].CCO[P]([S-])(=S)OCC
A-5375,-0.2381797491218783,[Na+].CC(C)CO[P]([S-])(=S)OCC(C)C
A-5376,0.0378697471764312,[Na+].[S-]C#N
A-5379,-0.0529165878616878,CC(C)COC(C)(C)C
A-5380,-0.2068315237065412,C[N+](C)(C)C.OC(=O)c1ccccc1C([O-])=O
A-5381,0.017126981884333,[OH-].C[N+](C)(C)C
A-5382,-0.7919603019717949,[Na+].[Na+].[Na+].Cc1cc(N\N=C\2C=CC(=O)C(=C2)C([O-])=O)c(OCCC[S]([O-])(=O)=O)cc1N=Nc3ccc(cc3[S]([O-])(=O)=O)[N+]([O-])=O
A-5383,-0.2270199012513004,[Zn++].[O-][P]([O-])([O-])=O.[O-][P]([O-])([O-])=O
A-5407,-0.6700094100168819,CCCCCCCCCCCCc1ccccc1[S](O)(=O)=O.CC(C)(N)CO
A-5408,-0.7971506596885511,OC(=O)\C=C/C(=O)OCCOCCOCCOC(=O)\C=C/C(O)=O
A-5429,-0.1045281162687242,ClCCCN1CCOCC1
A-5431,-0.2633452788562641,[Y+3].[O-][N+]([O-])=O.[O-][N+]([O-])=O.[O-][N+]([O-])=O
A-5437,-1.2397975567910773,CCCCCCCC(=O)NCCCC[C@H](N)C(O)=O
A-5440,-0.5213224935915908,[Na+].[Na+].[Na+].[O-]O[P]([O-])(=O)CC([O-])=O
A-5445,-0.3428062511718905,FC(F)(F)[S](=O)(=O)N[S](=O)(=O)C(F)(F)F
A-5483,-0.5905424196840765,COc1ccc(cc1)C(CN(C)C)C2(O)CCCCC2
B-5,0.0192824957617318,CC(O)C(O)=O
B-31,-2.744727494896694,S=[P](N1CC1)(N2CC2)N3CC3
B-34,-0.4440595621814888,NC(CS)C(O)=O
B-40,-0.1024828705994746,CN1CCC[C@H]1c2cccnc2
B-47,0.0416295084751377,NCCCC(O)=O
B-50,-0.5304725208129861,Nc1ncnc2n(cnc12)C3OC(CO[P](O)(=O)O[P](O)(=O)O[P](O)(O)=O)C(O)C3O
B-56,-0.0782615163154013,NCCCCC(N)C(O)=O
B-58,-0.116736140415026,OCC(O)CO[P](O)(O)=O
B-61,0.0867512312420567,CN(C)N
B-64,-0.1970211446647382,OC[C@@H](O)[C@@H](O)[C@H](O)C(=O)CO
B-65,-0.103584023526877,OC[C@H]1O[C@H](O[C@]2(CO)O[C@H](CO)[C@@H](O)[C@@H]2O)[C@H](O)[C@@H](O)[C@@H]1O
B-66,0.0486748149922294,CC(O)CO
B-80,-0.1255181823005335,CCN(CC)C(=O)c1cccnc1
B-83,-0.6561976668383449,[Cl-].Cc1ncc(C[n+]2csc(CCO)c2C)c(N)n1
B-88,-0.2329926360501959,OCC1OC(O[P](O)(O)=O)C(O)C(O)C1O
B-89,-0.0291419430034976,O=NN1CCOCC1
B-95,-0.2325472819022268,NCCCCCC(O)=O
B-107,-0.6103024517936143,CC(C)(N)C(O)=O
B-110,0.0191994010552879,[Na+].[O-]C(=O)CF
B-112,-0.0919977988274463,COC(=O)C1=CCCN(C)C1
B-122,-0.4088240496882086,[H+].[Cl-].Cc1ncc(CO)c(C=O)c1O
B-126,-0.3225755622987525,Cc1ncc(CO)c(C=O)c1O
B-131,0.092018470752797,CC(C)=O
B-132,0.0442260771126825,C[S](C)=O
B-150,-0.022047878798538,[Na+].CC(O)C([O-])=O
B-167,0.1954014495202189,C#N
B-174,-0.2389747482886274,ON=C
B-176,0.1322596895310445,C1CO1
B-181,0.0893044518478706,CC(C)N
B-183,0.094610863032137,CC1CN1
B-184,0.0649070271596361,C[As](C)(O)=O
B-190,0.0293837776852096,CC(C)(O)C#N
B-196,-0.2632052450756393,CC(Cl)(Cl)C(O)=O
B-199,-0.0533021627542581,OC(=O)C(F)(F)Cl
B-208,0.1667556386652376,CC(C)(CO)[N+]([O-])=O
B-219,-0.1121577348926429,CC(CO)(CO)[N+]([O-])=O
B-227,-0.0593341275241711,CCC(CO)(CO)CO
B-242,0.0553400995441814,CC(C)CN
B-249,0.0508822106640294,CC(O)CN
B-251,0.0414716406137471,OC(=O)CBr
B-255,0.0487912738484097,CC(=O)OO
B-257,-0.0508052257620177,OC(=O)C(Cl)Cl
B-259,-0.1810486883598272,CC(C)(CO)C(O)C(=O)NCCC(O)=O
B-280,0.0994043723455424,O[S](=O)(=O)c1cccc2C(=O)c3cccc(c3C(=O)c12)[S](O)(=O)=O
B-290,-0.743763466794077,O[P](O)(=O)O[C@H]1[C@H](O[P](O)(O)=O)[C@@H](O[P](O)(O)=O)[C@H](O[P](O)(O)=O)[C@@H](O[P](O)(O)=O)[C@H]1O[P](O)(O)=O
B-318,-0.2187474057515436,Oc1cccc(O)c1O
B-337,-0.4752145506787776,OCC(O)C(O)C1OC(=O)C(O)C1O
B-346,-0.2839131462251679,OCC1OC(=O)C(O)C(O)C1O
B-350,-0.1517492853229575,c1ccc2nccnc2c1
B-359,-0.4221636587072559,Nc1ccc2cc3ccc(N)cc3nc2c1
B-391,0.0211479357209946,CCC(N)CO
B-392,-0.0193150256366853,OCC(O)CCl
B-393,-1.2225731776106885,CC\C(C)=N\O
B-408,-0.0326392600340502,CCOC(=O)C(C)O
B-413,0.0035897671891398,OCc1occc1
B-424,-0.0496351456238769,OC(=O)c1ccccn1
B-437,-0.0310036733516877,CCN(CC)CCO
B-444,-0.0292348402192323,OCC1CCCCO1
B-445,-0.0275194501235241,CCN1CCOCC1
B-457,-0.2724587429714435,CC(O)CN(CCN(CC(C)O)CC(C)O)CC(C)O
B-465,-0.0378201470912322,CNCc1ccccc1
B-471,-0.2546128786799912,Cc1ccc(cc1)[S](O)(=O)=O
B-478,-0.0560605355277835,OCC1CCC(CO)O1
B-486,-0.1978422468130384,COC(=O)CC(C)=O
B-502,-0.0593341275241711,CC(O)COC(C)CO
B-515,0.094610863032137,NCC=C
B-517,0.0867512312420567,NCCN
B-518,0.092018470752797,OCC=C
B-520,0.0817432499227211,OCCO
B-521,0.0921238692442506,O=CC=O
B-525,-0.0461437017750141,OCC[S](O)(=O)=O
B-526,-0.0326860817129165,CC(O)CC(C)(C)O
B-527,-0.0687455935835865,CC(C)O[P](C)(F)=O
B-529,-0.269783159431306,CCO[P](=O)(OCC)O[P](=O)(OCC)OCC
B-533,-0.4780777551164996,COC(C)(C)CC(C)=O
B-536,0.0191994010552879,CC(O)CCO
B-537,0.0232524596337114,CC(O)CC=O
B-538,-0.7228493860362033,NC(=O)CC#N
B-542,-0.2779422286685358,CNCC(O)=O
B-544,0.0211479357209946,CN(C)CCO
B-549,-1.1536628878701949,CC(=O)OC(C)=O
B-569,-0.1953154850930596,CC1CNCCN1
B-582,0.0600553648248448,OCCC#N
B-585,0.0486748149922294,NNCCO
B-597,-0.0326392600340502,COCCOC(C)=O
B-615,-0.3074174377250909,OC(=O)COCC(O)=O
B-618,-0.5660702343915359,CCOCCOC(C)=O
B-623,-0.0059469364123247,NCCNCCN
B-633,-0.0360705779734415,COCCOCCO
B-637,-0.0593341275241711,CCOCCOCCO
B-645,-0.1024278861742693,CCCCOCCOCCO
B-646,-0.1053516962064829,COCCOCCOCCO
B-647,-0.1024278861742693,CCOCCOCCOCC
B-648,-0.1255181823005335,CCOCCOCCOCCO
B-661,-0.0903904895098311,CN(C)[P](F)(=O)N(C)C
B-663,-0.0095723415147364,CC(N)(CO)CO
B-665,-0.74521031260279,CCC(CC)(CO)CO
B-672,0.0531937276008696,CC(=O)CO
B-673,0.0576661039098292,COC(C)=C
B-675,-0.0964217063369456,CC1(C)N(CO)C(=O)NC1=O
B-679,-0.5897290357478155,O[S](=O)(=O)c1cccc2C(=O)c3c(cccc3[S](O)(=O)=O)C(=O)c12
B-694,-0.1705675663824013,CC(C)n1nc(C)cc1OC(=O)N(C)C
B-696,-1.0065637695023884,CCCCN(CCN(CCCC)C(=O)N1CCOCC1)C(=O)N2CCOCC2
B-707,-0.208028798979232,[nH]1cnc2ncncc12
B-728,-0.0292348402192323,CC(=O)CC(C)(C)O
B-732,-0.0326860817129165,CC(O)CNCCN
B-735,-0.3711004355793933,OC(=O)CSCC(O)=O
B-742,-0.5813673126459346,C[As](O)(O)=O
B-743,-0.4921441283041691,[Cl-].OC[P+](CO)(CO)CO
B-744,0.0211479357209946,CC(C)(N)CO
B-756,0.0487912738484097,NC(=O)NO
B-757,0.0233347825383088,CC(=O)C(O)=O
B-791,-0.500450374094851,[H+].[Cl-].NC(CCC(O)=O)C(O)=O
B-794,-0.4934949675951279,NCc1ccc(cc1)[S](N)(=O)=O
B-801,-0.057743849580535,CC[NH+](CCO)CCO
B-816,-0.2041894753325916,CO[P](=O)(OC)OC(/C)=C/C(=O)N(C)C
B-819,-0.0628834892329461,OC(=O)CC(O)=O
B-822,0.0093658983462446,O=C1NC=CC=C1
B-823,-0.0058148717976828,CC(=O)NCCO
B-828,-0.3859468940127806,[H+].[H+].[Cl-].[Cl-].C1CNCCN1
B-832,-0.1639925408744685,CCCCOCCOCCOCCO
B-834,-0.8158766457603289,[Na+].CCC(C)C1(CC)C(=O)NC(=O)[N-]C1=O
B-837,-0.4305090456512169,[Na+].[Na+].C[As]([O-])([O-])=O
B-838,0.044422155711843,OC(=O)CF
B-841,-1.1739251972991736,CC(O)C(N)C(O)=O
B-842,-0.0842836620540062,O[C@@H]([C@H](O)C(O)=O)C(O)=O
B-851,-1.0390538042661686,[Na+].[Na+].[O-]C(=O)CCC([O-])=O
B-852,0.0185340704281831,[K+].[C-]#N
B-854,-0.2649602949662791,CN(C)[P](=O)(O[P](=O)(N(C)C)N(C)C)N(C)C
B-877,-0.2194666746835956,C1CN2CCN1CC2
B-879,-0.4171415377755007,o1cccn1
B-884,-0.2812492652603348,CCN(CC)C(=O)/C(Cl)=C(/C)O[P](=O)(OC)OC
B-887,0.0273496077747565,C1OC1C2CO2
B-893,-0.2156680519778517,CC[S](=O)CCS[P](=O)(OC)OC
B-900,-0.3996806702483389,[Na+].[K+].O[C@H]([C@@H](O)C([O-])=O)C([O-])=O
B-925,-1.138465589140962,Cn1cncc1C[C@H](N)C(O)=O
B-927,0.0767860335080792,OCCF
B-930,-0.5094796906366512,CC(O)C(F)(F)F
B-932,0.0075770983043386,OC(=O)C(F)F
B-946,-0.1526124489726046,OC(=O)Cc1cc(O)ccc1O
B-948,0.0232524596337114,OC1CCOC1
B-979,-1.9244530386074687,OC[C@H]1O[C@@H](O[C@@H]2OC=C[C@H]3[C@H](O)C=C(CO)[C@@H]23)[C@H](O)[C@@H](O)[C@@H]1O
B-993,-0.1881569938235227,CN1C[C@@H]2C[C@@H](C1)C3=CC=CC(=O)N3C2
B-1004,-0.3533022687006655,OC[C@H]1O[C@H](O)[C@H](O)[C@@H](O)[C@@H]1O
B-1006,-0.1024828705994746,C1CC[C@H](NC1)c2cccnc2
B-1007,-0.0688473614767067,OCc1cc(O)ccc1O
B-1012,-0.0560605355277835,CC1OCCO1
B-1017,-0.1081838804751395,C\C(=C\C(O)=O)C(O)=O
B-1025,0.092018470752797,C1COC1
B-1027,0.0273496077747565,C\C=C/C(O)=O
B-1050,-0.3667335888445754,CC(=C)CO
B-1054,0.0232524596337114,CC(O)C(C)=O
B-1060,-0.119357873595715,CC(C(O)=O)C(O)=O
B-1071,-0.2674454201485678,O[S](=O)(=O)c1ccc2c(cccc2[S](O)(=O)=O)c1
B-1077,-0.3644157336887699,[Na+].OCC(O)C(O)C(O)C(O)C([O-])=O
B-1093,-0.2318060383669284,[Na+].[O-]C(=O)c1ccccc1
B-1100,-0.0077558559532285,CNC(=S)NC
B-1101,0.0191994010552879,COC(C)OC
B-1102,-0.3596179552904315,CCCCC(C(O)=O)C(O)=O
B-1120,-0.0442160710830885,OCCBr
B-1122,0.0867512312420567,CNNC
B-1130,-0.0058148717976828,CC(N)CC(O)=O
B-1131,-0.0039263455147246,CC(=O)CC(O)=O
B-1144,-0.7104110474574032,[Ba++].CC([O-])=O.CC([O-])=O
B-1147,-0.839831707041488,[Sr++].CC([O-])=O.CC([O-])=O
B-1150,0.0112743289047249,N#CCCCC#N
B-1153,-0.0076674409525356,COC(=O)C(C)O
B-1154,-0.7342390832823894,C=C1CCOC1=O
B-1164,-0.380176499542722,CN1C2CCCC1CC(=O)C2
B-1179,0.0531937276008696,OCC1CO1
B-1183,-0.1707605718586109,O=C1NC=CC=N1
B-1186,-0.6617427697537444,[Zn++].CC([O-])=O.CC([O-])=O
B-1192,-0.7953374882517811,CC(C)(O)CCl
B-1202,0.0273496077747565,C1O[C@@H]1[C@H]2CO2
B-1218,-0.9681877286696297,OC1C(O)C(O)C(O[P](O)(O)=O)C(O)C1O
B-1230,-0.0994690175472441,C1N[C@@H](CC=C1)c2cccnc2
B-1233,-0.7512912643990821,[K+].[K+].[O-]C(=O)C([O-])=O
B-1240,-0.4422522583585317,OC(=O)C\C(=C/C(O)=O)C(O)=O
B-1241,-0.5418155644297372,OCC(O)C(O)C(OC1OC(CO)C(O)C(O)C1O)C(O)CO
B-1242,-0.3319870283581679,OCC1OC(OCC2OC(O)C(O)C(O)C2O)C(O)C(O)C1O
B-1246,-0.0167797853518971,OCc1ccncc1
B-1262,-0.0320777932694825,[K+].[O-]C=O
B-1265,-0.2992097786256531,[Cl-].CC(C[N+](C)(C)C)OC(N)=O
B-1286,-0.0828096914884358,CCC(CO)(CO)[N+]([O-])=O
B-1300,-0.0156977680200966,CC(Cl)C(O)=O
B-1307,-0.1357856695386703,CCC(C(O)=O)C(O)=O
B-1311,-0.2055119533408304,CC(O)Cn1cnc2N(C)C(=O)N(C)C(=O)c12
B-1322,-0.6991872058818831,O[C@H]([C@H](O)[C@H](O)C(O)=O)[C@H](O)C(O)=O
B-1324,-0.2909845830278826,CCOC(=O)C(=O)C(=O)OCC
B-1333,-1.2448877336049289,OCc1ccccc1CO
B-1345,-1.714442690992226,CCC(O)C=C
B-1348,-0.1672995290394326,CCCC(C(O)=O)C(O)=O
B-1351,-0.2276049389179998,CCCCCC(C(O)=O)C(O)=O
B-1357,-0.5253467466379372,CN(C)c1cccc(c1)[S](O)(=O)=O
B-1367,-0.0874060022478943,OC(=O)Cc1cccc(O)c1
B-1391,0.0192824957617318,COCC(O)=O
B-1392,0.0172838215600177,OCC[N+]([O-])=O
B-1400,0.0093658983462446,O=C1C=CNC=C1
B-1407,-2.0315170514460648,OCCCBr
B-1409,-0.3743789185750923,OCCCCl
B-1429,-0.0060790411987131,OC(=O)C(Br)Br
B-1432,-0.0292348402192323,CN(C)C(=O)N(C)C
B-1449,0.0465731976620053,NC(=O)CF
B-1456,0.0531937276008696,C1COCO1
B-1457,-0.0309103970450784,NCCCCC(O)=O
B-1458,-0.0343280287798932,N[C@@H](CCO)C(O)=O
B-1460,-0.1268538486717443,CN(C)[P](=O)(N(C)C)N(C)C
B-1466,-0.9434762759208996,CCOC(=O)N[C@@H](C=O)[C@@H](O)[C@H](O)[C@H](O)CO
B-1472,-0.0167797853518971,CN1C=CC=CC1=O
B-1492,-0.5292955702772119,CCO[P](=O)(OCC)O[P](=O)(OCC)O[P](=O)(OCC)O[P](=O)(OCC)OCC
B-1503,0.0577801767945817,O=CC1CO1
B-1511,-0.3911531776735883,CCCO[P](=O)(OCC)OCC
B-1515,-0.9013562741829432,[Ca++].[O-][S](=O)(=O)C[S]([O-])(=O)=O
B-1517,-0.1024278861742693,CC(O)CCOCCC(C)O
B-1521,-0.1197582241045196,CC1CC(OC(C)O1)OC(C)=O
B-1533,-0.1703746466419506,CC(=O)NCCNC(C)=O
B-1546,-0.0914613678280405,OCNC(=O)C=C
B-1551,-0.0002172015458642,O=NN1CCCC1
B-1555,-0.1986649043254534,O=C1CCCCCCCN1
B-1571,0.0251829343354492,CC(C)N(C)C
B-1574,-0.0527623921293335,CC(O)COC(=O)C=C
B-1577,-1.140861702705469,CC1CCC(C)O1
B-1578,-0.0167797853518971,Cc1cc[n+]([O-])cc1
B-1579,-0.0167797853518971,CC1=CC=C[NH++]([O-])[CH-]1
B-1589,0.0151081606458371,C[Si](C)(O)O
B-1600,-0.1731480521793561,CNC(=O)CS[P](=O)(OC)OC
B-1604,-0.0592843430933373,OCCN(CCO)N=O
B-1634,-1.5934598195660448,NCC1CCC(CC1)C(O)=O
B-1675,-0.0326860817129165,CCCOCC(C)O
B-1676,-1.8181564120552276,C/C=C/C(C)O
B-1718,-0.0372519466413594,[NH4+].[S-]C#N
B-1769,-0.3392293564723027,CC(C)C(NC(=O)CN)C(O)=O
B-1770,-0.3849973854754117,OCCNC(=O)CCCCC(=O)NCCO
B-1780,-0.7607005208731075,Cc1ncnc2nc[nH]c12
B-1789,-0.0252580954990498,CC(O)C(N)=O
B-1797,-0.3139897086847144,COC(C)C(N)C(O)=O
B-1809,-0.2564902352715702,[Na+].C[As](O)([O-])=O
B-1841,-0.2663213443229121,CNC(=O)CCSCCS[P](=O)(OC)OC
B-1888,-0.5731635461964919,OC(=O)CNC=O
B-1902,-0.5347659050119856,CCC1OCCO1
B-1932,-0.1375108330941029,COC1=COC(=CC1=O)CS[P](=O)(OC)OC
B-1933,-0.2799234272318593,CC(O)([P](O)(O)=O)[P](O)(O)=O
B-1935,-0.3130064337353215,C[C@H]1C[NH2+][C@H](C)C[NH2+]1
B-1938,-0.5424208530042375,CCC(N)C(O)=O
B-1964,-0.4898573005974269,OC(=O)CNCCC#N
B-1970,-0.4873156037828364,NC(=O)NCl
B-1971,-0.6728454875905685,CC(C)C[C@H](N)C(=O)NCC(=O)NCC(O)=O
B-1990,-0.4292236312052518,OCC(O)C(O)C(O)C(O)C(O)CO
B-1996,-0.4264322269607814,CCC(=O)NCCNC(=O)CC
B-2013,-0.1999018198252243,C[C@H](CC(O)=O)C(O)=O
B-2025,-0.0411972966004976,Cc1cc(C)c[n+]([O-])c1
B-2026,-0.0150228735845066,NCc1ccccn1
B-2027,-0.0150228735845066,NCc1ccncc1
B-2037,-0.0060790411987131,C[C@H]([NH3+])C(C)(C)C
B-2051,-1.0814454694497264,[Cl-].Cl/C=C/C[N+]12CN3CN(CN(C3)C1)C2
B-2052,-0.4411714751829884,C\C=C/CO
B-2078,-0.5252011811993688,O=[P](N1CCOCC1)(N2CCOCC2)N3CCOCC3
B-2081,-0.5371529641683263,CC1NC(=O)CNC1=O
B-2083,-0.2321023839819093,O=C1NC=NC=C1
B-2085,-0.4205594028602028,CC(=O)C1(C)CO1
B-2087,-0.4575480526240234,OC[C@H]1O[C@@H](O[C@@H]2[C@@H](CO)O[C@](O)(CO)[C@H]2O)[C@H](O)[C@@H](O)[C@H]1O
B-2099,-0.2806687130162733,CCOC[C@H](N)C(O)=O
B-2107,-0.4061603389187286,O=[P](Oc1ccccc1)(N2CCOCC2)N3CCOCC3
B-2137,-0.1652614810961589,O[P](O)(=O)c1cccc(c1)[N+]([O-])=O
B-2141,-1.39577394691553,C[S](=O)(=O)N[S](C)(=O)=O
B-2143,-1.259637310505756,COC(OC)\C=C/C(OC)OC
B-2144,-0.8979094744881633,CN1CCC=C1C
B-2197,-0.3004224086010908,OC(=O)CC[P](O)(O)=O
B-2211,-0.5519123333076589,CNCl
B-2219,-0.0902835467656553,[Br-].CC[NH2+]CC
B-2224,-0.3889142665851274,CNCC(O)C(O)C(O)C(O)CO
B-2226,-0.3393242116614759,OC(=O)CN(CCC#N)CCC#N
B-2232,-0.7258421507363202,Cc1[nH]cnc1[S](O)(=O)=O
B-2238,-0.2938798902972964,CN(C)C(=O)c1ccccc1C(=O)N(C)C
B-2266,-0.3178549236261682,OCC(CO)OCC=C
B-2277,-0.1861522457711457,CNC(=O)\C=C(/C)O[P](=O)(OC)OC
B-2298,-0.2980005251103632,CN(C)C(=O)CCC(=O)N(C)C
B-2305,-0.6507224725320447,O=[S]=O
B-2308,-0.0751007359857165,CC1(CCOC1=O)C(O)=O
B-2321,0.2301422523186418,[H+].[F-]
B-2322,0.0036328370044082,O[S](O)(=O)=O
B-2333,-0.2085198839799991,O[As](O)(O)=O
B-2334,-1.1605219526258015,O=O
B-2337,-0.3689623034632596,COC(=O)\C=C(/C)O[P](=O)(OC)OC
B-2343,-0.5159850373324371,CC(C)[C@@H](O)C#N
B-2347,-0.0751007359857165,CC1CC1(C(O)=O)C(O)=O
B-2351,-0.0703767484847596,CO[P](N)(=O)SC
B-2364,-0.2914091548496562,CCO[P](=O)(OC)OC
B-2369,-0.0756690152913216,O[P](O)(=O)CCCl
B-2375,-1.260427655549908,CC(C)OCC(O)COC(C)C
B-2379,-0.5757719293040201,CN(C)C(=O)c1ccc(cc1)C(=O)N(C)C
B-2381,-0.2812492652603348,CCN(CC)C(=O)\C(Cl)=C(/C)O[P](=O)(OC)OC
B-2385,-0.0325456318172592,CN(CC(O)=O)N=O
B-2388,-0.7086311495484173,Nc1c(cc(Nc2ccc(c(Nc3nc(Cl)nc(Cl)n3)c2)[S](O)(=O)=O)c4C(=O)c5ccccc5C(=O)c14)[S](O)(=O)=O
B-2397,-0.4786003718846243,NC(N)=NCCCCCCCCNCCCCCCCCN=C(N)N
B-2401,0.0211479357209946,CCC(O)CN
B-2412,-0.732593581247096,CCC(C)N
B-2431,-0.3392293564723027,CC(C)C(N)C(=O)NCC(O)=O
B-2432,-0.3124710387853657,CN(C)C(=O)c1cccc(c1)C(=O)N(C)C
B-2462,-0.6064247967304125,CC(OC(C)=O)C#N
B-2472,-1.115204636051019,OC(=O)CC(Cl)C(O)=O
B-2505,-0.7980569365983498,O[C@H](C(O)=O)c1ccccc1
B-2555,-0.5307672574933879,N[C@@H]([C@H](O)[C@@H](O)COC(N)=O)C(=O)N[C@@H]([C@H]1O[C@H](C(O)C1O)N2C=C(CO)C(=O)NC2=O)C(O)=O
B-2567,-0.1854860476317618,COC[C@H](N)C(O)=O
B-2571,0.0251829343354492,CCNC(C)C
B-2582,-0.1639925408744685,COCC(C)OCC(C)OCC(C)O
B-2608,-0.1010007291102109,CCC(O)CNCC(O)CC
B-2627,-0.9738754832545498,CNC(=O)O\N=C(SC)\C(=O)N(C)C
B-2630,-0.2978280491422888,[H+].[Cl-].CNC(=O)Oc1cccc(c1)N=CN(C)C
B-2660,-0.0593341275241711,CCC(O)OC(O)CC
B-2667,-0.1639925408744685,COCC(C)OCC(C)OC(C)CO
B-2669,-0.1139042675622526,[NH4+].CCO[P]([O-])(=O)C(N)=O
B-2728,0.0273496077747565,C1O[C@@H]1[C@@H]2CO2
B-2732,0.0273496077747565,C1O[C@H]1[C@H]2CO2
B-2755,-0.7848914189469068,O[C@@H](C=O)[C@H]1OC(=O)[C@@H](O)[C@H]1O
B-2786,-0.0813407065781767,COC(C)COC(C)CO
B-2803,-0.3094495384896413,C[C@H](NC(=O)[C@H](C)NC(=O)[C@@H](N)CC[P](C)(O)=O)C(O)=O
B-2822,-0.5182708030399841,OC[C@H]1C[C@H](N[C@H]2C=C(CO)[C@@H](O)[C@H](O)[C@H]2O)[C@H](O)[C@@H](O)[C@@H]1O[C@@H]3O[C@H](CO)[C@@H](O)[C@H](O)[C@H]3O
B-2852,-0.1785519809824697,CC(C)N.OC(=O)CNC[P](O)(O)=O
B-2865,-0.7672579372792632,CNC(=O)N(C)C(=O)CC#N
B-2877,-0.445389714773836,CN(C)c1ncc2nccnc2n1
B-2918,-0.2155966982469915,OC(=O)c1ccc(c(c1)C(O)=O)[S](O)(=O)=O
B-2934,-0.2321023839819093,O=C1CC=NC=N1
B-2937,-1.6925039620867872,CCC1(C)OC(=O)NC1=O
B-2974,-0.0367317484737648,C\C=C(/Cl)C(O)=O
B-2981,-1.2814983111327258,O=NN1CCCC1=O
B-3039,-0.324863495532006,CCCO[P](=O)(OC)OC
B-3062,-0.8847224086040987,O[S](=O)(=O)c1c[nH]cn1
B-3102,-0.1856192055300618,CCNC(C)C(O)=O
B-3118,-0.0411972966004976,CC1(CCCC1=O)C#N
B-3128,-0.1211336630432747,CCOC(=O)CN(N=O)C(N)=O
B-3182,-0.2665619729089387,CC[S](=O)(=O)N[S](=O)(=O)CC
B-3195,-0.9150664250632838,Cc1cc(C)nc(n1)C(N)=O
B-3217,-0.1697321990663582,O[S](=O)(=O)C(Cl)[S](O)(=O)=O
B-3226,-0.2703493316640798,O[S](=O)(=O)C(Cl)([S](O)(=O)=O)[S](O)(=O)=O
B-3236,-0.0758758468141751,[NH4+].C[P](O)(=O)CCC(N)C([O-])=O
B-3242,-1.0414361167780326,CCOC(CC(C)O)OCC
B-3291,-0.3397038397292703,COCCCCC=O
B-3311,-1.1029229967905798,CC(O)C([N+]([O-])=O)[N+]([O-])=O
B-3332,-0.4404524444195656,CCOC(=O)C(O)C=C
B-3372,-0.538651566352017,NC(=O)C1CCCC(N1)C(N)=O
B-3456,-0.6991872058818831,O[C@@H]([C@@H](O)[C@@H](O)C(O)=O)[C@@H](O)C(O)=O
B-3472,-0.3082114755973016,CCN(Cc1ccc(Cl)nc1)\C(NC)=C\[N+]([O-])=O
B-3492,-0.3979400086720376,CCC1=C(C(O)=O)C(=O)C=NN1c2ccc(Cl)cc2
B-3723,-0.0325924434025272,OC(=O)CCl
B-3724,-0.5564241202497424,CC(C)C(O)=O
B-3890,-0.0832829224011875,CCOC(=O)NC
B-4034,-0.1358450439979744,CCOC(N)=O
B-4035,-0.0202695693377145,NC(=O)C=C
B-4060,-1.7931741239681502,CCN(CC)N=O
B-4069,-0.2740067410752775,CCN(C)N=O
B-4164,-0.2575891194195074,CO[P](=O)(OC)OC
B-4212,-0.0159229660971692,COC(N)=O
B-4265,0.0531937276008696,CN(C)N=O
B-4268,0.0093658983462446,[O-][n+]1ccccc1
B-4307,-0.0021769192542745,CCN(CC)C=O
B-4318,-1.3635121036466349,CC[S](=O)(=O)CC
B-4346,-0.361610592334664,[Cl-].[Cl-].C[n+]1ccc(cc1)c2cc[n+](C)cc2
B-4347,-0.5040396051182948,[Br-].[Br-].C1C[n+]2ccccc2c3cccc[n+]13
B-4361,-0.4364002711184689,CC(=O)C(C)=O
B-4382,-0.6548223834572959,O=[S]1OCCO1
B-4642,-1.191789027075778,NC(=O)CBr
C-9,-0.0362121726544447,NCC(O)=O
C-23,-1.0,CC(C)(C)OC(N)=O
C-45,0.0,OC(=O)CCCC(O)=O
C-59,-0.1938200260161128,OC(CC(O)=O)C(O)=O
C-81,-0.2924298239020636,NC1=CC(=CC=C1)N
C-225,-0.2676062401770314,CO[P](=O)(NC(C)=O)SC
C-307,-1.6989700043360187,C1=NC2=C(N=C1)N=CN=C2
C-343,-0.5528419686577808,OCC(O)C1OC(=O)C(=C1O)O
C-577,-0.5086383061657274,CN1N(C2=CC=CC=C2)C(=O)C(=C1C)N
C-618,-1.5228787452803376,CC1N(C)CN2C(=O)C3=C(C=CC=C3)N=C12
C-1074,-0.6020599913279624,N#CCC#N
C-1083,-0.6989700043360187,C[S](C)(=O)=O
C-1146,-0.3767507096020995,CN(C)CNC(=O)C1=CC=CC=C1
C-1264,-0.3665315444204134,OCCN(CCO)C(=O)COC(=O)C1=CC=CC=C1
C-1531,-0.3098039199714863,CC1CNC(C)CN1
C-1536,-0.4202164033831898,CCC(C)(N)C(O)=O
C-1569,-0.3187587626244128,CC(CC(O)=O)C(O)=O
C-1572,-1.0,NCC(=O)NCC(O)=O
C-1573,-1.0457574905606752,CC(CCC(O)=O)CC(O)=O
C-1582,-2.0,OC1CC(=CC(O)C1O)C(O)=O
C-1589,-0.4436974992327127,OC(C(O)=O)C(Cl)(Cl)Cl
C-1630,-0.494850021680094,OCC(O)C(O)C(O)C(=O)CO
C-1647,-0.9208187539523752,NCCC1=CC(=C(O)C=C1)O
C-1685,-0.2676062401770314,CNC(=O)C(C)SCCS[P](=O)(OC)OC
C-1841,-0.3187587626244128,COC(=O)C(N)CC1=CC(=C(O)C=C1)O
C-1855,-0.5228787452803376,OCC1OC(OCC2OC(OC3(CO)OC(CO)C(O)C3O)C(O)C(O)C2O)C(O)C(O)C1O
C-1972,-1.0969100130080565,C[N]1C=NC2=C1C(=NC(=O)N2)NCCO
C-2015,-1.6989700043360187,CCC[N]1C=NC2=C1C(=O)N(C)C(=O)N2C
D-215,-0.0974532206860085,[Cl-].C[N+](C)(C)CCCl
D-652,-0.2848326421515421,OC(=O)C(Cl)(Cl)Cl
D-954,-0.0947439512515487,COC(=O)C1CN(C)C(=O)C1
D-1329,-0.5575202309355514,OCC(O)C1OC(=C(O)C1=O)O
D-1355,-0.3957739469155299,CCO[S](C)(=O)=O
D-1359,-0.2823294969977378,OC(=O)CC(S)C(O)=O
D-1387,-0.7471469690201068,OC1CC(O)(CC(O)C1O)C(O)=O
D-1464,-0.5606673061697374,OC(=O)CC(CC(O)=O)C(O)=O
D-1540,-0.0783135245163979,NCCNCCNCCN
D-1542,-0.1408617027054692,NCCNCCNCCNCCN
D-1575,-0.0856568428805592,OCC(CO)(CO)[N+]([O-])=O
D-1648,-0.4400933749638875,O=C1C=CC=C2[C@@H]3CNC[C@H](C3)CN12
D-1666,-0.1226286541302259,O[S](=O)(=O)C[S](O)(=O)=O
D-1799,-0.1469104701481344,CC[NH+](C)CC
E-225,-1.3979400086720375,OCC(C)C
E-296,-0.494850021680094,O=CC=CC
E-299,-0.2839966563652008,O=C(CC)C
E-394,-0.2518119729937995,O(CCC1)C1
E-400,-0.1938200260161128,O1CC(O)C(O)C(O)C1(O)CO
E-458,-1.154901959985743,N(N)c(cccc1)c1
E-459,-0.1191864077192086,c1ccccn1
E-468,-0.1023729087095585,n(cccc1C(N(CC2)C)C2)c1
E-569,0.0606978403536116,N(CCC1)C1
E-573,-0.638272163982407,N(CCCC1)(C1)C
E-786,-1.2218487496163564,c1c(C)nc2cncnc2n1
E-886,-0.4436974992327127,C1=CC(=O)N2CC(C3)CNCC3C2=C1
F-174,-1.6989700043360187,NC(=O)NN=CC(O)C(O)C(O)CO
F-183,-0.5086383061657274,CC(C)CC(N)C(=O)NCC(=O)NCC(=O)O
F-521,-2.0,CC(=O)NC(CC1=CC=C(O)C=C1)C(=O)O
F-602,-0.4089353929735008,CC(CC(=O)NC1=CC=CC=C1)C(=O)O
F-705,0.0530784434834196,CCOC(=O)N1CCN(C)CC1
F-706,-0.1870866433571444,CCOC(=O)N1CC(C)NCC1C
F-709,-1.6989700043360187,CC1CN(C(=N)N)C(C)CN1C(=N)N
F-827,-0.7958800173440752,CCCCCCCCSC(=N)N
F-890,-0.8860566476931632,CC(=O)NC1=CC=C(OP(O)(=O)O)C=C1
F-1133,-1.0969100130080565,CN1C=NC=C1CC(N)C(=O)O
F-1210,-0.2146701649892329,O=C(O)C(O)(CO)CC(O)CO
